sample_id,split,category,name,description,brand,model,serial_number,batch_no,is_used,is_refurbished,battery_health,accessory_status,ccc_number,energy_level,rohs_status,inspection_agency,inspection_conclusion,battery_safety_passed,charger_safety_passed,appearance_grade,functional_test_passed,repair_history_declared,report_text,risk_level,audit_label,reason_codes
CN-RECALL-20260408-115337,train,accessory,戏水玩具,汕头市澳嘉特塑胶实业有限公司召回部分戏水玩具,,B-17,,,false,false,,unknown,,unknown,unknown,国家市场监督管理总局缺陷产品召回技术中心,fail,false,false,,false,,中国缺陷产品召回公告 2026-04-07。 标题：汕头市澳嘉特塑胶实业有限公司召回部分戏水玩具 生产者：汕头市澳嘉特塑胶实业有限公司 产品：戏水玩具 型号规格：B-17 涉及数量：60 存在的缺陷：带可更换电池的电池玩具无在电池室标识电池的电压， 不符合 GB 19865-2005标准的要求。 可能导致的后果：无法给消费者正确的指引，会令消费者使用不当造成伤害 。 召回措施：通知销售商立即停止销售缺陷产品，并在 店铺发召回公告 ， 告 知消费 者具体事宜，为购买到缺陷产品的消费者 更换一盒符合 安全要求的产 品或 退货处理。 来源：https://www.samrdprc.org.cn/xfpzh/xfpzhgg/202604/t20260408_115337.html,high,FAIL,battery_safety_concern
CN-RECALL-20260408-115336,train,accessory,益智拼插积木,汕头市拓木科技实业有限公司召回部分拓木牌益智拼插积木,拓木,T2008,,,false,false,,unknown,,unknown,unknown,国家市场监督管理总局缺陷产品召回技术中心,fail,false,false,,false,,中国缺陷产品召回公告 2026-04-07。 标题：汕头市拓木科技实业有限公司召回部分拓木牌益智拼插积木 生产者：汕头市拓木科技实业有限公司 产品：益智拼插积木 品牌：拓木 型号规格：T2008 涉及数量：200 只 存在的缺陷：（1） 带有玩具变压器或电池充电器的玩具说明缺少检查电线插头的 说 明，标识缺少，无法给消费者提供正确的指引，会令消费者使用 不当 造成伤害事故。 （2） 无可更换电池的安全使用注意事项或警示说明，标识缺少，无 法 给消费者提供正确的指引，会令消费者使用不当造成伤害事 故 可能导致的后果：无可更换电池的安全使用注意事项或警示说明，标识缺少，无法给 消 费者提供正确的指引，会令消费者使用不当造成伤害事 故。 召回措施：通知 销售商立即停止销售缺陷产品，销售商 杜斯博 ） 发布 召回公告 ， 告知消费者具体召回事宜，为购买到缺陷产品的消费者免费更换 符 合 安全要求的产品 或 退货处理。 来源：https://www.samrdprc.org.cn/xfpzh/xfpzhgg/202604/t20260408_115336.html,high,FAIL,battery_safety_concern
CN-RECALL-20260408-115328,train,accessory,电取暖器,浏阳市妙佳电器有限公司召回部分电取暖器,,MJ-04,,—,false,false,,unknown,,unknown,unknown,国家市场监督管理总局缺陷产品召回技术中心,fail,false,false,,false,,中国缺陷产品召回公告 2026-04-07。 标题：浏阳市妙佳电器有限公司召回部分电取暖器 生产者：浏阳市妙佳电器有限公司 产品：电取暖器 型号规格：MJ-04 涉及数量：300台 存在的缺陷：产品的标志和说明、结构项目不符合GB 4706.1-2005、 GB 4706.23-2007标准， 可能 存在触电的风险。 可能导致的后果：消费 者在使用过程中 可能 存在触电的风险 。 召回措施：退货 来源：https://www.samrdprc.org.cn/xfpzh/xfpzhgg/202604/t20260408_115328.html,high,FAIL,battery_safety_concern
CN-RECALL-20260401-115308,train,charger,延长线插座,普宁市占陇继业电器配件厂召回部分祈尔牌延长线插座,祈尔,HT / 额定电压 250V ~ ， 额定功率 2500W 或 4000W ， 额定 电流 10A 或 16A,,026 批次,false,false,,unknown,,unknown,unknown,国家市场监督管理总局缺陷产品召回技术中心,fail,false,false,,false,,中国缺陷产品召回公告 2026-03-26。 标题：普宁市占陇继业电器配件厂召回部分祈尔牌延长线插座 生产者：普宁市占陇继业电器配件厂 产品：延长线插座 品牌：祈尔 型号规格：HT / 额定电压 250V ~ ， 额定功率 2500W 或 4000W ， 额定 电流 10A 或 16A 涉及数量：10 存在的缺陷：产品的软缆导体的横截面积过小。 可能导致的后果：可能引起触电 、 起火危险。 召回措施：通知销售商立即停止销售缺陷产品，并在 厂家和 销售商实体店铺 发布召回公告 ， 告知消费者具体召回事宜，为购买到缺陷产品的 消费者 免费更换或退货处理 。 来源：https://www.samrdprc.org.cn/xfpzh/xfpzhgg/202604/t20260401_115308.html,high,FAIL,missing_ccc_information|battery_safety_concern
CN-RECALL-20260319-115268,train,accessory,电热水壶,广东正鸿泰电器有限公司召回部分万利达牌电热水壶,万利达,ZH-908A,,第一批次,false,false,,unknown,,unknown,unknown,国家市场监督管理总局缺陷产品召回技术中心,fail,false,false,,false,,中国缺陷产品召回公告 2026-03-19。 标题：广东正鸿泰电器有限公司召回部分万利达牌电热水壶 生产者：广东正鸿泰 电器有限公司 产品：电热水壶 品牌：万利达 型号规格：ZH-908A 涉及数量：20 个 存在的缺陷：产品结构、 内部布线、电源连接和外部软线 项目 不符合 GB 4706.1-200 5 、 GB 4706.19-2008 的 标准 要求。 可能导致的后果：可能引发 烫伤、触电和起火 的危险。 召回措施：通知销售商立即停止销售缺陷产品，及销售商实体店铺发布召 回公告 ， 告知消费者具体召回事宜，为购买到缺陷产品的消费 者免费维修、更换或退货处理。 来源：https://www.samrdprc.org.cn/xfpzh/xfpzhgg/202603/t20260319_115268.html,high,FAIL,battery_safety_concern
CN-RECALL-20260319-115266,train,accessory,电热水壶,廉江市恒扬电器有限公司召回部分万利达牌电热水壶,万利达,HY-022515B,,20250513 一批次,false,false,,unknown,,unknown,unknown,国家市场监督管理总局缺陷产品召回技术中心,fail,,false,,false,,中国缺陷产品召回公告 2026-03-18。 标题：廉江市恒扬电器有限公司召回部分万利达牌电热水壶 生产者：廉 江 市 恒扬 电器有限公司 产品：电热水壶 品牌：万利达 型号规格：HY-022515B 涉及数量：90 个 存在的缺陷：产品结构项目 不符合 GB 4706.1-200 5 、 GB 4706.19-2008 的 标 准 要求。 可能导致的后果：可能引发机械伤害的危险。 召回措施：通知销售商立即停止销售缺陷产品，及销售商实体店铺发布 召 回公告 ， 告知消费者具体召回事宜，为购买到缺陷产品的 消费 者免费维修、更换或退货处理。 来源：https://www.samrdprc.org.cn/xfpzh/xfpzhgg/202603/t20260319_115266.html,high,FAIL,
CN-RECALL-20260309-115222,val,accessory,装糖玩具,广东美宜佳食品有限公司召回部分美佳园牌装糖玩具,美佳园,MJY-043/1*72只,,2025.07.15\一批次,false,false,,unknown,,unknown,unknown,国家市场监督管理总局缺陷产品召回技术中心,fail,false,false,,false,,中国缺陷产品召回公告 2026-03-09。 标题：广东美宜佳食品有限公司召回部分美佳园牌装糖玩具 生产者：广东美宜佳食品有限公司 产品：装糖玩具 品牌：美佳园 型号规格：MJY-043/1*72只 涉及数量：5件（360只） 存在的缺陷：产品标签未标识电池的使用说明。 可能导致的后果：可能会导致电池混用，装反，短路等，令消费者使用不当造成 伤害 事故。 召回措施：通知销售商立即停止销售缺陷产品，并在公司销售店铺及销售 商实体 店 铺发布召回公告，告知消费者具体召回事宜，为购买 到缺陷产品的 消费 者更换或退货处理。 来源：https://www.samrdprc.org.cn/xfpzh/xfpzhgg/202603/t20260309_115222.html,high,FAIL,battery_safety_concern
CN-RECALL-20260225-115206,val,accessory,遥控车玩具,汕头市澄海区莲下杰挺玩具厂召回部分永恒之光牌遥控玩具车,永恒之光,JT3605,,,false,false,,unknown,,unknown,unknown,国家市场监督管理总局缺陷产品召回技术中心,fail,false,false,,false,,中国缺陷产品召回公告 2026-02-14。 标题：汕头市澄海区莲下杰挺玩具厂召回部分永恒之光牌遥控玩具车 生产者：汕头市澄海区莲下杰挺玩具厂 产品：遥控车玩具 品牌：永恒之光 型号规格：JT3605 涉及数量：72 只 存在的缺陷：1. 供96个月以下儿童使用的玩具存在可触及的危险锐利尖端， 不符 合 标准GB 6675.2-2014的要求 。 2. 带可更换电池的电池玩具无在电池室标识电池比例形状、 电压、 极 性，无法给消费者提供正确的指引，不符合标准 GB 19865-2005的 要 求 。 可能导致的后果：1. 锐利尖端 可能刺伤儿童的手指等身体部位 。 2.缺少安全使用标识指引， 会令消费者使用不当造成伤害事 故 。 召回措施：通知 销售商立即停止销售缺陷产品，销售商（ 海丰县久久文 体用品 店 ） 发布 召回公告 ， 告知消费者具体召回事宜，为购 买到缺陷产品 的消费者免费更换 符合安全要求的产品 或 退货 处理。 来源：https://www.samrdprc.org.cn/xfpzh/xfpzhgg/202602/t20260225_115206.html,high,FAIL,battery_safety_concern
CN-RECALL-20260213-115197,test,accessory,趣味玩具,汕头市迪拉贝比玩具有限公司召回部分DL403趣味玩具,,DL403,,20250605,false,false,,unknown,,unknown,unknown,国家市场监督管理总局缺陷产品召回技术中心,fail,false,false,,false,,中国缺陷产品召回公告 2026-02-10。 标题：汕头市迪拉贝比玩具有限公司召回部分DL403趣味玩具 生产者：汕头市迪拉贝比玩具有限公司 产品：趣味玩具 型号规格：DL403 涉及数量：220 只 存在的缺陷：产品存在口动玩具可拆卸零件是小零件 ，不符合 GB 6675.2-2014 标准 要求 ；缺少可更换电池的安全使用注意事项或警示说明，标识缺失， 不符合 GB 19865 -20 05 标准要求 。 可能导致的后果：可能 导致小孩误吞食 ，容易导致 窒息 危险发生； 标识缺失，无法提供 正确指引，会令消费者使用不当造成伤害事故。 召回措施：1. 在工厂 及销售商 处贴布 召回公告 ， 告知消费者召回事宜 。 2. 接受消费者咨询，为消费者 更换 一盒符合安全要求的产品 或 退货。 来源：https://www.samrdprc.org.cn/xfpzh/xfpzhgg/202602/t20260213_115197.html,high,FAIL,battery_safety_concern
CN-RECALL-20260211-115182,train,accessory,取暖器,岳阳楼区鑫怡乐电器商行召回部分鑫怡乐牌取暖器,鑫怡乐,NSB-90,,,false,false,,unknown,,unknown,unknown,国家市场监督管理总局缺陷产品召回技术中心,fail,false,false,,false,,中国缺陷产品召回公告 2026-02-10。 标题：岳阳楼区鑫怡乐电器商行召回部分鑫怡乐牌取暖器 生产者：岳阳楼区鑫怡乐电器商行 产品：取暖器 品牌：鑫怡乐 型号规格：NSB-90 涉及数量：150 台 存在的缺陷：取暖器的控制旋钮未可靠固定，未接地金属开关轴暴露，易被 接触，以及产品 的 耐潮湿和固体绝缘等项目不符合 GB 4706.23-2007 标准要求 。 可能导致的后果：消费者在使用过程中可能发生触电的危险。 召回措施：停止销售，公告召回，为消费者免费退换货。 来源：https://www.samrdprc.org.cn/xfpzh/xfpzhgg/202602/t20260211_115182.html,high,FAIL,battery_safety_concern
CN-RECALL-20260211-115181,train,accessory,室内加热器,邵东市廉桥镇玫花电器厂召回部分玫花牌室内加热器,玫花,NDY-1000/1000W,,2024 年 12 月,false,false,,unknown,,unknown,unknown,国家市场监督管理总局缺陷产品召回技术中心,fail,false,false,,false,,中国缺陷产品召回公告 2026-02-10。 标题：邵东市廉桥镇玫花电器厂召回部分玫花牌室内加热器 生产者：邵东市廉桥镇玫花电器厂 产品：室内加热器 品牌：玫花 型号规格：NDY-1000/1000W 涉及数量：1200 台 存在的缺陷：室内加热器 对触及带电部件的防护及结构等项目不符合 GB 4706 .1 -2005标准要求 。 可能导致的后果：消费者在使用过程中可能发生触电的危险。 召回措施：停止销售，公告召回，为消费者免费退换货。 来源：https://www.samrdprc.org.cn/xfpzh/xfpzhgg/202602/t20260211_115181.html,high,FAIL,battery_safety_concern
CN-RECALL-20260211-115179,train,accessory,室内加热器（取暖器）,衡阳县香驰电器有限公司召回部分香驰牌室内加热器（取暖器）,香驰,XC-1902，XC-11903,,—,false,false,,unknown,,unknown,unknown,国家市场监督管理总局缺陷产品召回技术中心,fail,false,false,,false,,中国缺陷产品召回公告 2026-02-10。 标题：衡阳县香驰电器有限公司召回部分香驰牌室内加热器（取暖器） 生产者：衡阳县香驰电器有限公司 产品：室内加热器（取暖器） 品牌：香驰 型号规格：XC-1902，XC-11903 涉及数量：20台 存在的缺陷：该 产品的电源连接和外部软线、接地措施项目不符合 GB 4706.1-2005、GB 4706.23-2007标准， 消费者在使用过程中 可能存在触电的风险。 可能导致的后果：消费 者在使用过程中 可能 存在触电的风险 。 召回措施：退货 来源：https://www.samrdprc.org.cn/xfpzh/xfpzhgg/202602/t20260211_115179.html,high,FAIL,battery_safety_concern
CN-RECALL-20260211-115178,train,accessory,室内加热器,邵东市界岭镇鑫成电器厂召回部分原热牌室内加热器,原热,XC-01,,—,false,false,,unknown,,unknown,unknown,国家市场监督管理总局缺陷产品召回技术中心,fail,false,false,,false,,中国缺陷产品召回公告 2026-02-10。 标题：邵东市界岭镇鑫成电器厂召回部分原热牌室内加热器 生产者：邵东市界岭镇鑫成电器厂 产品：室内加热器 品牌：原热 型号规格：XC-01 涉及数量：100个 存在的缺陷：产品的标志和说明、对触及带电部件的防护、结构、接地措施 项 目不符合GB 4706.1-2005、GB 4706.23-2007标准 可能导致的后果：消费 者在使用过程中 可能 存在触电的风险 。 召回措施：退货 来源：https://www.samrdprc.org.cn/xfpzh/xfpzhgg/202602/t20260211_115178.html,high,FAIL,battery_safety_concern
CN-RECALL-20260210-115170,train,accessory,室内加热器（取暖器）,龙山县燕生电器厂召回部分室内加热器（取暖器）,,YS-900,,—,false,false,,unknown,,unknown,unknown,国家市场监督管理总局缺陷产品召回技术中心,fail,false,false,,false,,中国缺陷产品召回公告 2026-02-10。 标题：龙山县燕生电器厂召回部分室内加热器（取暖器） 生产者：龙山县燕生电器厂 产品：室内加热器（取暖器） 型号规格：YS-900 涉及数量：4 00个 存在的缺陷：产品的 对触及带电部件的防护，工作温度下的泄漏电流和电气 强 度，耐潮湿，泄漏电流和电气强度，结构（不包括第22.46条的 试验），接地措施，螺钉和连接 等 项目不符合GB 4706.1-2005、 GB 4706.23-2007标准。 可能导致的后果：消费 者在使用过程中 可能 存在触电的风险 。 召回措施：退货 来源：https://www.samrdprc.org.cn/xfpzh/xfpzhgg/202602/t20260210_115170.html,high,FAIL,battery_safety_concern
CN-RECALL-20260210-115167,train,accessory,取暖器,鼎城区韩公渡镇家佳骏电器经营部召回部分家佳骏牌取暖器,家佳骏,JJ-004,,2577#,false,false,,unknown,,unknown,unknown,国家市场监督管理总局缺陷产品召回技术中心,fail,false,false,,false,,中国缺陷产品召回公告 2026-02-10。 标题：鼎城区韩公渡镇家佳骏电器经营部召回部分家佳骏牌取暖器 生产者：鼎城区韩公渡镇家佳骏电器经营部 产品：取暖器 品牌：家佳骏 型号规格：JJ-004 涉及数量：91 个 存在的缺陷：产品的 结构（不包括第22.46条的试验），接地措施 不符合 GB 4706.1-2005、GB 4706.23-2007标准 可能导致的后果：消费 者在使用过程中 可能 存在触电的风险 。 召回措施：退货 来源：https://www.samrdprc.org.cn/xfpzh/xfpzhgg/202602/t20260210_115167.html,high,FAIL,battery_safety_concern
CN-RECALL-20260209-115144,train,accessory,电动仿真轨道车,汕头市澄海区立成丰塑胶制品厂召回部分立成丰牌电动仿真轨道车,立成丰,19032-1,,202503,false,false,,unknown,,unknown,unknown,国家市场监督管理总局缺陷产品召回技术中心,fail,false,false,,false,,中国缺陷产品召回公告 2026-02-09。 标题：汕头市澄海区立成丰塑胶制品厂召回部分立成丰牌电动仿真轨道车 生产者：汕头市澄海区立成丰塑胶制品厂 产品：电动仿真轨道车 品牌：立成丰 型号规格：19032-1 涉及数量：96盒 存在的缺陷：该 产品存在发热和非正常工作 项目不符合 GB 19865-2005 标准要求 ， 当 玩具意外短路运行时，超过温升限 值 ， 导致玩具本体零部件温度 过高 ， 存在安全隐患。 可能导致的后果：存在 灼伤儿童皮肤的危险，严重的还会引起电池电解液泄漏或发生 爆 裂 。 召回措施：1. 通知销售商立即停止销售缺陷产品， 对库存产品退回。 2. 在 汕头市澄海区立成丰塑胶制品厂 经销商处发布召回公告， 告知 消费者具体召回事宜，为购买到缺陷产品的消费者免费更换 一盒全 新的符合安全要求的产品 或退货处理。 来源：https://www.samrdprc.org.cn/xfpzh/xfpzhgg/202602/t20260209_115144.html,high,FAIL,battery_safety_concern
CN-RECALL-20260209-115133,val,power_bank,快乐易电户外移动电源,中山市佳储新能源有限公司召回部分快乐易电牌快乐易电户外移动电源的公示,快乐易电,KL2.5 度 /2500W,,,false,false,50,unknown,,unknown,unknown,国家市场监督管理总局缺陷产品召回技术中心,fail,false,false,,false,,中国缺陷产品召回公告 2026-02-05。 标题：中山市佳储新能源有限公司召回部分快乐易电牌快乐易电户外移动电源的公示 生产者：中山市佳储新能源有限公司 产品：快乐易电户外移动电源 品牌：快乐易电 型号规格：KL2.5 度 /2500W 涉及数量：7 台 存在的缺陷：产品未可靠接地，可能存在触电的安全隐患。 可能导致的后果：该产品可能存在触电的安全隐患。 召回措施：通知销售商立即停止销售缺陷产品，并在公司及线上销售 店铺 （抖 音平 台：快乐易电数码旗舰店） 发布召回公告，告知消费者具体召 回事宜， 为购买到缺陷产品的消费者免费维修处理。 来源：https://www.samrdprc.org.cn/xfpzh/xfpzhgg/202602/t20260209_115133.html,high,FAIL,missing_ccc_information|battery_safety_concern
CN-RECALL-20260203-115083,val,charger,电源适配器,东莞市劲荣电子有限公司召回部分极川Intheworld牌电源适配器,极川 Intheworld,PC-19000342F,,\,false,false,,unknown,,unknown,unknown,国家市场监督管理总局缺陷产品召回技术中心,fail,false,false,,false,,中国缺陷产品召回公告 2026-01-30。 标题：东莞市劲荣电子有限公司召回部分极川Intheworld牌电源适配器 生产者：东莞市劲荣电子有限公司 产品：电源适配器 品牌：极川 Intheworld 型号规格：PC-19000342F 涉及数量：16 个 存在的缺陷：直接安装导电金属零部件的热塑性零部件不符合 GB 4943.1-2022 标准要求 。 可能导致的后果：可能引起触电危险。 召回措施：为消费者免费退货 。 来源：https://www.samrdprc.org.cn/xfpzh/xfpzhgg/202602/t20260203_115083.html,high,FAIL,missing_ccc_information|battery_safety_concern
CN-RECALL-20260203-115082,test,charger,电源适配器,优尔达商贸（东莞）有限公司召回部分引航力LEADHANLI牌电源适配器,引航力 LEADHANLI,SF-20243,,\,false,false,,unknown,,unknown,unknown,国家市场监督管理总局缺陷产品召回技术中心,fail,,false,,false,,中国缺陷产品召回公告 2026-01-30。 标题：优尔达商贸（东莞）有限公司召回部分引航力LEADHANLI牌电源适配器 生产者：优尔达商贸（东莞）有限公司 产品：电源适配器 品牌：引航力 LEADHANLI 型号规格：SF-20243 涉及数量：10 个 存在的缺陷：由于 直接插入电网电源输出插座的设备、热灼伤（接触温度 限 值）项目不符合 GB 4943.1-2022 标准 。 可能导致的后果：易导致烫伤。 召回措施：为消费者免费退货 。 来源：https://www.samrdprc.org.cn/xfpzh/xfpzhgg/202602/t20260203_115082.html,high,FAIL,missing_ccc_information
CN-RECALL-20260130-115058,train,accessory,室内加热器,佛山市扬杰电器有限公司召回部分骆驼牌室内加热器（二）,骆驼,P LQ- 90,,2 023 - 12 - 24 /一批次,false,false,,unknown,,unknown,unknown,国家市场监督管理总局缺陷产品召回技术中心,fail,false,false,,false,,中国缺陷产品召回公告 2026-01-26。 标题：佛山市扬杰电器有限公司召回部分骆驼牌室内加热器（二） 生产者：佛山市扬杰电器有限公司 产品：室内加热器 品牌：骆驼 型号规格：P LQ- 90 涉及数量：18 台 可能导致的后果：可能引 发 触电 危险。 召回措施：通知经销商立即停止销售缺陷产品，并在销售商实体店铺（东至县美 力百货店）发布召回公告，告知消费者具体召回事宜，为购买到缺陷 产品的消费者免费退货处理。 来源：https://www.samrdprc.org.cn/xfpzh/xfpzhgg/202601/t20260130_115058.html,high,FAIL,battery_safety_concern
CN-RECALL-20260130-115057,train,accessory,室内加热器,佛山市扬杰电器有限公司召回部分骆驼牌室内加热器（一）,骆驼,DLQ-100D,,2024.10.23 /一批次,false,false,,unknown,,unknown,unknown,国家市场监督管理总局缺陷产品召回技术中心,fail,false,false,,false,,中国缺陷产品召回公告 2026-01-26。 标题：佛山市扬杰电器有限公司召回部分骆驼牌室内加热器（一） 生产者：佛山市扬杰电器有限公司 产品：室内加热器 品牌：骆驼 型号规格：DLQ-100D 涉及数量：10台 可能导致的后果：可能引发起火、触电危险 召回措施：通知经销商立即停止销售缺陷产品，并在销售商实体店铺发布召回 公 告，告知消费者具体召回事宜，为购买到缺陷产品的消费者免费 退货 处理。 来源：https://www.samrdprc.org.cn/xfpzh/xfpzhgg/202601/t20260130_115057.html,high,FAIL,battery_safety_concern
CN-RECALL-20260129-115046,train,accessory,蒸汽拖把 品牌 ZEK,苏州正益凯电器有限公司召回ZEK牌ZEK-K5蒸汽拖把,,ZEK-K5,,P230200288,false,false,,unknown,,unknown,unknown,国家市场监督管理总局缺陷产品召回技术中心,fail,,false,,false,,中国缺陷产品召回公告 2026-01-27。 标题：苏州正益凯电器有限公司召回ZEK牌ZEK-K5蒸汽拖把 生产者：苏州正益凯电器有限公司 产品：蒸汽拖把 品牌 ZEK 型号规格：ZEK-K5 存在的缺陷：“接地措施”项目不符合GB 4706.1-2005和GB 4706.61-2008标准 要求。 可能导致的后果：可能危及人身和财产安全。 召回措施：苏州正益凯电器有限公司将在公司网站首页发布召回信息，敬请消 费者立即停止使用召回范围内的产品，并联系苏州正益凯电器有限 公司进行免费维修，以消除安全隐患。消费者因本次召回所产生的 邮寄等相关费用均由苏州正益凯电器有限公司承担。 来源：https://www.samrdprc.org.cn/xfpzh/xfpzhgg/202601/t20260129_115046.html,high,FAIL,
CN-RECALL-20260122-115007,train,accessory,电热水壶,廉江市恒扬电器有限公司召回部分半球牌电热水壶,半球,HY-022015B,,一批次,false,false,,unknown,,unknown,unknown,国家市场监督管理总局缺陷产品召回技术中心,fail,false,false,,false,,中国缺陷产品召回公告 2026-01-22。 标题：廉江市恒扬电器有限公司召回部分半球牌电热水壶 生产者：廉江市恒扬电器有限公司 产品：电热水壶 品牌：半球 型号规格：HY-022015B 涉及数量：20个 存在的缺陷：产品机械强度不符合GB 4706.1-2005、GB 4706.19-2008 的标准要求。 可能导致的后果：可能引发触电危险。 召回措施：通知销售商立即停止销售缺陷产品，及销售商实体店铺发布召回公告， 告知消费者具体召回事宜，为购买到缺陷产品的消费者免费维修、更 换或退货处理。 来源：https://www.samrdprc.org.cn/xfpzh/xfpzhgg/202601/t20260122_115007.html,high,FAIL,battery_safety_concern
CN-RECALL-20260116-114996,train,charger,延长线插座,揭西县京溪园立诚电器厂召回部分诚盾牌延长线插座,诚盾,250V 10A CD-601 2500W 3 米,,20230908,false,false,,unknown,,unknown,unknown,国家市场监督管理总局缺陷产品召回技术中心,fail,false,false,,false,,中国缺陷产品召回公告 2026-01-16。 标题：揭西县京溪园立诚电器厂召回部分诚盾牌延长线插座 生产者：揭西县京溪园立诚电器厂 产品：延长线插座 品牌：诚盾 型号规格：250V 10A CD-601 2500W 3 米 涉及数量：820 个 存在的缺陷：该产品 软缆的导线数与插座极数不相等 。 可能导致的后果：可能引发触电危险。 召回措施：通知销售商立即停止销售缺陷产品，并在销售商实体店铺发布召回 公告，告知消费者具体召回事宜，为购买到缺陷产品的消费者免费 更换或退货处理。 来源：https://www.samrdprc.org.cn/xfpzh/xfpzhgg/202601/t20260116_114996.html,high,FAIL,missing_ccc_information|battery_safety_concern
CN-RECALL-20260104-114919,train,accessory,趣味家居玩具,汕头市澄海区莲下锦迪玩具厂召回部分趣味家居玩具产品,,6802-2,,,false,false,,unknown,,unknown,unknown,国家市场监督管理总局缺陷产品召回技术中心,fail,false,false,,false,,中国缺陷产品召回公告 2025-12-31。 标题：汕头市澄海区莲下锦迪玩具厂召回部分趣味家居玩具产品 生产者：汕头市澄海区莲下锦迪玩具厂 产品：趣味家居玩具 型号规格：6802-2 涉及数量：150盒 存在的缺陷：1.可更换电池的玩具，其包装标识上的电池安装图示与实际电池室 标识的图示不一致，无法提供正确的指引。 2.堵住运动部件试验后，电池表面温升超标。 可能导致的后果：1.可能会令消费者使用不当造成伤害事故。 2.可能对儿童造成灼伤皮肤的危险，严重的还会引起电池电解液泄 漏或发生爆裂。 召回措施：1.通知销售商立即停止销售缺陷产品，对库存产品退回； 2.在公司及销售商实体店铺发布召回公告，告知消费者具体召回事 宜，为购买到缺陷产品的消费者免费更换或退货处理。 来源：https://www.samrdprc.org.cn/xfpzh/xfpzhgg/202601/t20260104_114919.html,high,FAIL,battery_safety_concern
CN-RECALL-20251219-114740,train,accessory,暖脚器,隆回县旺嘉取暖器店召回部分暖脚器,鹤星,Hx600/600W,,20250115,false,false,,unknown,,unknown,unknown,国家市场监督管理总局缺陷产品召回技术中心,fail,false,false,,false,,中国缺陷产品召回公告 2025-12-18。 标题：隆回县旺嘉取暖器店召回部分暖脚器 生产者：隆回县旺嘉取暖器店 产品：暖脚器 品牌：鹤星 型号规格：Hx600/600W 涉及数量：116 台 存在的缺陷：产品输入功率和电流不符合 GB 4706.1-2005 标准要求。 可能导致的后果：消费者在长期使用时会导致导线发热、绝缘层老化，严重时可 能 引发温控系统失效、存在短路、燃烧的安全隐患，危及消费 者人 身财产安全。 召回措施：停止销售，公告召回，为消费者免费退换货。 来源：https://www.samrdprc.org.cn/xfpzh/xfpzhgg/202512/t20251219_114740.html,high,FAIL,battery_safety_concern
CN-RECALL-20251204-114670,val,accessory,家用燃气灶 具,佛山华炫电器有限公司召回部分蓝山鹰牌家用燃气灶具,蓝山鹰,JZY-TD04,,2022 年 12 月 10 日 8:30 至 11:30,false,false,,unknown,,unknown,unknown,国家市场监督管理总局缺陷产品召回技术中心,fail,,false,,false,,中国缺陷产品召回公告 2025-12-03。 标题：佛山华炫电器有限公司召回部分蓝山鹰牌家用燃气灶具 生产者：佛山华炫电器有限公司 产品：家用燃气灶 具 品牌：蓝山鹰 型号规格：JZY-TD04 涉及数量：15 台 存在的缺陷：由于产品干烟气中一氧化碳含量超过 GB 16410-2020 标准要求 。 可能导致的后果：可能引起一氧化碳中毒的危险，存在安全隐患。 召回措施：通知销售商立即停止销售缺陷产品，并在公司发布召回公告 ， 一对 一 电话追踪，告知消费者具体召回事宜，为购买到缺陷产品的消费 者退 货处理。 来源：https://www.samrdprc.org.cn/xfpzh/xfpzhgg/202512/t20251204_114670.html,high,FAIL,
CN-RECALL-20251203-114662,val,accessory,一次性蒸汽眼罩 品牌 ACCOLTD,连云港服之升纺织有限公司召回“ACCOLTD”牌18.5*8.5一次性蒸汽眼罩,,18.5*8.5,,2024/8/1-2024/8/15,false,false,,unknown,,unknown,unknown,国家市场监督管理总局缺陷产品召回技术中心,fail,false,false,,false,,中国缺陷产品召回公告 2025-12-01。 标题：连云港服之升纺织有限公司召回“ACCOLTD”牌18.5*8.5一次性蒸汽眼罩 生产者：连云港服之升纺织有限公司 产品：一次性蒸汽眼罩 品牌 ACCOLTD 型号规格：18.5*8.5 存在的缺陷：产品持续发热时间过长 可能导致的后果：对消费者眼睛造成烫伤。 召回措施：在公司销售平台发布召回公告，为客户免费退货或更换符合安全 要求的产品。 来源：https://www.samrdprc.org.cn/xfpzh/xfpzhgg/202512/t20251203_114662.html,high,FAIL,battery_safety_concern
CN-RECALL-20251128-114640,test,charger,铅酸蓄电池充电器 品牌 天能铂金,盱眙义讯电子有限公司召回铅酸蓄电池充电器产品,,PT-60-3,,,false,false,,unknown,,unknown,unknown,国家市场监督管理总局缺陷产品召回技术中心,fail,false,false,,false,,中国缺陷产品召回公告 2025-11-28。 标题：盱眙义讯电子有限公司召回铅酸蓄电池充电器产品 生产者：盱眙义讯电子有限公司 产品：铅酸蓄电池充电器 品牌 天能铂金 型号规格：PT-60-3 存在的缺陷：充电器通风口的尺寸设计不当，使得异物（如工具、金属丝） 能够穿过通风口栅格，接触到带电部件。 可能导致的后果：由于充电器通风口的尺寸设计不当，使得异物（如工具、金 属丝）能够穿过通风口栅格接触到带电部件，可能导致电路 板短路，引发设备损坏、触电或火灾。 召回措施：我公司与购货方取得联系，由我公司安排技术人员前往购货 单位，现场对产品缺陷进行评估，排除使用安全隐患，不能 满足使用要求的免费更换。消费者因本次召回所产生的相关 费用均由盱眙义讯电子有限公司承担。 来源：https://www.samrdprc.org.cn/xfpzh/xfpzhgg/202511/t20251128_114640.html,high,FAIL,missing_ccc_information|battery_safety_concern
CN-RECALL-20251128-114633,train,charger,五孔插座,中山市法迪曼照明科技有限公司召回部分法迪曼牌T1五孔插座,法迪曼,T1 明装,,,false,false,,unknown,,unknown,unknown,国家市场监督管理总局缺陷产品召回技术中心,fail,false,false,,false,,中国缺陷产品召回公告 2025-11-26。 标题：中山市法迪曼照明科技有限公司召回部分法迪曼牌T1五孔插座 生产者：中山市法迪曼照明科技 有限公司 产品：五孔插座 品牌：法迪曼 型号规格：T1 明装 涉及数量：100 个 存在的缺陷：人体可接触带电部件。 可能导致的后果：存在使用者触电风险。 召回措施：通知销售商立即停止销售缺陷产品，并在公司 微信公众号 及 销 售商实体店铺发布召回公告 ， 告知消费者具体召回事宜， 为购 买到缺陷产品的消费者 更换或退货处理 。 来源：https://www.samrdprc.org.cn/xfpzh/xfpzhgg/202511/t20251128_114633.html,high,FAIL,missing_ccc_information|battery_safety_concern
CN-RECALL-20251127-114621,train,charger,插座（五孔插座）,中山市法迪曼照明科技有限公司召回部分法迪曼牌N3插座,法迪曼,N3 白色,,,false,false,,unknown,,unknown,unknown,国家市场监督管理总局缺陷产品召回技术中心,fail,false,false,,false,,中国缺陷产品召回公告 2025-11-25。 标题：中山市法迪曼照明科技有限公司召回部分法迪曼牌N3插座 生产者：中山市法迪曼照明科技 有限公司 产品：插座（五孔插座） 品牌：法迪曼 型号规格：N3 白色 涉及数量：100 个 存在的缺陷：产品耐热和耐燃性能差。 可能导致的后果：可能引起触电和起火危险。 召回措施：通知销售商立即停止销售缺陷产品，并在公司 微信公众号 及 销 售商实体店铺发布召回公告 ， 告知消费者具体召回事宜， 为购 买到缺陷产品的消费者 更换或退货处理 。 来源：https://www.samrdprc.org.cn/xfpzh/xfpzhgg/202511/t20251127_114621.html,high,FAIL,missing_ccc_information|battery_safety_concern
CN-RECALL-20251127-114620,train,accessory,固定式 LED 灯具,中山市爱斯兰照明科技有限公司召回部分爱斯兰牌MT110固定式LED灯具,爱斯兰,MT110 24W,,1 批次,false,false,,unknown,,unknown,unknown,国家市场监督管理总局缺陷产品召回技术中心,fail,false,false,,false,,中国缺陷产品召回公告 2025-11-25。 标题：中山市爱斯兰照明科技有限公司召回部分爱斯兰牌MT110固定式LED灯具 生产者：中山市爱斯兰照明科技 有限公司 产品：固定式 LED 灯具 品牌：爱斯兰 型号规格：MT110 24W 涉及数量：4 个 存在的缺陷：结构、防触电保护、耐热、耐火和耐起痕项目不符合 GB 7000.201-2008、GB 7000.1-2015标准。 可能导致的后果：可能引起触电危险。 召回措施：通知销售商立即停止销售缺陷产品并在公司 线上 销售店铺及 销售商实体店铺发布召回公告 ， 告知消费者具体召回事宜， 为购买到缺陷产品的消费者免费退货处理。 来源：https://www.samrdprc.org.cn/xfpzh/xfpzhgg/202511/t20251127_114620.html,high,FAIL,battery_safety_concern
CN-RECALL-20251117-114548,train,accessory,落地扇,中山市鑫诚科技有限公司召回部分Xldnke牌落地扇,Xldnke,XC-FS01 220V-50HZ 45W 350mm,,1 批次,false,false,,unknown,,unknown,unknown,国家市场监督管理总局缺陷产品召回技术中心,fail,,false,,false,,中国缺陷产品召回公告 2025-11-14。 标题：中山市鑫诚科技有限公司召回部分Xldnke牌落地扇 生产者：中山市鑫诚科技有限公司 产品：落地扇 品牌：Xldnke 型号规格：XC-FS01 220V-50HZ 45W 350mm 涉及数量：30 台 存在的缺陷：产品 的稳定性和机械性项目不符合 GB 4706.1-2005 和 GB 4706.27-2008 标准要求。 可能导致的后果：产品在倾斜 10 º 时翻倒跌落，存在砸伤使用者的风险 ， 存在 安 全 隐患 。 召回措施：通知销售商立即停止销售缺陷产品，并在公司及销售商实体 店 铺发布召回公告 ， 告知消费者具体召回事宜，为购买到缺 陷产 品的消费者免费 退货 处理。 来源：https://www.samrdprc.org.cn/xfpzh/xfpzhgg/202511/t20251117_114548.html,high,FAIL,
CN-RECALL-20251111-114520,train,accessory,防爆灯具 品牌 CH-SNWEL,镇江尚为照明电器有限公司召回防爆灯具产品,,SW 系列（ SZSW8250 ） /120W,,,false,false,,unknown,,unknown,unknown,国家市场监督管理总局缺陷产品召回技术中心,fail,false,false,,false,,中国缺陷产品召回公告 2025-11-10。 标题：镇江尚为照明电器有限公司召回防爆灯具产品 生产者：镇江尚为照明电器有限公司 产品：防爆灯具 品牌 CH-SNWEL 型号规格：SW 系列（ SZSW8250 ） /120W 存在的缺陷：防爆灯具无隔爆结合面 可能导致的后果：可能导致火灾、爆炸等安全事故，造成人员伤亡和财产损失。 召回措施：镇江尚为照明电器有限公司将在电商销售平台和线下销售门店发布召 回 信息，敬请消费者立即停止使用召回范围内的产品，并联系生产者、 经 销商、电商客服等进行免费维修/退货、退款，更换标牌等具体措施， 以 消除安全隐患。消费者因本次召回所产生的邮寄等相关费用均由 镇江 尚 为 照明电器有限公司 承担。 来源：https://www.samrdprc.org.cn/xfpzh/xfpzhgg/202511/t20251111_114520.html,high,FAIL,battery_safety_concern
CN-RECALL-20251110-114509,train,accessory,开关（一开双控）,中山市法迪曼照明科技有限公司召回部分法迪曼牌开关,法迪曼,N3 白色,,,false,false,,unknown,,unknown,unknown,国家市场监督管理总局缺陷产品召回技术中心,fail,false,false,,false,,中国缺陷产品召回公告 2025-11-10。 标题：中山市法迪曼照明科技有限公司召回部分法迪曼牌开关 生产者：中山市法迪曼照明科技 有限公司 产品：开关（一开双控） 品牌：法迪曼 型号规格：N3 白色 涉及数量：100 个 存在的缺陷：产品耐热和耐燃性能差。 可能导致的后果：可能引起触电和起火危险。 召回措施：通知销售商立即停止销售缺陷产品，并在公司 微信公众号 及 销 售商实体店铺发布召回公告 ， 告知消费者具体召回事宜， 为购 买到缺陷产品的消费者 更换或退货处理 。 来源：https://www.samrdprc.org.cn/xfpzh/xfpzhgg/202511/t20251110_114509.html,high,FAIL,battery_safety_concern
CN-RECALL-20251107-114506,train,accessory,家用燃气灶具,中山市火厨厨卫电器有限公司召回部分美厨好太太牌家用燃气灶具,美厨好太太,JZT-ZB2,,1 批次,false,false,,unknown,,unknown,unknown,国家市场监督管理总局缺陷产品召回技术中心,fail,,false,,false,,中国缺陷产品召回公告 2025-11-07。 标题：中山市火厨厨卫电器有限公司召回部分美厨好太太牌家用燃气灶具 生产者：中山市火厨厨卫电器有限公司 产品：家用燃气灶具 品牌：美厨好太太 型号规格：JZT-ZB2 涉及数量：10 台 存在的缺陷：烟气中一氧化碳含量超过 强制性国家标准《家用燃气灶具》 GB 16410-2020 要求 。 可能导致的后果：存在 一氧化碳中毒 的风险。 召回措施：通知销售商立即停止销售缺陷产品，并在公司及销售商实体 店铺发布召回公告 ， 告知消费者具体召回事宜，为购买到缺 陷产品的消费者免费 退货 处理。 来源：https://www.samrdprc.org.cn/xfpzh/xfpzhgg/202511/t20251107_114506.html,high,FAIL,
CN-RECALL-20251107-114505,val,accessory,家用燃气灶具,中山市会爱电器科技有限公司召回部分OPAICN牌家用燃气灶具,OPAICN,JZT-HA38,,1 批 次,false,false,,unknown,,unknown,unknown,国家市场监督管理总局缺陷产品召回技术中心,fail,,false,,false,,中国缺陷产品召回公告 2025-11-07。 标题：中山市会爱电器科技有限公司召回部分OPAICN牌家用燃气灶具 生产者：中山市会爱电器科技有限公司 产品：家用燃气灶具 品牌：OPAICN 型号规格：JZT-HA38 涉及数量：50 台 存在的缺陷：烟气中一氧化碳含量超过强制性国家标准 GB 16410-2020 要求 。 可能导致的后果：存在一氧化碳中毒的风险 。 召回措施：通知销售商立即停止销售缺陷产品，并在销售商实体店铺发 布召回公告，告知消费者具体召回事宜，为购买到缺陷产品 的消费者免费 更换或 退货处理。 来源：https://www.samrdprc.org.cn/xfpzh/xfpzhgg/202511/t20251107_114505.html,high,FAIL,
CN-RECALL-20251107-114504,val,accessory,固定式 LED 灯具,中山市爱斯兰照明科技有限公司召回部分爱斯兰牌MT050固定式LED灯具,爱斯兰,MT050 9W(1 × 9W/LED 模块 ),,1 批次,false,false,,unknown,,unknown,unknown,国家市场监督管理总局缺陷产品召回技术中心,fail,false,false,,false,,中国缺陷产品召回公告 2025-11-07。 标题：中山市爱斯兰照明科技有限公司召回部分爱斯兰牌MT050固定式LED灯具 生产者：中山市爱斯兰照明科技 有限公司 产品：固定式 LED 灯具 品牌：爱斯兰 型号规格：MT050 9W(1 × 9W/LED 模块 ) 涉及数量：10 个 存在的缺陷：谐波电流项目不符合 GB 17625.1-2022 标准。 可能导致的后果：容易对电网造成干扰，也可能会产生额外热量，在极端情 况 下也可能成为火灾隐患。 召回措施：通知销售商立即停止销售缺陷产品，并在公司 线上 销售店铺 及 销售商实体店铺发布召回公告 ， 告知消费者具体召回事宜， 为 购买到缺陷产品的消费者免费维修、更换或退货处理。 来源：https://www.samrdprc.org.cn/xfpzh/xfpzhgg/202511/t20251107_114504.html,high,FAIL,battery_safety_concern
CN-RECALL-20251107-114497,test,charger,电源适配器 品牌 奥立仁,宿迁市科特智能科技有限公司召回奥立仁牌电源适配器,,1215/输入AC100-240V 50/60Hz 输出：12V～1.5A,,20240507,false,false,,unknown,,unknown,unknown,国家市场监督管理总局缺陷产品召回技术中心,fail,false,false,,false,,中国缺陷产品召回公告 2025-11-05。 标题：宿迁市科特智能科技有限公司召回奥立仁牌电源适配器 生产者：宿迁市科特智能科技有限公司 产品：电源适配器 品牌 奥立仁 型号规格：1215/输入AC100-240V 50/60Hz 输出：12V～1.5A 存在的缺陷：直接安装导电金属的热塑零部件、电器间隙、爬电距离项目不 符 合GB 4943.1-2022标准。 可能导致的后果：可能引发触电或火灾 ， 存在安全隐患。 召回措施：宿迁市科特智能科技有限公司在牛乐家装建材专营店发布召回 信息，为客户免费退货退款或更换符合安全要求的产品。 来源：https://www.samrdprc.org.cn/xfpzh/xfpzhgg/202511/t20251107_114497.html,high,FAIL,missing_ccc_information|battery_safety_concern
CN-RECALL-20251104-114436,train,accessory,家用燃气灶具,广东科诺电器有限公司召回部分家用燃气灶具,,JZT-A1,,1 批次,false,false,,unknown,,unknown,unknown,国家市场监督管理总局缺陷产品召回技术中心,fail,,false,,false,,中国缺陷产品召回公告 2025-10-31。 标题：广东科诺电器有限公司召回部分家用燃气灶具 生产者：广东科诺电器有限公司 产品：家用燃气灶具 型号规格：JZT-A1 涉及数量：12 台 存在的缺陷：燃烧工况 - 干烟气中 CO 浓度（室内型）不符合 GB 16410-2020 标 准要求。 可能导致的后果：可能导致消费者一氧化碳中毒，存在危害人身安全的风险 。 召回措施：通知销售商立即停止销售缺陷产品，并在公司 企业微信 及销 售 商实体店铺发布召回公告 ， 告知消费者具体召回事宜，为 购买 到缺陷产品的消费者免费退货处理。 来源：https://www.samrdprc.org.cn/xfpzh/xfpzhgg/202511/t20251104_114436.html,high,FAIL,
CN-RECALL-20251031-114419,train,accessory,L ED 吸顶灯,中山市杨帆光电有限公司召回部分杨帆光电牌16W LED吸顶灯,杨帆光电,16 W 220-240V 50Hz,,1 批 次,false,false,,unknown,,unknown,unknown,国家市场监督管理总局缺陷产品召回技术中心,fail,false,false,,false,,中国缺陷产品召回公告 2025-10-29。 标题：中山市杨帆光电有限公司召回部分杨帆光电牌16W LED吸顶灯 生产者：中山市 杨帆光电 有限公司 产品：L ED 吸顶灯 品牌：杨帆光电 型号规格：16 W 220-240V 50Hz 涉及数量：105 个 存在的缺陷：防触电保护 项目不符合 GB 7000.1-2015 、 GB 7000.20 1 -2008 标准要求 ； 骚扰电压（电源端子）项目不符合 GB 17743-2021 标准 。 可能导致的后果：可触及危险带电部件，可能引起触电危险。 召回措施：通知经销商立即停止销售可能有缺陷的产品， 并在公司销售 商实体店铺发布召回公告， 告知消费者具体召回事宜，为购 买到缺陷产品的消费者免费更换处理。 来源：https://www.samrdprc.org.cn/xfpzh/xfpzhgg/202510/t20251031_114419.html,high,FAIL,battery_safety_concern
CN-RECALL-20251031-114418,train,accessory,L ED 吸顶灯,中山市杨帆光电有限公司召回部分杨帆光电牌26W LED吸顶灯,杨帆光电,26 W 220-240V 50Hz,,1 批 次,false,false,,unknown,,unknown,unknown,国家市场监督管理总局缺陷产品召回技术中心,fail,false,false,,false,,中国缺陷产品召回公告 2025-10-31。 标题：中山市杨帆光电有限公司召回部分杨帆光电牌26W LED吸顶灯 生产者：中山市 杨帆光电 有限公司 产品：L ED 吸顶灯 品牌：杨帆光电 型号规格：26 W 220-240V 50Hz 涉及数量：105 个 存在的缺陷：防触电保护 项目不符合 GB 7000.1-2015 、 GB 7000.20 1 -2008 标 准要求 ； 骚扰电压（电源端子）项目不符合 GB 17743-2021 标 准 。 可能导致的后果：可触及危险带电部件，可能引起触电危险。 召回措施：通知经销商立即停止销售可能有缺陷的产品， 并在公司销售 商实体店铺发布召回公告， 告知消费者具体召回事宜，为购 买到缺陷产品的消费者免费更换处理。 来源：https://www.samrdprc.org.cn/xfpzh/xfpzhgg/202510/t20251031_114418.html,high,FAIL,battery_safety_concern
CN-RECALL-20251027-114381,train,accessory,LED嵌入式灯具,中山市松伟照明电器有限公司召回部分松伟牌LED嵌入式灯具,松伟,飞翔003/9W(4000K ）,,1批次,false,false,,unknown,,unknown,unknown,国家市场监督管理总局缺陷产品召回技术中心,fail,false,false,,false,,中国缺陷产品召回公告 2025-10-23。 标题：中山市松伟照明电器有限公司召回部分松伟牌LED嵌入式灯具 生产者：中山市松伟照明电器有限公司 产品：LED嵌入式灯具 品牌：松伟 型号规格：飞翔003/9W(4000K ） 涉及数量：60台 存在的缺陷：外部接线和内部接线项目不符合GB 7000.1-2015、 GB 7000.202-2008标准。 可能导致的后果：消费者在使用过程中可能引起线路过载 、 发热 ，引起触电的 危险， 存在安全隐患。 召回措施：通知销售商立即停止销售缺陷产品，并在公司官网及销售商 实体店铺发布召回公告，告知消费者具体召回事宜，为购买 到缺陷产品的消费者进行免费更换处理。 来源：https://www.samrdprc.org.cn/xfpzh/xfpzhgg/202510/t20251027_114381.html,high,FAIL,battery_safety_concern
CN-RECALL-20251017-114362,train,accessory,家用燃气灶具,中山市华尔顿厨电科技有限公司召回部分华尔顿HEADER牌家用燃气灶具,华尔顿 HEADER,JZT-A1,,,false,false,,unknown,,unknown,unknown,国家市场监督管理总局缺陷产品召回技术中心,fail,false,false,,false,,中国缺陷产品召回公告 2025-10-15。 标题：中山市华尔顿厨电科技有限公司召回部分华尔顿HEADER牌家用燃气灶具 生产者：中山市华尔顿厨电科技有限公司 产品：家用燃气灶具 品牌：华尔顿 HEADER 型号规格：JZT-A1 涉及数量：2 台 存在的缺陷：熄火保护装置 - 闭阀时间、燃烧器的熄火保护装置项目不符合 GB 16410-2020 标准。 可能导致的后果：可能造成燃气泄漏，存在爆炸危险 。 召回措施：通知销售商立即停止销售缺陷产品，并在公司 企业微信 及销售 商实体店铺发布召回公告 ， 告知消费者具体召回事宜，为购买 到缺陷产品的消费者免费退货处理。 来源：https://www.samrdprc.org.cn/xfpzh/xfpzhgg/202510/t20251017_114362.html,high,FAIL,battery_safety_concern
CN-RECALL-20251015-114354,train,accessory,液体加热器（多功能水壶）,广东茶先生电器有限公司召回部分茶先生MrTea牌多功能水壶,茶先生 MrTea,CXS-7098 /1350W 50Hz 1.0L 220V~,,1 批次,false,false,,unknown,,unknown,unknown,国家市场监督管理总局缺陷产品召回技术中心,fail,,false,,false,,中国缺陷产品召回公告 2025-10-14。 标题：广东茶先生电器有限公司召回部分茶先生MrTea牌多功能水壶 生产者：广东茶先生电器有限公司 产品：液体加热器（多功能水壶） 品牌：茶先生 MrTea 型号规格：CXS-7098 /1350W 50Hz 1.0L 220V~ 涉及数量：20 台 存在的缺陷：电源连接和外部软线不符合 GB 4706.1-2005 和 GB 4706.19-2008 标准要求 ，电源软线长度超过 75cm 。 可能导致的后果：过长的电源线容易在使用中绊倒人或被意外拉扯，导致电水壶 倾倒，热水流出可能造成烫伤，存在安全隐患。 召回措施：通知销售商立即停止销售缺陷产品，并在公司及销售商实体店 铺发布召回公告，告知消费者具体召回事宜，为购买到缺陷产 品的消费者免费维修、更换或退货处理。 来源：https://www.samrdprc.org.cn/xfpzh/xfpzhgg/202510/t20251015_114354.html,high,FAIL,
CN-RECALL-20251013-114347,train,accessory,钰创合成 UVLED 美甲灯,中山市钰小将智能科技有限责任公司召回部分UVLED钰创合成牌钰创合成UVLED美甲灯,UVLED 钰创合成,阳光 3S,,9 批次,false,false,,unknown,,unknown,unknown,国家市场监督管理总局缺陷产品召回技术中心,fail,false,false,,false,,中国缺陷产品召回公告 2025-10-11。 标题：中山市钰小将智能科技有限责任公司召回部分UVLED钰创合成牌钰创合成UVLED美甲灯 生产者：中山市钰小将智能科技有限责任公司 产品：钰创合成 UVLED 美甲灯 品牌：UVLED 钰创合成 型号规格：阳光 3S 涉及数量：15737 个 存在的缺陷：对触及带电部件的防护 ； 结构（ 22.46 除外）；电气间隙、 爬 电 距离和固体绝缘 等项目不符合 GB 4706.1-2005 的要求。 可能导致的后果：可能引起误操作、触电和起火、割伤、长期性健康等风险， 存 在安全隐患。 召回措施：通知销售商立即停止销售缺陷产品，并在公司 钰创合成 微 信 公 众号 / 线上 天猫、京东 销售店铺等及销售商实体店铺发 布 召 回 公告，告知消费者具体召回事宜，为购买到缺陷产 品的 消 费 者 免费 维修、 更换或退货处理。 来源：https://www.samrdprc.org.cn/xfpzh/xfpzhgg/202510/t20251013_114347.html,high,FAIL,battery_safety_concern
CN-RECALL-20251013-114346,val,accessory,家用 燃气灶具,中山真爱电器有限公司召回部分HYUNDAI牌家用燃气灶具,HYUNDAI,JZT-Q1,,1 批次,false,false,,unknown,,unknown,unknown,国家市场监督管理总局缺陷产品召回技术中心,fail,,false,,false,,中国缺陷产品召回公告 2025-10-11。 标题：中山真爱电器有限公司召回部分HYUNDAI牌家用燃气灶具 生产者：中山真爱电器有限公司 产品：家用 燃气灶具 品牌：HYUNDAI 型号规格：JZT-Q1 涉及数量：5 台 存在的缺陷：燃烧工况（干 烟气中 CO 浓度 ）项目不符合 GB 16410-2020 标 准。 可能导致的后果：室内有害气体浓度过高，危害消费者的身体健康。 召回措施：通知销售商立即停止销售缺陷产品， 并在公司及销售商实 体 店铺发布召回公告， 告知消费者具体召回事宜，为购买 到缺 陷产品的消费者免费 退货 处理。 来源：https://www.samrdprc.org.cn/xfpzh/xfpzhgg/202510/t20251013_114346.html,high,FAIL,
CN-RECALL-20251009-114336,val,accessory,家用燃气灶具,佛山市灶宝电器科技有限公司召回部分铭匠牌家用燃气灶具,铭匠,JZY-X5-2,,NO.2024.2.15 /一批次,false,false,,unknown,,unknown,unknown,国家市场监督管理总局缺陷产品召回技术中心,fail,,false,,false,,中国缺陷产品召回公告 2025-10-09。 标题：佛山市灶宝电器科技有限公司召回部分铭匠牌家用燃气灶具 生产者：佛山市灶宝电器科技有限公司 产品：家用燃气灶具 品牌：铭匠 型号规格：JZY-X5-2 涉及数量：10台 存在的缺陷：干烟气中一氧化碳含量 项目不符合GB 16410-2020 《家用燃气灶具》 标 准 要求。 可能导致的后果：在换气设备工作不畅的情况下， 可能引起 一氧化碳中毒，存在安全 隐 患。 召回措施：通知销售商立即停止销售缺陷产品，并在公司及销售商实体店铺发 布 召回公告 ， 告知消费者具体召回事宜，为购买到缺陷产品的消费 者 免 费更换或退货处理。 来源：https://www.samrdprc.org.cn/xfpzh/xfpzhgg/202510/t20251009_114336.html,high,FAIL,
CN-RECALL-20251009-114326,test,accessory,毛绒公仔 品牌 萌萌星,仪征明宏玩具有限公司召回毛绒公仔,,－,,20240527,false,false,,unknown,,unknown,unknown,国家市场监督管理总局缺陷产品召回技术中心,fail,false,false,,false,,中国缺陷产品召回公告 2025-09-29。 标题：仪征明宏玩具有限公司召回毛绒公仔 生产者：仪征明宏玩具有限公司 产品：毛绒公仔 品牌 萌萌星 型号规格：－ 存在的缺陷：带有可更换电池的电池玩具说明书不符合 GB 19865-2005 《电 玩具的安全》要求。 可能导致的后果：无法有效提醒监护人和使用者合理地使用玩具，存在因使用 不当造成伤害事故的潜在风险。 召回措施：仪征明宏玩具有限 公司将在 优朵拉家居旗舰店 首页发布召回公 告，敬请消费者立即停止使用召回范围内的产品，并联系 仪征 明宏玩具有限 公司领取新标签，以消除安全隐患。消费者因本 次召回所产生的邮寄等相关费用均由 仪征明宏玩具有限 公司承 担。 来源：https://www.samrdprc.org.cn/xfpzh/xfpzhgg/202510/t20251009_114326.html,high,FAIL,battery_safety_concern
CN-RECALL-20251009-114324,train,accessory,灭火毯 品牌 灭焰星、火战士,扬州灭霸消防科技有限公司召回灭焰星牌、火战士牌灭火毯,,MJT1000mm×1000mm、MJT1500mm×1500mm,,20240808024、20250418018,false,false,,unknown,,unknown,unknown,国家市场监督管理总局缺陷产品召回技术中心,fail,false,false,,false,,中国缺陷产品召回公告 2025-09-29。 标题：扬州灭霸消防科技有限公司召回灭焰星牌、火战士牌灭火毯 生产者：扬州灭霸消防科技有限公司 产品：灭火毯 品牌 灭焰星、火战士 型号规格：MJT1000mm×1000mm、MJT1500mm×1500mm 存在的缺陷：灭火毯灭火性能低。 可能导致的后果：灭火毯灭火性能低，在 F 类火中被烧穿，导致无法隔绝氧气扑 灭火 源，存在火势失控蔓延、人员烧伤及吸入有毒气体的重大 安全风险。 召回措施：扬州灭霸消防科技有限公司将在洛阳泰宗五金产品有限公司、南 昌 不出名电子商务有限公司门店张贴发布召回公告，敬请消费者 立即 停止使用召回范围内的产品，并联系扬州灭霸消防科技有限 公司进 行退货、退款，以消除安全隐患。消费者因本次召回所产 生的邮寄 等相关费用均由扬州灭霸消防科技有限公司承担。 来源：https://www.samrdprc.org.cn/xfpzh/xfpzhgg/202510/t20251009_114324.html,high,FAIL,battery_safety_concern
CN-RECALL-20250930-114316,train,accessory,卡通电动玩具,汕头市学玩艺科技有限公司召回部分比比精灵牌卡通电动玩具,比比精灵,601003-1,,20230830,false,false,,unknown,,unknown,unknown,国家市场监督管理总局缺陷产品召回技术中心,fail,,false,,false,,中国缺陷产品召回公告 2025-09-29。 标题：汕头市学玩艺科技有限公司召回部分比比精灵牌卡通电动玩具 生产者：汕头市学玩艺科技有限公司 产品：卡通电动玩具 品牌：比比精灵 型号规格：601003-1 涉及数量：100 盒 存在的缺陷：供 36 个月及以上但不足 72 个月儿童使用的玩具，存在小球，但缺失 小 球警示说明 。 可能导致的后果：小球警示说明缺失，不能引起家长足够注意，导致监护不到位，儿 童 误食小球，导致窒息危险。 召回措施：1. 联系销售商立即停止销售并下架该产品，对库存产品进行退货 。 2. 在工厂 及销售商 处贴布 召回公告。 3. 联系消费者告知召回事宜，接受消费者咨询，为消费者提供免费 更 换 或者 退货等服务。 来源：https://www.samrdprc.org.cn/xfpzh/xfpzhgg/202509/t20250930_114316.html,high,FAIL,
CN-RECALL-20250930-114315,train,accessory,趣味游乐园,汕头市澄海区荣进玩具厂召回部分趣味游乐园玩具产品,,RJ22956,,202230508,false,false,,unknown,,unknown,unknown,国家市场监督管理总局缺陷产品召回技术中心,fail,,false,,false,,中国缺陷产品召回公告 2025-09-30。 标题：汕头市澄海区荣进玩具厂召回部分趣味游乐园玩具产品 生产者：汕头市澄海区荣进玩具厂 产品：趣味游乐园 型号规格：RJ22956 涉及数量：70 只 存在的缺陷：用于包装或玩具中的塑料袋或塑料薄膜的厚度不足且未进行打孔。 可能导致的后果：一旦覆盖在儿童脸部，容易粘附儿童口鼻，可能导致窒息危险。 召回措施：1. 联系销售商立即停止销售并下架该产品，对库存产品进行 配合我厂 召回处理。 2. 在工厂 及销售商 处贴布 召回公告。 3. 联系消费者告知召回事宜，接受消费者咨询，为消费者提供 更换 或 退货服务。 来源：https://www.samrdprc.org.cn/xfpzh/xfpzhgg/202509/t20250930_114315.html,high,FAIL,
CN-RECALL-20250926-114256,train,accessory,LG200 s 美甲光疗灯,广东欧莉源美甲用品有限公司召回部分L'UGX牌LG200s美甲光疗灯,L'UGX,LG1-29S,,一批次,false,false,,unknown,,unknown,unknown,国家市场监督管理总局缺陷产品召回技术中心,fail,false,false,,false,,中国缺陷产品召回公告 2025-09-26。 标题：广东欧莉源美甲用品有限公司召回部分L'UGX牌LG200s美甲光疗灯 生产者：广东欧莉源美甲用品有限公司 产品：LG200 s 美甲光疗灯 品牌：L'UGX 型号规格：LG1-29S 涉及数量：55 存在的缺陷：产品 电源连接线、耐热和耐燃等项目不符合 GB 4706.1-2005 标准要 求 。 可能导致的后果：可能引起触电危险 ， 存在安全隐患 。 召回措施：通知销售商立即停止销售缺陷产品，并在 抖音等平台 发布召回公告， 告知消费者具体召回事宜，为购买到缺陷产品的消费者免费更换 或 退货处理 。 来源：https://www.samrdprc.org.cn/xfpzh/xfpzhgg/202509/t20250926_114256.html,high,FAIL,battery_safety_concern
CN-RECALL-20250919-114230,train,accessory,室内加热器,邵东市周官桥乡飞亚电器厂召回部分森宝格牌室内加热器,森宝格,NSB-100,,202410,false,false,,unknown,,unknown,unknown,国家市场监督管理总局缺陷产品召回技术中心,fail,false,false,,false,,中国缺陷产品召回公告 2025-09-17。 标题：邵东市周官桥乡飞亚电器厂召回部分森宝格牌室内加热器 生产者：邵东市周官桥乡飞亚电器厂 产品：室内加热器 品牌：森宝格 型号规格：NSB-100 涉及数量：1000 台 存在的缺陷：产品对触及带电部位的防护和电源软线不符合 GB 4706.23-2007 标准要求 可能导致的后果：消费者在使用过程中可能发生触电。 召回措施：停止销售，公告召回，为消费者免费退换货。 来源：https://www.samrdprc.org.cn/xfpzh/xfpzhgg/202509/t20250919_114230.html,high,FAIL,battery_safety_concern
CN-RECALL-20250919-114229,train,accessory,室内加热器/电取暖器,邵东市廉桥镇金泰电器厂召回部分晓霸王牌室内加热器,晓霸王,JTN-90A 900W,,2024.9.16/2024.9.18/2024.9.23/2024.9.29,false,false,,unknown,,unknown,unknown,国家市场监督管理总局缺陷产品召回技术中心,fail,false,false,,false,,中国缺陷产品召回公告 2025-09-17。 标题：邵东市廉桥镇金泰电器厂召回部分晓霸王牌室内加热器 生产者：邵东市廉桥镇金泰电器厂 产品：室内加热器/电取暖器 品牌：晓霸王 型号规格：JTN-90A 900W 涉及数量：1200台 存在的缺陷：室内加热器在非正常工作、结构、电源连接和外部软线、接地 措施 四项不符合 GB 4706.23-2007 标准要求，消费者在使用过 程中存在 触电的安全隐患。 可能导致的后果：触电风险 召回措施：停止销售，公告召回，免费为消费者退换货 来源：https://www.samrdprc.org.cn/xfpzh/xfpzhgg/202509/t20250919_114229.html,high,FAIL,battery_safety_concern
CN-RECALL-20250912-114198,train,accessory,豪华型自动电饭锅,广东日秀电器有限公司召回部分豪华型自动电饭锅,,CFXB40-A 700W 4.0L,,2023-10-09,false,false,,unknown,,unknown,unknown,国家市场监督管理总局缺陷产品召回技术中心,fail,false,false,,false,,中国缺陷产品召回公告 2025-09-10。 标题：广东日秀电器有限公司召回部分豪华型自动电饭锅 生产者：广东日秀电器有限公司 产品：豪华型自动电饭锅 型号规格：CFXB40-A 700W 4.0L 涉及数量：60 存在的缺陷：1.电源连接和外部软线不合格，标称横截面积小于0.75mm 2 ， 长期使 用 可能导致发热起火， 不符合GB 4706.1-2005标准要求。 2.接地措施不合格，可能 导致触电 ，不符合GB 4706.1-2005标准要求。 可能导致的后果：可能引起触电和起火危险。 召回措施：通知销售商立即停止销售缺陷产品，及 在 销售商实体店铺发布召回公 告 ， 告知消费者具体召回事宜，为购买到缺陷产品的消费者免费维修、 更换 或退货处理。 来源：https://www.samrdprc.org.cn/xfpzh/xfpzhgg/202509/t20250912_114198.html,high,FAIL,battery_safety_concern
CN-RECALL-20250911-114174,val,accessory,电热水壶,湛江市博美电器有限公司召回部分万利达牌电热水壶,万利达,BM-251,,第一批次,false,false,,unknown,,unknown,unknown,国家市场监督管理总局缺陷产品召回技术中心,fail,false,false,,false,,中国缺陷产品召回公告 2025-09-10。 标题：湛江市博美电器有限公司召回部分万利达牌电热水壶 生产者：湛江 市 博美 电器有限公司 产品：电热水壶 品牌：万利达 型号规格：BM-251 涉及数量：800 台 存在的缺陷：经抽样检验，电源连接和外部软线不符合 GB 4706.19-2008 的 标准 要求。 可能导致的后果：长期使用可能导致电源线发热起火。 召回措施：通知销售商立即停止销售缺陷产品，及销售商实体店铺发布召回公告 ， 告 知消费者具体召回事宜，为购买到缺陷产品的消费者免费维修、更 换或退 货处理。 来源：https://www.samrdprc.org.cn/xfpzh/xfpzhgg/202509/t20250911_114174.html,high,FAIL,battery_safety_concern
CN-RECALL-20250829-114126,val,accessory,室内加热器,湖南省三才电器有限公司召回部分万四宝牌室内加热器,万四宝,NSB-90,,2022/10/8,false,false,,unknown,,unknown,unknown,国家市场监督管理总局缺陷产品召回技术中心,fail,false,false,,false,,中国缺陷产品召回公告 2025-08-22。 标题：湖南省三才电器有限公司召回部分万四宝牌室内加热器 生产者：湖南省三才电器有限公司 产品：室内加热器 品牌：万四宝 型号规格：NSB-90 涉及数量：100 台 存在的缺陷：由于电源连接和外部软线不符合 GB 4706.1-2005 标准要求，可 能 因高温或电线移动损坏绝缘保护。 可能导致的后果：消费者在使用过程中可能发生触电的危险。 召回措施：停止销售，公告召回，为消费者免费退换货。 来源：https://www.samrdprc.org.cn/xfpzh/xfpzhgg/202508/t20250829_114126.html,high,FAIL,battery_safety_concern
CN-RECALL-20250829-114125,test,power_bank,自带线充电宝 20000 33W 品牌 MI,小米通讯技术有限公司主动召回部分MI牌PB2030MI型充电宝产品,,PB2030MI,,通过 SN查询,false,false,50,unknown,,unknown,unknown,国家市场监督管理总局缺陷产品召回技术中心,fail,false,false,,false,,中国缺陷产品召回公告 2025-08-29。 标题：小米通讯技术有限公司主动召回部分MI牌PB2030MI型充电宝产品 生产者：小米通讯技术有限公司 产品：自带线充电宝 20000 33W 品牌 MI 型号规格：PB2030MI 涉及数量：146891件 存在的缺陷：由于部分电芯原材料来料原因，极少数产品在使用过程中可能会出 现过热现象。 可能导致的后果：在极端场景下存在燃烧风险。 召回措施：1.在小米商城“服务中心-售后政策”页面发布召回公告； 2.消费者可选择到线下小米之家门店进行退货退款，或线上处理； 3.将缺陷产品进行无害化处理。 来源：https://www.samrdprc.org.cn/xfpzh/xfpzhgg/202508/t20250829_114125.html,high,FAIL,missing_ccc_information|battery_safety_concern
CN-RECALL-20250826-114061,train,accessory,天成精工 S/SV 系列筒灯,中山市赏芯悦目照明科技有限公司召回部分LOUIS WALDEN牌天成精工S/SV系列筒灯,LOUIS WALDEN,LW-GLCD010 10W 220V-50Hz,,MO2408140003 /1 批次,false,false,,unknown,,unknown,unknown,国家市场监督管理总局缺陷产品召回技术中心,fail,false,false,,false,,中国缺陷产品召回公告 2025-08-22。 标题：中山市赏芯悦目照明科技有限公司召回部分LOUIS WALDEN牌天成精工S/SV系列筒灯 生产者：中山市赏芯悦目照明科技有限公司 产品：天成精工 S/SV 系列筒灯 品牌：LOUIS WALDEN 型号规格：LW-GLCD010 10W 220V-50Hz 涉及数量：260 台 存在的缺陷：产品结构、外部接线和内部接线、防触电保护项目不符合 GB 7000.1-2015 和 GB 7000.202-2008 标准，能效等级（光效）、显色 指 数项目不符合 GB 30255-2019 标准和产品明示质量要求。 可能导致的后果：产品有一定的安全隐患，存在触电风险，能效等级（光效）项目标称 值 与实测值不符会误导消费者。 召回措施：通知销售商立即停止销售缺陷产品，并在公司及销售商实体店铺发布 召 回公告 ， 告知消费者具体召回事宜，为购买到缺陷产品的消费者免 费 退 货 处理。 来源：https://www.samrdprc.org.cn/xfpzh/xfpzhgg/202508/t20250826_114061.html,high,FAIL,battery_safety_concern
CN-RECALL-20250826-114057,train,accessory,电动自行车,东莞市云电电动有限公司召回部分鑫云电牌电动自行车,鑫云电,TDT008Z,,,false,false,,unknown,,unknown,unknown,国家市场监督管理总局缺陷产品召回技术中心,fail,false,false,,false,,中国缺陷产品召回公告 2025-08-22。 标题：东莞市云电电动有限公司召回部分鑫云电牌电动自行车 生产者：东莞市云电电动有限公司 产品：电动自行车 品牌：鑫云电 型号规格：TDT008Z 涉及数量：213 台 存在的缺陷：产品车辆熔断器或断路器保护装置实际规格、参数大于说明 书 或其他明示短路保护的规定 ， 无法起到保护线路的作用 ； 蓄电 池防篡改项目不符合 GB 17761-2018 标准要求，为电池改 装提 供了空间 。 可能导致的后果：可能引起起火、燃爆危险 ； 可能会导致电池晃动、碰撞或线 路磨损，造成短路、爆燃事故 。 召回措施：东莞市云电电动有限公司 将为消费者免费 维修 ，以消除安全 隐患 。 来源：https://www.samrdprc.org.cn/xfpzh/xfpzhgg/202508/t20250826_114057.html,high,FAIL,battery_safety_concern
CN-RECALL-20250818-114031,train,accessory,室内加热器,邵东市廉桥镇玫花电器厂召回部分韩派牌室内加热器,韩派,NDY-1200,,2024-10,false,false,,unknown,,unknown,unknown,国家市场监督管理总局缺陷产品召回技术中心,fail,false,false,,false,,中国缺陷产品召回公告 2025-08-15。 标题：邵东市廉桥镇玫花电器厂召回部分韩派牌室内加热器 生产者：邵东市廉桥镇玫花电器厂 产品：室内加热器 品牌：韩派 型号规格：NDY-1200 涉及数量：1800台 存在的缺陷：产品电源 软线固定装置和接地措施两项 不符合GB 4706.23-2007 标 准要求 可能导致的后果：消费者在使用过程中可能发生触电 召回措施：停止销售，公告召回，为消费者免费退换货 来源：https://www.samrdprc.org.cn/xfpzh/xfpzhgg/202508/t20250818_114031.html,high,FAIL,battery_safety_concern
CN-RECALL-20250818-114030,train,accessory,室内加热器,邵东市野鸡坪镇新才电器加工厂召回部分邵野牌室内加热器,邵野,NSB-90,,2024/10/08,false,false,,unknown,,unknown,unknown,国家市场监督管理总局缺陷产品召回技术中心,fail,false,false,,false,,中国缺陷产品召回公告 2025-08-13。 标题：邵东市野鸡坪镇新才电器加工厂召回部分邵野牌室内加热器 生产者：邵东市野鸡坪镇新才电器加工厂 产品：室内加热器 品牌：邵野 型号规格：NSB-90 涉及数量：1000 台 存在的缺陷：产品对触及带电部件的防护、结构、电源连接和外部软线、 接 地 措施等多项不符合 GB 4706.1-2005 标准要求。 可能导致的后果：使用过程中可能发生短路和触电。 召回措施：全面停止销售，公告召回，为消费者免费退货。 来源：https://www.samrdprc.org.cn/xfpzh/xfpzhgg/202508/t20250818_114030.html,high,FAIL,battery_safety_concern
CN-RECALL-20250731-113951,train,accessory,儿童扭扭车,佛山市比酷儿童玩具有限公司召回部分比酷牌儿童扭扭车,比酷,Y09A,,2023008023 / 1 批 次,false,false,,unknown,,unknown,unknown,国家市场监督管理总局缺陷产品召回技术中心,fail,false,false,,false,,中国缺陷产品召回公告 2025-07-21。 标题：佛山市比酷儿童玩具有限公司召回部分比酷牌儿童扭扭车 生产者：佛山市比酷儿童玩具有限公司 产品：儿童扭扭车 品牌：比酷 型号规格：Y09A 涉及数量：10 台 存在的缺陷：产品 没有可更换电池的使用说明，标识缺少，无法提供正确的指引。 可能导致的后果：可能会因 使用不当造成伤害事故 ， 存在安全隐患。 召回措施：通知销售商立即停止销售缺陷产品，并在公司及销售商实体店铺发 布 召回公告，告知消费者具体召回事宜，为购买到缺陷产品的消费 者免 费更换处理。 来源：https://www.samrdprc.org.cn/xfpzh/xfpzhgg/202507/t20250731_113951.html,high,FAIL,battery_safety_concern
CN-RECALL-20250730-113929,train,charger,二位 U SB 带五孔插座,厦门视贝科技有限公司召回部分seebest牌二位USB带五孔插座,s eebest,R FC 10A 250V~,,2 0231124X01-- 2 0231124X30,false,false,,unknown,,unknown,unknown,国家市场监督管理总局缺陷产品召回技术中心,fail,false,false,,false,,中国缺陷产品召回公告 2025-07-25。 标题：厦门视贝科技有限公司召回部分seebest牌二位USB带五孔插座 生产者：厦门视贝科技有限公司 产品：二位 U SB 带五孔插座 品牌：s eebest 型号规格：R FC 10A 250V~ 涉及数量：3 0 个 存在的缺陷：由于产品的电气间隙、爬电距离 不符合 GB 4943.1-2022 《音视 频、 信息技术和通信技术设备 第 1 部分 ： 安全要求》要求 可能导致的后果：使用过程中可能引起 触电 危险。 召回措施：为消费者提供免费退换货服务 来源：https://www.samrdprc.org.cn/xfpzh/xfpzhgg/202507/t20250730_113929.html,high,FAIL,missing_ccc_information|battery_safety_concern
CN-RECALL-20250730-113923,train,accessory,室内加热 器,涟源市好怡电器厂召回部分好文钻石牌室内加热器,好文钻石,DQY-814/900W,,,false,false,,unknown,,unknown,unknown,国家市场监督管理总局缺陷产品召回技术中心,fail,false,false,,false,,中国缺陷产品召回公告 2025-07-29。 标题：涟源市好怡电器厂召回部分好文钻石牌室内加热器 生产者：涟源市好怡 电器 厂 产品：室内加热 器 品牌：好文钻石 型号规格：DQY-814/900W 涉及数量：50 台 存在的缺陷：产品非正常工作、 电源连接和外部软线 、 接地措施 等三项 不符合 GB 4706.23-2007 标准要求 可能导致的后果：消费者在使用过程中可能发生短路和触电 召回措施：公告召回，为消费者免费退货 来源：https://www.samrdprc.org.cn/xfpzh/xfpzhgg/202507/t20250730_113923.html,high,FAIL,battery_safety_concern
CN-RECALL-20250730-113922,val,accessory,电取暖器,双峰县旺府电器有限公司召回部分旺府牌室内加热器,旺府,WF2022-1-1080，1080W,,,false,false,,unknown,,unknown,unknown,国家市场监督管理总局缺陷产品召回技术中心,fail,false,false,,false,,中国缺陷产品召回公告 2025-07-29。 标题：双峰县旺府电器有限公司召回部分旺府牌室内加热器 生产者：双峰县旺府电器有限公司 产品：电取暖器 品牌：旺府 型号规格：WF2022-1-1080，1080W 涉及数量：30台 存在的缺陷：产品对可触及的带电部件的防护不符合GB 4706.1-2005标准 要求 可能导致的后果：消费者在使用过程中可能发生触电 召回措施：公告召回，为消费者免费退货 来源：https://www.samrdprc.org.cn/xfpzh/xfpzhgg/202507/t20250730_113922.html,high,FAIL,battery_safety_concern
CN-RECALL-20250730-113921,val,accessory,智能升降茶几,新化县一家亲电器有限公司召回部分一家亲牌智能升降茶几,一家亲,YJQ-SJ-G1 1500W 220V～50Hz,,20241223,false,false,,unknown,,unknown,unknown,国家市场监督管理总局缺陷产品召回技术中心,fail,false,false,,false,,中国缺陷产品召回公告 2025-07-21。 标题：新化县一家亲电器有限公司召回部分一家亲牌智能升降茶几 生产者：新化县一家亲电器有限公司 产品：智能升降茶几 品牌：一家亲 型号规格：YJQ-SJ-G1 1500W 220V～50Hz 涉及数量：32 台 存在的缺陷：产品结构不符合 GB 4706.1 - 2005 标准要求，内部布线受力可能 会脱落 可能导致的后果：可能会导致短路和触电 召回措施：停止销售，公告召回，告知免费为消费者退换货 来源：https://www.samrdprc.org.cn/xfpzh/xfpzhgg/202507/t20250730_113921.html,high,FAIL,battery_safety_concern
CN-RECALL-20250730-113920,test,accessory,室内加热器（取暖器）,湖南一洋电器有限公司召回部分百川牌室内加热器,百川,YY/NL-02,,2024.8.16 / 2024.9.12 / 2024.9.13 / 2024.9.14,false,false,,unknown,,unknown,unknown,国家市场监督管理总局缺陷产品召回技术中心,fail,false,false,,false,,中国缺陷产品召回公告 2025-07-21。 标题：湖南一洋电器有限公司召回部分百川牌室内加热器 生产者：湖南一洋电器有限公司 产品：室内加热器（取暖器） 品牌：百川 型号规格：YY/NL-02 涉及数量：96 台 存在的缺陷：产品接地措施不符合 GB 4706.23-2007 标准的要求， 接地端子夹 紧不牢固、无防松设置，消费者在使用中存在触电的安全隐患。 可能导致的后果：触电风险 召回措施：停止销售，公告召回免费为消费者退换货 来源：https://www.samrdprc.org.cn/xfpzh/xfpzhgg/202507/t20250730_113920.html,high,FAIL,battery_safety_concern
CN-RECALL-20250725-113916,train,accessory,纯甄音乐蒸汽眼罩 品牌 好视力,江苏恬然环保科技发展有限公司召回好视力牌H-TR-004纯甄音乐蒸汽眼罩,,185mm×78mm；H-TR-004,,2024080801,false,false,,unknown,,unknown,unknown,国家市场监督管理总局缺陷产品召回技术中心,fail,false,false,,false,,中国缺陷产品召回公告 2025-07-24。 标题：江苏恬然环保科技发展有限公司召回好视力牌H-TR-004纯甄音乐蒸汽眼罩 生产者：江苏恬然环保科技发展有限公司 产品：纯甄音乐蒸汽眼罩 品牌 好视力 型号规格：185mm×78mm；H-TR-004 存在的缺陷：本次召回范围内的纯甄音乐蒸汽眼罩，46°C及以上温度持续时间过长。 可能导致的后果：可能导致消费者烫伤。 召回措施：我公司将在电商销售平台发布召回信息，敬请消费者立即停止使用召回 范围内的产品，并联系经销商、电商客服进行退款，以消除安全隐患。 消费者因本次召回所产生的邮寄等相关费用均由我公司承担。 来源：https://www.samrdprc.org.cn/xfpzh/xfpzhgg/202507/t20250725_113916.html,high,FAIL,battery_safety_concern
CN-RECALL-20250725-113914,train,accessory,16寸落地扇 品牌 SHIHUA,江苏科创电器有限公司召回落地扇产品,,SP15-16ARY-遥控款,,2024041801,false,false,,unknown,,unknown,unknown,国家市场监督管理总局缺陷产品召回技术中心,fail,false,false,,false,,中国缺陷产品召回公告 2025-07-24。 标题：江苏科创电器有限公司召回落地扇产品 生产者：江苏科创电器有限公司 产品：16寸落地扇 品牌 SHIHUA 型号规格：SP15-16ARY-遥控款 存在的缺陷：1.风扇摇头处外壳开口较大，B型试验探棒能通过开口触及电机外壳； 2.布线通路有锐利棱边（焊点）、内部布线的保护与焊点接触。 可能导致的后果：1.对触及带电部件无足够防护，电气间隙和爬电距离不符合要求； 2.可能会导致消费者在使用过程中增加触电风险。 召回措施：在电商销售平台发布召回信息，敬请消费者立即停止使用召回范围内 的产品，并联系生产者、经销商、电商客服等进行免费维修/退货、 退款等，以消除安全隐患。消费者因本次召回所产生的邮寄等相关费 用均由江苏科创电器有限公司承担。 来源：https://www.samrdprc.org.cn/xfpzh/xfpzhgg/202507/t20250725_113914.html,high,FAIL,battery_safety_concern
CN-RECALL-20250725-113913,train,power_bank,漫威系列-10000毫安移动电源 品牌 MARVE,江苏酷石科技有限公司召回漫威系列-10000毫安移动电源,,E07A,,JSKS20240428/001,false,false,50,unknown,,unknown,unknown,国家市场监督管理总局缺陷产品召回技术中心,fail,false,false,,false,,中国缺陷产品召回公告 2025-07-22。 标题：江苏酷石科技有限公司召回漫威系列-10000毫安移动电源 生产者：江苏酷石科技有限公司 产品：漫威系列-10000毫安移动电源 品牌 MARVE 型号规格：E07A 存在的缺陷：移动电源转换效率实测值低于标准规定转换效率限定值。 可能导致的后果：导致极少数产品在使用中可能存在过热现象，在极端场景下使用可能产 生 燃烧风险，存在安全隐患 。 召回措施：江苏酷石科技有限公司将在公司网站首页、电商销售平台和经销商门店 等 发布召回信息，敬请消费者立即停止使用召回范围内的产品，并联系 经销 商、电商客服等进行退货、退款等具体措施，以消除安全隐患。消 费者因 本次召回所产生的邮寄等相关费用均由江苏酷石科技有限公司承 担。 来源：https://www.samrdprc.org.cn/xfpzh/xfpzhgg/202507/t20250725_113913.html,high,FAIL,missing_ccc_information|battery_safety_concern
CN-RECALL-20250704-113772,train,accessory,电动自行车 品牌 小刀,小刀新能源科技股份有限公司召回部分小刀牌TDT20356-1Z电动自行车,,TDT20356-1Z,,2021-9-11,false,false,,unknown,,unknown,unknown,国家市场监督管理总局缺陷产品召回技术中心,fail,false,false,,false,,中国缺陷产品召回公告 2025-07-03。 标题：小刀新能源科技股份有限公司召回部分小刀牌TDT20356-1Z电动自行车 生产者：小刀新能源科技股份有限公司 产品：电动自行车 品牌 小刀 型号规格：TDT20356-1Z 存在的缺陷：锂电池保护板元件焊接点虚焊。 可能导致的后果：可能导致锂电池保护功能失效，增加发生火灾事故的风险。 召回措施：我公司将通过各经销商在经销网点发布召回信息，请消费者立即停止使 用召 回范围内的产品，消费者可联系经销门店或直接联系本公司进行免 费更换全 新的符合要求的锂电池保护板，以消除安全隐患。消费者因本 次召回所产生 的维修检查费用均由我公司承担。 来源：https://www.samrdprc.org.cn/xfpzh/xfpzhgg/202507/t20250704_113772.html,high,FAIL,battery_safety_concern
CN-RECALL-20250619-113668,train,accessory,益智卡通造型玩具,汕头市诺拉玩具有限公司召回部分益智卡通造型玩具,图形商标,MC201,,（ 2024 ） 03001,false,false,,unknown,,unknown,unknown,国家市场监督管理总局缺陷产品召回技术中心,fail,,false,,false,,中国缺陷产品召回公告 2025-06-18。 标题：汕头市诺拉玩具有限公司召回部分益智卡通造型玩具 生产者：汕头市诺拉玩具有限公司 产品：益智卡通造型玩具 品牌：图形商标 型号规格：MC201 涉及数量：42 只 存在的缺陷：玩具的可迁移元素 过高 。 可能导致的后果：可能引起婴童在玩耍玩具时，可能通过口、皮肤接触等方式摄入可迁移 元 素，进入体内的可迁移元素可在人体内累积，长期接触可迁移元素超 标的 玩具，可能导致慢性中毒，影响造血系统、肝脏、肾脏等器官功能 的危险。 召回措施：1. 联系销售商立即停止销售并下架该产品，对库存产品进行退货； 2. 在我司门口及销售商实体店铺贴布召回公告 ，保存发布公告图片和截 图； 3. 联系消费者告知召回事宜，接受消费者咨询，为消费者提供免费更换 / 退货等服务。 来源：https://www.samrdprc.org.cn/xfpzh/xfpzhgg/202506/t20250619_113668.html,high,FAIL,
CN-RECALL-20250619-113652,train,accessory,智能电动晾衣机 品牌 捷阳,江苏捷阳科技集团股份有限公司召回部分捷阳牌JY-088Z（瓷白银）电动晾衣机,,JY-088Z（瓷白银）,,2022年7月6日,false,false,,unknown,,unknown,unknown,国家市场监督管理总局缺陷产品召回技术中心,fail,false,false,,false,,中国缺陷产品召回公告 2025-06-13。 标题：江苏捷阳科技集团股份有限公司召回部分捷阳牌JY-088Z（瓷白银）电动晾衣机 生产者：江苏捷阳科技集团股份有限公司 产品：智能电动晾衣机 品牌 捷阳 型号规格：JY-088Z（瓷白银） 存在的缺陷：电源连接和外部软线项目不符合GB 4706.1-2005《家用和类似用途电器的 安 全 第1部分：通用要求》。 可能导致的后果：可能引发触电及火灾的危险，存在安全隐患。 召回措施：在 江苏捷阳科技集团股份有限公司 厂门口及各销售门店发布召回公告，敬 请 消费者立即停止使用召回范围内的产品，并联系生产者或各销售门店免 费更 换全新的符合要求的电源线，以消除安全隐患。消费者因本次召回所 产生的 邮寄等相关费用均由江苏捷阳科技集团股份有限公司承担。 来源：https://www.samrdprc.org.cn/xfpzh/xfpzhgg/202506/t20250619_113652.html,high,FAIL,battery_safety_concern
CN-RECALL-20250619-113646,train,charger,电源适配器,福建鹏腾电子科技有限公司召回部分鹏腾牌电源适配器,鹏腾,PT41-1200500,,20240315001,false,false,,unknown,,unknown,unknown,国家市场监督管理总局缺陷产品召回技术中心,fail,false,false,,false,,中国缺陷产品召回公告 2025-06-06。 标题：福建鹏腾电子科技有限公司召回部分鹏腾牌电源适配器 生产者：福建鹏腾电子科技有限公司 产品：电源适配器 品牌：鹏腾 型号规格：PT41-1200500 涉及数量：60 个 存在的缺陷：抗电强度试验不符合标准 GB 4943.1-2022 要求 可能导致的后果：可能导致触电，存在一定安全隐患。 召回措施：为消费者提供免费退换货服务 来源：https://www.samrdprc.org.cn/xfpzh/xfpzhgg/202506/t20250619_113646.html,high,FAIL,missing_ccc_information|battery_safety_concern
CN-RECALL-20250606-113609,val,accessory,吸拖一体吸尘器（无线智能洗地机） 品牌 oley,苏州菠萝电器制造有限公司召回部分oley牌吸拖一体吸尘器（无线智能洗地机）,,X4A,,20240517批、20240522批、20240603批、20240613批、 20240628批、20240725批、20240807批,false,false,,unknown,,unknown,unknown,国家市场监督管理总局缺陷产品召回技术中心,fail,,false,,false,,中国缺陷产品召回公告 2025-06-05。 标题：苏州菠萝电器制造有限公司召回部分oley牌吸拖一体吸尘器（无线智能洗地机） 生产者：苏州菠萝电器制造有限公司 产品：吸拖一体吸尘器（无线智能洗地机） 品牌 oley 型号规格：X4A 存在的缺陷：电源连接和外部软线项目不符合GB 4706.7-2014、GB 4706.1-2005标准 要求。 可能导致的后果：可能危及人身和财产安全。 召回措施：苏州菠萝电器制造有限公司将在公司网站首页发布召回信息，敬请消费 者立即 停止使用召回范围内的产品，并联系苏州菠萝电器制造有限公司 进行免费更换 电源适配器，以消除安全隐患。消费者因本次召回所产生 的邮寄等相关费用均 由苏州菠萝电器制造有限公司承担。 来源：https://www.samrdprc.org.cn/xfpzh/xfpzhgg/202506/t20250606_113609.html,high,FAIL,
CN-RECALL-20250606-113608,val,accessory,吹风机 品牌 oley,苏州菠萝电器制造有限公司召回oley牌H3B吹风机,,H3B,,20230511,false,false,,unknown,,unknown,unknown,国家市场监督管理总局缺陷产品召回技术中心,fail,,false,,false,,中国缺陷产品召回公告 2025-06-05。 标题：苏州菠萝电器制造有限公司召回oley牌H3B吹风机 生产者：苏州菠萝电器制造有限公司 产品：吹风机 品牌 oley 型号规格：H3B 存在的缺陷：输入功率和电流项目不符合GB4706.1-2005、GB4706.15-2008标准要求。 可能导致的后果：可能危及人身和财产安全。 召回措施：苏州菠萝电器制造有限公司将在公司网站首页发布召回信息，敬请消费者 立即停止使用召回范围内的产品，并联系苏州菠萝电器制造有限公司进行 退货、退款，以消除安全隐患。消费者因本次召回所产生的邮寄等相关费 用均由苏州菠萝电器制造有限公司承担。 来源：https://www.samrdprc.org.cn/xfpzh/xfpzhgg/202506/t20250606_113608.html,high,FAIL,
CN-RECALL-20250531-113573,test,accessory,食物垃圾处理器 品牌 CHUNHUA春花,邦辰环保科技(苏州)有限公司召回CHUNHUA春花牌食物垃圾处理器,,CWD-D65A2 电压：220V 频率：50HZ 功率：650W,,2019年08月05日,false,false,,unknown,,unknown,unknown,国家市场监督管理总局缺陷产品召回技术中心,fail,false,false,,false,,中国缺陷产品召回公告 2025-05-30。 标题：邦辰环保科技(苏州)有限公司召回CHUNHUA春花牌食物垃圾处理器 生产者：邦辰环保科技(苏州)有限公司 产品：食物垃圾处理器 品牌 CHUNHUA春花 型号规格：CWD-D65A2 电压：220V 频率：50HZ 功率：650W 存在的缺陷：对触及带电部件的防护和结构项目不符合GB 4706.1-2005 、 GB 4706.49-2008标准要求。 可能导致的后果：可能危及人身财产安全。 召回措施：邦辰环保科技（苏州）有限公司将在销售商网店发布召回信息，敬 请消费者立即停止使用召回范围内的产品，并联系邦辰环保科技 （苏州）有限公司进行退货、退款，以消除安全隐患。消费者因本 次召回所产生的邮寄等相关费用均由邦辰环保科技（苏州）有限公 司承担。 来源：https://www.samrdprc.org.cn/xfpzh/xfpzhgg/202505/t20250531_113573.html,high,FAIL,battery_safety_concern
CN-RECALL-20250521-113530,train,accessory,新款 48W 光疗灯,佛山市南海区晶辉电子有限公司召回部分凯莉凯沙牌新款48W光疗灯,凯莉凯莎,A161,,3 批 次,false,false,,unknown,,unknown,unknown,国家市场监督管理总局缺陷产品召回技术中心,fail,false,false,,false,,中国缺陷产品召回公告 2025-05-19。 标题：佛山市南海区晶辉电子有限公司召回部分凯莉凯沙牌新款48W光疗灯 生产者：佛山市南海区晶辉电子科技有限公司 产品：新款 48W 光疗灯 品牌：凯莉凯莎 型号规格：A161 涉及数量：5 00 台 存在的缺陷：产品存在产品结构、对触及带电部件的防护、电气间隙、固体绝缘、 耐热、耐燃项目不符合 GB 4706.1-2005 标准要求。 可能导致的后果：可能引起触电和起火的危险，存在安全隐患。 召回措施：通知销售商立即停止销售缺陷产品，并在公司及销售商店铺发布召回公 告，告知消费者具体召回事宜，为购买到缺陷产品的消费者免费更换或 退货处理。 来源：https://www.samrdprc.org.cn/xfpzh/xfpzhgg/202505/t20250521_113530.html,high,FAIL,battery_safety_concern
CN-RECALL-20250514-113494,train,accessory,领驰豪光疗灯 M13 红光美甲光疗机 Sun 19Z 手枕美甲灯,东莞市领驰豪智能科技有限公司召回部分美甲光疗灯,领驰豪光疗灯 ：恩妮诗 ANNIES M13 红光美甲光疗机 ： 无 Sun 19Z 手枕美甲灯 ：无,领驰豪光疗灯 ：恩妮诗 ANNIES M13 红光美甲光疗机 ： M13 Sun 19Z 手枕美甲灯 ： Sun 19Z,,\,false,false,,unknown,,unknown,unknown,国家市场监督管理总局缺陷产品召回技术中心,fail,false,false,,false,,中国缺陷产品召回公告 2025-04-27。 标题：东莞市领驰豪智能科技有限公司召回部分美甲光疗灯 生产者：东莞市领驰豪智能科技有限公司 产品：领驰豪光疗灯 M13 红光美甲光疗机 Sun 19Z 手枕美甲灯 品牌：领驰豪光疗灯 ：恩妮诗 ANNIES M13 红光美甲光疗机 ： 无 Sun 19Z 手枕美甲灯 ：无 型号规格：领驰豪光疗灯 ：恩妮诗 ANNIES M13 红光美甲光疗机 ： M13 Sun 19Z 手枕美甲灯 ： Sun 19Z 涉及数量：领驰豪光疗灯 ： 222 台 M13 红光美甲光疗机 ： 35 台 Sun 19Z 手枕美甲灯 ： 360 台 存在的缺陷：使用没有过安全认证 的 非标适配器 。 产品对触及带电部件的防护、 工作温度下的泄漏电流和电气强度、泄漏电流和电气强度以及电 气间隙、爬电距离和固体绝缘等不符合 GB 4706.1-2005 要求，存 在漏电安全风险。 可能导致的后果：存在漏电安全风险。 召回措施：立即停止销售缺陷产品，并在 电商平台 发布召回公告 ， 告知消 费者具体召回事宜，为购买到缺陷产品的消费者免费 更换合格 电源适配器 。 来源：https://www.samrdprc.org.cn/xfpzh/xfpzhgg/202505/t20250514_113494.html,high,FAIL,missing_ccc_information|battery_safety_concern
CN-RECALL-20250430-113435,train,accessory,电动玩具 / 拼装 玩具,汕头市澄海区新阳玩具厂召回部分酷新阳光牌电动/拼装玩具,酷新阳光,NO . 402,,XY-202103-02,false,false,,unknown,,unknown,unknown,国家市场监督管理总局缺陷产品召回技术中心,fail,false,false,,false,,中国缺陷产品召回公告 2025-04-25。 标题：汕头市澄海区新阳玩具厂召回部分酷新阳光牌电动/拼装玩具 生产者：汕头市澄海区新阳玩具厂 产品：电动玩具 / 拼装 玩具 品牌：酷新阳光 型号规格：NO . 402 涉及数量：72 套 存在的缺陷：玩具其它可触及部件温升 过高 ， 玩具 容易 过热 。 可能导致的后果：可能 对儿童造成灼伤皮肤的危险，严重的还 可能 会 发生 电池电解液泄漏， 电池燃烧等危险情况 。 召回措施：1. 联系销售商立即停止销售并下架该产品，对库存产品进行退货； 2. 在我司门口及销售商实体店铺贴布召回公告 ，保存发布公告图片和截 图； 3. 联系消费者告知召回事宜，接受消费者咨询，为消费者提供免费更换 / 退货等服务。 来源：https://www.samrdprc.org.cn/xfpzh/xfpzhgg/202504/t20250430_113435.html,high,FAIL,battery_safety_concern
CN-RECALL-20250424-113389,train,accessory,米亚电动自行车,佛山市众行天下电子商务有限公司召回部分众行牌米亚电动自行车,众行,TDT02Z,,2021.4.30/一批次,false,false,,unknown,,unknown,unknown,国家市场监督管理总局缺陷产品召回技术中心,fail,false,false,,false,,中国缺陷产品召回公告 2025-04-21。 标题：佛山市众行天下电子商务有限公司召回部分众行牌米亚电动自行车 生产者：佛山市众行天下电子商务有限公司 产品：米亚电动自行车 品牌：众行 型号规格：TDT02Z 涉及数量：5 台 存在的缺陷：产品 短路保护装置 、 蓄电池防篡改项目不符合 GB 17761-2018 标准要求 ， 无 法起到保护线路的作用。 可能导致的后果：可能会引起蓄电池过充，造成电池过热、起火甚至爆炸事故 ，存在安全 隐 患 。 召回措施：通知销售商立即停止销售缺陷产品，并在公司及销售商实体店铺发布召 回 公告 ， 电话联系消费者， 告知消费者具体召回事宜，为购买到缺陷产 品的 消费者免费修理处理。 来源：https://www.samrdprc.org.cn/xfpzh/xfpzhgg/202504/t20250424_113389.html,high,FAIL,battery_safety_concern
CN-RECALL-20250424-113387,train,charger,一位单控二三极插座、二三极插座,广东梅一兰电气有限公司召回部分Meil Gdele牌一位单控二三极插座、二三极插座,Meil Gdele,一位单控二三极插座：MK11C05L 10A250V 二三极插座：MC05L 10A250V,,一位单控二三极插座 ： 2021.7.12 、 20212.11.3 二三极插座 ： 2021.8.17 、 2021.12.1 共 4 批,false,false,,unknown,,unknown,unknown,国家市场监督管理总局缺陷产品召回技术中心,fail,false,false,,false,,中国缺陷产品召回公告 2025-04-21。 标题：广东梅一兰电气有限公司召回部分Meil Gdele牌一位单控二三极插座、二三极插座 生产者：广东梅一兰电气有限公司 产品：一位单控二三极插座、二三极插座 品牌：Meil Gdele 型号规格：一位单控二三极插座：MK11C05L 10A250V 二三极插座：MC05L 10A250V 涉及数量：一位单控二三极插座：700个 二三极插座 ： 600 个 共 1300 个 存在的缺陷：产品 不可接触规可触及带电部件，试验针插入插孔可触及带电部件 。 可能导致的后果：可能会对使用者产生触电危险。 召回措施：通知 销售商立即停止销售缺陷产品， 发布 召回公告，告知消费者具体召 回事宜，为购买到缺陷产品的消费者免费更换 或 退货处理。 来源：https://www.samrdprc.org.cn/xfpzh/xfpzhgg/202504/t20250424_113387.html,high,FAIL,missing_ccc_information|battery_safety_concern
CN-RECALL-20250424-113386,train,accessory,导轨射灯、LED筒灯、LED T5支架,佛山市南海区东南灯饰照明有限公司召回部分东南牌导轨射灯、LED筒灯、LED T5支架,东南牌,导轨射灯：DNDG-2503-COB25W LED筒灯：DN-CHLED-TD-0504-1 5W LED T5支架：LEDT5A 4W,,导轨射灯：DN20210405 LED筒灯：DN20210315 LED T5支架：DN20210406,false,false,,unknown,,unknown,unknown,国家市场监督管理总局缺陷产品召回技术中心,fail,false,false,,false,,中国缺陷产品召回公告 2025-04-21。 标题：佛山市南海区东南灯饰照明有限公司召回部分东南牌导轨射灯、LED筒灯、LED T5支架 生产者：佛山市南海区东南灯饰照明有限公司 产品：导轨射灯、LED筒灯、LED T5支架 品牌：东南牌 型号规格：导轨射灯：DNDG-2503-COB25W LED筒灯：DN-CHLED-TD-0504-1 5W LED T5支架：LEDT5A 4W 涉及数量：导轨射灯：320 LED筒灯：900 LED T5支架：5 共计1225只 存在的缺陷：基本绝缘部件接触可触及金属部件，带电部件和可触及部件之间绝缘强 度不够 。 可能导致的后果：可能引发触电危险。 召回措施：通知 销售商立即停止销售缺陷产品，并在公司官网及销售商 发布 召回公 告，告知消费者具体召回事宜，为购买到缺陷产品的消费者免费退货处 理 。 来源：https://www.samrdprc.org.cn/xfpzh/xfpzhgg/202504/t20250424_113386.html,high,FAIL,battery_safety_concern
CN-RECALL-20250423-113381,train,accessory,广东岩羊照明有限公司召回部分卡迪之光品牌嵌入式LED灯具,广东岩羊照明有限公司召回部分卡迪之光品牌嵌入式LED灯具,,,,,false,false,,unknown,,unknown,unknown,国家市场监督管理总局缺陷产品召回技术中心,fail,,false,,false,,中国缺陷产品召回公告 2025-03-14。 标题：广东岩羊照明有限公司召回部分卡迪之光品牌嵌入式LED灯具 产品：广东岩羊照明有限公司召回部分卡迪之光品牌嵌入式LED灯具 来源：https://www.samrdprc.org.cn/xfpzh/xfpzhgg/202504/t20250423_113381.html,high,FAIL,
CN-RECALL-20250423-113375,val,mobile_phone,TD-LTE 数字移动电话机,福建以晴科技集团有限公司召回部分以晴牌TD-LTE数字移动电话机,以晴,E32 威霆 4G,,YQ240305-01,false,false,50,unknown,,unknown,unknown,国家市场监督管理总局缺陷产品召回技术中心,fail,false,false,,false,,中国缺陷产品召回公告 2025-04-18。 标题：福建以晴科技集团有限公司召回部分以晴牌TD-LTE数字移动电话机 生产者：福建以晴科技集团有限公司 产品：TD-LTE 数字移动电话机 品牌：以晴 型号规格：E32 威霆 4G 涉及数量：30 台 存在的缺陷：配送的电源适配器直接插入电网电源输出插座的设备不符合 GB 4943.1-2022 标准要求； 30M 赫兹 -1G 赫兹、电源端口传导 连续 骚 扰存在缺陷 。 可能导致的后果：可能引起触电的危险，存在一定安全隐患。 召回措施：为消费者免费更换合格 电源适配器 来源：https://www.samrdprc.org.cn/xfpzh/xfpzhgg/202504/t20250423_113375.html,high,FAIL,battery_safety_concern
CN-RECALL-20250423-113374,val,mobile_phone,TD-LTE 数字移动电话机,福建以晴科技集团有限公司召回部分以晴牌TD-LTE数字移动电话机,以晴,SUN008 皇冠 4G,,YQ231225-01,false,false,50,unknown,,unknown,unknown,国家市场监督管理总局缺陷产品召回技术中心,fail,false,false,,false,,中国缺陷产品召回公告 2025-04-18。 标题：福建以晴科技集团有限公司召回部分以晴牌TD-LTE数字移动电话机 生产者：福建以晴科技集团有限公司 产品：TD-LTE 数字移动电话机 品牌：以晴 型号规格：SUN008 皇冠 4G 涉及数量：30 台 存在的缺陷：配送的电源适配器电气间隙、爬电距离、直接插入电网电源输出 插 座的设备、抗电强度试验不符合 GB 4943.1-2022 标准要求。 可能导致的后果：可能引起触电的危险，存在一定安全隐患。 召回措施：为消费者免费更换合格 电源适配器 来源：https://www.samrdprc.org.cn/xfpzh/xfpzhgg/202504/t20250423_113374.html,high,FAIL,battery_safety_concern
CN-RECALL-20250420-113354,test,accessory,落地扇 FS-45A 60W,佛山市富彩电器有限公司召回部分小行星牌落地扇,小行星,FS-45A 60W 450mm,,2022.4.2/ 一批次,false,false,,unknown,,unknown,unknown,国家市场监督管理总局缺陷产品召回技术中心,fail,false,false,,false,,中国缺陷产品召回公告 2025-04-11。 标题：佛山市富彩电器有限公司召回部分小行星牌落地扇 生产者：佛山市富彩电器有限公司 产品：落地扇 FS-45A 60W 品牌：小行星 型号规格：FS-45A 60W 450mm 涉及数量：10 台 存在的缺陷：产品防护罩强度、电源线规格、内部布线、带电部件和易触及部件之间 爬电距离和电气间隙 项目 不符合 GB 4706.1-2005 、 GB 4706.27-2008 标 准规定。 可能导致的后果：可能引起 机械伤害 和 触电 的危险，存在安全隐患。 召回措施：通知销售商立即停止销售缺陷产品，并在公司及销售商联系得平台商发 布找回公告。告知消费者具体召回事宜。 为购买到缺陷产品的消费者 免 费退货处理。 来源：https://www.samrdprc.org.cn/xfpzh/xfpzhgg/202504/t20250420_113354.html,high,FAIL,battery_safety_concern
CN-RECALL-20250420-113353,train,accessory,落地扇,佛山市南海三龙家用电器厂召回部分远正王牌落地扇,远正王,FS-40 400mm60W 220V – 50Hz,,20220412 / 一批次,false,false,,unknown,,unknown,unknown,国家市场监督管理总局缺陷产品召回技术中心,fail,false,false,,false,,中国缺陷产品召回公告 2025-04-11。 标题：佛山市南海三龙家用电器厂召回部分远正王牌落地扇 生产者：佛山市南海三龙家用电器厂 产品：落地扇 品牌：远正王 型号规格：FS-40 400mm60W 220V – 50Hz 涉及数量：18 台 存在的缺陷：产品 防护罩强度 、 电源线规格不符合 GB 4706.1-2005 、 GB 4706.27-2008 标准规定 。 可能导致的后果：可能引起 机械伤害 和 触电 的危险，存在安全隐患。 召回措施：通知销售商立即停止销售缺陷产品，并在公司及销售商实体店铺发布召 回公告 ， 告知消费者具体召回事宜，为购买到缺陷产品的消费者免费更 换或退货处理。 来源：https://www.samrdprc.org.cn/xfpzh/xfpzhgg/202504/t20250420_113353.html,high,FAIL,battery_safety_concern
CN-RECALL-20250420-113352,train,accessory,工业强力电风扇,佛山市顺德区乐进电器有限公司召回部分珠江粤强牌工业强力电风扇,珠江粤强,FS-35,,20220503 / 一批次,false,false,,unknown,,unknown,unknown,国家市场监督管理总局缺陷产品召回技术中心,fail,false,false,,false,,中国缺陷产品召回公告 2025-04-11。 标题：佛山市顺德区乐进电器有限公司召回部分珠江粤强牌工业强力电风扇 生产者：佛山市顺德区乐进电器有限公司 产品：工业强力电风扇 品牌：珠江粤强 型号规格：FS-35 涉及数量：3 台 存在的缺陷：产品防护罩强度、接地端子无防松措施、电源线规格项目不符合 GB 4706.1-2005和GB 4706.27-2008标准规定。 可能导致的后果：可能造成机械伤害 和 触电风险 ，存在安全隐患 。 召回措施：通知 销售商立即停止销售缺陷产品， 电话 告知消费者具体召回事宜，为 购 买到缺陷产品的消费者免费更换 或 退货处理。 来源：https://www.samrdprc.org.cn/xfpzh/xfpzhgg/202504/t20250420_113352.html,high,FAIL,battery_safety_concern
CN-RECALL-20250420-113351,train,accessory,三防吸顶灯 LED 轨道灯 防眩筒灯,广东顺德路易华登光电科技有限公司召回部分路易华登牌三防吸顶灯、LED轨道灯和防眩筒灯,路易华登,三防吸顶灯：LW-XD-25 25W LED轨道灯：LW-GLY030T 30W 防眩筒灯：LW-GB250 6W,,三防吸顶灯： 2021-05/ 一批次 LED 轨道灯： 2021-12/ 一批次 防眩筒灯： 2021-12/ 一批次,false,false,,unknown,,unknown,unknown,国家市场监督管理总局缺陷产品召回技术中心,fail,false,false,,false,,中国缺陷产品召回公告 2025-04-11。 标题：广东顺德路易华登光电科技有限公司召回部分路易华登牌三防吸顶灯、LED轨道灯和防眩筒灯 生产者：广东顺德路易华登光电科技有限公司 产品：三防吸顶灯 LED 轨道灯 防眩筒灯 品牌：路易华登 型号规格：三防吸顶灯：LW-XD-25 25W LED轨道灯：LW-GLY030T 30W 防眩筒灯：LW-GB250 6W 涉及数量：三防吸顶灯：100只 LED轨道灯：40只 防眩筒灯：120只 共260只 存在的缺陷：产品无 安全警示标识 、带电部件可触及、不同极性带电部件之间的距离 不够、绝缘 项目 不符合 GB 7000.1-2015 、 GB 7000.202-2008 标准 要求 。 可能导致的后果：可能引发触电危险，存在安全隐患。 召回措施：通知销售商立即停止销售缺陷产品，并在公司及销售商实体店铺发布召 回公告，告知消费者具体召回事宜，为购买到缺陷产品的消费者免费更 换或退货处理。 来源：https://www.samrdprc.org.cn/xfpzh/xfpzhgg/202504/t20250420_113351.html,high,FAIL,battery_safety_concern
CN-RECALL-20250420-113350,train,accessory,钻石系列导轨灯,佛山市品众光电科技有限公司召回部分品众光电牌钻石系列导轨灯,品众光电,PZ-CDG0 2 24W,,202008/ 一批次,false,false,,unknown,,unknown,unknown,国家市场监督管理总局缺陷产品召回技术中心,fail,false,false,,false,,中国缺陷产品召回公告 2025-04-11。 标题：佛山市品众光电科技有限公司召回部分品众光电牌钻石系列导轨灯 生产者：佛山市品众光电科技有限公司 产品：钻石系列导轨灯 品牌：品众光电 型号规格：PZ-CDG0 2 24W 涉及数量：15 个 存在的缺陷：基本绝缘部件可触及金属部件 、 带电部件和可触及部件之间绝缘强度不 够。 可能导致的后果：引起触电的危险。 召回措施：通知销售商立即停止销售缺陷产品，并在销售商 实体店铺 发布召回公告 ， 告知消费者具体召回事宜，为购买到缺陷产品的消费者免费退货处理。 来源：https://www.samrdprc.org.cn/xfpzh/xfpzhgg/202504/t20250420_113350.html,high,FAIL,battery_safety_concern
CN-RECALL-20250420-113349,train,accessory,嵌入式灯具,佛山市帅起卡尔科技照明有限公司召回部分卡尔牌嵌入式灯具,卡尔,型号 KA-I75 / 12 W 型号 KA- 903-30 / 13 W,,型号 KA-I75 ： 2022-0 2 型号 KA- 903-30 ： 2022-0 5,false,false,,unknown,,unknown,unknown,国家市场监督管理总局缺陷产品召回技术中心,fail,false,false,,false,,中国缺陷产品召回公告 2025-04-11。 标题：佛山市帅起卡尔科技照明有限公司召回部分卡尔牌嵌入式灯具 生产者：佛山市帅起卡尔科技照明有限公司 产品：嵌入式灯具 品牌：卡尔 型号规格：型号 KA-I75 / 12 W 型号 KA- 903-30 / 13 W 涉及数量：型号 KA-I75 ： 3 个 型号 KA- 903-30 ： 8 个， 共 11 个 存在的缺陷：LV 电源和 SELV 电路之间不符合电气强度试验要求 、 带电部件和可触及部 件 之间绝缘强度不够 。 可能导致的后果：可能引发触电危险 ， 存在安全隐患。 召回措施：通知 销售商立即停止销售缺陷产品，并在销售商实体店 铺发布 召回公告 ， 告知消费者具体召回事宜，为购买到缺陷产品的消费者免费更换 或 退货 处理。 来源：https://www.samrdprc.org.cn/xfpzh/xfpzhgg/202504/t20250420_113349.html,high,FAIL,battery_safety_concern
CN-RECALL-20250420-113339,train,accessory,燃气采暖热水炉,佛山市航烨热能科技有限公司召回部分WILTMAN牌燃气采暖热水炉,WILTMAN,L1PB28-T,,2022072601/ 一批次,false,false,,unknown,,unknown,unknown,国家市场监督管理总局缺陷产品召回技术中心,fail,false,false,,false,,"中国缺陷产品召回公告 2025-04-11。 标题：佛山市航烨热能科技有限公司召回部分WILTMAN牌燃气采暖热水炉 生产者：佛山市航烨热能科技有限公司 产品：燃气采暖热水炉 品牌：WILTMAN 型号规格：L1PB28-T 涉及数量：1 个 存在的缺陷：产品过热保护装置或控制电路板失效时，过热保护装置动作，未能产生 非易失锁定。 可能导致的后果：可能会损坏燃气采暖热水炉 , 同时水温过高容易造成人员烫伤，存在安全 隐患。 。 召回措施：通知销售商停止销售缺陷产品，并在公司官网发布召回公告及通过销售 商销售店铺张贴召回公告，告知消费者具体召回事宜，为购买到缺陷产 品的消费者免费退货处理。 来源：https://www.samrdprc.org.cn/xfpzh/xfpzhgg/202504/t20250420_113339.html",high,FAIL,battery_safety_concern
CN-RECALL-20250414-113280,train,accessory,电动自行车 品牌 邦德富士达,邦德渤海电动科技(常州）有限公司召回部分邦德富士达牌电动自行车,,TDT018Z,,2023-12-07/--,false,false,,unknown,,unknown,unknown,国家市场监督管理总局缺陷产品召回技术中心,fail,false,false,,false,,中国缺陷产品召回公告 2025-04-10。 标题：邦德渤海电动科技(常州）有限公司召回部分邦德富士达牌电动自行车 生产者：邦德渤海电动科技（常州）有限公司 产品：电动自行车 品牌 邦德富士达 型号规格：TDT018Z 存在的缺陷：1.无标准要求的标识与警示语； 2.充电状态主回路保护：充电状态下，其输出端与主回路未切断，输出端 口电压 大于0V； 3.无互认协同充电功能； 4.电气装置（短路保护），充电线路实车为10A，说明书明示值为5A，短路 保护装 置电流规格大于说明书规定的规格； 5.反射器、照明和鸣号装置：前灯、后灯亮度值不符合标准要求。 可能导致的后果：1.无标准要求的标识与警示语：无当心触电图形标志，可能因消费者误触 带电部 件，导致触电事故；蓄电池系统外表面无醒目的“非专业人士禁 止 打开” 警 示语，如消费者擅自打开或操作，可能导致损坏、短路、甚至火 灾；蓄电池外表 面无必要的技术参数，可能会因误操作，导致蓄电池性能 下降、寿命缩短甚至损 坏。 2.充电状态主回路保护：充电状态下，其输出端与主回路未切断，输出端 口 电压 大于0V，可能导致触电事故；或者在充电结束后，仍处于通电状态， 使蓄电池过 充，导致电池损坏、电器老化、甚至引发电池爆炸等危险。 3、无互认协同充电功能，可能造成不同种类充电器和蓄电池混充、过充， 导致 起火、甚至火灾的风险。 4.电气装置（短路保护），充电线路实车为10A，说明书明示值为5A，短路 保护 装置电流规格大于说明书规定的规格，当导线意外短路或电负荷过大 时，电动 自行车电气线路产生异常电流，实际的短路保护装置不能达到预 期 要求，局部 导线会积聚大量热量，可能导致产品着火甚至引发火灾。 5.反射器、照明和鸣号装置：前灯、后灯亮度值不符合标准要求，消费者 夜晚 骑行时，不易观察清楚路面情况，可能导致发生交通事故、甚至人身 伤 害。 召回措施：邦德渤海电动科技（常州）有限公司将在公司厂门口和各经销商门店发布 召 回信息，敬请消费者立即停止使用召回范围内的产品，并联系生产者、 经销 商进行免费维修，以消除安全隐患。消费者因本次召回所产生的邮寄 等相关 费用均由邦德渤海电动科技（常州）有限公司承担。 来源：https://www.samrdprc.org.cn/xfpzh/xfpzhgg/202504/t20250414_113280.html,high,FAIL,battery_safety_concern
CN-RECALL-20250411-113271,val,accessory,电热毛巾杆 品牌 潜水艇,柏瑞润兴（北京）科技发展有限公司主动召回部分型号潜水艇牌电热毛巾杆,,DB6030,,2020.12.29,false,false,,unknown,,unknown,unknown,国家市场监督管理总局缺陷产品召回技术中心,fail,,false,,false,,中国缺陷产品召回公告 2025-04-08。 标题：柏瑞润兴（北京）科技发展有限公司主动召回部分型号潜水艇牌电热毛巾杆 生产者：柏瑞润兴（北京）科技发展有限公司 产品：电热毛巾杆 品牌 潜水艇 型号规格：DB6030 涉及数量：5台 存在的缺陷：未按 GB 4706.60-2008 标准要求 警示加热架最低安装位置 可能导致的后果：加热架安装过低可能会对婴儿造成伤害 召回措施：1.在公司官网 发布召回公告； 2.联系经销商停止销售该产品，并将剩余产品退回； 3.通过电话等形式联系消费者进行退、换货（公司全额退款并承担消费者因 消费品被召回而支出的必要费用）； 4.对缺陷产品补充符合标准要求的标识。 来源：https://www.samrdprc.org.cn/xfpzh/xfpzhgg/202504/t20250411_113271.html,high,FAIL,
CN-RECALL-20250411-113270,val,accessory,空气炸锅 品牌 Only&Home,北京胜信天航科技有限公司主动召回部分型号Only&Home牌空气炸锅,,KL-KZG01 800W 220V～50Hz,,2023年6月26日,false,false,,unknown,,unknown,unknown,国家市场监督管理总局缺陷产品召回技术中心,fail,false,false,,false,,中国缺陷产品召回公告 2025-04-08。 标题：北京胜信天航科技有限公司主动召回部分型号Only&Home牌空气炸锅 生产者：北京胜信天航科技有限公司 产品：空气炸锅 品牌 Only&Home 型号规格：KL-KZG01 800W 220V～50Hz 涉及数量：51台 存在的缺陷：结构、内部布线、接地措施项目不符合 GB 4706.1-2005、GB 4706.14-2008 标准要求 可能导致的后果：触电、起火 召回措施：1.在线下销售门店发布召回公告； 2.联系经销商停止销售该产品，并将剩余产品退回； 3.通过电话等形式联系消费者进行退货（公司全额退款并承担消费者因消费 品被召回而支出的必要费用）； 4.将缺陷产品进行销毁处理。 来源：https://www.samrdprc.org.cn/xfpzh/xfpzhgg/202504/t20250411_113270.html,high,FAIL,battery_safety_concern
CN-RECALL-20250403-113217,test,accessory,食具消毒柜,广东科荣电器有限公司召回部分科荣牌食具消毒柜,KRON 科荣,DS78 220V 50Hz 500W,,20201110/ 一批次,false,false,,unknown,,unknown,unknown,国家市场监督管理总局缺陷产品召回技术中心,fail,false,false,,false,,中国缺陷产品召回公告 2025-03-28。 标题：广东科荣电器有限公司召回部分科荣牌食具消毒柜 生产者：广东科荣电器有限公司 产品：食具消毒柜 品牌：KRON 科荣 型号规格：DS78 220V 50Hz 500W 涉及数量：31 台 存在的缺陷：软线固定装置不可靠。 可能导致的后果：电源软线可能出现损坏，容易引起触电、起火的风险。 召回措施：通知销售商立即停止销售缺陷产品，并在公司及销售商实体店铺发布召 回 公告，告知消费者具体召回事宜，为购买到缺陷产品的消费者免费维 修处 理。 来源：https://www.samrdprc.org.cn/xfpzh/xfpzhgg/202504/t20250403_113217.html,high,FAIL,battery_safety_concern
CN-RECALL-20250403-113216,train,accessory,嵌入式 洗碗机,广东康宝电器股份有限公司召回部分康宝牌嵌入式洗碗机,康宝,XWJ8-QC4,,2021-3-28/一批次,false,false,,unknown,,unknown,unknown,国家市场监督管理总局缺陷产品召回技术中心,fail,,false,,false,,中国缺陷产品召回公告 2025-03-28。 标题：广东康宝电器股份有限公司召回部分康宝牌嵌入式洗碗机 生产者：广东康宝电器股份有限公司 产品：嵌入式 洗碗机 品牌：康宝 型号规格：XWJ8-QC4 涉及数量：231 台 存在的缺陷：本批次部分呼吸器防虹吸吸气道焊接时，个别焊接熔胶掉入虹吸气道， 导致 防虹吸道进气量偏小，进水通道未达到完整防虹吸效果 ， 不符合 GB 4706.1-2005 、 GB 4706.25-2008 标准第 22.48 条的要求。 可能导致的后果：在外部供水系统完全停止供水状态下， 可能导致非饮用水进入水源， 存 在安 全隐患 。 召回措施：通知销售商停止销售缺陷产品，并在公司官网发布召回公告及通过销 售 商 销售店铺张贴召回公告，告知消费者具体召回事宜，为购买到缺 陷产 品的 消费者免费退货或免费维修处理。 来源：https://www.samrdprc.org.cn/xfpzh/xfpzhgg/202504/t20250403_113216.html,high,FAIL,
CN-RECALL-20250403-113215,train,accessory,电磁炉,佛山市顺德区阳菱电器有限公司召回部分PGSOKCE牌电磁炉,PGSOKCE,YL-20A,,202012 0 5 / 一批次,false,false,,unknown,,unknown,unknown,国家市场监督管理总局缺陷产品召回技术中心,fail,false,false,,false,,中国缺陷产品召回公告 2025-03-28。 标题：佛山市顺德区阳菱电器有限公司召回部分PGSOKCE牌电磁炉 生产者：佛山市顺德区阳菱电器有限公司 产品：电磁炉 品牌：PGSOKCE 型号规格：YL-20A 涉及数量：4 台 存在的缺陷：产品在非正常试验期间，器具出现油温超过GB 4706.29-2008标准要求。 可能导致的后果：可能引起起火风险，存在安全隐患。 召回措施：通知销售商立即停止销售缺陷产品，并在公司及销售商实体店铺发布召 回公告，告知消费者具体召回事宜，为购买到缺陷产品的消费者免费更 换处理。 来源：https://www.samrdprc.org.cn/xfpzh/xfpzhgg/202504/t20250403_113215.html,high,FAIL,battery_safety_concern
CN-RECALL-20250403-113214,train,accessory,电磁炉,广东顺德意菱电器有限公司召回部分万利达牌电磁炉,万利达,YL-22A,,20211023 / 一批次,false,false,,unknown,,unknown,unknown,国家市场监督管理总局缺陷产品召回技术中心,fail,false,false,,false,,中国缺陷产品召回公告 2025-03-28。 标题：广东顺德意菱电器有限公司召回部分万利达牌电磁炉 生产者：广东顺德意菱电器有限公司 产品：电磁炉 品牌：万利达 型号规格：YL-22A 涉及数量：8 台 存在的缺陷：在非正常试验期间，器具出现油温超过标准限值不符合 GB 4706.29-2008标准要求。 可能导致的后果：可能引起起火风险。 召回措施：通知销售商立即停止销售缺陷产品，并在公司及销 售商实体店铺发布 召 回公告 ， 告知消费者具体召回事宜，为购买到缺陷产品的消费者免 费更换处理。 来源：https://www.samrdprc.org.cn/xfpzh/xfpzhgg/202504/t20250403_113214.html,high,FAIL,battery_safety_concern
CN-RECALL-20250403-113213,train,accessory,吸油烟机,广东村田智能科技公司召回部分村田牌吸油烟机,村田,CXW-280-DJHE01,,1 个批次,false,false,,unknown,,unknown,unknown,国家市场监督管理总局缺陷产品召回技术中心,fail,false,false,,false,,中国缺陷产品召回公告 2025-03-28。 标题：广东村田智能科技公司召回部分村田牌吸油烟机 生产者：广东村田智能科技有限公司 产品：吸油烟机 品牌：村田 型号规格：CXW-280-DJHE01 涉及数量：60 台 存在的缺陷：产品对触及带电部件的防护、机械强度、器具防掀翻装置、结构项目不 符合 GB 4706.1-2005 、 GB 4706.28-2008 标准要求。 可能导致的后果：可能引起触电 的危险 。 召回措施：通知销售商立即停止销售缺陷产品，并在公司及销售商实体店铺发布召 回 公告，告知消费者具体召回事宜，为购买到缺陷产品的消费者免费退 货处 理。 来源：https://www.samrdprc.org.cn/xfpzh/xfpzhgg/202504/t20250403_113213.html,high,FAIL,battery_safety_concern
CN-RECALL-20250403-113212,train,accessory,铂金 3 寸筒灯,佛山市品众光电科技有限公司召回部分品众光电牌铂金3寸筒灯,品众光电,PZ-LTD0307 /220-240V 50/60Hz 7W,,202005 / 一批次,false,false,,unknown,,unknown,unknown,国家市场监督管理总局缺陷产品召回技术中心,fail,false,false,,false,,中国缺陷产品召回公告 2025-03-28。 标题：佛山市品众光电科技有限公司召回部分品众光电牌铂金3寸筒灯 生产者：佛山市品众光电科技有限公司 产品：铂金 3 寸筒灯 品牌：品众光电 型号规格：PZ-LTD0307 /220-240V 50/60Hz 7W 涉及数量：60 只 存在的缺陷：1. 灯具电线截面积不够，会使外部线没有足够的机械强度，在外部拉力 扭 力作用下，电线绝缘层容易破损引起漏电触电危险。电线内部导体容 易断 裂会使得电线的载流能力不够 . 2. 产品的绝缘措施不够，带电部件与外部的距离太小，或者绝缘层不起 绝 缘作用 ， 不符合 GB 7000.1-2015 、 GB 7000.202-2008 标准要求。 可能导致的后果：可能引起触电和起火危险。 召回措施：通知销售商立即停止销售缺陷产品，并在公司及销售商实体店铺发布召 回公告 ， 告知消费者具体召回事宜， 接受消费者咨询，为消费者提供免 费 退货 服务。 来源：https://www.samrdprc.org.cn/xfpzh/xfpzhgg/202504/t20250403_113212.html,high,FAIL,battery_safety_concern
CN-RECALL-20250403-113211,train,accessory,LED 防水染色灯,广东擎田灯光科技有限公司召回部分擎田灯光牌LED防水染色灯,擎田灯光,QT-PF14,,202202-004、202201-003、202106-005、202104-020、202104-018、 202101-012、202012-015、202008-013、202007-031、,false,false,,unknown,,unknown,unknown,国家市场监督管理总局缺陷产品召回技术中心,fail,false,false,,false,,中国缺陷产品召回公告 2025-03-28。 标题：广东擎田灯光科技有限公司召回部分擎田灯光牌LED防水染色灯 生产者：广东擎田灯光科技有限公司 产品：LED 防水染色灯 品牌：擎田灯光 型号规格：QT-PF14 涉及数量：230 台 存在的缺陷：1. 产品缺少对于为了防触电保护而盖住非用户替换光源的罩子应标“警告， 触电危险”的警示符号； 2. 非普通灯具使用聚氯乙烯绝缘的外部线 ，不 符 合 GB 7000.1-2015 、 GB 7000.217-2008 标准要求 。 可能导致的后果：可能引起触电危险。 召回措施：通知销售商立即停止销售缺陷产品，并在公司官网及销售商实体店铺发布 召回公告 ， 告知消费者具体召回事宜，为购买到缺陷产品的消费者免费补 充警示标识 和更换符合安全 要求的线材。 来源：https://www.samrdprc.org.cn/xfpzh/xfpzhgg/202504/t20250403_113211.html,high,FAIL,battery_safety_concern
CN-RECALL-20250403-113210,train,accessory,嵌入式LED灯具,佛山市新辉帅照明电器有限公司召回部分辉帅牌嵌入式LED灯具,辉帅,1.型号：HS-M3060-32A，规格：32W ，6500K 2.型号：HS-LSMD-9，规格：9W 3.型号：HS-M3030-20A，规格：25W ，6500K 4.型号：HS-L114-12,,4 批次,false,false,,unknown,,unknown,unknown,国家市场监督管理总局缺陷产品召回技术中心,fail,false,false,,false,,中国缺陷产品召回公告 2025-03-28。 标题：佛山市新辉帅照明电器有限公司召回部分辉帅牌嵌入式LED灯具 生产者：佛山市新辉帅照明电器有限公司 产品：嵌入式LED灯具 品牌：辉帅 型号规格：1.型号：HS-M3060-32A，规格：32W ，6500K 2.型号：HS-LSMD-9，规格：9W 3.型号：HS-M3030-20A，规格：25W ，6500K 4.型号：HS-L114-12T，规格：12W 涉及数量：HS- M3060-32A：30 HS- LSMD-9：50 HS-M3030-20A：35 HS-L114-12T：60 存在的缺陷：产品 结构、爬电距离和电气间隙、 外部接线、 防触电保护项目 不符合 GB 7000.1-2015 和 GB 7000.202-2008 标准要求。 可能导致的后果：可能引起触电和起火 的危险 ，存在安全隐患。 召回措施：通知销售商立即停止销售缺陷产品，并在公司及销售商实体店铺发布召 回公告 ， 告知消费者具体召回事宜，为购买到缺陷产品的消费者免费货 处理。 来源：https://www.samrdprc.org.cn/xfpzh/xfpzhgg/202504/t20250403_113210.html,high,FAIL,battery_safety_concern
CN-RECALL-20250403-113209,val,tablet,固定式 LED 灯具、 LED 平板灯、嵌入式灯具,广东顺德秋福照明科技有限公司召回部分秋福牌固定式LED灯具、LED平板灯、嵌入式灯具,秋福,1. 固定式 LED 灯具 QF38+38W ，规格： 220V～50Hz QF38+38W QF25-30W ，规格： 220V～50Hz 0.13A 2. LED 平板灯 QF-36W ，规格： ,,1.固定式LED灯具 QF38+38W：LED-A210725-01 QF25-30W：LED-A210605-04 2.LED平板灯 QF-36W：LED-A210721-02 3.嵌入式灯具 QF,false,false,50,unknown,,unknown,unknown,国家市场监督管理总局缺陷产品召回技术中心,fail,false,false,,false,,中国缺陷产品召回公告 2025-03-28。 标题：广东顺德秋福照明科技有限公司召回部分秋福牌固定式LED灯具、LED平板灯、嵌入式灯具 生产者：广东顺德秋福照明科技有限公司 产品：固定式 LED 灯具、 LED 平板灯、嵌入式灯具 品牌：秋福 型号规格：1. 固定式 LED 灯具 QF38+38W ，规格： 220V～50Hz QF38+38W QF25-30W ，规格： 220V～50Hz 0.13A 2. LED 平板灯 QF-36W ，规格： 220V～50Hz 输入电流 ：0.15A 功率因数 ：0.5 3. 嵌入式灯具 QF-7W ，规格： 220V～50Hz 7W 涉及数量：1.固定式LED灯具 QF38+38W型号，50个 QF25-30W 型号， 48 个 2. LED 平板灯 QF-36W 型号， 40 个 3. 嵌入式灯具 QF-7W 型号， 50 个 共：188件 存在的缺陷：由于产品结构、接地规定、绝缘电阻和电气强度项目不符合 GB 7000.1-2015 、 GB 7000.202-2008 标准要求 . 可能导致的后果：可能引起触电的危险，存在安全隐患。 召回措施：通知销售商立即停止销售缺陷产品，并在销售商实体店铺发布召回公告， 告知消费者具体召回事宜，为购买到缺陷产品的消费者 提供退货服务。 来源：https://www.samrdprc.org.cn/xfpzh/xfpzhgg/202504/t20250403_113209.html,high,FAIL,battery_safety_concern
CN-RECALL-20250402-113190,val,accessory,排气扇,佛山市顺德区东威电器有限公司召回部分APB-15排气扇,,APB-15,,2021.09.01一批次/,false,false,,unknown,,unknown,unknown,国家市场监督管理总局缺陷产品召回技术中心,fail,false,false,,false,,中国缺陷产品召回公告 2025-03-14。 标题：佛山市顺德区东威电器有限公司召回部分APB-15排气扇 生产者：佛山市顺德区东威电器有限公司 产品：排气扇 型号规格：APB-15 涉及数量：30 只 存在的缺陷：生产的 APB-15 型号排气扇， 对触及带电部件的防护、结构、外部导线 用接 线端子和接地措施等项目不符合 GB 4706.1-2005 、 GB 4706.27-2008 标准要 求，可能引起触电和起火的危险，存在安全隐 患。 可能导致的后果：可能引起触电风险。 召回措施：已 通知销售商立即停止销售缺陷产品，并在公司及销售商实体店铺发 布 召回公告，告知消费者具体召回事宜，为购买到缺陷产品的消费者 更换 一台全新的符合安全要求的排气扇，以消除安全隐患。 来源：https://www.samrdprc.org.cn/xfpzh/xfpzhgg/202504/t20250402_113190.html,high,FAIL,battery_safety_concern
CN-RECALL-20250402-113189,test,accessory,换气扇,佛山市吉星家电有限公司召回部分钻石牌换气扇,钻石牌,FV-15008 FV-15010,,FV-15008：20200901012 FV-15010：20210507023,false,false,,unknown,,unknown,unknown,国家市场监督管理总局缺陷产品召回技术中心,fail,false,false,,false,,中国缺陷产品召回公告 2025-03-14。 标题：佛山市吉星家电有限公司召回部分钻石牌换气扇 生产者：佛山市吉星家电有限公司 产品：换气扇 品牌：钻石牌 型号规格：FV-15008 FV-15010 涉及数量：FV-15008：150个 FV-15010：200个 共350个 存在的缺陷：换气扇：FV-15008/FV-15010产品对触及带电部件的防护、电源连接和 外部软线项目不符合GB 4706.1-2005、GB 4706.27-2008标准要求，可 能引起触电危险，存在安全隐患。 可能导致的后果：可能引起触电危险 召回措施：通知销售商立即停止销售缺陷产品，并在公司及销售商实体店铺发 布 召回公告 ， 告知消费者具体召回事宜，为购买到缺陷产品的消费者免 费 更换 处理。 来源：https://www.samrdprc.org.cn/xfpzh/xfpzhgg/202504/t20250402_113189.html,high,FAIL,battery_safety_concern
CN-RECALL-20250402-113188,train,accessory,电灭蚊拍,广东妍柔日用品有限公司召回部分妍柔牌电灭蚊拍,妍柔,YR 1W 220V,,202107 / 一批次,false,false,,unknown,,unknown,unknown,国家市场监督管理总局缺陷产品召回技术中心,fail,false,false,,false,,中国缺陷产品召回公告 2025-03-14。 标题：广东妍柔日用品有限公司召回部分妍柔牌电灭蚊拍 生产者：广东妍柔日用品有限公司 产品：电灭蚊拍 品牌：妍柔 型号规格：YR 1W 220V 涉及数量：11 个 存在的缺陷：1 ） 试验探棒能触及到带电部件（格栅），可能引起电击危险； 2 ） 断电 1s 后，产品栅格间的电压超过 34V ，可能引起电击危险 。 可能导致的后果：可能引起电击危险。 召回措施：通知 销售商立即停止销售缺陷产品，并在 销售商实体店铺发布 召回公 告， 告知消费者具体召回事宜，为购买到缺陷产品的消费者 免费退货 处理 来源：https://www.samrdprc.org.cn/xfpzh/xfpzhgg/202504/t20250402_113188.html,high,FAIL,battery_safety_concern
CN-RECALL-20250402-113187,train,accessory,绞肉机,广东名健电器科技股份有限公司召回部分名健牌MGH-090绞肉机,名健,MGH-090,,2021年10月08号批次,false,false,,unknown,,unknown,unknown,国家市场监督管理总局缺陷产品召回技术中心,fail,false,false,,false,,中国缺陷产品召回公告 2025-03-14。 标题：广东名健电器科技股份有限公司召回部分名健牌MGH-090绞肉机 生产者：广东名健电器科技股份有限公司 产品：绞肉机 品牌：名健 型号规格：MGH-090 涉及数量：21 存在的缺陷：产品外部导线用接线端子脱落后，带电部件从开孔中外露，带电部件和 易触及表面之间的爬电距离和电气间隙不符合 GB 4706.1-2005 、 GB 4706.30-2008 标淮要求。 可能导致的后果：可能导致触电危险。 召回措施：通知销售商立即停止销售缺陷产品，并在公司及销售商实体店铺发布召 回公告 ， 告知消费者具体召回事宜，为购买到缺陷产品的消费者 给予退 货退款 处理。 来源：https://www.samrdprc.org.cn/xfpzh/xfpzhgg/202504/t20250402_113187.html,high,FAIL,battery_safety_concern
CN-RECALL-20250402-113186,train,accessory,电烤炉,佛山市法诗缇科技有限公司召回部分法诗缇牌电烤炉,法诗缇,FST-50C 220V～50H z 2200W,,2021 -10-07/ 一批次,false,false,,unknown,,unknown,unknown,国家市场监督管理总局缺陷产品召回技术中心,fail,false,false,,false,,中国缺陷产品召回公告 2025-03-14。 标题：佛山市法诗缇科技有限公司召回部分法诗缇牌电烤炉 生产者：佛山市法诗缇科技有限公司 产品：电烤炉 品牌：法诗缇 型号规格：FST-50C 220V～50H z 2200W 涉及数量：30 台 存在的缺陷：产品 接地措施项目不符合 GB 4706.1-2005 、 GB 4706.14-2008 标准要求 。 可能导致的后果：可能引起电击危险。 召回措施：通知销售商立即停止销售缺陷产品，并在销售商实体店铺发布召回公告 ， 告知消费者具体召回事宜，为购买到缺陷产品的消费者 免费 退货处理 。 来源：https://www.samrdprc.org.cn/xfpzh/xfpzhgg/202504/t20250402_113186.html,high,FAIL,battery_safety_concern
CN-RECALL-20250402-113184,train,accessory,摩托车 / 电动车头盔 摩托车乘员头盔,佛山市顺德区龙江镇麦朗顺景塑料五金厂召回部分DOT牌摩托车/电动车头盔和雅迪牌摩托车乘员头盔,摩托车/电动车头盔：DOT 摩托车乘员头盔：雅迪,摩托车/电动车头盔：SJ-210 B类 摩托车/电动车头盔：SJ-210 B类,,2020-10 -15/2 批次,false,false,,unknown,,unknown,unknown,国家市场监督管理总局缺陷产品召回技术中心,fail,,false,,false,,中国缺陷产品召回公告 2025-03-14。 标题：佛山市顺德区龙江镇麦朗顺景塑料五金厂召回部分DOT牌摩托车/电动车头盔和雅迪牌摩托车乘员头盔 生产者：佛山市顺德区龙江镇麦朗顺景塑料五金厂 产品：摩托车 / 电动车头盔 摩托车乘员头盔 品牌：摩托车/电动车头盔：DOT 摩托车乘员头盔：雅迪 型号规格：摩托车/电动车头盔：SJ-210 B类 摩托车/电动车头盔：SJ-210 B类 涉及数量：摩托车/电动车头盔：30 摩托车乘员头盔：30 存在的缺陷：头盔吸收碰撞能量性能低，在交通事故中头部碰撞硬物时，无法有效吸 收 传递到摩托车乘员头部的碰撞能量。 可能导致的后果：可能造成头部伤害，存在安全隐患。 召回措施：通知销售商立即停止销售缺陷产品， 在我厂官方网站 登报 及销售商实体 店 铺发布召回公告 ， 告知消费者具体召回事宜，为购买到缺陷产品的消 费者 免费退货处理。 来源：https://www.samrdprc.org.cn/xfpzh/xfpzhgg/202504/t20250402_113184.html,high,FAIL,
CN-RECALL-20250401-113171,train,charger,蓄电池充电器 品牌 启领通,扬州市普佳元电子科技有限公司召回蓄电池充电器,,48V20Ah,,2023.6.29,false,false,,unknown,,unknown,unknown,国家市场监督管理总局缺陷产品召回技术中心,fail,false,false,,false,,中国缺陷产品召回公告 2025-03-21。 标题：扬州市普佳元电子科技有限公司召回蓄电池充电器 生产者：扬州市普佳元电子科技有限公司 产品：蓄电池充电器 品牌 启领通 型号规格：48V20Ah 存在的缺陷：充电器机械强度差，外壳受到一定外力撞击易破裂，影响对触及带电部 件 的防护。 可能导致的后果：充电器机械强度差可能会在跌落或撞击的情况下出现外壳破裂，使用者 在 充电过程中若触及带电部件，可能造成触电。 召回措施：扬州市普佳元电子科技有限公司将在当涂县小赵车行张贴公告发布召回 信 息，敬请消费者立即停止使用召回范围内的产品，并联系扬州市普佳 元电 子科技有限公司进行退货、退款，以消除安全隐患。消费者因本次 召回所 产生的邮寄等相关费用均由扬州市普佳元电子科技有限公司承担。 来源：https://www.samrdprc.org.cn/xfpzh/xfpzhgg/202504/t20250401_113171.html,high,FAIL,missing_ccc_information|battery_safety_concern
CN-RECALL-20250331-113165,train,accessory,LED筒灯 品牌 -,昆山恩都照明有限公司召回LED筒灯,,GERDT5209W-ES 9W（1×9W/LED）,,240526,false,false,,unknown,,unknown,unknown,国家市场监督管理总局缺陷产品召回技术中心,fail,false,false,,false,,中国缺陷产品召回公告 2025-03-24。 标题：昆山恩都照明有限公司召回LED筒灯 生产者：昆山恩都照明有限公司 产品：LED筒灯 品牌 - 型号规格：GERDT5209W-ES 9W（1×9W/LED） 存在的缺陷：谐波电流超规格 可能导致的后果：长期使用可能引发电气线路过热，增加火灾风险。 召回措施：昆山恩都照明有限公司将在经销商门店发布召回信息，敬请消费者立即停止使 用召 回范围内的产品，昆山恩都照明有限公司进行退货、换货，以消除安全隐 患。消费 者因本次召回所产生的邮寄等相关费用均由昆山恩都照明有限公司承 担。 来源：https://www.samrdprc.org.cn/xfpzh/xfpzhgg/202503/t20250331_113165.html,high,FAIL,battery_safety_concern
CN-RECALL-20250314-113091,train,charger,暖桌垫（带电源适配器） 品牌 无,盐城宏佐电热制造有限公司召回暖桌垫（带电源适配器）,,H509501BHW,,,false,false,,unknown,,unknown,unknown,国家市场监督管理总局缺陷产品召回技术中心,fail,false,false,,false,,中国缺陷产品召回公告 2025-03-11。 标题：盐城宏佐电热制造有限公司召回暖桌垫（带电源适配器） 生产者：盐城宏佐电热制造有限公司 产品：暖桌垫（带电源适配器） 品牌 无 型号规格：H509501BHW 存在的缺陷：“发热”指标不符合标准要求 可能导致的后果：“发热”指标不符合标准要求，可能对使用者造成意外伤害，存 在 安全隐患。 召回措施：电话联系消费者进行召回处理，已召回。 来源：https://www.samrdprc.org.cn/xfpzh/xfpzhgg/202503/t20250314_113091.html,high,FAIL,missing_ccc_information|battery_safety_concern
CN-RECALL-20250306-113057,val,accessory,遥控车,汕头市暴龙工艺玩具有限公司召回部分暴龙玩具牌遥控车,暴龙玩具,K - 950,,20220812001,false,false,,unknown,,unknown,unknown,国家市场监督管理总局缺陷产品召回技术中心,fail,false,false,,false,,中国缺陷产品召回公告 2025-03-05。 标题：汕头市暴龙工艺玩具有限公司召回部分暴龙玩具牌遥控车 生产者：汕头市暴龙工艺玩具有限公司 产品：遥控车 品牌：暴龙玩具 型号规格：K - 950 涉及数量：36 个 存在的缺陷：对质量不超过 5kg 的玩具，不破坏玩具即可取出电池，可通过玩具对其他 电池充电。 可能导致的后果：若消费者用该产品对非充电电池进行充电，存在着火甚至爆炸危险 。 召回措施：1. 联系销售商立即停止销售并下架该产品，对库存产品进行免费退货； 2. 在 我司 及销售商实体店铺发布召回公告 ； 3. 联系消费者告知召回事宜，接受消费者咨询，为消费者提供退货等服 务 。 来源：https://www.samrdprc.org.cn/xfpzh/xfpzhgg/202503/t20250306_113057.html,high,FAIL,battery_safety_concern
CN-RECALL-20250227-113033,val,power_bank,移动电源（石墨烯加热公仔赠品） 品牌 /,北京创新爱尚家科技股份有限公司主动召回部分型号移动电源,,SR-F008A,,20240525001,false,false,50,unknown,,unknown,unknown,国家市场监督管理总局缺陷产品召回技术中心,fail,false,false,,false,,中国缺陷产品召回公告 2025-02-24。 标题：北京创新爱尚家科技股份有限公司主动召回部分型号移动电源 生产者：北京创新爱尚家科技股份有限公司 产品：移动电源（石墨烯加热公仔赠品） 品牌 / 型号规格：SR-F008A 涉及数量：650件 存在的缺陷：在高温环境充电、长时间连续充电或受到外力撞击等情况下，可 能会出 现电池过热、短路、鼓包等情况 可能导致的后果：存在起火、爆炸等风险 召回措施：1. 在公司官网 及线下销售门店发布召回公告 ； 2 . 停止销售带有缺陷的产品； 3 . 通过电话等形式联系消费者进行 换 货（公司将承担消费者因消 费品 被召回支出的必要费用） ， 京津冀地区消费者可就近联系门 店跨区域 异地异店 换 货； 4 .将缺陷产品进行销毁处理。 来源：https://www.samrdprc.org.cn/xfpzh/xfpzhgg/202502/t20250227_113033.html,high,FAIL,missing_ccc_information|battery_safety_concern
CN-RECALL-20250224-113023,test,accessory,换气扇（百叶窗式）,佛山市顺德区康贝莱电器有限公司召回部分欧绿风牌换气扇（百叶窗式）,欧绿风,APB-20A/220V～50Hz 40W 200mm,,2022.02.25/ 一 批次,false,false,,unknown,,unknown,unknown,国家市场监督管理总局缺陷产品召回技术中心,fail,false,false,,false,,中国缺陷产品召回公告 2025-02-21。 标题：佛山市顺德区康贝莱电器有限公司召回部分欧绿风牌换气扇（百叶窗式） 生产者：佛山市顺德区康贝莱电器有限公司 产品：换气扇（百叶窗式） 品牌：欧绿风 型号规格：APB-20A/220V～50Hz 40W 200mm 涉及数量：17 台 存在的缺陷：“ 对触及带电部件的防护 ” 项目不符合 GB 4706.1-2005 、 GB 4706.27-2008 标准。 可能导致的后果：可能引起 电击 危险，存在安全隐患。 召回措施：佛山市顺德区康 贝莱电器有限 公司将通过免费为消费者更换一件全新 的符合安全要求的产品 或 退货等 措施 ，以消除安全隐患。 来源：https://www.samrdprc.org.cn/xfpzh/xfpzhgg/202502/t20250224_113023.html,high,FAIL,battery_safety_concern
CN-RECALL-20250224-113022,train,charger,二三极插座,广东海格尔电气科技有限公司召回部分海格尔牌二三极插座,海格尔,HG-8010 / 10A 250V,,SA-20210610 / 一批次,false,false,,unknown,,unknown,unknown,国家市场监督管理总局缺陷产品召回技术中心,fail,false,false,,false,,中国缺陷产品召回公告 2025-02-21。 标题：广东海格尔电气科技有限公司召回部分海格尔牌二三极插座 生产者：广东海格尔电气科技有限公司 产品：二三极插座 品牌：海格尔 型号规格：HG-8010 / 10A 250V 涉及数量：200 个 存在的缺陷：产品未设置有效的防触电保护。 可能导致的后果：可能会对使用者产生触电危险。 召回措施：通知 销售商立即停止销售缺陷产品，并在公司官网及销售商 实体店铺 发 布 召回公告 ， 告知消费者具体召回事宜，为购买到缺陷产品的消费 者免 费退货处理。 来源：https://www.samrdprc.org.cn/xfpzh/xfpzhgg/202502/t20250224_113022.html,high,FAIL,missing_ccc_information|battery_safety_concern
CN-RECALL-20250224-113021,train,tablet,LED 超薄吸顶灯、 LED 超薄平板灯,佛山市顺德区勒流新国电器厂召回部分天伦牌LED超薄吸顶灯、LED超薄平板灯,天伦,XGLED30W 、 PDLED26W,,20220103/2 批次,false,false,50,unknown,,unknown,unknown,国家市场监督管理总局缺陷产品召回技术中心,fail,false,false,,false,,中国缺陷产品召回公告 2025-02-21。 标题：佛山市顺德区勒流新国电器厂召回部分天伦牌LED超薄吸顶灯、LED超薄平板灯 生产者：佛山市顺德区勒流新国电器厂 产品：LED 超薄吸顶灯、 LED 超薄平板灯 品牌：天伦 型号规格：XGLED30W 、 PDLED26W 涉及数量：XGLED30W 70 只 、 PDLED26W 80 只 存在的缺陷：产品带电部件和可触及部件之间绝缘项目不符合 GB 7000.1-2015 标准 要 求，可能引发触电危险 ，存在安全隐患。 可能导致的后果：可能引发触电危险。 召回措施：通知销售商立即停止销售缺陷产品，并在销售商实体店铺发布召回公 告 ， 告知消费者具体召回事宜，为购买到缺陷产品的消费者免费更换 或 退货 处理。 来源：https://www.samrdprc.org.cn/xfpzh/xfpzhgg/202502/t20250224_113021.html,high,FAIL,battery_safety_concern
CN-RECALL-20250224-113020,train,accessory,LED 吸顶灯,佛山市爱迪欧光电科技有限公司召回部分爱迪欧牌LED吸顶灯,爱迪欧,IDOC230-15 15W(16x1W/LED 模块） IDOC350-28 28W(36x1W/LED 模块）,,15W：2021 年 5 月 28W：2021 年 6 月,false,false,,unknown,,unknown,unknown,国家市场监督管理总局缺陷产品召回技术中心,fail,false,false,,false,,中国缺陷产品召回公告 2025-02-21。 标题：佛山市爱迪欧光电科技有限公司召回部分爱迪欧牌LED吸顶灯 生产者：佛山市爱迪欧光电科技有限公司 产品：LED 吸顶灯 品牌：爱迪欧 型号规格：IDOC230-15 15W(16x1W/LED 模块） IDOC350-28 28W(36x1W/LED 模块） 涉及数量：IDOC230-15 15W(16x1W/LED 模块） ：10 个 IDOC350-28 28W(36x1W/LED 模块） ：10 个 存在的缺陷：结构、绝缘电阻和电气强度 项目 不符合 GB 7000.1-2015 、 GB 7000.202-2008 标准 要求 。 可能导致的后果：可能 引起 触电的危险。 召回措施：通知销售商立即停止 销售缺陷产品， 并在销售商实体店铺发布召回公 告 ， 告知消费者具体召回事宜，为购买到缺陷产品的消费者 免费更换 或者 退 货 处理 。 来源：https://www.samrdprc.org.cn/xfpzh/xfpzhgg/202502/t20250224_113020.html,high,FAIL,battery_safety_concern
CN-RECALL-20250219-112999,train,accessory,电动自行车,佛山市极动车业有限公司召回部分JI-MOVE牌电动自行车,JI-MOVE,TDWM3Z,,202109/ 一批次,false,false,,unknown,,unknown,unknown,国家市场监督管理总局缺陷产品召回技术中心,fail,,false,,false,,中国缺陷产品召回公告 2025-02-17。 标题：佛山市极动车业有限公司召回部分JI-MOVE牌电动自行车 生产者：佛山市极动车业有限公司 产品：电动自行车 品牌：JI-MOVE 型号规格：TDWM3Z 涉及数量：4 辆 存在的缺陷：1. 最高车速过高，超过限定车速； 2. 车辆倾斜 25° ，脚蹬与地面接触。 可能导致的后果：1. 可能会对骑行者及其他人造成人身伤害而造成交通事故； 2. 可能会导致骑行过程发生脚蹬或脚与路面凸起碰撞、拐弯时易发生 脚 蹬或脚与路面接触，造成机械伤害或摔伤 。 召回措施：通知销售商立即停止销售缺陷产品，为购买到缺陷产品的消费者退货 处 理。 来源：https://www.samrdprc.org.cn/xfpzh/xfpzhgg/202502/t20250219_112999.html,high,FAIL,
CN-RECALL-20250219-112998,train,accessory,LED 嵌入式筒灯,佛山市雷声照明有限公司召回部分雷声牌嵌入式LED筒灯,雷声,LS-2525 7W～220V/50Hz,,2020-9,false,false,,unknown,,unknown,unknown,国家市场监督管理总局缺陷产品召回技术中心,fail,false,false,,false,,中国缺陷产品召回公告 2025-02-17。 标题：佛山市雷声照明有限公司召回部分雷声牌嵌入式LED筒灯 生产者：佛山市雷声照明有限公司 产品：LED 嵌入式筒灯 品牌：雷声 型号规格：LS-2525 7W～220V/50Hz 涉及数量：7900 个 存在的缺陷：1. 灯具电线截面积不够，会使外部线没有足够的机械强度，在外部拉 力 扭 力作用下，电线绝缘层容易破损 ； 2. 电线内部导体容易断裂会使得电线的载流能力不够。 可能导致的后果：1. 引起漏电触电危险 ； 2. 容易 造成电线的绝缘层烧毁并造成短路，从而引发火灾危险 。 召回措施：通知销售商立即停止销售 该 缺陷产品 ， 向销售商发布召回公告 ，并 在 销 售商 实体店张贴 召回 公告， 告知消费者具体召回事宜，为购买到缺 陷产 品的消费者免费退货处理。 来源：https://www.samrdprc.org.cn/xfpzh/xfpzhgg/202502/t20250219_112998.html,high,FAIL,battery_safety_concern
CN-RECALL-20250219-112997,train,accessory,LED 超薄面板灯、 嵌入式灯具,佛山市倍尔特光电科技有限公司召回部分倍尔特牌LED超薄面板灯、嵌入式灯具,倍尔特,BET-MBD-20A ， BET-MBD-40A ， MS4.0-12D ， MS3.0-7D1,,2 02103 、 202009 共 2 个批次,false,false,,unknown,,unknown,unknown,国家市场监督管理总局缺陷产品召回技术中心,fail,false,false,,false,,中国缺陷产品召回公告 2025-02-17。 标题：佛山市倍尔特光电科技有限公司召回部分倍尔特牌LED超薄面板灯、嵌入式灯具 生产者：佛山市倍尔特光电科技有限公司 产品：LED 超薄面板灯、 嵌入式灯具 品牌：倍尔特 型号规格：BET-MBD-20A ， BET-MBD-40A ， MS4.0-12D ， MS3.0-7D1 涉及数量：LED 超薄面板灯 ： BET-MBD-20A 型号， 40 个 BET-MBD-40A 型号， 20 个 嵌入式灯具： MS4.0-12D1 型号， 20 个 MS3.0-7D1 型号， 100 个 存在的缺陷：LED超薄面板灯：外部接线和内部接线项目不符合GB7000.1-2015、 GB7000.202-2008标准要求； 嵌入式灯具：电线截面积、防触电保护、 绝 缘电阻项目不符合 G B7000.1-2015 、 G B7000.202-2008 标准 要求。 可能导致的后果：可能存在触电的风险 。 召回措施：通知销售商立即停止销售缺陷产品，并在 公司官网及 销售商实体 店 铺发 布召回公告 ， 告知消费者具体召回事宜，为购买到缺陷产 品的 消费者 退 货处理。 来源：https://www.samrdprc.org.cn/xfpzh/xfpzhgg/202502/t20250219_112997.html,high,FAIL,battery_safety_concern
CN-RECALL-20250219-112996,train,accessory,87 系列 4 寸筒灯,佛山市南海区浩盈照明有限公司召回部分浩盈照明牌87系列4寸筒灯,浩盈照明,HY-1287DD-12L 12W 220V/50Hz,,HY20201005-2/ 一批次,false,false,,unknown,,unknown,unknown,国家市场监督管理总局缺陷产品召回技术中心,fail,false,false,,false,,中国缺陷产品召回公告 2025-02-17。 标题：佛山市南海区浩盈照明有限公司召回部分浩盈照明牌87系列4寸筒灯 生产者：佛山市南海区浩盈照明有限公司 产品：87 系列 4 寸筒灯 品牌：浩盈照明 型号规格：HY-1287DD-12L 12W 220V/50Hz 涉及数量：60 台 存在的缺陷：由于产品绝缘 、 电器强度、 爬电距离和电气间隙 项目不符合 GB 7000.1-2015 ， GB7000.202-2008 标准要求。 可能导致的后果：可能引起触电和起火危险。 召回措施：通知销售商立即停止销售缺陷产品，并在公司官网及销售商实体店铺发 布召回公告，告知消费者具体召回事宜，为购买到缺陷产品的消费者免 费更换处理。 来源：https://www.samrdprc.org.cn/xfpzh/xfpzhgg/202502/t20250219_112996.html,high,FAIL,battery_safety_concern
CN-RECALL-20250218-112995,val,accessory,嵌入式 LED 灯具,佛山市淳杰照明电器有限公司召回部分淳杰牌嵌入式LED灯具,淳杰,型号： HS-L114-12T ， 规格： 12W 220-240V ～， 50/60Hz ， 6000K,,一批次,false,false,,unknown,,unknown,unknown,国家市场监督管理总局缺陷产品召回技术中心,fail,false,false,,false,,中国缺陷产品召回公告 2025-02-17。 标题：佛山市淳杰照明电器有限公司召回部分淳杰牌嵌入式LED灯具 生产者：佛山市淳杰照明电器有限公司 产品：嵌入式 LED 灯具 品牌：淳杰 型号规格：型号： HS-L114-12T ， 规格： 12W 220-240V ～， 50/60Hz ， 6000K 涉及数量：50 件 存在的缺陷：产品存在 绝缘 、 电气强度 、 爬电距离、内外部接线目 等均不符合 GB 7000.1-2015 和 GB 7000.202-2008 标准要求 。 可能导致的后果：可能会对使用者产生触电危险 。 召回措施：通知销售商立即停止销售缺陷产品，并 在 销售商 实体店 铺 发布召回公告 ， 告知消费者具体召回事宜，为购买到缺陷产品的消费者免费退货处理。 来源：https://www.samrdprc.org.cn/xfpzh/xfpzhgg/202502/t20250218_112995.html,high,FAIL,battery_safety_concern
CN-RECALL-20250218-112994,val,accessory,换气扇,佛山市顺德区坚杰兄弟电器有限公司召回部分华生牌换气扇,华生,APB-15A/150mm 、 220V 、 50HZ 、 28W,,20210820/1 批次,false,false,,unknown,,unknown,unknown,国家市场监督管理总局缺陷产品召回技术中心,fail,false,false,,false,,中国缺陷产品召回公告 2025-02-17。 标题：佛山市顺德区坚杰兄弟电器有限公司召回部分华生牌换气扇 生产者：佛山市顺德区坚杰兄弟电器有限公司 产品：换气扇 品牌：华生 型号规格：APB-15A/150mm 、 220V 、 50HZ 、 28W 涉及数量：60 台 存在的缺陷：1. 可通过产品开口触及到带电部件或基本绝缘，可能引起电击危险。 2. 输入功率和电流的正偏差，超过标准规定的范围，正偏差过大可能 会导 致产品内部发热过大，造成火灾危险。 3. 产品为 I 类器具，电源线中无绿 / 黄双色线用作接地线，可能引起电 击风 险；进行电源线拉扭力试验后 ， 电源线纵向最大位移超过标准要 求 2mm ，可 能会导致电源线绝缘损坏，出现电击风险。 4. 可触及接线端子，可能引起电击风险。 5. 产品为 I 类器具，绝缘失效可能带电的易触及金属部件（电机外壳） 未 接地，可能引起电击风险。 可能导致的后果：可能引起触电 和起火 危险 。 召回措施：通知 销售商立即停止销售缺陷产品，并 通过 销售商 实体店铺发布 召回 公 告 ， 告知消费者具体召回事宜， 将 为消费者提供退款退货服务以消 除安 全隐患。 来源：https://www.samrdprc.org.cn/xfpzh/xfpzhgg/202502/t20250218_112994.html,high,FAIL,battery_safety_concern
CN-RECALL-20250218-112993,test,accessory,百叶窗换气扇,广东马拉松科技实业有限公司召回部分金普达牌百叶窗换气扇,金普达,"A PB-20 200mm(8 "" ) 220V～50Hz 30W",,2 02107 / 1 批次,false,false,,unknown,,unknown,unknown,国家市场监督管理总局缺陷产品召回技术中心,fail,false,false,,false,,"中国缺陷产品召回公告 2025-02-17。 标题：广东马拉松科技实业有限公司召回部分金普达牌百叶窗换气扇 生产者：广东马拉松科技实业有限公司 产品：百叶窗换气扇 品牌：金普达 型号规格：A PB-20 200mm(8 "" ) 220V～50Hz 30W 涉及数量：1 0 台 存在的缺陷：试验探棒可通过外壳开口触及带电部件，不符合标准 GB 4706.1-2005 、 GB 4706.27-2008 第 8.2 条要求，可能引起电击危险。 可能导致的后果：可能引起电击危险。 召回措施：通知销售商立即停止销售缺陷产品，并在公司及销售商实体店铺发布召 回公告 ， 告知消费者具体召回事宜，为购买到缺陷产品的消费者免费更 换处理。 来源：https://www.samrdprc.org.cn/xfpzh/xfpzhgg/202502/t20250218_112993.html",high,FAIL,battery_safety_concern
CN-RECALL-20250218-112992,train,accessory,电动自行车,佛山市极动信息科技有限公司召回部分JI-MOVE牌电动自行车,JI-MOVE,TDWM2Z,,202108/ 1 批次,false,false,,unknown,,unknown,unknown,国家市场监督管理总局缺陷产品召回技术中心,fail,false,false,,false,,中国缺陷产品召回公告 2025-02-17。 标题：佛山市极动信息科技有限公司召回部分JI-MOVE牌电动自行车 生产者：佛山市极动信息科技有限公司 产品：电动自行车 品牌：JI-MOVE 型号规格：TDWM2Z 涉及数量：2 辆 存在的缺陷：1. 脚踏间隙过小，车身倾斜 25 度时未能做到不碰触地面； 2. 淋水涉水后，绝缘电阻偏低，不符合 GB17767-2018 标准要求。 可能导致的后果：1. 可能 造成机械伤害或摔伤； 2. 外壳漏电触电或短路，可能引发爆燃事故。 召回措施：通知销售商立即停止销售缺陷产品，并在销售商实体店铺张贴公告，告 知 消费者具体召回事宜，接受消费者咨询，为消费者提供免费退货服务。 来源：https://www.samrdprc.org.cn/xfpzh/xfpzhgg/202502/t20250218_112992.html,high,FAIL,battery_safety_concern
CN-RECALL-20250212-112966,train,charger,电源适配器 品牌 辉宏时代,北京辉宏时代数码网络科技有限公司主动召回部分型号辉宏时代牌电源适配器,,HHT-A050200,,20240521,false,false,,unknown,,unknown,unknown,国家市场监督管理总局缺陷产品召回技术中心,fail,false,false,,false,,中国缺陷产品召回公告 2025-02-10。 标题：北京辉宏时代数码网络科技有限公司主动召回部分型号辉宏时代牌电源适配器 生产者：北京辉宏时代数码网络科技有限公司 产品：电源适配器 品牌 辉宏时代 型号规格：HHT-A050200 涉及数量：10件 存在的缺陷：电气间隙、爬电距离、抗电强度试验、热灼伤 （接触温度限值）、模 拟的 异 常工作 条件项目不符合GB 4943.1-2002标准要求 可能导致的后果：存在触电、起火等风险 召回措施：1. 在天猫平台店铺（辉宏时代旗舰店）发布召回公告 ； 2 . 停止销售带有缺陷的产品； 3 . 通过电话等形式联系消费者进行退货（公司将承担消费者因消费品 被召 回 支出 的必要费用）。 来源：https://www.samrdprc.org.cn/xfpzh/xfpzhgg/202502/t20250212_112966.html,high,FAIL,missing_ccc_information|battery_safety_concern
CN-RECALL-20250206-112955,train,accessory,冷藏冷冻转换箱 品牌 雪花,雪花（北京）科技有限公司主动召回部分型号雪花牌冷藏冷冻转换箱,,BC/BD-38L118,,LFJ20240601,false,false,,unknown,,unknown,unknown,国家市场监督管理总局缺陷产品召回技术中心,fail,false,false,,false,,中国缺陷产品召回公告 2025-02-05。 标题：雪花（北京）科技有限公司主动召回部分型号雪花牌冷藏冷冻转换箱 生产者：雪花（ 北京）科技有限公司 产品：冷藏冷冻转换箱 品牌 雪花 型号规格：BC/BD-38L118 涉及数量：9台 存在的缺陷：对触及带电部件的防护、接地措施项目不符合 GB 4706.1-2005和 GB 4706.13-2014标准要求 可能导致的后果：触电 召回措施：1. 销售门店 发布召回公告； 2 . 停止销售带有缺陷的产品； 3 . 通过电话等形式联系消费者进行退货（公司将承担消费者因消 费品被召回支 出的必要费用）。 来源：https://www.samrdprc.org.cn/xfpzh/xfpzhgg/202502/t20250206_112955.html,high,FAIL,battery_safety_concern
CN-RECALL-20250123-112908,train,accessory,91440515MA52UHFYIT,汕头市维其科技实业有限公司召回部分音乐玩具,,6636,,维（ 2021 ） 04-02,false,false,,unknown,,unknown,unknown,国家市场监督管理总局缺陷产品召回技术中心,fail,,false,,false,,中国缺陷产品召回公告 2025-01-23。 标题：汕头市维其科技实业有限公司召回部分音乐玩具 生产者：汕头市维其科技实业有限公司 产品：91440515MA52UHFYIT 型号规格：6636 涉及数量：200 只 存在的缺陷：在可预见合理滥用作用下，玩具存在小零件 。 可能导致的后果：可能导致儿童吞食堵塞消化道，存在窒息危险 。 召回措施：1. 联系销售商立即停止销售并下架该产品，对库存产品进行退货； 2. 在我司门口及销售商实体店铺贴布召回公告 ； 3. 联系消费者告知 召回事宜，接受消费者咨询，为消费者提供免费更换 或 退货等服务。 来源：https://www.samrdprc.org.cn/xfpzh/xfpzhgg/202501/t20250123_112908.html,high,FAIL,
CN-RECALL-20250123-112907,train,accessory,越野遥控车,汕头市澄海区祥迪嘉玩具厂召回部分祥迪嘉牌越野遥控车,祥迪嘉,699132D 红色,,200203-01,false,false,,unknown,,unknown,unknown,国家市场监督管理总局缺陷产品召回技术中心,fail,,false,,false,,中国缺陷产品召回公告 2025-01-23。 标题：汕头市澄海区祥迪嘉玩具厂召回部分祥迪嘉牌越野遥控车 生产者：汕头市澄海区祥迪嘉玩具厂 产品：越野遥控车 品牌：祥迪嘉 型号规格：699132D 红色 涉及数量：48只 存在的缺陷：用于包装或玩具中的塑料袋或塑料薄膜的厚度过薄，无界限清晰的 孔或未 按 有 关规定 进行打孔。 可能导致的后果：存在堵塞口鼻腔外部呼吸道而导致的窒息危险。 召回措施：1. 联系销售商立即停止销售并下架该产品，对库存产品进行退货； 2. 在我司门口及销售商实体店铺贴布召回公告 ，保存发布公告图片 和截 图； 3. 联系消费者告知召回事宜，接受消费者咨询，为消费者提供免费 更换 / 退 货等服务 。 来源：https://www.samrdprc.org.cn/xfpzh/xfpzhgg/202501/t20250123_112907.html,high,FAIL,
CN-RECALL-20250120-112862,train,accessory,自由开孔面板灯,佛山市荣星照明电器有限公司召回部分卡焰牌自由开孔面板灯,卡焰,TD01-20 20W,,202405,false,false,,unknown,,unknown,unknown,国家市场监督管理总局缺陷产品召回技术中心,fail,false,false,,false,,中国缺陷产品召回公告 2025-01-17。 标题：佛山市荣星照明电器有限公司召回部分卡焰牌自由开孔面板灯 生产者：佛山市荣星照明电器有限公司 产品：自由开孔面板灯 品牌：卡焰 型号规格：TD01-20 20W 涉及数量：20 件 存在的缺陷：外部接线 、 内部接线项目不符合GB7000.1-2015 、 GB 7000.202-2008标 准 要 求 ， 可能引 起 触电和起火 的 危险，存在安全隐患。 可能导致的后果：引起 触电、起火 的危险，存在安全隐患。 召回措施：通知销售商立即停止销售缺陷产品，电话告知消费者具体召回事宜，为 购 买到缺陷产品的消费者 免费更换 或者 退货 处理 。 来源：https://www.samrdprc.org.cn/xfpzh/xfpzhgg/202501/t20250120_112862.html,high,FAIL,battery_safety_concern
CN-RECALL-20250110-112817,train,accessory,植物大战僵尸,汕头市澄海区轩力玩具厂召回部分植物大战僵尸玩具,,666 - 21 NO.666-10A,,,false,false,,unknown,,unknown,unknown,国家市场监督管理总局缺陷产品召回技术中心,fail,false,false,,false,,中国缺陷产品召回公告 2025-01-08。 标题：汕头市澄海区轩力玩具厂召回部分植物大战僵尸玩具 生产者：汕头市澄海区轩力玩具厂 产品：植物大战僵尸 型号规格：666 - 21 NO.666-10A 涉及数量：150 盒 180 盒 存在的缺陷：产品（ 型号： 666 - 21 ）存在 邻苯二甲酸酯含量 过高。 产品（型号： NO.666-10A ）存在： 1. 用于包装的塑料袋厚度过薄，且未能按照标准要求进行打孔 ； 2. 弹射物是小零件 ； 3. 玩具未标识电池使用类型和标称的电池电压，标识缺少 。 可能导致的后果：产品（ 型号： 666 - 21 ） 通过呼吸、皮肤接触等方式影响婴幼儿体内荷 尔蒙分泌，引发激素失调，有可能导致儿童性早熟，对生殖系统造成 影响，并引发其他健康问题 的潜在风险 。 产品（型号： NO.666-10A ）会导致以下后果： 1. 一旦覆盖在儿童脸部，容易吸附住口鼻位置，可能导致窒息危险 ； 2. 存在弹射物被误吞、导致室息危险 ； 3. 无法给消费者提供正确的指引，会令消费者使用不当造成伤害事 故 。 召回措施：1. 联系销售商立即停止销售并下架该产品，对库存产品进行退货； 2. 在我厂及销售商 实体店铺 发布召回公告 ； 3. 联系消费者告知召回事宜，接受消费者咨询，为消费者提供免费 退货等服务 。 来源：https://www.samrdprc.org.cn/xfpzh/xfpzhgg/202501/t20250110_112817.html,high,FAIL,battery_safety_concern
CN-RECALL-20250110-112816,val,accessory,电动音乐玩具,汕头市澄海区新双健乐玩具厂召回部分电动音乐玩具,,992,,20210701,false,false,,unknown,,unknown,unknown,国家市场监督管理总局缺陷产品召回技术中心,fail,,false,,false,,中国缺陷产品召回公告 2025-01-08。 标题：汕头市澄海区新双健乐玩具厂召回部分电动音乐玩具 生产者：汕头市澄海区新双健乐玩具厂 产品：电动音乐玩具 型号规格：992 涉及数量：200 盒 存在的缺陷：用于包装或玩具中的塑料袋或塑料薄膜的厚度过薄，无界限清晰的 孔 或未按相关要求进行打孔 。 可能导致的后果：可能导致堵塞口鼻腔外部呼吸道而窒息的危险 。 召回措施：1. 联系销售商立即停止销售并下架该产品，对库存产品进行退货； 2. 在 我司办公地和销售商实体店铺处 发布召回公告； 3. 联系消费者告知召回事宜，接受消费者咨询，为消费者提供免费 进行退货处理 。 来源：https://www.samrdprc.org.cn/xfpzh/xfpzhgg/202501/t20250110_112816.html,high,FAIL,
CN-RECALL-20250110-112815,val,accessory,电动 滑梯 玩具,汕头市澄海区小鱼儿塑胶玩具厂召回部分小鱼儿牌电动滑梯玩具,小鱼儿,7713,,1 批,false,false,,unknown,,unknown,unknown,国家市场监督管理总局缺陷产品召回技术中心,fail,,false,,false,,中国缺陷产品召回公告 2025-01-08。 标题：汕头市澄海区小鱼儿塑胶玩具厂召回部分小鱼儿牌电动滑梯玩具 生产者：汕头市澄海区小鱼儿塑胶玩具厂 产品：电动 滑梯 玩具 品牌：小鱼儿 型号规格：7713 涉及数量：76 只 存在的缺陷：用于包装或玩具中的塑料袋或塑料薄膜的厚度过薄，无界限清晰的 孔 或 未按 相关要求 进行打孔 。 可能导致的后果：可能导致 堵塞口鼻腔外部呼吸道而窒息的危险 。 召回措施：1. 联系销售商立即停止销售并下架该产品，对库存产品进行更换或 者 退货； 2. 我 厂 在官方微博 （ 汕头市澄海区小鱼儿玩具厂 ） 上发 布 召回公告 ， 在工厂厂房门口和销售商处 公示召回公告，让消费者退回或者更换 合格产品； 3. 联系消费者告知召回事宜，接受消费者咨询，为消费者提供免费 更 换 或 退货等服务。 来源：https://www.samrdprc.org.cn/xfpzh/xfpzhgg/202501/t20250110_112815.html,high,FAIL,
CN-RECALL-20250103-112786,test,accessory,电动自行车 品牌 永久,无锡上达嘉陵车业有限公司召回部分永久牌TDT1021Z型号电动自行车,,TDT1021Z,,20220302,false,false,,unknown,,unknown,unknown,国家市场监督管理总局缺陷产品召回技术中心,fail,false,false,,false,,中国缺陷产品召回公告 2025-01-02。 标题：无锡上达嘉陵车业有限公司召回部分永久牌TDT1021Z型号电动自行车 生产者：无锡上达嘉陵车业有限公司 产品：电动自行车 品牌 永久 型号规格：TDT1021Z 存在的缺陷：1.整车质量大于55kg； 2.蓄电池与电池组盒未合理匹配，蓄电池与电池组盒壁的最大间隙为过大，且能 晃动； 3.车体宽度（除车把、脚蹬部分外）大于450mm 、鞍座长度大于350mm； 4.前灯后灯亮度值低。 可能导致的后果：1.整车质量过重会导致车辆运动惯性增大，影响操控和制动性能，刹车距离增加， 极易发生交通事故，带来安全隐患； 2.为违规对电动自行车电池进行扩容改装提供了可能，电池电压、容量增加，超 过原车设计数值，可能引起线路发热过载，引发起火爆炸等严重安全隐患； 3.车辆超宽，会挤占非机动车道的空间，易与其他非机动车以及行人发生擦碰。 鞍座尺寸过长，便于载人载货等超载行为，也存在一定安全隐患； 4.前灯亮度值低夜晚驾驶时驾驶人员看不清前方道路和物体，易造成交通事故； 后灯照明亮度值低，夜晚无法提醒后方车辆或行人，易造成追尾事故，存在安全 隐患。 召回措施：无锡上达嘉陵车业有限公司将在厂门口及经销商门店方式发布公告，以及通过微信 等方式，通知召回信息，敬请消费者立即停止使用召回范围内的产品，并联系生产 者、经销商免费更换全新的符合要求的电池组盒（座桶）、车把横管、鞍座、前 灯、后灯以及维修恢复原始配置（对电池进行检查并恢复出厂设置），以消除安全 隐患。消费者因本次召回所产生的邮寄等相关费用均由无锡上达嘉陵车业有限公司 公司承担。 来源：https://www.samrdprc.org.cn/xfpzh/xfpzhgg/202501/t20250103_112786.html,high,FAIL,battery_safety_concern
CN-RECALL-20241228-112719,train,accessory,电动自行车,福州捷锂达车业有限公司召回部分捷锂达牌电动自行车,捷锂达,TDS01Z,,20240807-20241028,false,false,,unknown,,unknown,unknown,国家市场监督管理总局缺陷产品召回技术中心,fail,false,false,,false,,中国缺陷产品召回公告 2024-12-27。 标题：福州捷锂达车业有限公司召回部分捷锂达牌电动自行车 生产者：福州捷锂达车业有限公司 产品：电动自行车 品牌：捷锂达 型号规格：TDS01Z 涉及数量：551 存在的缺陷：电池输出端未装有熔断器或断路器保护装置，不符合 GB 17761 -2018 标准要求。 可能导致的后果：可能导致整车在放电过程中无法切断回路中过大电流，从而损 坏 电路，甚至引发整车电路的起火，自燃等情况，存在一定的 安全 隐患。 召回措施：为消费者提供免费修理服务 来源：https://www.samrdprc.org.cn/xfpzh/xfpzhgg/202412/t20241228_112719.html,high,FAIL,battery_safety_concern
CN-RECALL-20241228-112716,train,accessory,电动自行车 品牌 凤凰,无锡国凤车业有限公司召回部分凤凰牌电动自行车,,TDT201Z,,20210610,false,false,,unknown,,unknown,unknown,国家市场监督管理总局缺陷产品召回技术中心,fail,false,false,,false,,中国缺陷产品召回公告 2024-12-27。 标题：无锡国凤车业有限公司召回部分凤凰牌电动自行车 生产者：无锡国凤车业有限公司 产品：电动自行车 品牌 凤凰 型号规格：TDT201Z 存在的缺陷：1.无后反射器、侧反射器，脚蹬反射器光学要求不符合GB 17761-2018相关要求； 2.充电器防触电保护不符合GB 17761-2018相关要求。 可能导致的后果：1.消费者在光照不足的情况下骑行车辆，不能被其他机动车辆有效辨别，可能导 致发生交通事故； 2.充电器防触电保护不符合标准，可能存在触电的危险。 召回措施：无锡国凤车业有限公司将在公司门口及经销商门店发布召回信息，敬请消费者立 即停止使用召回范围内的产品，并联系生产者或经销商进行免费更换全新的符合 要求的脚蹬反射器和充电器以及加装后反射器、侧反射器，以消除安全隐患。消 费者因本次召回所产生的邮寄等相关费用均由无锡国凤车业有限公司承担。 来源：https://www.samrdprc.org.cn/xfpzh/xfpzhgg/202412/t20241228_112716.html,high,FAIL,battery_safety_concern
CN-RECALL-20241220-112638,train,accessory,遥控玩具,广东浩源科教玩具有限公司召回部分遥控玩具,,NO.SL - 3366,,202103 - 01001,false,false,,unknown,,unknown,unknown,国家市场监督管理总局缺陷产品召回技术中心,fail,,false,,false,,中国缺陷产品召回公告 2024-12-19。 标题：广东浩源科教玩具有限公司召回部分遥控玩具 生产者：广东浩源科教玩具有限公司 产品：遥控玩具 型号规格：NO.SL - 3366 涉及数量：144 只 存在的缺陷：用于包装的塑料袋厚度过薄，且未按照要求进行打孔。 可能导致的后果：一旦覆盖在儿童脸部，容易吸附住口鼻位置，可能导致窒息危险。 召回措施：1. 联系销售商立即停止销售并下架该产品，对库存产品进行退货； 2. 在 我 司门口 及销售商实体店铺 贴布 召回公告 ，保存发布公告图片 和 截图； 3. 联系消费者告知召回事宜，接受消费者咨询，为消费者提供免费 更 换 / 退货等服务 。 来源：https://www.samrdprc.org.cn/xfpzh/xfpzhgg/202412/t20241220_112638.html,high,FAIL,
CN-RECALL-20241213-112589,train,accessory,泡泡玩具,汕头市澄海区星光煌玩具厂召回部分泡泡玩具,,LP - 2,,202205,false,false,,unknown,,unknown,unknown,国家市场监督管理总局缺陷产品召回技术中心,fail,,false,,false,,中国缺陷产品召回公告 2024-12-10。 标题：汕头市澄海区星光煌玩具厂召回部分泡泡玩具 生产者：汕头市澄海区星光煌玩具厂 产品：泡泡玩具 型号规格：LP - 2 涉及数量：80 只 存在的缺陷：1. 电玩具电气安全的标识和使用说明标注不完整或标注错误，标识 和说明的不完整，甚至是错误的。 2. 电玩具的标识和说明缺少内容或出现错误表述，标识和说明的不 完整，甚至是错误的。 可能导致的后果：可能会误导消费者，可能令消费者使用不当造成伤害事故。 召回措施：1. 联系销售商立即停止销售并下架该产品，对库存产品进行退回； 2. 在 本 厂 门口 及销售商 实体店铺处贴布召回公告，并 通过微信、 QQ 、 微信朋友圈 及 经销商处发布召回公告 ； 3. 主动联系消费者告知召回事宜，接受消费者咨询， 免费 为消费者 提供退货或者换货 等 服务。 来源：https://www.samrdprc.org.cn/xfpzh/xfpzhgg/202412/t20241213_112589.html,high,FAIL,
CN-RECALL-20241213-112580,train,accessory,趣味玩具,汕头市澄海区乐琪星玩具厂召回部分趣味玩具,图形商标,NO.W248 - 16,,（ 202204 ）- 01001,false,false,,unknown,,unknown,unknown,国家市场监督管理总局缺陷产品召回技术中心,fail,false,false,,false,,中国缺陷产品召回公告 2024-12-10。 标题：汕头市澄海区乐琪星玩具厂召回部分趣味玩具 生产者：汕头市澄海区乐琪星玩具厂 产品：趣味玩具 品牌：图形商标 型号规格：NO.W248 - 16 涉及数量：170 盒 存在的缺陷：电池表面温升 过高 。 可能导致的后果：可能烫伤儿童皮肤 ，严重 时有 可能 引发 冒烟，起火等 的 安全隐患。 召回措施：1. 联系销售商立即停止销售并下架该产品，对库存产品进行退货； 2. 在 我厂厂房门口和 经销商 实体店铺 处发布召回公告 ； 3. 联系消费者告知召回事宜，接受消费者咨询，为消费者提供免费 更 换 或 退货等服务。 来源：https://www.samrdprc.org.cn/xfpzh/xfpzhgg/202412/t20241213_112580.html,high,FAIL,battery_safety_concern
CN-RECALL-20241213-112579,train,accessory,益智音乐玩具,汕头市澄海区班客玩具厂召回部分益智音乐玩具,,0507A,,2143,false,false,,unknown,,unknown,unknown,国家市场监督管理总局缺陷产品召回技术中心,fail,false,false,,false,,中国缺陷产品召回公告 2024-12-10。 标题：汕头市澄海区班客玩具厂召回部分益智音乐玩具 生产者：汕头市澄海区班客玩具厂 产品：益智音乐玩具 型号规格：0507A 涉及数量：240 只 存在的缺陷：1. 适用于 3 岁以下儿童，存在小零件 。 2. 电玩具在不破坏玩具或不借助工具时，电池可触及。 可能导致的后果：1. 在儿童可预见的合理滥用下，可能被误吞，导致堵塞消化道、 窒 息 的危险。 2. 电池脱出后，存在被儿童吞食或吸入鼻腔的可能，造成腐蚀食道、 鼻腔，甚至窒息危险。 召回措施：1. 通知 销售商立即停止销售缺陷产品 。 2. 在本工厂及销售 店 铺 贴布 召回公告。 3. 联系消费者告知召回事宜，接受消费者咨询，为消费者提供免费 更 换 或 退货等服务。 来源：https://www.samrdprc.org.cn/xfpzh/xfpzhgg/202412/t20241213_112579.html,high,FAIL,battery_safety_concern
CN-RECALL-20241209-112569,train,accessory,LED 锂电护眼 台灯,中山市迪伽迪照明有限公司召回部分迪伽迪牌LED锂电护眼台灯,迪伽迪,1916,,1 批 次,false,false,,unknown,,unknown,unknown,国家市场监督管理总局缺陷产品召回技术中心,fail,false,false,,false,,中国缺陷产品召回公告 2024-12-03。 标题：中山市迪伽迪照明有限公司召回部分迪伽迪牌LED锂电护眼台灯 生产者：中山市迪伽迪照明有限公司 产品：LED 锂电护眼 台灯 品牌：迪伽迪 型号规格：1916 涉及数量：25 台 存在的缺陷：产品耐热、耐火和耐起痕项目 不符合 GB 7000.1-2015 、 GB 7000.204-2008 标准要求。 可能导致的后果：相应材料可能发生变形， 使 原有机械和防触电保护结构失效，引 发触 电、着火危险。 召回措施：通知经销商立即停止销售可能有缺陷的产品， 并在公司销售商实 体店 铺发布召回公告， 告知消费者具体召回事宜，为购买到缺陷 产品的消 费者免费更换处理。 来源：https://www.samrdprc.org.cn/xfpzh/xfpzhgg/202412/t20241209_112569.html,high,FAIL,battery_safety_concern
CN-RECALL-20241129-112502,val,accessory,遥控 玩具,汕头市能丰玩具有限公司召回部分能丰牌遥控玩具,能丰,NF778L,,202111B,false,false,,unknown,,unknown,unknown,国家市场监督管理总局缺陷产品召回技术中心,fail,false,false,,false,,中国缺陷产品召回公告 2024-11-26。 标题：汕头市能丰玩具有限公司召回部分能丰牌遥控玩具 生产者：汕头市能丰玩具有限公司 产品：遥控 玩具 品牌：能丰 型号规格：NF778L 涉及数量：48 只 存在的缺陷：1. 电玩具电气安全的标识和使用说明标注不完整或标注错误，无法有效 提 醒监护人和使用者合理地使用 玩具 ； 2. 电玩具的标识和说明缺少内容或出现错误表述，标识和说明的不完整， 甚至是错误的 ； 3. 电池室结构不合理，可通过玩具对其他电池充电。 可能导致的后果：1. 存在因使用不当造成伤害事故的潜在风险 ； 2. 可能会误导消费者，可能令消费者使用不当造成伤害事故 ； 3. 若消费者用该产品对非充电电池进行充电，存在着火甚至爆炸危险。 召回措施：1. 联系销售商立即停止销售并下架该产品，对库存产品进行退货； 2. 在 公司 及销售商实体店铺发布召回公告， 保存发布公告图片和截图； 3. 主动联系消费者告知召回事宜，接受消费者咨询，为消费者提供免费 退货等服务。 来源：https://www.samrdprc.org.cn/xfpzh/xfpzhgg/202411/t20241129_112502.html,high,FAIL,battery_safety_concern
CN-RECALL-20241129-112478,val,accessory,遥控车,汕头市澄海区鸿沃玩具厂召回部分遥控车,,3281A,,20220810,false,false,,unknown,,unknown,unknown,国家市场监督管理总局缺陷产品召回技术中心,fail,false,false,,false,,中国缺陷产品召回公告 2024-11-26。 标题：汕头市澄海区鸿沃玩具厂召回部分遥控车 生产者：汕头市澄海区鸿沃玩具厂 产品：遥控车 型号规格：3281A 涉及数量：180 盒 存在的缺陷：1. 电玩具电气安全的标识和使用说明标注不完整或标注错误，无法有效 提 醒监护人和使用者合理地使用玩具 ； 2. 电玩具的标识和说明缺少内容或出现错误表述，标识和说明的不完整， 甚至是错误的 ； 3. 电池室结构不合理，可通过玩具对其他电池充电。 可能导致的后果：1. 存在因使用不当造成伤害事故的潜在风险 ； 2. 可能会误导消费者，可能令消费者使用不当造成伤害事故 ； 3. 若消费者用该产品对非充电电池进行充电，存在着火甚至爆炸危险。 召回措施：1. 联系销售商立即停止销售并下架该产品，对库存产品进行退货； 2. 在澄海玩具协会网站 上及实体店铺发布召回公告 ； 3. 主动联系消费者告知召回事宜，接受消费者咨询， 免费为消费者提供 更换 / 退货等 服务。 来源：https://www.samrdprc.org.cn/xfpzh/xfpzhgg/202411/t20241129_112478.html,high,FAIL,battery_safety_concern
CN-RECALL-20241129-112475,test,accessory,电热水壶,廉江市东科电器有限公司召回部分万利达牌电热水壶,万利达牌,304F3 1500W 2.3L 220V～50Hz,,2024 年 03 月 11 日,false,false,,unknown,,unknown,unknown,国家市场监督管理总局缺陷产品召回技术中心,fail,false,false,,false,,中国缺陷产品召回公告 2024-11-29。 标题：廉江市东科电器有限公司召回部分万利达牌电热水壶 生产者：廉江市东科电器有限公司 产品：电热水壶 品牌：万利达牌 型号规格：304F3 1500W 2.3L 220V～50Hz 涉及数量：120 台 存在的缺陷：工作温度下的电气强度、电源连接和外部软线、接地措施 不符合 GB 4706.1-2005 、 GB 4706.19-2008 标准要求。 可能导致的后果：可能引起触电和起火危险，存在安全隐患。 召回措施：通知销售商立即停止销售缺陷产品，并在公司及销售商实体店铺 发布召回 公告 ， 告知消费者具体召回事宜，为购买到缺陷产品的 消费者 免费维修、 更换或退货处理。 来源：https://www.samrdprc.org.cn/xfpzh/xfpzhgg/202411/t20241129_112475.html,high,FAIL,battery_safety_concern
CN-RECALL-20241129-112474,train,accessory,电热水壶,广东长程电器有限公司召回部分万利达牌电热水壶,万利达牌,CC6225B,,20240516001,false,false,,unknown,,unknown,unknown,国家市场监督管理总局缺陷产品召回技术中心,fail,false,false,,false,,中国缺陷产品召回公告 2024-11-27。 标题：广东长程电器有限公司召回部分万利达牌电热水壶 生产者：广东长程电器有限公司 产品：电热水壶 品牌：万利达牌 型号规格：CC6225B 涉及数量：1072 台 存在的缺陷：电源连接和外部软线、内部接线、电气间隙、爬电距离和固体绝缘 等项 目 不符合 GB 4706.1-2005 、 GB 4706.19-2008 标准要求。 可能导致的后果：可能引起触电和起火危险，存在安全隐患。 召回措施：通知销售商立即停止销售缺陷产品，并在公司及销售商实体店铺发布召 回 公告 ， 告知消费者具体召回事宜，为购买到缺陷产品的消费者 免费维 修、 更换或退货处理。 来源：https://www.samrdprc.org.cn/xfpzh/xfpzhgg/202411/t20241129_112474.html,high,FAIL,battery_safety_concern
CN-RECALL-20241129-112466,train,charger,锂离子电池专用 充电器（48V） 品牌 /,无锡三石电子有限公司召回部分DZL481204型号锂离子电池专用充电器（48V）,,DZL481204,,1.20220409；2.20230628,false,false,,unknown,,unknown,unknown,国家市场监督管理总局缺陷产品召回技术中心,fail,false,false,,false,,中国缺陷产品召回公告 2024-11-26。 标题：无锡三石电子有限公司召回部分DZL481204型号锂离子电池专用充电器（48V） 生产者：无锡三石电子有限公司 产品：锂离子电池专用 充电器（48V） 品牌 / 型号规格：DZL481204 存在的缺陷：输入电流的偏差小于标称值。 可能导致的后果：消费者在使用过程中可能导致电池充不足，长时间充电时，一旦发生单一故障， 单体电芯过充电压过高造成危险。 召回措施：无锡三石电子有限公司将厂门口及销售商发布召回公告，敬请消费者立即停止 使 用召回范围内的产品，并联系客户客服进行免费退换货，以消除隐患。消费 者因 本次召回所产生的邮寄等相关费用均由无锡三石电子有限公司承担。 来源：https://www.samrdprc.org.cn/xfpzh/xfpzhgg/202411/t20241129_112466.html,high,FAIL,missing_ccc_information|battery_safety_concern
CN-RECALL-20241122-112447,train,accessory,遥控玩具,汕头市澄海区品赞玩具有限公司召回部分遥控玩具,图形商标,8021,,（ 2022 ） 03001,false,false,,unknown,,unknown,unknown,国家市场监督管理总局缺陷产品召回技术中心,fail,false,false,,false,,中国缺陷产品召回公告 2024-11-20。 标题：汕头市澄海区品赞玩具有限公司召回部分遥控玩具 生产者：汕头市澄海区品赞玩具有限公司 产品：遥控玩具 品牌：图形商标 型号规格：8021 涉及数量：110 盒 存在的缺陷：1. 在儿童可预见的合理滥用下，存在可触及的危险锐利尖端 ； 2. 玩具遥控车电池表面温升 过高； 3. 电池室结构不合理，可通过玩具对其他电池充电 。 可能导致的后果：1. 可能刺伤儿童的身体部位，造成损伤 ； 2. 可能烫伤儿童皮肤，严重的可能有冒烟，起火等伤害 ； 3. 若消费者用该产品对非充电电池进行充电，存在着火甚至爆炸 危 险 。 召回措施：1. 联系销售商立即停止销售并下架该产品，对库存产品进行退货； 2. 在汕头市澄海区 玩具 协会网站上发布召回公告信息，同时在经 销 商处发布召回公告； 3. 主动联系消费者告知召回事宜，接受消费者咨询，为消费者提 供 免费更换 / 退货等服务。 来源：https://www.samrdprc.org.cn/xfpzh/xfpzhgg/202411/t20241122_112447.html,high,FAIL,battery_safety_concern
CN-RECALL-20241122-112424,train,accessory,电热水壶,廉江市越众电器有限公司召回部分万利达牌电热水壶,万利达,Y-522H 2.2L 220V 50HZ 1500W,,2022-12-10,false,false,,unknown,,unknown,unknown,国家市场监督管理总局缺陷产品召回技术中心,fail,false,false,,false,,中国缺陷产品召回公告 2024-11-19。 标题：廉江市越众电器有限公司召回部分万利达牌电热水壶 生产者：廉江市越众电器有限公司 产品：电热水壶 品牌：万利达 型号规格：Y-522H 2.2L 220V 50HZ 1500W 涉及数量：1008 台 存在的缺陷：电源连接和外部软线项目的 电源线无 3C 标志 不符合 GB 4706.1-2005 、 GB 4706.19-2008 标准要求。 可能导致的后果：有触电等风险，存在安全隐患。 召回措施：通知销售商立即停止销售缺陷产品，并在公司及销售商实体店铺发 布召回公告 ， 告知消费者具体召回事宜，为购买到缺陷产品的消费 者免费维修、更换 无 3C 标志 电源线 。 来源：https://www.samrdprc.org.cn/xfpzh/xfpzhgg/202411/t20241122_112424.html,high,FAIL,missing_ccc_information|battery_safety_concern
CN-RECALL-20241122-112423,train,accessory,西施电饭煲,廉江市华邦电器厂召回部分现代牌西施电饭煲,现代,HB-AT50-90B2,,20240515001,false,false,,unknown,,unknown,unknown,国家市场监督管理总局缺陷产品召回技术中心,fail,false,false,,false,,"中国缺陷产品召回公告 2024-11-19。 标题：廉江市华邦电器厂召回部分现代牌西施电饭煲 生产者：廉江市华邦电器厂 产品：西施电饭煲 品牌：现代 型号规格：HB-AT50-90B2 涉及数量：1014 台 存在的缺陷：电源线无 CCC 标志、制造厂名、产品型号规格和额定电压的连续标志。 电源线的标称横截面积小于 0.75mm 2 可能导致的后果：可能引起触电和起火危险 , 存在安全隐患。 召回措施：通知销售商立即停止销售缺陷产品，并在公司及销售商实体店铺发布 召回公告 ， 告知消费者具体召回事宜，为购买到缺陷产品的消费者 免 费维修、更换或退货处理。 来源：https://www.samrdprc.org.cn/xfpzh/xfpzhgg/202411/t20241122_112423.html",high,FAIL,missing_ccc_information|battery_safety_concern
CN-RECALL-20241122-112422,train,accessory,电饭锅,广东欧格尔电器有限公司召回部分半球牌电饭锅,半球,FJ20-X 220V 400W 2.0L,,202403/1401,false,false,,unknown,,unknown,unknown,国家市场监督管理总局缺陷产品召回技术中心,fail,false,false,,false,,中国缺陷产品召回公告 2024-11-19。 标题：广东欧格尔电器有限公司召回部分半球牌电饭锅 生产者：广东欧格尔电器有限公司 产品：电饭锅 品牌：半球 型号规格：FJ20-X 220V 400W 2.0L 涉及数量：104 台 存在的缺陷：电源连接和外部软线 项目不符合 GB 4706.1-2005 、 GB 4706.19-2008 标准。 可能导致的后果：有触电等风险，存在安全隐患。 召回措施：通知销售商立即停止销售缺陷产品，并在公司及销售商实体店铺发 布召回公告 ， 告知消费者具体召回事宜，为购买到缺陷产品的消费 者 免费更换 带有 3C 标志 制造厂名的 电源线 。 来源：https://www.samrdprc.org.cn/xfpzh/xfpzhgg/202411/t20241122_112422.html,high,FAIL,missing_ccc_information|battery_safety_concern
CN-RECALL-20241115-112371,train,accessory,泡泡玩具,汕头市小马蜂玩具有限公司召回部分泡泡玩具,,735 - 006,,202206,false,false,,unknown,,unknown,unknown,国家市场监督管理总局缺陷产品召回技术中心,fail,false,false,,false,,中国缺陷产品召回公告 2024-11-14。 标题：汕头市小马蜂玩具有限公司召回部分泡泡玩具 生产者：汕头市小马蜂玩具有限公司 产品：泡泡玩具 型号规格：735 - 006 涉及数量：300 只 存在的缺陷：电池表面温升 过高。 可能导致的后果：可能烫伤儿童皮肤，严重的可能冒烟，起火等伤害 。 召回措施：1. 联系销售商立即停止销售并下架该产品，对库存产品进行退回； 2. 本公司及销售商通过微信、 QQ 、 微信朋友圈 、 微信视频号、 经销商 处 发布召回公告 ； 3. 主动联系消费者告知召回事宜，接受消费者咨询， 免费 为消费者提 供 退货或者换货 等 服务。 来源：https://www.samrdprc.org.cn/xfpzh/xfpzhgg/202411/t20241115_112371.html,high,FAIL,battery_safety_concern
CN-RECALL-20241115-112362,val,accessory,遥控玩具车,汕头市澄海区裕联玩具厂召回部分裕联玩具牌遥控玩具车,裕联玩具,996 - 10,,22 - 7 - 1 ， 22 - 10 - 20,false,false,,unknown,,unknown,unknown,国家市场监督管理总局缺陷产品召回技术中心,fail,false,false,,false,,中国缺陷产品召回公告 2024-11-14。 标题：汕头市澄海区裕联玩具厂召回部分裕联玩具牌遥控玩具车 生产者：汕头市澄海区裕联玩具厂 产品：遥控玩具车 品牌：裕联玩具 型号规格：996 - 10 涉及数量：60 盒 存在的缺陷：1. 电玩具电气安全的标识和使用说明标注不完整或标注错误。 2. 电池室结构不合理， 可通过玩具对其他电池充电。 可能导致的后果：1. 无法有效提醒监护人和使用者合理地使用玩具，存在因使用不当造 成 伤害事故的潜在风险。 2. 若消费者用该产品对非充电电池进行充电，存在着火甚至爆炸危险。 召回措施：1. 联系销售商立即停止销售并下架该产品，对库存产品进行退货 ； 2. 通知 销售商立即停止销售缺陷产品，并 在本公司及 销售商店 铺发布 召 回公告，告知消费者具体召回事宜，为购买到缺陷产品的消费者免 费退 货处理。 来源：https://www.samrdprc.org.cn/xfpzh/xfpzhgg/202411/t20241115_112362.html,high,FAIL,battery_safety_concern
CN-RECALL-20241115-112359,val,accessory,摩托车乘员头盔,福清市诚辉塑料制品有限公司召回部分摩托车乘员头盔,,YCHE901 、 YCHE907,,YCHE901 ： 20230 620 ； YCHE907 ： 20230525,false,false,,unknown,,unknown,unknown,国家市场监督管理总局缺陷产品召回技术中心,fail,,false,,false,,中国缺陷产品召回公告 2024-11-13。 标题：福清市诚辉塑料制品有限公司召回部分摩托车乘员头盔 生产者：福清市诚辉塑料制品有限公司 产品：摩托车乘员头盔 型号规格：YCHE901 、 YCHE907 涉及数量：YCHE901 10 个； YCHE907 26 个 存在的缺陷：护目镜项目不符合 GB 811-2022 《摩托车、电动自行车乘员头盔》 标准要求。 可能导致的后果：可能影响骑行者视野，造成交通事故，存在一定的安全隐患。 召回措施：为消费者提供免费更换护目镜服务 来源：https://www.samrdprc.org.cn/xfpzh/xfpzhgg/202411/t20241115_112359.html,high,FAIL,
CN-RECALL-20241114-112354,test,accessory,电动自行车 品牌 邦德富士达,邦德渤海电动科技(常州）有限公司召回部分邦德富士达牌电动自行车,,TDT027Z,,20220728,false,false,,unknown,,unknown,unknown,国家市场监督管理总局缺陷产品召回技术中心,fail,false,false,,false,,"中国缺陷产品召回公告 2024-11-13。 标题：邦德渤海电动科技(常州）有限公司召回部分邦德富士达牌电动自行车 生产者：邦德渤海电动科技（常州）有限公司 产品：电动自行车 品牌 邦德富士达 型号规格：TDT027Z 存在的缺陷：1.电气装置（短路保护）：电池输出端保护装置规格与明示值不一致； 2.充电器与蓄电池（蓄电池防篡改）：蓄电池与电池组盒不能合理匹 配； 可能导致的后果：1.电池输出端保护装置规格与明示值不一致, 当导线意外短路或电负 荷 过大时，电动自行车电气线路产生异常电流，实际的短路保护装置不 能达 到预期要求，局部导线会积聚大量热量，可能会引起产品着火甚至 引发火 灾； 2.蓄电池与电池组盒不能合理匹配，可能导致违规增设电池或改装电 路，使车辆超重或超速，引发交通事故。 召回措施：邦德渤海电动科技（常州）有限公司将在公司厂门口和各经销商门店发 布 召 回信息，敬请消费者立即停止使用召回范围内的产品，并联系生产 者、 经销 商进行免费维修，以消除安全隐患。消费者因本次召回所产生 的邮寄 等相关 费用均由邦德渤海电动科技（常州）有限公司承担。 来源：https://www.samrdprc.org.cn/xfpzh/xfpzhgg/202411/t20241114_112354.html",high,FAIL,battery_safety_concern
CN-RECALL-20241113-112339,train,accessory,益智电动玩具,汕头市金湘煌玩具有限公司召回部分金湘煌牌益智电动玩具,金湘煌,NO.2629 - T26,,2208005,false,false,,unknown,,unknown,unknown,国家市场监督管理总局缺陷产品召回技术中心,fail,false,false,,false,,中国缺陷产品召回公告 2024-11-12。 标题：汕头市金湘煌玩具有限公司召回部分金湘煌牌益智电动玩具 生产者：汕头市金湘煌玩具有限公司 产品：益智电动玩具 品牌：金湘煌 型号规格：NO.2629 - T26 涉及数量：60 盒 存在的缺陷：电池表面温升超过限值。 可能导致的后果：可能存在烫伤儿童皮肤的安全隐患。 召回措施：1. 联系销售商立即停止销售并下架该产品，对库存产品进行退货； 2. 在我厂 厂房门口 及 销售商 实体店铺 发布召回公告 ； 3. 主动联系消费者告知召回事宜，接受消费者咨询，为消费者提供免 费 更换 / 退货等服务。 来源：https://www.samrdprc.org.cn/xfpzh/xfpzhgg/202411/t20241113_112339.html,high,FAIL,battery_safety_concern
CN-RECALL-20241112-112317,train,accessory,声光趣味玩具,汕头市汇丰泰动漫玩具有限公司召回部分惊奇和睿牌声光趣味玩具,惊奇和睿,8637,,20220 62 5,false,false,,unknown,,unknown,unknown,国家市场监督管理总局缺陷产品召回技术中心,fail,false,false,,false,,中国缺陷产品召回公告 2024-11-12。 标题：汕头市汇丰泰动漫玩具有限公司召回部分惊奇和睿牌声光趣味玩具 生产者：汕头市 汇丰泰动漫玩具有限公司 产品：声光趣味玩具 品牌：惊奇和睿 型号规格：8637 涉及数量：48 只 存在的缺陷：电池表面温升超过限值。 可能导致的后果：可能存在烫伤儿童皮肤 的安全隐患。 召回措施：1. 通知销售商立即停止销售缺陷产品，对库存产品退回； 2. 在 我司办公地和销售商 实体店铺发布召回公告 ，告知消费者具体召 回 事宜，为购买到缺陷产品的消费者免费更换一盒全新的符合安全要 求的 玩具产品或退货处理。 来源：https://www.samrdprc.org.cn/xfpzh/xfpzhgg/202411/t20241112_112317.html,high,FAIL,battery_safety_concern
CN-RECALL-20241106-112274,train,accessory,电动自行车 品牌 五羊,无锡新迪新能源车业有限公司召回部分五羊牌TDT229Z型电动自行车,,TDT229Z,,2023年4月10日,false,false,,unknown,,unknown,unknown,国家市场监督管理总局缺陷产品召回技术中心,fail,false,false,,false,,"中国缺陷产品召回公告 2024-11-05。 标题：无锡新迪新能源车业有限公司召回部分五羊牌TDT229Z型电动自行车 生产者：无锡新迪新能源车业有限公司 产品：电动自行车 品牌 五羊 型号规格：TDT229Z 存在的缺陷：1.整车质量大于55kg； 2.电动自行车由垂直向一侧倾斜25°，脚蹬上零部件触及地面； 3.蓄电池与电池组盒未合理匹配，蓄电池与电池组盒壁的最大间隙 为过大，且能晃动； 4.前灯和后灯亮度值低。 可能导致的后果：1.整车质量过重会导致车辆运动惯性增大，影响操控和制动性能， 刹车距离增加。易发生交通事故，带来安全隐患； 2.脚蹬上零部件触及地面,会影响车辆骑行安全； 3.为违规增设或改装电路提供了可能，可能导致改装后车辆超重或 超速，使用过程中会增加发生电路故障、导致起火以及发生交通事 故的风险； 4.前灯照明亮度值低，夜晚驾驶时驾驶人员看不清前方道路和物体， 易造成交通事故；后灯照明亮度值低，夜晚无法提醒后方车辆或行 人，易造成追尾事故，存在安全隐患。 召回措施：无锡新迪新能源车业有限公司将通过厂门口及各经销商在经销门店 发布召 回公告，敬请消费者立即停止使用召回范围内的产品，并联 系经销门店或 直接与联系我公司进行免费更换全新的符合要求的前 灯、后灯、曲柄、电 池仓、车架，以消除安全隐患。消费者因本次 召回所产生的维修等相关费 用均由我公司承担。 来源：https://www.samrdprc.org.cn/xfpzh/xfpzhgg/202411/t20241106_112274.html",high,FAIL,battery_safety_concern
CN-RECALL-20241106-112273,train,accessory,电动自行车 品牌 五羊,无锡新迪新能源车业有限公司召回部分五羊牌TDT229-1Z型电动自行车,,TDT229-1Z,,2023年6月20日,false,false,,unknown,,unknown,unknown,国家市场监督管理总局缺陷产品召回技术中心,fail,false,false,,false,,"中国缺陷产品召回公告 2024-11-05。 标题：无锡新迪新能源车业有限公司召回部分五羊牌TDT229-1Z型电动自行车 生产者：无锡新迪新能源车业有限公司 产品：电动自行车 品牌 五羊 型号规格：TDT229-1Z 存在的缺陷：1.鞍座长度超过350mm； 2.蓄电池与电池组盒未合理匹配，蓄电池与电池组盒壁的最大间隙为过大， 且能晃动； 3.整车质量大于55kg； 4.电动自行车由垂直向一侧倾斜25°，脚蹬上零部件触及地面。 可能导致的后果：1.鞍座尺寸过长，便于载人载货等超载行为，也存在一定安全隐患； 2.为违规增设或改装电路提供了可能，可能导致改装后车辆超重或超速， 使用 过程中会增加发生电路故障、导致起火以及发生交通事故的风险； 3.整车质量过重会导致车辆运动惯性增大，影响操控和制动性能，刹车距 离 车辆增加，易发生交通事故，带来安全隐患； 4.脚蹬上零部件触及地面,会影响车辆骑行安全。 召回措施：无锡新迪新能源车业有限公司将通过厂门口及各经销商门店发布召回公告， 敬请 消费者立即停止使用召回范围内的产品，并联系经销门店或直接与联 系我公司进 行免费更换全新的符合要求的曲柄、电池仓、车架、鞍座，以 消除安全隐患。消 费者因本次召回所产生的维修等相关费用均由我公司承 担。 来源：https://www.samrdprc.org.cn/xfpzh/xfpzhgg/202411/t20241106_112273.html",high,FAIL,battery_safety_concern
CN-RECALL-20241106-112272,train,accessory,电动自行车 品牌 五羊,无锡新迪新能源车业有限公司召回部分五羊牌TDT223-1Z型电动自行车,,TDT223-1Z,,2022年7月20日,false,false,,unknown,,unknown,unknown,国家市场监督管理总局缺陷产品召回技术中心,fail,false,false,,false,,中国缺陷产品召回公告 2024-11-05。 标题：无锡新迪新能源车业有限公司召回部分五羊牌TDT223-1Z型电动自行车 生产者：无锡新迪新能源车业有限公司 产品：电动自行车 品牌 五羊 型号规格：TDT223-1Z 存在的缺陷：1.整车质量大于55kg； 2.车辆淋水涉水时，绝缘电阻值为0MΩ； 3.短路保护装置电流规格大于说明书规定的规格； 4.蓄电池与电池组盒未合理匹配，蓄电池与电池组盒壁的最大间隙为过大， 且能晃动； 5.电动自行车后灯亮度低。 可能导致的后果：1.整车质量过重会导致车辆运动惯性增大，影响操控和制动性能，刹车距 离增加，易发生交通事故，带来安全隐患； 2.电动自行车在雨天或潮湿环境下骑行，可能发生车辆外壳漏电或短路事 故，对消费者带来安全隐患； 3.当由于导线破损或电负荷过大等原因导致电气线路产生异常电流时，电 气装置不能起到应有的保护作用，局部导线积聚大量热量，可能引起着火 甚至导致火灾； 4.为违规增设或改装电路提供了可能，可能导致改装后车辆超重或超速， 使用过程中会增加发生电路故障、导致起火以及发生交通事故的风险； 5.照明后尾灯光源亮度值低，亮度不强，会给其他交通参与者提示不够， 造成追尾碰撞，导致人身伤害。 召回措施：无锡新迪新能源车业有限公司将通过厂门口及各经销商门店发布召回公告， 敬请消 费者立即停止使用召回范围内的产品，并联系经销门店或直接与联 系我公司进行免 费更换全新的符合要求的电池仓、车架、照明尾灯、断路 器装置，并维修整车线路 与控制器对接端，注打防水胶，以消除安全隐患。 消费者因本次召回所产生的维修 等相关费用均由我公司承担。 来源：https://www.samrdprc.org.cn/xfpzh/xfpzhgg/202411/t20241106_112272.html,high,FAIL,battery_safety_concern
CN-RECALL-20241106-112271,train,accessory,电动自行车 品牌 五羊,无锡新迪新能源车业有限公司召回部分五羊牌TDT212Z型电动自行车,,TDT212Z,,2020年10月22日,false,false,,unknown,,unknown,unknown,国家市场监督管理总局缺陷产品召回技术中心,fail,false,false,,false,,中国缺陷产品召回公告 2024-11-05。 标题：无锡新迪新能源车业有限公司召回部分五羊牌TDT212Z型电动自行车 生产者：无锡新迪新能源车业有限公司 产品：电动自行车 品牌 五羊 型号规格：TDT212Z 存在的缺陷：1.整车质量大于55kg； 2.车速提示音声压级低于标准值; 3.淋水涉水试验后绝缘电阻低于标准值； 4.蓄电池与电池组盒未合理匹配，蓄电池与电池组盒壁的最大 间隙为过大，且能晃动。 可能导致的后果：1.整车质量过重会导致车辆运动惯性增大，影响操控和制动性 能，刹车距离增加，易发生交通事故，带来安全隐患； 2.车速提示音过低，将很难起到警示的作用； 3.电动自行车容易因雨天进水而使电气部件发生故障或漏电等 事故； 4.为违规增设或改装电路提供了可能，可能导致改装后车辆超 重或超速，使用过程中会增加发生电路故障、导致起火以及发 生交通事故的风险。 召回措施：无锡新迪新能源车业有限公司将通过厂门口及各经销商在经销 门店发布召回公告， 敬请 消费者立即停止使用召回范围内的产 品，并联系经销门店或直接与联系我公 司进行免费 更换全新的 符合要求的电池仓、车架、提示音装置，并维修整车线路 与控 制器对接端， 注打防水胶，以消除安全隐患。消费者因本次召 回所产生的维 修等相关费用均由我公司 承担。 来源：https://www.samrdprc.org.cn/xfpzh/xfpzhgg/202411/t20241106_112271.html,high,FAIL,battery_safety_concern
CN-RECALL-20241104-112241,train,accessory,电动自行车 品牌 自由派,锡山区京骑车辆厂召回部分自由派牌TDT2011Z电动自行车,,TDT2011Z,,202108,false,false,,unknown,,unknown,unknown,国家市场监督管理总局缺陷产品召回技术中心,fail,false,false,,false,,中国缺陷产品召回公告 2024-11-01。 标题：锡山区京骑车辆厂召回部分自由派牌TDT2011Z电动自行车 生产者：锡山区京骑车辆厂 产品：电动自行车 品牌 自由派 型号规格：TDT2011Z 存在的缺陷：1.绝缘电阻值低于标准值； 2.蓄电池未固定在电池组盒内，蓄电池与电池组盒不能合理匹配， 不 能 防止改变电池容量或电压；蓄电池与电池组盒侧壁的最大间 隙大于 30mm，未合理匹配； 3.充电线路中无熔断器或断路器保护装置； 4.侧反射器和后反射器不符合光学要求。 可能导致的后果：1.淋水涉水该项目不符合标准，电动自行车容易因雨天进水而使 电气 部 件发生故障或漏电等事故； 2.如果蓄电池与电池组盒未合理匹配，或预留扩展车载蓄电池的 接口， 则存在被改装的风险，电池电压、容量增加，超过原车设 计数值，引 起线路发热过载，引发起火爆炸等严重安全隐患； 3.在充电或使用过程中发生短路等故障时，如果短路保护装置缺 失或 失效，会导致整车在充放电过程中无法切断回路中过大电流， 从而损 坏电路，甚至引发整车电路的起火、自燃等情况； 4.后反射器、侧反射器光学性能差，消费者在光照不足的情况下 骑行 车辆，不能被其他机动车车辆有效辨别，可能导致发生交通 事故。 召回措施：锡山区京骑车辆厂通过厂门口及各经销商门店发布召回公告，敬 请消 费者立即停止使用召回范围内的产品，并联系各经销商更换 全新的符 合要求的电池仓、后反射器及侧反射器、套锁密封 圈， 加装配断 电及短路保护开关、对控制器做防水措施，以消除安全 隐患。消费者 因本次召回所产生的邮寄等相关费用均由锡山区京 骑车辆厂承担。 来源：https://www.samrdprc.org.cn/xfpzh/xfpzhgg/202411/t20241104_112241.html,high,FAIL,battery_safety_concern
CN-RECALL-20241101-112219,val,accessory,趣味玩具,汕头市澄海区澍镉玩具厂召回部分森米诺牌趣味玩具产品,森米诺,238E - 19,,202206,false,false,,unknown,,unknown,unknown,国家市场监督管理总局缺陷产品召回技术中心,fail,false,false,,false,,中国缺陷产品召回公告 2024-10-31。 标题：汕头市澄海区澍镉玩具厂召回部分森米诺牌趣味玩具产品 生产者：汕头市澄海区澍镉玩具厂 产品：趣味玩具 品牌：森米诺 型号规格：238E - 19 涉及数量：108只 存在的缺陷：1. 用于包装的塑料袋厚度 太 薄 。 2. 包装上缺少电池安全使用事项内容。 可能导致的后果：1. 由于 包装塑料袋厚度太薄，存在一旦覆盖在儿童脸部，容易吸附在 口鼻位置，可能导致窒息危险。 2. 包装缺少电池安全使用注意事项，无法有效提醒监护人或使用者合 理的使用玩具，存在因使用不当造成伤害事故的潜在风险。 召回措施：1. 通知销售商立即停止销售缺陷产品， 对库存产品退回； 2. 在 汕头市澄海区 澍镉 玩具厂 微信视频号（ 澍镉 玩具 ）和 经销商处发 布召回公告， 告知消费者具体召回事宜，为购买到缺陷产品的消费者 免费更换 一盒全新的符合安全要求的产品 或退货处理。 来源：https://www.samrdprc.org.cn/xfpzh/xfpzhgg/202411/t20241101_112219.html,high,FAIL,battery_safety_concern
CN-RECALL-20241101-112212,val,accessory,交通玩具系列,汕头市皓童玩具实业有限公司召回部分皓童玩具HAOTONG TOYS牌交通玩具系列（型号：7728）,皓童玩具 HAOTONG TOYS,7728,,20220726001,false,false,,unknown,,unknown,unknown,国家市场监督管理总局缺陷产品召回技术中心,fail,false,false,,false,,中国缺陷产品召回公告 2024-10-31。 标题：汕头市皓童玩具实业有限公司召回部分皓童玩具HAOTONG TOYS牌交通玩具系列（型号：7728） 生产者：汕头市皓童玩具实业有限公司 产品：交通玩具系列 品牌：皓童玩具 HAOTONG TOYS 型号规格：7728 涉及数量：112 只 存在的缺陷：电玩具电气安全的标识和使用说明标注错误，玩具电池室内标注的正负 极性与实际使用时放置电池的极性相反。 可能导致的后果：无法有效提醒监护人和使用者合理地使用玩具，存在因使用不当造成伤 害事故的潜在风险 召回措施：由于销售商并无库存产品，通知销售商通过电话告知消费者具体召回 事宜，同时在公众号发布召回通知，为购买到缺陷产品的消费者提供 免费更换的处理。 来源：https://www.samrdprc.org.cn/xfpzh/xfpzhgg/202411/t20241101_112212.html,high,FAIL,battery_safety_concern
CN-RECALL-20241101-112198,test,accessory,电动自行车 品牌 1）好耐奇 2）三田牌,无锡万源机车有限公司召回好耐奇牌、三田牌电动自行车,,1）TDT807Z；2）TDT6021Z,,1）20200805、20201212、20201214 2）20220520、20200617、20200802,false,false,,unknown,,unknown,unknown,国家市场监督管理总局缺陷产品召回技术中心,fail,false,false,,false,,中国缺陷产品召回公告 2024-10-31。 标题：无锡万源机车有限公司召回好耐奇牌、三田牌电动自行车 生产者：无锡万源机车有限公司 产品：电动自行车 品牌 1）好耐奇 2）三田牌 型号规格：1）TDT807Z；2）TDT6021Z 存在的缺陷：一、TDT807Z 好耐奇牌 电池输出端中断路器保护装置规格与使用说明书不一致。 二、TDT6021Z 三田牌 1.电池输出端中断路器保护装置规格与使用说明书不一致； 2.整车质量大于55kg； 3.整车垂直向一侧倾斜25°，脚蹬触及地面。 可能导致的后果：1.车辆实际熔断器规格与说明书不一致，会造成需要新更换的熔断器规格 不匹配，起不到应有的保护作用； 2.整车质量过重会导致车辆运动惯性增大，影响操控和制动性能，刹车距 离增加，易发生交通事故，带来安全隐患； 3.在骑行转弯过程中，脚蹬触及地面，容易造成交通事故，给自身和行人 造成伤害。 召回措施：无锡万源机车有限公司将通过厂门口及各经销商门店发布召回公告，敬请 消费者立即停止使用召回范围内的产品，并联系各经销商进行免费维修， 以消除安全隐患。消费者因本次召回所产生的邮寄等相关费用均由无锡万 源机车有限公 司承担。 维修方式如下： 1.TDT807Z 好耐奇牌：更换说明书； 2.TDT6021Z 三田牌：更换脚蹬曲柄、说明书、前轮。 来源：https://www.samrdprc.org.cn/xfpzh/xfpzhgg/202411/t20241101_112198.html,high,FAIL,battery_safety_concern
CN-RECALL-20241101-112197,train,accessory,电动自行车 品牌 格林牌,无锡宝岛车业科技有限公司召回格林牌TDT047Z电动自行车,,TDT047Z,,2023-10-19,false,false,,unknown,,unknown,unknown,国家市场监督管理总局缺陷产品召回技术中心,fail,false,false,,false,,中国缺陷产品召回公告 2024-10-31。 标题：无锡宝岛车业科技有限公司召回格林牌TDT047Z电动自行车 生产者：无锡宝岛车业科技有限公司 产品：电动自行车 品牌 格林牌 型号规格：TDT047Z 存在的缺陷：充电线路未安装熔断器或断路器保护装置。 可能导致的后果：在充电或使用过程中发生短路等故障时，如果短路保护装置缺失 或 失效， 会导致整车在充放电过程中无法切断回路中过大电流，从而 损坏电路， 甚至引发整车电路的起火、自燃等情况。 召回措施：无锡宝岛车业科技有限公司将通过厂门口及各经销商门店发布召回 信息， 敬请消费者立即停止使用召回范围内的产品，并联系经销商 进行免费更 换充电线路，加装短路保护装置（熔断器），以消除安 全隐患。消费者 因本次召回所产生的邮寄等相关费用均由无锡宝岛 车业科技有限公司承 担。 来源：https://www.samrdprc.org.cn/xfpzh/xfpzhgg/202411/t20241101_112197.html,high,FAIL,battery_safety_concern
CN-RECALL-20241031-112191,train,accessory,锂电无刷角磨机 品牌 环艺,南通环艺机电科技有限公司召回环艺牌锂电无刷角磨机,,H-5250,,2024031501,false,false,,unknown,,unknown,unknown,国家市场监督管理总局缺陷产品召回技术中心,fail,false,false,,false,,中国缺陷产品召回公告 2024-10-30。 标题：南通环艺机电科技有限公司召回环艺牌锂电无刷角磨机 生产者：南通环艺机电科技有限公司 产品：锂电无刷角磨机 品牌 环艺 型号规格：H-5250 存在的缺陷：在拿起或搬运工具时，会意外触碰开关，启动工具。 可能导致的后果：工具意外操作启动后容易造成人员机械伤害。 召回措施：南通环艺机电科技有限公司将在经销商门店等发布召回信息，敬请消 费者立 即停止使用召回范围内的产品，并联系经销商等进行免费退货、 退款或者更 换等具体措施，以消除安全隐患。消费者因本次召回所产 生的邮寄等相关费 用均由南通环艺机电科技有限公司承担。 来源：https://www.samrdprc.org.cn/xfpzh/xfpzhgg/202410/t20241031_112191.html,high,FAIL,battery_safety_concern
CN-RECALL-20241031-112190,train,accessory,无刷充电起子电钻 品牌 大艺人,江苏濠河新能源技术有限公司召回大艺人牌充电钻（型号：1604）,,1604,,202404001,false,false,,unknown,,unknown,unknown,国家市场监督管理总局缺陷产品召回技术中心,fail,false,false,,false,,中国缺陷产品召回公告 2024-10-30。 标题：江苏濠河新能源技术有限公司召回大艺人牌充电钻（型号：1604） 生产者：江苏濠河新能源技术有限公司 产品：无刷充电起子电钻 品牌 大艺人 型号规格：1604 存在的缺陷：工具上支撑连接件的非金属材料阻燃性能不符合要求，在850℃灼热丝试验后， 移开 灼热丝未熄灭，继续燃烧，时间大于30s。 可能导致的后果：工具上支撑连接件的非金属材料不能耐受非正常热，引起着火危险。 召回措施：公司将在经销商门店等发布召回信息，敬请消费者立即停止使用召回范围内的 产 品， 并联系生产商、经销商进行退货、退款或者更换措施，以消除安全隐患。 消 费者因 本次召回所产生的邮寄等相关费用均由濠河公司承担。 来源：https://www.samrdprc.org.cn/xfpzh/xfpzhgg/202410/t20241031_112190.html,high,FAIL,battery_safety_concern
CN-RECALL-20241017-112115,train,accessory,电动自行车 品牌 凤凰牌,常州洪都电动车有限公司召回部分凤凰牌电动自行车,,TDT2121Z,,2023-02-02/--,false,false,,unknown,,unknown,unknown,国家市场监督管理总局缺陷产品召回技术中心,fail,false,false,,false,,中国缺陷产品召回公告 2024-10-16。 标题：常州洪都电动车有限公司召回部分凤凰牌电动自行车 生产者：常州洪都电动车有限公司 产品：电动自行车 品牌 凤凰牌 型号规格：TDT2121Z 存在的缺陷：1、整车质量大于55kg； 2、反射器、照明和鸣号装置（反射器、照明）：侧反射器、脚蹬 反射器光学要求不合格，后灯亮度不合格； 3、电气装置（短路保护），电池输出端中断路保护装置规格参数 不符合使用说明书明示的规定； 4、充电器与蓄电池（蓄电池防篡改），蓄电池与电池组盒侧壁最 大间隙大于30mm，有晃动。 可能导致的后果：1、由于整车质量大于55kg，超重使得惯性过大，影响操控和制动 性能，刹车距离增加，可能导致发生交通事故，造成或加重交通 参与者的人身伤害。 2、由于侧反射器、脚蹬反射器光学要求不合格，消费者在光照 不足的情况下骑行，不能被其他机动车辆有效辨别，可能导致交 通事故的后果。由于后灯亮度不合格，消费者夜晚骑行时，不易 观察清楚路面情况，或不能被其他机动车辆有效辨别，可能导致 交通事故，造成人员意外受伤的后果。 3、由于电气装置(短路保护) ，断路保护装置规格参数不符合使 用说明书明示的规定；可能导致当由于导线破损或电负荷过大等 原因导致电气线路产生异常电流时，局部导线积聚大量热量，造 成产品起火甚至导致火灾的后果。 4、由于充电器与蓄电池（蓄电池防篡改），蓄电池与电池组盒侧 壁最大间隙大于30mm，有晃动。为违规增设电池或改装电路提供 了可能，可能导致车辆超重或超速，造成起火以及发生交通事故 的后果。 召回措施：常州洪都电动车有限公司将在 厂门口和天津兴世达 经销商门店发 布召回信息，敬请消费者立即停止使用召回范围内的产品，并联 系经销商进行免费维修更换，以消除安全隐患。消费者因本次召 回所产生的邮寄等相关费用均由常州洪都电动车有限公司承担。 来源：https://www.samrdprc.org.cn/xfpzh/xfpzhgg/202410/t20241017_112115.html,high,FAIL,battery_safety_concern
CN-RECALL-20241017-112114,train,accessory,电动自行车F90 品牌 九号,九号科技有限公司召回部分九号牌电动自行车,,TDT056Z,,1 、20220825/-- 2 、20220930/--,false,false,,unknown,,unknown,unknown,国家市场监督管理总局缺陷产品召回技术中心,fail,,false,,false,,中国缺陷产品召回公告 2024-10-16。 标题：九号科技有限公司召回部分九号牌电动自行车 生产者：九号科技有限公司 产品：电动自行车F90 品牌 九号 型号规格：TDT056Z 存在的缺陷：1 、侧反射器未达到标准规定的反射亮度值 2 、 照明灯亮度低 可能导致的后果：1 、侧反射器未达到标准规定的反射亮度值，可能导致消费者在光照不足 的情况下骑行，不能被其他机动车辆有效辨别，造成交通事故。 2 、照明灯亮度低，可能导致消费者夜晚骑行时，不易观察清楚路面情况， 或不能被其他机动车辆有效辨别，造成交通事故，存在人员意外受伤的风 险。 召回措施：九号科技有限公司将在厂门口和各经销商门店发布召回信息，敬请消费 者立即停止使用召回范围内的产品，并联系各经销商进行免费维修，更 换有问题的反射器以及灯具，以消除安全隐患。消费者因本次召回所产 生的维修、邮寄等相关费用均由九号科技有限公司承担。 来源：https://www.samrdprc.org.cn/xfpzh/xfpzhgg/202410/t20241017_112114.html,high,FAIL,
CN-RECALL-20241017-112113,train,accessory,电动自行车 品牌 新蕾,新蕾车业无锡有限公司召回部分新蕾牌电动自行车,,（1） TDT581-1Z ；（2） TDT578-1Z ；（3） TDT580Z ； （4） TDT582Z ； （5） TDR576-1Z ；（6） TDR592-1Z ； （7） TDT581Z,,,false,false,,unknown,,unknown,unknown,国家市场监督管理总局缺陷产品召回技术中心,fail,false,false,,false,,中国缺陷产品召回公告 2024-10-15。 标题：新蕾车业无锡有限公司召回部分新蕾牌电动自行车 生产者：新蕾车业无锡有限公司 产品：电动自行车 品牌 新蕾 型号规格：（1） TDT581-1Z ；（2） TDT578-1Z ；（3） TDT580Z ； （4） TDT582Z ； （5） TDR576-1Z ；（6） TDR592-1Z ； （7） TDT581Z 存在的缺陷：（1） 型号TDT581-1Z ①整车质量64.2kg，大于55kg； ②控制系统(过流保护功能)：控制系统输入电流最大值25.1A 与明示 值28±1A不一致； ③电器与蓄电池(蓄电池防篡改)项：蓄电池未固定在电池组盒内，蓄 电池与电池组盒不能合理匹配，不能防止改变电池容量或电压；蓄电 池与电池组盒侧壁的最大间隙为 90mm，有晃动。 （2） 型号TDT578-1Z ①整车质量62.3kg，大于55kg； ②电器与蓄电池(蓄电池防篡改)项：蓄电池未固定在电池组盒内，蓄 电池与电池组盒不能合理匹配，不能防止改变电池容量或电压；蓄电 池与电池组盒侧壁的最大间隙为73mm，有晃动。 （3）型号TDT580Z ①整车质量58.9kg，大于55kg； ②控制系统(过流保护功能):控制系统输入电流最大值25.4A 与明示 值28±1A不一致； ③电器与蓄电池(蓄电池防篡改)项：蓄电池未固定在电池组盒内，蓄 电池与电池组盒不能合理匹配，不能防止改变电池容量或电压；蓄电 池与电池组盒侧壁的最大间隙为47mm，有晃动。 （4） 型号TDT582Z ①整车质量60.5kg，大于55kg； ②电气装置（导线布置安装）：电气系统蓄电池接线裸露； ③电器与蓄电池(蓄电池防篡改)项：蓄电池未固定在电池组盒内，蓄 电池与电池组盒不能合理匹配，不能防止改变电池容量或电压；蓄电 池与电池组盒侧壁的最大间隙为47mm，有晃动。 （5） 型号TDR576-1Z ① 整车质量59.6kg，大于55kg； ② 电器与蓄电池(蓄电池防篡改)项：蓄电池与电池组盒侧壁的最大间 隙大于30mm，未合理匹配。 (6) 型号TDR592-1Z ① 整车质量66.1kg，大于55kg； ②结构（防碰擦）：样车的不动件与运动件碰擦干涉； ③电器与蓄电池(蓄电池防篡改)项：蓄电池与电池组盒侧壁的最大间 隙大于30mm，未合理匹配 （7） 型号TDT581Z 整车质量58.6kg，大于55kg。 可能导致的后果：1 、整车质量过重会导致车辆运动惯性增大，影响操控和制动性能，刹 车距离增加，极 易发生交通事故，带来安全隐患。 2 、控制器输入电流最大值变小，车辆在爬坡时，电机运转需要更大电 流，电流太小引 起电机动力不足，车辆爬坡困难 ，影响骑行安全。 3 、蓄电池与电池组盒侧壁的最大间隙过大，为电动自行车电池进行扩 容改装提供了空 间，违规提高电池容量和电压。如果蓄电池与电池组盒 未合理匹配，则 存在被改装的 风险，电池电压、容量增加，超过原车设 计数值，引起线路发热过载，引发起火爆炸 等严重安全隐患。 4 、电气装置（导线布置安装）：电气系统蓄电池接线裸露；导线布线安 装不符合标 准，无法起到对人体直接接触带电部位的防护作用，还可能 由于带电金属部位受潮或 浸水存在短路风险，引发火灾事故。 5 、 电动自行车的不动件与运动件发生碰擦，消费者骑行时存在一定的安 全隐患。 召回措施：新蕾车业无锡有限公司将通过厂门口及各经销商门店发布召回信息，敬请 消费者立 即停止使用召回范围内的产品，并联系各经销商进行免费维修， 以消除安全隐患。 维修方式如下： 1 、型号TDT581-1Z：更换全新的符合要求的车架、 后衣架、 控制器及电池 组盒（座 桶）、拆除中撑； 2 、型号TDT578-1Z及 TDR576-1Z：更换全新的符合要求的车架、后衣架及 电池组 盒（座桶）； 3 、TDT580Z：更换全新的符合要求的车架、控制器及电池组盒（座桶）； 4 、型号TDT582Z：更换全新的符合要求的车架、蓄电池连接线（有接头防 护盖） 及电池组盒（座桶）、拆除中撑； 5 、型号TDR592-1Z：更换全新的符合要求的车架、后衣架、电池组盒（座 桶）、 曲柄； 6 、型号TDT581Z：更换全新的符合要求的车架。 来源：https://www.samrdprc.org.cn/xfpzh/xfpzhgg/202410/t20241017_112113.html,high,FAIL,battery_safety_concern
CN-RECALL-20241017-112112,train,accessory,电动自行车 品牌 小鸟,小鸟车业有限公司召回部分小鸟牌电动自行车,,1.TDT607Z、2.TDT653Z、3.TDT689Z、4.TDT683Z、5.TDT652Z、 6.TDT631Z,,1.2022-08-18、2.2022-08-13、3.2022-08-14、 4.2022-09-03、5.2022-09-12、6.2022-08-17,false,false,,unknown,,unknown,unknown,国家市场监督管理总局缺陷产品召回技术中心,fail,false,false,,false,,中国缺陷产品召回公告 2024-10-15。 标题：小鸟车业有限公司召回部分小鸟牌电动自行车 生产者：小鸟车业有限公司 产品：电动自行车 品牌 小鸟 型号规格：1.TDT607Z、2.TDT653Z、3.TDT689Z、4.TDT683Z、5.TDT652Z、 6.TDT631Z 存在的缺陷：一、TDT607Z、TDT653Z 1、整车质量：整车质量超重； 2、控制系统（过流保护功能）：控制系统输入电流最大值与明示 值 不一致。 二、TDT689Z 1、控制系统（过流保护功能）：控制系统输入电流最大值24.5A， 与 明示值22±1A不一致； 2、充电器与蓄电池（蓄电池防篡改）：蓄电池与电池组侧壁的最 大间 隙为45mm，有晃动。 三、TDT683Z 1、整车质量：整车质量超重，达到56.9kg； 2、尺寸限值：轴距超长，达到1288mm； 3、控制系统（过流保护功能）：控制系统输入电流最大值24.3A， 与明 示值22±1A不一致。 四、TDT652Z、TDT631Z 1、整车质量：整车质量超重； 2、控制系统（过流保护功能）：控制系统输入电流最大值与明 示值不 一致。 可能导致的后果：1、整车质量过重，会导致车辆运动惯性增大，影响操控和制动 性能， 刹车距离增加，极易发生交通事故，带来安全隐患 ； 2、控制系统中过流保护值设置过高会导致车辆在超载或上坡时， 会因 电流过大引起元件起火； 3、蓄电池与电池组盒未合理匹配，或预留扩展车载蓄电池的接 口，则 存在被改装的风险，电池电压、容量增加，超过原车设计 数值，引起线 路发热过载，引发起火爆炸等严重安全隐患； 4、车辆超长、超宽，会挤占非机动车道的空间，易与其他非机 动车以 及行人发生擦碰。 召回措施：小鸟车业有限公司将将通过工厂门口及各销售门店发布召回信 息，敬 请 消费者立即停止使用召回范围内的产品，并联系经销 商进行免费维修 更 换，以消除安全隐患。消费者因本次召回所 产生的邮寄等相关费用均由 小鸟车业有限公司承担。 维修更换方式如下： 1、TDT607Z及TDT653Z更换全新的符合要求的后衣架、控制器， 拆除加装 的工具斗、后衣架塑件； 2、TDT689Z更换全新的符合要求的控制器、座桶； 3、TDT683Z更换全新的符合要求的后平叉、控制器，拆除加装 的电池盒； 4、TDT652Z及TDT631Z更换全新的符合要求的控制器、拆除加 装的电池盒。 来源：https://www.samrdprc.org.cn/xfpzh/xfpzhgg/202410/t20241017_112112.html,high,FAIL,battery_safety_concern
CN-RECALL-20241017-112111,val,accessory,电动自行车 品牌 邦德富士达,邦德渤海电动科技（常州）有限公司召回部分邦德富士达牌电动自行车,,1、 TDT018Z 2、 TDT024Z 3、 TDT064Z,,1、2022-09-19/-- 2、2022-05-07/-- 3、2022-08-10/--,false,false,,unknown,,unknown,unknown,国家市场监督管理总局缺陷产品召回技术中心,fail,false,false,,false,,中国缺陷产品召回公告 2024-10-14。 标题：邦德渤海电动科技（常州）有限公司召回部分邦德富士达牌电动自行车 生产者：邦德渤海电动科技（常州）有限公司 产品：电动自行车 品牌 邦德富士达 型号规格：1、 TDT018Z 2、 TDT024Z 3、 TDT064Z 存在的缺陷：1、邦德富士达牌TDT018Z型号： （1）反射器：侧反射器光学要求未达到反射亮度值； （2）照明和鸣号装置：后灯亮度值低。 2、邦德富士达牌TDT024Z型号： （1）车速限值：最高车速值28.8km/h，超过标准限值； （2）整车质量：装配完整的电动自行车的整车质量60.6kg，超过标准限值； （3）车速提示音：车速达到15km/h 时无车速提示音； （4）电气装置（导线布线安装短路保护）：电池输出端熔断器规格为35A， 不符 合 说 明书规定的25A；导线夹紧装置无绝缘内衬； （5）反射器、照明和鸣号装置（照明）：前灯、后灯亮度值低。 3、邦德富士达牌TDT064Z型号： （1）整车质量：超重，超过标准限值； （2）尺寸限值：鞍座超长，超过标准限值； （3）电气装置（短路保护）：电池输出端的短路保护装置规格、参数与使 用说 明 书 不一致； （4）蓄充电器与蓄电池（蓄电池防篡改）：蓄电池与电池组盒不能合理匹 配。 可能导致的后果：1、整车质量超重，产品过重使得惯性过大，当电动自行车发生碰撞时，可能 造成 或 加重交通参与者的人身伤害。 2、尺寸限值超标，鞍座长度过长，为载人和装载货物提供了方便，可能导致 整车 超 载，增加发生交通事故的风险。 3、车辆照明亮度低，消费者夜晚骑行时，不易观察清楚路面情况，可能存在 意外 导 致人员受伤的风险。 4、电气装置（短路保护），电池输出端保护装置规格与明示不一致；当由于 导线 破 损或电负荷过大等原因导致电气线路产生异常电流时，局部导线积聚 大量热量， 可能 引起产品起火甚至导致火灾。导线夹紧装置无绝缘内衬，容 易造成短路故障。 5、充电器与蓄电池（蓄电池防篡改）；蓄电池与电池组盒未合理匹配；或电 池和 电 池组合匹配不合理。为违规增设电池或改装电路提供了可能，会造成 车辆超重 或 超 速，导致起火以及发生交通事故的风险。 6、电动自行车最高车速过快，可能因车速过快引起前制动力增加，从而导致 制动 失 效、侧滑和前翻的危险，同时当骑行者骑行速度过快，出现突发状况 时，骑行 者 可 能因来不及反应导致失去平衡或发生碰撞，造成骑行者或其他 交通参与者的 人身 伤害。 7、如无车速提示音，骑行时电动自行车超过一定速度没有提示音，不能引起 骑行 者 注意而控制车速，当车速过快时 骑行者可能因来不及反应导致发生 碰撞情 况，造 成骑行者或者其他交通参与者的人身伤害。 8、反射器光学要求未达到反射亮度值，消费者在光照不足的情况下骑行，不 能被 其 他机动车辆有效辨别，可能导致交通事故。 召回措施：邦德渤海电动科技（常州）有限公司将在公司厂门口和各经销商门店发布召 回信 息， 敬请消费者立即停止使用召回范围内的产品，并联系生产者、经销 商进行免 费维修， 以消除安全隐患。消费者因本次召回所产生的邮寄等相关 费用均由邦德 渤海电动科 技（常州）有限公司承担。 来源：https://www.samrdprc.org.cn/xfpzh/xfpzhgg/202410/t20241017_112111.html,high,FAIL,battery_safety_concern
CN-RECALL-20241017-112110,val,accessory,电动自行车 品牌 绿能,江苏绿能电动车科技公司召回部分绿能牌电动自行车,,TDT061Z【尚宝升级旗舰版F-2】,,2022-05-25/--,false,false,,unknown,,unknown,unknown,国家市场监督管理总局缺陷产品召回技术中心,fail,,false,,false,,中国缺陷产品召回公告 2024-10-14。 标题：江苏绿能电动车科技公司召回部分绿能牌电动自行车 生产者：江苏绿能电动车科技有限公司 产品：电动自行车 品牌 绿能 型号规格：TDT061Z【尚宝升级旗舰版F-2】 存在的缺陷：1、整车质量大于55kg，车辆超重 ； 2.照明灯亮度过低。 可能导致的后果：1、整车质量大于55kg，车辆超重，使得惯性过大，影响操控和制动 性能，刹车 距离增 加，可能导致发生交通事故，造成或加重交通参 与者的人身伤害； 2、照明灯亮度过低，消费者夜晚骑行时，不易观察清楚路面情况， 可能导致人 员意外 受伤。 召回措施：江苏绿能电动车科技有限公司将在公司网站首页、经销商门店等发布 召回信息， 敬请 消费者立即停止使用召回范围内的产品，并联系生产 者、经销商等进行免 费维修，以 消除安全隐患。消费者因本次召回所 产生的相关费用均由江苏绿能 电动车科技有限公 司承担。 来源：https://www.samrdprc.org.cn/xfpzh/xfpzhgg/202410/t20241017_112110.html,high,FAIL,
CN-RECALL-20241017-112108,test,accessory,电动自行车 品牌 捷羚,无锡市苏羚动力科技有限公司召回部分捷羚牌TDT605Z型电动自行车,,TDT605Z,,1）捷羚：2023年5月18日 2）捷羚：2023年7月15日,false,false,,unknown,,unknown,unknown,国家市场监督管理总局缺陷产品召回技术中心,fail,false,false,,false,,中国缺陷产品召回公告 2024-10-14。 标题：无锡市苏羚动力科技有限公司召回部分捷羚牌TDT605Z型电动自行车 生产者：无锡市苏羚动力科技有限公司 产品：电动自行车 品牌 捷羚 型号规格：TDT605Z 存在的缺陷：一、捷羚牌 T DT605Z，生产日期为2023年5月18日 1） 尺寸限值mm：鞍座长度超长为550mm。 二、捷羚牌TDT605Z，生产日期为2023年7月15日 1) 整车质量， 整车质量过重达68.5kg； 2）充电器与蓄电池（蓄电池防篡改）：有外设蓄电池托架； 3）反射器：后反射器、脚蹬反射器不符合光学要求； 4）照明：后尾灯不符合亮度值要求。 可能导致的后果：1） 鞍座尺寸过长，便于载人载货等超载行为，也存在一定安全隐 患； 2）整车质量过重会导致车辆运动惯性增大，影响操控和制动性能， 刹 车距离增加，极易发生交通事故，带来安全隐患； 3） 外设蓄电池托架，为电动自行车违规改装留存空间，可能导致 改 装 后的车辆超重或超速，存安全隐患； 4） 反射器光学要求不符合标准要求，夜间在道路灯光较暗的路面 上 骑 行，受到汽车等其他交通工具灯光照射时，反射器无法起到有 效 警示 作 用，从而影响骑行者人身安全； 5）后尾照明亮度不符合，会导致夜晚无法提醒后方车辆或行人， 易 造 成追尾事故，存在安全隐患。 召回措施：无锡苏羚动力科技有限公司将通过厂门口及各经销商门店 发布召 回 公 告，敬请消费者立即停止使用召回范围内的产品，并联系各 经销 商进 行维修，以消除安全隐患。消费者因本次召回所产生的 邮寄等 相关费 用均由无锡苏羚动力科技有限公司承担。 维修方式如下： 1）捷羚牌TDT605Z，生产日期为2023年5月18日：更换全新的符合 要 求的鞍座。 2）捷羚牌TDT605Z，生产日期为2023年7月15日：拆除蓄电池外设 托 架以及加装的铁电池盒、隔脚，并称重达到符合要求的整车质 量值、 更换全新的符合要求的后反射器、脚蹬反射器及后尾灯。 来源：https://www.samrdprc.org.cn/xfpzh/xfpzhgg/202410/t20241017_112108.html,high,FAIL,battery_safety_concern
CN-RECALL-20241012-112097,train,accessory,电动自行车 品牌 国威,江苏国威摩托车有限公司召回国威牌电动自行车,,TDT019Z,,,false,false,,unknown,,unknown,unknown,国家市场监督管理总局缺陷产品召回技术中心,fail,false,false,,false,,中国缺陷产品召回公告 2024-10-11。 标题：江苏国威摩托车有限公司召回国威牌电动自行车 生产者：江苏国威摩托车有限公司 产品：电动自行车 品牌 国威 型号规格：TDT019Z 存在的缺陷：1、短路保护：充电线路无装有熔断器或断路器保护装置； 2、反射器：后反射器、脚蹬反射器光学要求不符合。 3、照明：前灯亮度值不符合标准要求，无安装后灯。 可能导致的后果：1、充电线路无装有熔断器或断路器保护装置，在充电过程中发 生短路等故 障时，如果短路保护装置缺失或失效，会导致整车 在充电过程中无法切断 回路中过大电流，从而损坏电路，甚至 引发整车电路的起火、自燃等情况； 2、反射器光学要求不符合标准要求，夜间在道路灯光较暗的路 面上骑行， 受到汽车等其他交通工具灯光照射时，反射器无法 起到有效警示作用，从 而影响骑行者人身安全； 3、前灯照明亮度值不足，夜晚驾驶时驾驶人员看不清前方道路 和物体，易 造成交通事故；没有安装后灯，夜晚无法提醒后方 车辆或行人，易造成追 尾事故，存在安全隐患。 召回措施：江苏国威摩托车有限 公司将通过厂门口及各销售门店发布召回信 息，敬请 消费者立即停止使用召回范围内的产品，并联系江苏国 威摩托车有限公司 及各经销商进行免费加装全新的符合要求的充 电线路熔断器、后灯以及更 换前灯、后反射器、脚蹬反射器，以 消除安全隐患。消费者因本次召 回所 产生的邮寄等相关费用均由 江苏国威摩托车有限公司承担。 来源：https://www.samrdprc.org.cn/xfpzh/xfpzhgg/202410/t20241012_112097.html,high,FAIL,battery_safety_concern
CN-RECALL-20241011-112089,train,accessory,电动自行车,惠州市星奇仕运动用品有限公司召回部分星奇仕牌和竞腾牌电动自行车,TDT00 3 Z ： 星奇仕 TDT008Z ： 竞腾,TD0003Z 、 TDT008Z,,TD0003Z ： 20200813 TDT008Z ： 20200830,false,false,,unknown,,unknown,unknown,国家市场监督管理总局缺陷产品召回技术中心,fail,false,false,,false,,中国缺陷产品召回公告 2024-10-09。 标题：惠州市星奇仕运动用品有限公司召回部分星奇仕牌和竞腾牌电动自行车 生产者：惠州市星奇仕运动用品有限公司 产品：电动自行车 品牌：TDT00 3 Z ： 星奇仕 TDT008Z ： 竞腾 型号规格：TD0003Z 、 TDT008Z 涉及数量：TD0003Z ： 30 台 TDT008Z ： 65 台 存在的缺陷：TD O 003Z ： 1. 车速提示音声压级低 ； 2. 淋水涉水后，绝缘电阻偏低 。 TDT008Z ： 车辆未要求安装正确的短路保护装置 。 可能导致的后果：TD O 003Z ： 1. 易导致无法有效提醒骑行者，车速过快可能会导致交通 事故； 2. 可能会导致电动自行车外壳漏电。 TDT008Z ： 可能引起起火甚至爆炸的危险。 召回措施：通知销售商立即停止销售缺陷产品， 并在公司发布召回公告 ， 告知 消 费者 具体召回事宜，为购买到缺陷产品的消费者免费修理处理。 来源：https://www.samrdprc.org.cn/xfpzh/xfpzhgg/202410/t20241011_112089.html,high,FAIL,battery_safety_concern
CN-RECALL-20241010-112084,train,accessory,星乐比玩具套装,汕头市星乐比玩具实业有限公司召回部分小伶同学牌星乐比玩具套装,小伶同学,XLB707,,一批次,false,false,,unknown,,unknown,unknown,国家市场监督管理总局缺陷产品召回技术中心,fail,false,false,,false,,中国缺陷产品召回公告 2024-10-08。 标题：汕头市星乐比玩具实业有限公司召回部分小伶同学牌星乐比玩具套装 生产者：汕头市星乐比玩具实业有限公司 产品：星乐比玩具套装 品牌：小伶同学 型号规格：XLB707 涉及数量：27 盒 存在的缺陷：产品电池存在发热和温升过高的情况。 可能导致的后果：可能会导致烫伤儿童皮肤，严重的可能发生冒烟、起火等危险。 召回措施：1. 通知销售商立即停止销售缺陷产品，对库存产品退回； 2. 我司以经通知线下销售商的实体店铺和进行召回，同时我司将在我 司 官方网站 发布召回公告 ， 告知消费者具体召回事宜，为购买到缺陷 产品 的消费者免费 提供 更换或退货处理。 来源：https://www.samrdprc.org.cn/xfpzh/xfpzhgg/202410/t20241010_112084.html,high,FAIL,battery_safety_concern
CN-RECALL-20241010-112082,train,accessory,益智玩具超人系列,汕头市澄海区奥能玩具厂召回部分励嘉牌益智玩具超人系列,励嘉,181G-105,,20220423001,false,false,,unknown,,unknown,unknown,国家市场监督管理总局缺陷产品召回技术中心,fail,false,false,,false,,中国缺陷产品召回公告 2024-10-08。 标题：汕头市澄海区奥能玩具厂召回部分励嘉牌益智玩具超人系列 生产者：汕头市澄海区奥能玩具厂 产品：益智玩具超人系列 品牌：励嘉 型号规格：181G-105 涉及数量：72 套 存在的缺陷：电玩具电气安全的标识和使用说明标注错误，彩盒电池使用信息与 产 品不 一致。 可能导致的后果：无法有效提醒监护人和使用者合理地使用玩具，存在因使用不当造 成 伤害 事故的安全隐患 。 召回措施：由于销售商并无库存产品，通知销售商通过电话告知消费者具体召 回 事 宜，同时在公众号发布召回通知，为购买到缺陷产品的消费者 免费 更换 标识的处理。 来源：https://www.samrdprc.org.cn/xfpzh/xfpzhgg/202410/t20241010_112082.html,high,FAIL,battery_safety_concern
CN-RECALL-20241010-112081,train,accessory,益智电动玩具,汕头市澄海区叙雄玩具厂召回部分益智电动玩具,\,1009,,2208110,false,false,,unknown,,unknown,unknown,国家市场监督管理总局缺陷产品召回技术中心,fail,false,false,,false,,中国缺陷产品召回公告 2024-10-08。 标题：汕头市澄海区叙雄玩具厂召回部分益智电动玩具 生产者：汕头市澄海区 叙雄 玩具厂 产品：益智电动玩具 品牌：\ 型号规格：1009 涉及数量：1 44 盒 存在的缺陷：1. 用于包装或玩具中的塑料袋或塑料薄膜的厚度过薄，无界限清晰 的 孔 或 未进行打孔 。 2. 电玩具的标识和说明缺少内容或出现错误表述，标识和说明的不 完 整， 甚至是错误的 。 3. 电池表面温升 过高。 可能导致的后果：1. 存在堵塞口鼻腔外部呼吸道而导致的窒息危险 。 2. 可能会误导消费者，可能令消费者使用不当造成伤害事故。 3. 可能烫伤儿童皮肤，严重的可能 发生 冒烟，起火等 危险 。 召回措施：1. 通知销售商立即停止销售缺陷产品，对库存产品退回； 2. 在公司及销售商 实体店铺 发布召回公告，告知消费者具体召回事 宜， 为购买到缺陷产品的消费者免费退货或换货处理。 来源：https://www.samrdprc.org.cn/xfpzh/xfpzhgg/202410/t20241010_112081.html,high,FAIL,battery_safety_concern
CN-RECALL-20241010-112080,train,accessory,遥控玩具,汕头市鑫之晨玩具实业有限公司召回部分CXZ牌遥控玩具,CXZ,390-3,,,false,false,,unknown,,unknown,unknown,国家市场监督管理总局缺陷产品召回技术中心,fail,false,false,,false,,中国缺陷产品召回公告 2024-10-08。 标题：汕头市鑫之晨玩具实业有限公司召回部分CXZ牌遥控玩具 生产者：汕头市鑫之晨玩具实业有限公司 产品：遥控玩具 品牌：CXZ 型号规格：390-3 涉及数量：100 盒 存在的缺陷：缺少可更换电池的安全使用注意事项或警示说明、使用说明书 。 可能导致的后果：无法给消费者提供正确的指引，会令消费者使用不当造成伤害事故 。 召回措施：1. 通知销售商立即停止销售缺陷产品，对库存产品退回； 2. 在澄海玩具协会网站上及在 实体店铺 发布召回公告 ， 告知消费者具 体 召回事宜，为购买到缺陷产品的消费者提供 免费 补充电池玩具使用 说明 等服务。 来源：https://www.samrdprc.org.cn/xfpzh/xfpzhgg/202410/t20241010_112080.html,high,FAIL,battery_safety_concern
CN-RECALL-20240930-112056,train,accessory,电动自行车 品牌 1) 靓杰；2)美可达,无锡美可达车业有限公司召回靓杰、美可达牌电动自行车,,TDT1018Z,,1 ）靓杰：2021年05月04日-2021年11月30日 2 ）美可达：2022年08月30日,false,false,,unknown,,unknown,unknown,国家市场监督管理总局缺陷产品召回技术中心,fail,false,false,,false,,"中国缺陷产品召回公告 2024-09-30。 标题：无锡美可达车业有限公司召回靓杰、美可达牌电动自行车 生产者：无锡美可达车业有限公司 产品：电动自行车 品牌 1) 靓杰；2)美可达 型号规格：TDT1018Z 存在的缺陷：一、美可达牌 1 ）车速限值，电动自行车最高车速为26.1km/h； 2) 整车质量, 美可达牌整车质量过重达58.8kg； 3 ）尺寸限值，前、后轮中心距1355mm； 4 ）控制系统(过流保护功能)，电气控制系统过流保护限流值为30.4A， 合 格证 明示过流保护限值23±1（A）； 二、靓杰牌 1) 整车质量, 靓杰牌整车质量过重达58kg； 2 ）结构（防碰擦），曲柄和车身条碰擦，存在干涉； 3 ）电气装置，车辆电流熔断器规格参数与使用说明书不一致； 4 ）充电器与蓄电池，蓄电池与电池组盒侧壁间隙>30mm。 可能导致的后果：1 ）车速过快会影响车辆的操控稳定性和骑行者判断反应时间，容易导致 制动 失效、侧滑和前翻的危险，容易引发交通事故，给自身和行人造成 伤害。 2 ）整车质量过重会导致车辆运动惯性增大，影响操控和制动性能，刹车 距离 增加，易发生交通事故，带来安全隐患。 3 ）车辆超长、超宽，会挤占非机动车道的空间，易与其他非机动车以及 行人 发生擦碰。鞍座尺寸过长，便于载人载货等超载行为，也存在一定 安全隐患。 4 ）控制系统制动断电功能要求采取机械制动的同时中断动力电源输出。 电气 系统制动回路输出控制失效，会影响整车制动性能和电机输出过载 保护能力， 影响用户驾驶安全。 5 ） 车辆上存在尖锐部件将对骑行者产生安全隐患；防碰擦项目不符合要 求会 影响车辆骑行安全。 6 ）车辆实际熔断器规格与说明书不一致，会造成需要新更换的熔断器规 格不 匹配，起不到应有的保护作用。 7 ） 如果蓄电池与电池组盒未合理匹配，或预留扩展车载蓄电池的接口， 则存 在被改装的风险，电池电压、容量增加，超过原车设计数值，引 起线路发热 过载，引发起火爆炸等严重安全隐患。 召回措施：无锡美可达车业有限公司将通过厂门口及各经销商门店（1、佛山市禅城 区源 鑫汇自行车经营部销售门店；2、北京锋程空有限责任公司销售门 店）发布召 回公告，敬请消费者立即停止使用召回范围内的产品，并联 系各经销商进行 维修或者退货退款，以消除安全隐患。消费者因本次 召回所产生的邮寄 等 相关费用均由无锡美可达车业有限公司承担。 维修方式如下： 1、 靓杰牌：更换脚蹬及曲柄、短路保护装置及说明书、电池组盒（座 桶）以 及维修恢复原始配置（对电池进行检查并恢复出厂设置）； 2、 美可达牌：更换控制器 、脚蹬及曲柄、短路保护装置及说明书、 电池组 盒（座桶）以及维修恢复原始配置（对电池进行检查并恢复出 厂设置）。 来源：https://www.samrdprc.org.cn/xfpzh/xfpzhgg/202409/t20240930_112056.html",high,FAIL,battery_safety_concern
CN-RECALL-20240929-112045,val,accessory,电热水壶,广东红乐电器有限公司召回部分夏新牌电热水壶,夏新,HL1525A-04C,,20240305001-20240306002,false,false,,unknown,,unknown,unknown,国家市场监督管理总局缺陷产品召回技术中心,fail,false,false,,false,,中国缺陷产品召回公告 2024-09-27。 标题：广东红乐电器有限公司召回部分夏新牌电热水壶 生产者：广东红乐电器有限公司 产品：电热水壶 品牌：夏新 型号规格：HL1525A-04C 涉及数量：1000 台 存在的缺陷：产品 机械强度 、电源连接和外部软线、 电气间隙、爬电距离和固体绝缘 等项 目不符合 GB 4706.1-2005 、 GB 4706.19-2008 标准。 可能导致的后果：可能引起触电和起火危险 召回措施：通知销售商立即停止销售缺陷产品，并在公司及销售商实体店铺发布召 回 公告 ， 告知消费者具体召回事宜，为购买到缺陷产品的消费者 免费维 修、 更换或退货处理。 来源：https://www.samrdprc.org.cn/xfpzh/xfpzhgg/202409/t20240929_112045.html,high,FAIL,battery_safety_concern
CN-RECALL-20240923-112011,val,accessory,积木遥控系列,汕头市轩诺动漫科技有限公司召回部分雷尔牌遥控积木玩具,雷尔,50003,,20220530,false,false,,unknown,,unknown,unknown,国家市场监督管理总局缺陷产品召回技术中心,fail,,false,,false,,中国缺陷产品召回公告 2024-09-19。 标题：汕头市轩诺动漫科技有限公司召回部分雷尔牌遥控积木玩具 生产者：汕头市轩诺动漫科技有限公司 产品：积木遥控系列 品牌：雷尔 型号规格：50003 涉及数量：120 盒 存在的缺陷：电气安全的标识和使用说明标注不完整或标注错误。 可能导致的后果：无法有效提醒监护人和使用者合理地使用玩具，存在因使用不当造成 伤 害 事 故的潜在风险。 召回措施：1. 通知销售商立即停止销售缺陷产品，对库存产品退回； 2. 在公司 实体店铺 发布召回公告，告知消费者具体召回事宜，为购买 到 缺 陷产品的消费者免费退货或换货处理。 来源：https://www.samrdprc.org.cn/xfpzh/xfpzhgg/202409/t20240923_112011.html,high,FAIL,
CN-RECALL-20240923-112010,test,accessory,积木遥控系列,汕头市轩诺动漫科技有限公司召回部分雷尔牌遥控积木玩具,雷尔,50002,,20220620,false,false,,unknown,,unknown,unknown,国家市场监督管理总局缺陷产品召回技术中心,fail,,false,,false,,中国缺陷产品召回公告 2024-09-19。 标题：汕头市轩诺动漫科技有限公司召回部分雷尔牌遥控积木玩具 生产者：汕头市轩诺动漫科技有限公司 产品：积木遥控系列 品牌：雷尔 型号规格：50002 涉及数量：96 盒 存在的缺陷：电气安全的标识和使用说明标注不完整或标注错误 。 可能导致的后果：无法有效提醒监护人和使用者合理地使用玩具，存在因使用不当造成伤 害事故的潜在风险。 召回措施：1. 通知销售商立即停止销售缺陷产品，对库存产品退回； 2. 在公司 实体店铺 发布召回公告，告知消费者具体召回事宜，为购买到 缺陷产品的消费者免费退货或换货处理。 来源：https://www.samrdprc.org.cn/xfpzh/xfpzhgg/202409/t20240923_112010.html,high,FAIL,
CN-RECALL-20240911-111970,train,power_bank,移动 电源,东莞市快乐易电电子科技有限公司召回部分快乐易电牌移动电源,快乐易电,KL6D3000W （ 万用插座输出款 ） KL215 （ 万用插座输出款 ）,,,false,false,50,unknown,,unknown,unknown,国家市场监督管理总局缺陷产品召回技术中心,fail,false,false,,false,,中国缺陷产品召回公告 2024-09-09。 标题：东莞市快乐易电电子科技有限公司召回部分快乐易电牌移动电源 生产者：东莞市快乐易电电子科技有限公司 产品：移动 电源 品牌：快乐易电 型号规格：KL6D3000W （ 万用插座输出款 ） KL215 （ 万用插座输出款 ） 涉及数量：KL6D3000W （ 万用插座输出款 ） 2 台 KL215 （ 万用插座输出款 ） 20 台 存在的缺陷：使用者可触碰到产品万能插座的带电金属部件。 可能导致的后果：可能会造成触电的风险。 召回措施：立即停止销售缺陷产品，并在 电商平台 发布召回公告 ， 告知消费者具体 召回事宜，为购买到缺陷产品的消费者免费 更换输出插座 。 来源：https://www.samrdprc.org.cn/xfpzh/xfpzhgg/202409/t20240911_111970.html,high,FAIL,missing_ccc_information|battery_safety_concern
CN-RECALL-20240911-111969,train,power_bank,户外移动电源,中山市达尔技电器有限公司召回部分曼思洛牌户外移动电源,曼思洛,DEJ-08,,202209/1批次,false,false,50,unknown,,unknown,unknown,国家市场监督管理总局缺陷产品召回技术中心,fail,false,false,,false,,中国缺陷产品召回公告 2024-09-09。 标题：中山市达尔技电器有限公司召回部分曼思洛牌户外移动电源 生产者：中山市达尔技电器有限公司 产品：户外移动电源 品牌：曼思洛 型号规格：DEJ-08 涉及数量：16台 存在的缺陷：使用者可通过产品输出插孔触碰到危险带电部件。 可能导致的后果：可能导致触电风险。 召回措施：通知销售商立即停止销售缺陷产品，并在公司及销售商实体店 铺发布召回公告，告知消费者具体召回事宜，为购买到缺陷产 品的消费者免费维修或退换处理。 来源：https://www.samrdprc.org.cn/xfpzh/xfpzhgg/202409/t20240911_111969.html,high,FAIL,missing_ccc_information|battery_safety_concern
CN-RECALL-20240904-111937,train,accessory,电动钓鱼盘,汕头市恒凯玩具实业有限公司召回部分恒凯牌电动钓鱼盘,恒凯,NO.101/36 盒 / 箱,,202108,false,false,,unknown,,unknown,unknown,国家市场监督管理总局缺陷产品召回技术中心,fail,,false,,false,,中国缺陷产品召回公告 2024-09-02。 标题：汕头市恒凯玩具实业有限公司召回部分恒凯牌电动钓鱼盘 生产者：汕头市恒凯玩具实业有限公司 产品：电动钓鱼盘 品牌：恒凯 型号规格：NO.101/36 盒 / 箱 涉及数量：数量 ：72 盒 电动玩具 / 电动钓鱼盘 产品型号： NO.101 存在的缺陷：产品钓鱼杆的磁铁磁通量超 50kg 2 mm 2 ，磁体和磁性部件项目存在缺陷， 可能导致儿童误吞食后产生肠梗阻的危险。 可能导致的后果：可能导致儿童误吞食后产生肠梗阻的危险。 召回措施：退货处理。 来源：https://www.samrdprc.org.cn/xfpzh/xfpzhgg/202409/t20240904_111937.html,high,FAIL,
CN-RECALL-20240904-111929,train,accessory,电煮锅,佛山市顺德区凯斯美电器有限公司召回部分迅宝牌电煮锅,迅宝,KSM-E 1.8 L 220V ~ 50Hz 450 W,,1 批 次,false,false,,unknown,,unknown,unknown,国家市场监督管理总局缺陷产品召回技术中心,fail,false,false,,false,,中国缺陷产品召回公告 2024-09-03。 标题：佛山市顺德区凯斯美电器有限公司召回部分迅宝牌电煮锅 生产者：佛山市顺德区凯斯美电器有限公司 产品：电煮锅 品牌：迅宝 型号规格：KSM-E 1.8 L 220V ~ 50Hz 450 W 涉及数量：40 台 存在的缺陷：由于产品 对带电部件的防护、非正常工作 （ 不包括第 19.11.4 条试 验 ） 、 电 源连接和外部软线 项目不符合 GB 4706.1-2005 、 GB 4706.19-2008 标准要 求。 可能导致的后果：可能引起 触电和起火 的危险，存在安全隐患 召回措施：通知销售商立即停止销售缺陷产品，并在公司及销售商实体店铺 发布 召 回公告 ， 告知消费者具体召回事宜，为购买到缺陷产品的 消费更换 或退 货处理。 来源：https://www.samrdprc.org.cn/xfpzh/xfpzhgg/202409/t20240904_111929.html,high,FAIL,battery_safety_concern
CN-RECALL-20240902-111897,train,accessory,LED 台灯,佛山市顺德区勒流镇盈科照明电器有限公司召回部分华雄牌LED台灯（HL-5570）,华雄,HL-5570,,202 3040608,false,false,,unknown,,unknown,unknown,国家市场监督管理总局缺陷产品召回技术中心,fail,,false,,false,,中国缺陷产品召回公告 2024-08-30。 标题：佛山市顺德区勒流镇盈科照明电器有限公司召回部分华雄牌LED台灯（HL-5570） 生产者：佛山市顺德区勒流镇盈科照明电器有限公司 产品：LED 台灯 品牌：华雄 型号规格：HL-5570 涉及数量：100 存在的缺陷：照度及照度均匀度不符合GB 40070-2021 标准 可能导致的后果：长时间使用，可能会导致用眼疲劳、不适。 召回措施：1. 通知经销商 停止销售缺陷产品（ LED台灯HL-5570）， 为购买到缺陷产 品 （ LED台灯HL-5570 ） 退货处理。 2. 通知销售商店铺张贴召回缺陷产品（ LED台灯HL-5570 ） 公告，为购买 到 缺陷产品（ LED台灯HL-5570 ） 退货处理。 来源：https://www.samrdprc.org.cn/xfpzh/xfpzhgg/202409/t20240902_111897.html,high,FAIL,
CN-RECALL-20240902-111895,train,accessory,LED 台灯,佛山市顺德区冠迪电器实业有限公司召回部分宝视达牌LED台灯,宝视达,GD-332,,2021 年 8 月,false,false,,unknown,,unknown,unknown,国家市场监督管理总局缺陷产品召回技术中心,fail,false,false,,false,,中国缺陷产品召回公告 2024-08-30。 标题：佛山市顺德区冠迪电器实业有限公司召回部分宝视达牌LED台灯 生产者：佛山市顺德区冠迪电器实业有限公司 产品：LED 台灯 品牌：宝视达 型号规格：GD-332 涉及数量：100 台 存在的缺陷：耐热、耐火和耐起痕项目不符合 GB 7000.1-2015 和 GB 7000.204-2008 标 准；显色指数（ Ra ， R9 ）、照度及照度均匀度项目不符合 GB 40070-2021 标准 可能导致的后果：1. 产品长时间使用时，可能因电子器件发热导致防触电保护绝缘材料变 形或自燃。 2. 照度及照度均匀度低，台灯的光线发布不均匀，会导致照明区域内出 现明暗不均的现象。长时间在 这种光照环境下阅读或写作，容易导致 眼睛疲劳，干涩等不适症状，甚至影响视力。 召回措施：1. 通知销售商停止销售缺陷产品（ GD-332 LED 台灯），并在公司官网发 布召回缺陷产品公告，为够买到缺陷产品 (GD-332 LED 台灯 ) 免费更换或 者退货处理。 2. 通知销售商店铺张贴召回缺陷产品 (GD-332 LED 台灯 ) 公告，为够买到 缺陷产品 (GD-332 LED 台灯 ) 免费更换或者退货处理。 来源：https://www.samrdprc.org.cn/xfpzh/xfpzhgg/202409/t20240902_111895.html,high,FAIL,battery_safety_concern
CN-RECALL-20240902-111891,train,accessory,电动鸭,汕头市铭乐欣玩具有限公司召回部分铭乐欣牌电动鸭玩具,铭乐欣,8862 /6 盒 / 箱,,202101,false,false,,unknown,,unknown,unknown,国家市场监督管理总局缺陷产品召回技术中心,fail,,false,,false,,中国缺陷产品召回公告 2024-08-29。 标题：汕头市铭乐欣玩具有限公司召回部分铭乐欣牌电动鸭玩具 生产者：汕头市铭乐欣玩具有限公司 产品：电动鸭 品牌：铭乐欣 型号规格：8862 /6 盒 / 箱 涉及数量：数量 ： 216 只 存在的缺陷：产品在合理滥用检测中产生小零件 。 可能导致的后果：可能导致因儿童误吞食 ， 堵塞消化道，存在窒息的危险 。 召回措施：通知 销售商立即停止销售缺陷产品 ， 告知消费者具体召回事宜，为购买 到缺陷产品的消费者退货处理。 来源：https://www.samrdprc.org.cn/xfpzh/xfpzhgg/202409/t20240902_111891.html,high,FAIL,
CN-RECALL-20240821-111827,val,accessory,益智电动玩具,汕头市澄海区诺佳玩具厂召回部分NUOJIA牌益智电动玩具,NUOJIA,8225-78,,20220720,false,false,,unknown,,unknown,unknown,国家市场监督管理总局缺陷产品召回技术中心,fail,,false,,false,,中国缺陷产品召回公告 2024-08-19。 标题：汕头市澄海区诺佳玩具厂召回部分NUOJIA牌益智电动玩具 生产者：汕头市澄海区诺佳玩具厂 产品：益智电动玩具 品牌：NUOJIA 型号规格：8225-78 涉及数量：180 件 存在的缺陷：小车经跌落测试后，车轮和尾翼断裂，产生可触及的危险锐利尖端。 可能导致的后果：小车经跌落测试后，车轮和尾翼断裂 ， 产生可触及的危险锐利尖端 ， 可能导致 使 用 者 刮伤的安全隐患； 召回措施：1. 通知销售商立即停止销售缺陷产品，对库存产品退回； 2. 在公司微信公众号（诺佳玩具）及销售商的线上电商平台店铺及 实体店铺 发 布 召回公告 ， 告知消费者具体召回事宜，为购买到缺陷产品的消费者免费退货 或换 货处理。 来源：https://www.samrdprc.org.cn/xfpzh/xfpzhgg/202408/t20240821_111827.html,high,FAIL,
CN-RECALL-20240816-111809,val,accessory,电动自行车,佛山市零度车业有限公司召回部分零度、闪途、巴博仕加、LVLOG牌电动自行车,零度、闪途、巴博仕加、 LVLOG,TDT888Z,,一批次,false,false,,unknown,,unknown,unknown,国家市场监督管理总局缺陷产品召回技术中心,fail,false,false,,false,,中国缺陷产品召回公告 2024-08-13。 标题：佛山市零度车业有限公司召回部分零度、闪途、巴博仕加、LVLOG牌电动自行车 生产者：佛山市零度车业有限公司 产品：电动自行车 品牌：零度、闪途、巴博仕加、 LVLOG 型号规格：TDT888Z 涉及数量：840 辆 存在的缺陷：产品反射器和照明项目不符合 GB 17761-2018 标准要求。 可能导致的后果：可能引起碰撞事故等危险 。 召回措施：通知 销售商立即停止销售缺陷产品，并在销售商实体店 铺发布 召回公告 ， 告 知 消费者具体召回事宜，为购买到缺陷产品的消费者免费 维修 处理。 来源：https://www.samrdprc.org.cn/xfpzh/xfpzhgg/202408/t20240816_111809.html,high,FAIL,battery_safety_concern
CN-RECALL-20240815-111784,test,accessory,益智玩具,汕头市澄海区佳缔玩具厂召回部分益智玩具,,D2010,,,false,false,,unknown,,unknown,unknown,国家市场监督管理总局缺陷产品召回技术中心,fail,false,false,,false,,中国缺陷产品召回公告 2024-08-12。 标题：汕头市澄海区佳缔玩具厂召回部分益智玩具 生产者：汕头市澄海区佳缔玩具厂 产品：益智玩具 型号规格：D2010 涉及数量：200 盒 存在的缺陷：玩具 缺少可更换电池的安全使用注意事项或警示说明、使用说明书。 可能导致的后果：无法给消费者提供正确的指引，会令消费者使用不当造成伤害事故 召回措施：1. 通知销售商立即停止销售缺陷产品，对库存产品退回； 2. 在澄海玩具协会网站上及在 实体店铺 发布召回公告 ， 告知消费者具体 召回事宜，为购买到缺陷产品的消费者提供免费更换 / 退货等服务。 来源：https://www.samrdprc.org.cn/xfpzh/xfpzhgg/202408/t20240815_111784.html,high,FAIL,battery_safety_concern
CN-RECALL-20240814-111773,train,accessory,调温型电热毯,鞍山伟都电器制造有限公司召回伟都牌调温型电热毯,伟都,1500mm×1200mm TT150×120-11X，1500mm×1200mm TT150×120-10X， 1500mm×700mm TT150×70-10X，1350mm×1020mm TT1,,,false,false,,unknown,,unknown,unknown,国家市场监督管理总局缺陷产品召回技术中心,fail,false,false,,false,,中国缺陷产品召回公告 2024-08-13。 标题：鞍山伟都电器制造有限公司召回伟都牌调温型电热毯 生产者：鞍山伟都电器制造有限公司 产品：调温型电热毯 品牌：伟都 型号规格：1500mm×1200mm TT150×120-11X，1500mm×1200mm TT150×120-10X， 1500mm×700mm TT150×70-10X，1350mm×1020mm TT135×102-10X， TT150×70-10X，1500mm×1800mm TT150×180-10X 涉及数量：287条 存在的缺陷：产品电源连接和外部软线项目不符合GB 4706.8-2008《家用和类似 用途 电器的安全 电热毯、电热垫及类似柔性发热器具的特殊要求》 标准要 求 。 可能导致的后果：可能存在过热起火引发消费者使用时烫伤的安全隐患 。 召回措施：鞍山伟都电器制造有限公司 将通知其销售销门店发布召回信息，请 消 费者 立即停止使用召回范围内的产品，并为消费者进行免费更换 或退 货、退款 以消除安全隐患。消费者因本次召回所产生的相关费 用均由 鞍山伟都电器 制造有限公司 承担。 来源：https://www.samrdprc.org.cn/xfpzh/xfpzhgg/202408/t20240814_111773.html,high,FAIL,battery_safety_concern
CN-RECALL-20240812-111770,train,accessory,电动自行车 品牌 莫曼顿,捷安特电动车（昆山）有限公司召回部分捷安特牌电动自行车,,TDW01Z,,1338272、1338268,false,false,,unknown,,unknown,unknown,国家市场监督管理总局缺陷产品召回技术中心,fail,,false,,false,,中国缺陷产品召回公告 2024-08-08。 标题：捷安特电动车（昆山）有限公司召回部分捷安特牌电动自行车 生产者：捷安特电动车（昆山）有限公司 产品：电动自行车 品牌 莫曼顿 型号规格：TDW01Z 存在的缺陷：使用电驱动功能行驶时，车速超过25km/h，不符合GB 17761-2018车速限 值 要 求。 可能导致的后果：当骑行者骑行速度过快，出现突发情况时，骑行者可能因来不及反应导 致 失 去平衡或者发生碰撞，造成骑行者或者其他交通参与者的人身伤害。 召回措施：捷安特电动车（昆山）有限公司将在经销商门店发布召回信息，敬请消费 者 立即停止使用召回范围内的产品，并联系销售门店或直接联系捷安特电 动车 （昆山）有限公司，进行退货退款处理。 来源：https://www.samrdprc.org.cn/xfpzh/xfpzhgg/202408/t20240812_111770.html,high,FAIL,
CN-RECALL-20240809-111764,train,accessory,遥控玩具,汕头市妈咪帮手科教玩具有限公司召回部分遥控玩具,,2021-2A,,20220711,false,false,,unknown,,unknown,unknown,国家市场监督管理总局缺陷产品召回技术中心,fail,,false,,false,,"中国缺陷产品召回公告 2024-08-07。 标题：汕头市妈咪帮手科教玩具有限公司召回部分遥控玩具 生产者：汕头市妈咪帮手科教玩具有限公司 产品：遥控玩具 型号规格：2021-2A 涉及数量：240 盒 存在的缺陷：1. 电玩具电气安全的标识和使用说明标注不完整或标注错误； 2. 电玩具的标识和说明缺少内容或出现错误表述 , 标识和说明的不完整， 甚至是错误的。 可能导致的后果：1. 无法有效提醒监护人和使 用者合理地使用玩具，存在因使用不当造 成 伤害事故的潜在风险。 2. 存在可能会误导消费者，可能令消费者因使用不当造成伤害事故的隐 患。 召回措施：1. 通知销售商立即停止销售缺陷产品，对库存产品 更换符合标准的外包 装； 2. 通过微信通知客户 召回 产品 ，告知持有该批次产品的消费者 如何正确 使用产品及使用过程注意事项，确保正确操作和安全使用 。如有需要， 消费者可联系汕头市妈咪帮手科教玩具有限公司更换全新符合 国家标准 的 包装盒或 免费更换 / 退货等服务。 来源：https://www.samrdprc.org.cn/xfpzh/xfpzhgg/202408/t20240809_111764.html",high,FAIL,
CN-RECALL-20240807-111750,train,accessory,江门市华龙台邦摩托车有限公司召回部分台邦牌TDT207Z电动自行车,江门市华龙台邦摩托车有限公司召回部分台邦牌TDT207Z电动自行车,,,,,false,false,,unknown,,unknown,unknown,国家市场监督管理总局缺陷产品召回技术中心,fail,,false,,false,,中国缺陷产品召回公告 2024-08-02。 标题：江门市华龙台邦摩托车有限公司召回部分台邦牌TDT207Z电动自行车 产品：江门市华龙台邦摩托车有限公司召回部分台邦牌TDT207Z电动自行车 来源：https://www.samrdprc.org.cn/xfpzh/xfpzhgg/202408/t20240807_111750.html,high,FAIL,
CN-RECALL-20240807-111746,train,charger,电动自行车充电器 品牌 固邦永恒,扬州市固邦电器科技有限公司召回电动自行车充电器,,48V12-14Ah,,2022-08-06/—,false,false,,unknown,,unknown,unknown,国家市场监督管理总局缺陷产品召回技术中心,fail,false,false,,false,,中国缺陷产品召回公告 2024-08-07。 标题：扬州市固邦电器科技有限公司召回电动自行车充电器 生产者：扬州市固邦电器科技有限公司 产品：电动自行车充电器 品牌 固邦永恒 型号规格：48V12-14Ah 存在的缺陷：输出端的插头与非安全电压的现行 国家标准的插头均能互换。 可能导致的后果：输出端的插头与非安全电压的现行 国家标准的插头均能互换，容易造 成误插，可能会造成触电或充电器 过热的风险。 召回措施：扬州市固邦电器科技有限公司将在 无锡盛之鸿商贸有限公司张贴公告 发布召回信息，敬请消费者立即停 止使用召回范围内的产品，并联系 扬州市固邦电器科技有限公司进行 退货、退款，以消除安全隐患。消 费者因本次召回所产生的邮寄等相 关费用均由扬州市固邦电器科技有 限公司承担。 来源：https://www.samrdprc.org.cn/xfpzh/xfpzhgg/202408/t20240807_111746.html,high,FAIL,missing_ccc_information|battery_safety_concern
CN-RECALL-20240807-111739,train,accessory,电动自行车,佛山市零度车业有限公司召回部分零度、闪途、狼途、LVLOG牌电动自行车,零度、闪途、狼途、 LVLOG,TDT009Z,,一批次,false,false,,unknown,,unknown,unknown,国家市场监督管理总局缺陷产品召回技术中心,fail,false,false,,false,,中国缺陷产品召回公告 2024-08-07。 标题：佛山市零度车业有限公司召回部分零度、闪途、狼途、LVLOG牌电动自行车 生产者：佛山市零度车业有限公司 产品：电动自行车 品牌：零度、闪途、狼途、 LVLOG 型号规格：TDT009Z 涉及数量：3671 辆 存在的缺陷：产品短路保护、车速提示音项目、反射器、照明和鸣号装置项目不符合 GB 17761-2018 标准要求。 可能导致的后果：可能引起触电、碰撞事故 等 危险 。 召回措施：通知 销售商立即停止销售缺陷产品，并在销售商实体店 铺发布 召回公 告 ， 告知消费者具体召回事宜，为购买到缺陷产品的消费者免费 维 修 处理。 来源：https://www.samrdprc.org.cn/xfpzh/xfpzhgg/202408/t20240807_111739.html,high,FAIL,battery_safety_concern
CN-RECALL-20240801-111695,train,accessory,趣味 玩具,汕头市澄海区睿爵斯玩具厂召回部分趣味玩具产品,,SJ688 、 SJ689,,202 2 0 5,false,false,,unknown,,unknown,unknown,国家市场监督管理总局缺陷产品召回技术中心,fail,false,false,,false,,中国缺陷产品召回公告 2024-07-29。 标题：汕头市澄海区睿爵斯玩具厂召回部分趣味玩具产品 生产者：汕头市澄海区 睿爵斯 玩具厂 产品：趣味 玩具 型号规格：SJ688 、 SJ689 涉及数量：200 盒 、 200 盒 存在的缺陷：SJ688 ：玩具电池室没有标刻电池图示、正负极、电压，不合格； SJ689 ： 用于包装的塑料袋厚度 太 薄 ； 弹射物子弹是小零件，经扭力测试 后，保 护 端脱落，子弹仍然能发射，不合格； 可能导致的后果：SJ68 由于电池室没有标刻电池图示、正负极、电压，存在有可能造成装 错电池， 导致发生危险的安全隐患； SJ689 由于 包装塑料袋厚度太薄，存在一旦覆盖在儿童脸部，容易吸附 在口鼻位 置，可能导致窒息危险以及弹射物子弹是小零件，保护端易 脱落且子弹仍然能 发射，可能会造成儿童误吞的危险。 召回措施：1. 通知销售商立即停止销售缺陷产品， 对库存产品退回； 2. 在 汕头市澄海区 睿爵斯 玩具厂 经销商处发布召回公告， 告知消费者具 体召回事 宜，为购买到缺陷产品的消费者免费更换 一盒全新的符合安全 要求的产品 或退货 处理。 来源：https://www.samrdprc.org.cn/xfpzh/xfpzhgg/202408/t20240801_111695.html,high,FAIL,battery_safety_concern
CN-RECALL-20240729-111682,val,accessory,玉林市港淙车业有限公司召回部分澳士王电动自行车,玉林市港淙车业有限公司召回部分澳士王电动自行车,,,,,false,false,,unknown,,unknown,unknown,国家市场监督管理总局缺陷产品召回技术中心,fail,,false,,false,,中国缺陷产品召回公告 2024-07-29。 标题：玉林市港淙车业有限公司召回部分澳士王电动自行车 产品：玉林市港淙车业有限公司召回部分澳士王电动自行车 来源：https://www.samrdprc.org.cn/xfpzh/xfpzhgg/202407/t20240729_111682.html,high,FAIL,
CN-RECALL-20240724-111672,val,accessory,迪士尼松松系列怀表暖手宝 品牌 迪士尼,中浩致远（北京）科技有限公司主动召回部分型号迪士尼牌暖手宝,,SS-003,,2023年10月21日,false,false,,unknown,,unknown,unknown,国家市场监督管理总局缺陷产品召回技术中心,fail,false,false,,false,,中国缺陷产品召回公告 2024-07-19。 标题：中浩致远（北京）科技有限公司主动召回部分型号迪士尼牌暖手宝 生产者：中浩致远 （北京）科技有限公司 产品：迪士尼松松系列怀表暖手宝 品牌 迪士尼 型号规格：SS-003 涉及数量：120套 存在的缺陷：1. 产品不符合 GB 4706.99-2009的标志和说明项目中“硬壳暖手器应有： 禁止覆盖或 IEC 60417-5641（DB：2002-10）图示符号”的要求； 2.产品不符合GB 4706.1-2005的结构项目中“器具外壳的形状和装饰， 不应使器具容易被孩子当成玩具”的要求。 可能导致的后果：1. 如被易燃物覆盖，可能会引起火灾； 2.如被孩子当成玩具玩耍，存在安全隐患。 召回措施：1.在天猫平台店铺（pxo旗舰店）发布召回公告； 2.联系经销商停止销售该产品，并将剩余产品退回； 3 .通过电话等形式联系消费者 退货 （公司全额退款并承担消费者因消 费品被召回 而 支出的必要费用），京津冀地区消费者可就近联系门店 跨区域异地异店 召回 。 来源：https://www.samrdprc.org.cn/xfpzh/xfpzhgg/202407/t20240724_111672.html,high,FAIL,battery_safety_concern
CN-RECALL-20240722-111648,test,accessory,广州市花都区花东奥大红电动车厂召回部分AOHONGDA牌电动自行车,广州市花都区花东奥大红电动车厂召回部分AOHONGDA牌电动自行车,,,,,false,false,,unknown,,unknown,unknown,国家市场监督管理总局缺陷产品召回技术中心,fail,,false,,false,,中国缺陷产品召回公告 2024-07-17。 标题：广州市花都区花东奥大红电动车厂召回部分AOHONGDA牌电动自行车 产品：广州市花都区花东奥大红电动车厂召回部分AOHONGDA牌电动自行车 来源：https://www.samrdprc.org.cn/xfpzh/xfpzhgg/202407/t20240722_111648.html,high,FAIL,
CN-RECALL-20240718-111617,train,accessory,广州市鑫堡自行车有限公司召回部分NAKXUS、浪骑士牌电动自行车,广州市鑫堡自行车有限公司召回部分NAKXUS、浪骑士牌电动自行车,,,,,false,false,,unknown,,unknown,unknown,国家市场监督管理总局缺陷产品召回技术中心,fail,,false,,false,,中国缺陷产品召回公告 2024-07-11。 标题：广州市鑫堡自行车有限公司召回部分NAKXUS、浪骑士牌电动自行车 产品：广州市鑫堡自行车有限公司召回部分NAKXUS、浪骑士牌电动自行车 来源：https://www.samrdprc.org.cn/xfpzh/xfpzhgg/202407/t20240718_111617.html,high,FAIL,
CN-RECALL-20240718-111616,train,accessory,电动自行车,东莞市余福电子有限公司召回部分九骏牌电动自行车,九骏,TDT008Z,,,false,false,,unknown,,unknown,unknown,国家市场监督管理总局缺陷产品召回技术中心,fail,,false,,false,,中国缺陷产品召回公告 2024-07-10。 标题：东莞市余福电子有限公司召回部分九骏牌电动自行车 生产者：东莞市余福电子有限公司 产品：电动自行车 品牌：九骏 型号规格：TDT008Z 涉及数量：489 辆 存在的缺陷：电动机控制系统的防速度篡改设计不符合 GB 17761-2018 标准要求 。 可能导致的后果：可能导致最高车速过高 ， 超过限定车速，导致车体难以控制，刹车时容易 侧翻，或影响制动距离，对骑行者及其他人造成人身伤害而造成交通事故。 召回措施：通知销售商立即停止销售缺陷产品，并在销售商实体店铺发布召回公告 ， 告知消费者具体召回事宜，为购买到缺陷产品的消费者免费 更换合格的 控制器 。 来源：https://www.samrdprc.org.cn/xfpzh/xfpzhgg/202407/t20240718_111616.html,high,FAIL,
CN-RECALL-20240718-111615,train,charger,锂电充电器,东莞市一同科技有限公司召回部分一同牌锂电充电器,一同,DZLS4820-01,,YT202005001,false,false,,unknown,,unknown,unknown,国家市场监督管理总局缺陷产品召回技术中心,fail,false,false,,false,,中国缺陷产品召回公告 2024-07-10。 标题：东莞市一同科技有限公司召回部分一同牌锂电充电器 生产者：东莞市一同科技有限公司 产品：锂电充电器 品牌：一同 型号规格：DZLS4820-01 涉及数量：50 存在的缺陷：产品的电气间隙、爬电距离距离过小。 可能导致的后果：可能引起电击危险。 召回措施：通知销售商立即停止销售缺陷产品，告知消费者具体召回事宜，为购买 到缺陷产品的消费者免费退货处理。 来源：https://www.samrdprc.org.cn/xfpzh/xfpzhgg/202407/t20240718_111615.html,high,FAIL,missing_ccc_information|battery_safety_concern
CN-RECALL-20240718-111614,train,accessory,电动自行车锂电池,东莞市创赢能源有限公司召回部分创赢能源电动自行车锂电池,创赢能源,48V8AH,,20200301210003,false,false,,unknown,,unknown,unknown,国家市场监督管理总局缺陷产品召回技术中心,fail,false,false,,false,,中国缺陷产品召回公告 2024-07-10。 标题：东莞市创赢能源有限公司召回部分创赢能源电动自行车锂电池 生产者：东莞市创赢能源有限公司 产品：电动自行车锂电池 品牌：创赢能源 型号规格：48V8AH 涉及数量：20 存在的缺陷：锂电池组保护电路板短路保护功能失效 。 可能导致的后果：可能在发生短路时，温度急剧上升，产生热失控，继而起火燃烧，甚至 爆炸。 召回措施：立即停止销售缺陷产品，并在 公司电商平台 发布召回公告 ， 告知消费者 具体 召 回事宜，为购买到缺陷产品的消费者免费 退货 。 来源：https://www.samrdprc.org.cn/xfpzh/xfpzhgg/202407/t20240718_111614.html,high,FAIL,battery_safety_concern
CN-RECALL-20240628-111532,train,accessory,电热水壶,廉江市锐龙电器有限公司召回部分先科牌电热水壶,先科,RL-A7 2.3L 220V～ 50Hz 1500W,,20220108,false,false,,unknown,,unknown,unknown,国家市场监督管理总局缺陷产品召回技术中心,fail,false,false,,false,,中国缺陷产品召回公告 2024-06-27。 标题：廉江市锐龙电器有限公司召回部分先科牌电热水壶 生产者：廉江市锐龙电器有限公司 产品：电热水壶 品牌：先科 型号规格：RL-A7 2.3L 220V～ 50Hz 1500W 涉及数量：1200 台 存在的缺陷：产品机械强度、电源连接和外部软线项目不符合 GB 4706.1-2005 、 GB 4706.19-2008 标准要求。 可能导致的后果：可能引起触电危险。 召回措施：通知销售商立即停止销售缺陷产品，并在公司及销售商实体店铺张贴召回公告 ， 告知消费者具体召回事宜，为购买到缺陷产品的消费者进行免费维修或退货处 理。 来源：https://www.samrdprc.org.cn/xfpzh/xfpzhgg/202406/t20240628_111532.html,high,FAIL,battery_safety_concern
CN-RECALL-20240628-111531,train,accessory,电热水壶,广东福王电器有限公司召回部分万宝牌电热水壶,万宝,FE-2509,,202301030001 、 202301030002,false,false,,unknown,,unknown,unknown,国家市场监督管理总局缺陷产品召回技术中心,fail,false,false,,false,,中国缺陷产品召回公告 2024-06-27。 标题：广东福王电器有限公司召回部分万宝牌电热水壶 生产者：广东福王电器有限公司 产品：电热水壶 品牌：万宝 型号规格：FE-2509 涉及数量：1100 台 存在的缺陷：产品输入功率、机械强度、电源连接和外部软线等项目不符 GB 4706.1-2005 、 GB 4706.19-2008 标准。 可能导致的后果：可能引起触电和起火危险。 召回措施：通知销售商立即停止销售缺陷产品，并在公司及销售商实体店铺发布召回公告 ， 告知消费者具体召回事宜，为购买到缺陷产品的消费者免费维修、更换或退货 处理。 来源：https://www.samrdprc.org.cn/xfpzh/xfpzhgg/202406/t20240628_111531.html,high,FAIL,battery_safety_concern
CN-RECALL-20240628-111530,train,accessory,电热水壶,廉江市韩滨电器有限公司召回部分电热水壶,,HB203 1500W 2.3L 220V～50Hz,,2023-08-15,false,false,,unknown,,unknown,unknown,国家市场监督管理总局缺陷产品召回技术中心,fail,false,false,,false,,中国缺陷产品召回公告 2024-06-27。 标题：廉江市韩滨电器有限公司召回部分电热水壶 生产者：廉江市韩滨电器有限公司 产品：电热水壶 型号规格：HB203 1500W 2.3L 220V～50Hz 涉及数量：1230 台 存在的缺陷：发热试验、机械强度、结构、电源连接和外部软线不符合 GB 4706.1-2005 《家用 和 类似用途电器的安全 第 1 部分：通用要求》、 GB 4706.19-2008 《家用和类似 用途 电器的安全 液体加热器的特殊要求》 可能导致的后果：可能引起触电和起火危险。 召回措施：通知销售商立即停止销售缺陷产品，销售商实体店铺发布召回公告 ， 告知消费 者 具体召回事宜，为购买到缺陷产品的消费者免费维修、更换或退货处理。 来源：https://www.samrdprc.org.cn/xfpzh/xfpzhgg/202406/t20240628_111530.html,high,FAIL,battery_safety_concern
CN-RECALL-20240628-111529,val,accessory,电热水壶,广东红乐电器有限公司召回部分万利达牌电热水壶,万利达,HL1523A-05C,,20221103001-20221103002,false,false,,unknown,,unknown,unknown,国家市场监督管理总局缺陷产品召回技术中心,fail,false,false,,false,,中国缺陷产品召回公告 2024-06-27。 标题：广东红乐电器有限公司召回部分万利达牌电热水壶 生产者：广东红乐电器有限公司 产品：电热水壶 品牌：万利达 型号规格：HL1523A-05C 涉及数量：1040 台 存在的缺陷：产品输入功率、电源连接和外部软线等项目不符 GB 4706.1-2005 、 GB 4706.19-2008 标准。 可能导致的后果：可能引起触电和起火危险 召回措施：通知销售商立即停止销售缺陷产品，并在公司及销售商实体店铺发布召回公告 ， 告知消费者具体召回事宜，为购买到缺陷产品的消费者 免费维修、更换或退货 处理。 来源：https://www.samrdprc.org.cn/xfpzh/xfpzhgg/202406/t20240628_111529.html,high,FAIL,battery_safety_concern
CN-RECALL-20240628-111528,val,accessory,电热水壶,湛江喜得利电器有限公司召回部分万利达牌电热水壶,万利达,15-23S/220V 50Hz 1500W,,20231113-1,false,false,,unknown,,unknown,unknown,国家市场监督管理总局缺陷产品召回技术中心,fail,false,false,,false,,中国缺陷产品召回公告 2024-06-27。 标题：湛江喜得利电器有限公司召回部分万利达牌电热水壶 生产者：湛江喜得利电器有限公司 产品：电热水壶 品牌：万利达 型号规格：15-23S/220V 50Hz 1500W 涉及数量：1040 台 存在的缺陷：机械强度、电源连接和外部软线、接地措施 可能导致的后果：可能引起触电和起火，存在安全隐患 召回措施：通知销售商立即停止销售缺陷产品 ， 并在销售 商实体店铺发布召回公告 ， 告知消费者具体召 回事宜 ， 为购买到缺陷产品的消费者更换或退 货处理。 来源：https://www.samrdprc.org.cn/xfpzh/xfpzhgg/202406/t20240628_111528.html,high,FAIL,battery_safety_concern
CN-RECALL-20240628-111527,test,accessory,电热水壶,廉江市名新电器有限公司召回部分万利达牌电热水壶,万利达,MX15-25C 2. 5 L 220V ～ 50Hz 1500W,,一批 次,false,false,,unknown,,unknown,unknown,国家市场监督管理总局缺陷产品召回技术中心,fail,false,false,,false,,中国缺陷产品召回公告 2024-06-26。 标题：廉江市名新电器有限公司召回部分万利达牌电热水壶 生产者：廉江市名新电器有限公司 产品：电热水壶 品牌：万利达 型号规格：MX15-25C 2. 5 L 220V ～ 50Hz 1500W 涉及数量：1 300 台 存在的缺陷：经抽样检验，机械强度、电源连接和外部软线不符合 GB 4706.1-2005 、 GB 4706.19-2008 的特殊要求 。 可能导致的后果：可能引起触电 和起火 危险。 召回措施：通知销售商立即停止销售缺陷产品，及销售商实体店铺发布召回公告 ， 告知消费者具体召回事宜，为购买到缺陷产品的消费者免费维修、更 换或退货处理。 来源：https://www.samrdprc.org.cn/xfpzh/xfpzhgg/202406/t20240628_111527.html,high,FAIL,battery_safety_concern
CN-RECALL-20240628-111526,train,accessory,电热水壶,廉江市越众电器有限公司召回部分万利达牌电热水壶,万利达,Y-304F 2.3L 220V 50HZ 1500W,,2022-11-16,false,false,,unknown,,unknown,unknown,国家市场监督管理总局缺陷产品召回技术中心,fail,false,false,,false,,中国缺陷产品召回公告 2024-06-26。 标题：廉江市越众电器有限公司召回部分万利达牌电热水壶 生产者：廉江市越众电器有限公司 产品：电热水壶 品牌：万利达 型号规格：Y-304F 2.3L 220V 50HZ 1500W 涉及数量：1008 台 存在的缺陷：产品机械强度、电源连接和外部软线等项目不符合 GB 4706.1-2005 、 GB 4706.19-2008 标准要求。 可能导致的后果：可能引起触电和起火危险。 召回措施：通知销售商立即停止销售缺陷产品，并在公司及销售商实体店铺发布召 回公告 ， 告知消费者具体召回事宜，为购买到缺陷产品的消费者免费维 修、更换或退货处理。 来源：https://www.samrdprc.org.cn/xfpzh/xfpzhgg/202406/t20240628_111526.html,high,FAIL,battery_safety_concern
CN-RECALL-20240628-111525,train,accessory,锂电池电动自行车,东莞市泽馨贸易有限公司召回部分洋铃牌电动自行车,洋铃,TDN020Z,,20190515/20200611/202 0 1125,false,false,,unknown,,unknown,unknown,国家市场监督管理总局缺陷产品召回技术中心,fail,false,false,,false,,中国缺陷产品召回公告 2024-06-24。 标题：东莞市泽馨贸易有限公司召回部分洋铃牌电动自行车 生产者：东莞市泽馨贸易有限公司 产品：锂电池电动自行车 品牌：洋铃 型号规格：TDN020Z 涉及数量：67 台 存在的缺陷：1. 最高车速过高，超过限定车速 。 2. 反射器项目不符合 GB 17761-2018 标准要求，可能会导致视线不佳 。 3. 未按 GB 17761-2018 标准要求安装和明示短路保护，无法起到保护线路的作 用 。 可能导致的后果：1. 最高车速过高，超过限定车速，可能会导致车体难以控制，刹车时容易侧翻， 或影响制动距离，对骑行者及其他人造成人身伤害而造成交通事故。 2. 反射器项目不符合 GB 17761-2018 标准要求，可能会导致视线不佳环境行车 不易被其他车辆发现，引发交通事故。 3. 未按 GB 17761-2018 标准要求安装和明示短路保护，无法起到保护线路的作 用，可能会引起蓄电池过充，造成电池过热、起火甚至爆炸危险。 召回措施：通知销售商立即停止销售缺陷产品，并在销售商实体店铺发布召回公告 ， 告 知消费者具体召回事宜，为购买到缺陷产品的消费者免费更换 全新的符合安 全要求 的配件 。 来源：https://www.samrdprc.org.cn/xfpzh/xfpzhgg/202406/t20240628_111525.html,high,FAIL,battery_safety_concern
CN-RECALL-20240628-111524,train,accessory,电动自行车,东莞市大裕摩托车有限公司召回部分本铃牌电动自行车,本铃,TDT604Z,,2020-07-02,false,false,,unknown,,unknown,unknown,国家市场监督管理总局缺陷产品召回技术中心,fail,false,false,,false,,中国缺陷产品召回公告 2024-06-24。 标题：东莞市大裕摩托车有限公司召回部分本铃牌电动自行车 生产者：东莞市大裕摩托车有限公司 产品：电动自行车 品牌：本铃 型号规格：TDT604Z 涉及数量：8 辆 存在的缺陷：车辆不安装短路保护装置， 无法起到保护线路的作用，可能会引起蓄电 池过充，造成电池过热、起火甚至爆炸事故。 可能导致的后果：可能会引起蓄电池过充，造成电池过热、起火甚至爆炸事故。 召回措施：通知销售商立即停止销售缺陷产品，销售商实体店铺发布召回公告 ， 告 知消费者具体召回事宜，为购买到缺陷产品的消费者免修理或者更换处 理。 来源：https://www.samrdprc.org.cn/xfpzh/xfpzhgg/202406/t20240628_111524.html,high,FAIL,battery_safety_concern
CN-RECALL-20240628-111523,train,accessory,电动自行车,东莞市本铃车业科技有限公司召回部分本铃牌电动自行车,本铃,TDT007Z,,2022-08-20,false,false,,unknown,,unknown,unknown,国家市场监督管理总局缺陷产品召回技术中心,fail,false,false,,false,,中国缺陷产品召回公告 2024-06-28。 标题：东莞市本铃车业科技有限公司召回部分本铃牌电动自行车 生产者：东莞市本铃车业科技有限公司 产品：电动自行车 品牌：本铃 型号规格：TDT007Z 涉及数量：数量： 5 辆 存在的缺陷：1. 反射器光强系数不满足 GB 17761-2018 标准要求，可能会导致视线不佳环境行车 不易 被其他车辆发现，引发交通事故。 2. 前灯亮度不满足 GB 17761-2018 标准要求，可能会导致视野受阻，引发事故。 3. 充电线路保护装置规格与说明书不一致，无法起到保护线路的作用，可能会引 起蓄 电池过充，造成电池过热、起火甚至爆炸事故。 4. 蓄电池与电池组盒侧壁的最大间隙大于 30mm ，可能会导致电池晃动、碰撞或线 路磨 损，造成短路、爆燃事故。 可能导致的后果：1. 反射器光强系数不满足 GB 17761-2018 标准要求，可能会导致视线不佳环境行 车不 易被其他车辆发现，引发交通事故。 2. 前灯亮度不满足 GB 17761-2018 标准要求，可能会导致视野受阻，引发事故。 3. 充电线路保护装置规格与说明书不一致，无法起到保护线路的作用，可能会 引起 蓄电池过充，造成电池过热、起火甚至爆炸事故。 4. 蓄电池与电池组盒侧壁的最大间隙大于 30mm ，可能会导致电池晃动、碰撞或 线路 磨损，造成短路、爆燃事故。 召回措施：通知销售商立即停止销售缺陷产品，并在销售商实体店铺发布召回公告 ， 告 知 消费者具体召回事宜，为购买到缺陷产品的消费者修理或更换处理。 来源：https://www.samrdprc.org.cn/xfpzh/xfpzhgg/202406/t20240628_111523.html,high,FAIL,battery_safety_concern
CN-RECALL-20240628-111522,train,accessory,煮茶器,佛山市顺德区雷凡电器有限公司召回部分雷凡牌煮茶器,雷凡,LF-928,,2023-02-22,false,false,,unknown,,unknown,unknown,国家市场监督管理总局缺陷产品召回技术中心,fail,false,false,,false,,中国缺陷产品召回公告 2024-06-21。 标题：佛山市顺德区雷凡电器有限公司召回部分雷凡牌煮茶器 生产者：佛山市顺德区雷凡电器有限公司 产品：煮茶器 品牌：雷凡 型号规格：LF-928 涉及数量：35 台 存在的缺陷：电源连接和外部软线产品存在缺陷。 可能导致的后果：连续使用时电源线会持续发热可能引起自燃，存在安全隐患。 召回措施：在实体店张贴公告 、 咨询服务电话 、 公布受理消费者退货等补救 措施 来源：https://www.samrdprc.org.cn/xfpzh/xfpzhgg/202406/t20240628_111522.html,high,FAIL,battery_safety_concern
CN-RECALL-20240611-111391,train,accessory,固定式LED三防吸顶灯,厦门开际照明电器有限公司召回部分FLKL爱泰牌固定式LED三防吸顶灯,FLKL爱泰牌,324 24W,,20230421F7324H,false,false,,unknown,,unknown,unknown,国家市场监督管理总局缺陷产品召回技术中心,fail,false,false,,false,,"中国缺陷产品召回公告 2024-06-04。 标题：厦门开际照明电器有限公司召回部分FLKL爱泰牌固定式LED三防吸顶灯 生产者：厦门开际照明电器有限公司 产品：固定式LED三防吸顶灯 品牌：FLKL爱泰牌 型号规格：324 24W 涉及数量：40只 存在的缺陷：结构、外部接线和内部接线、防触电保护、耐久性试验和热试验,耐热、耐火 和耐起痕项目不符合GB 7000.201-2008、GB 7000.1-2015标准要求 可能导致的后果：可能引起触电、起火危险， 存在一定的安全隐患。 召回措施：为消费者提供免费退换货服务 来源：https://www.samrdprc.org.cn/xfpzh/xfpzhgg/202406/t20240611_111391.html",high,FAIL,battery_safety_concern
CN-RECALL-20240611-111390,train,accessory,嵌入式LED灯具,厦门开际照明电器有限公司召回部分FLKL特牌嵌入式LED灯具,FLKL特牌,TD-086 5W,,20230625TD0865W,false,false,,unknown,,unknown,unknown,国家市场监督管理总局缺陷产品召回技术中心,fail,false,false,,false,,中国缺陷产品召回公告 2024-06-04。 标题：厦门开际照明电器有限公司召回部分FLKL特牌嵌入式LED灯具 生产者：厦门开际照明电器有限公司 产品：嵌入式LED灯具 品牌：FLKL特牌 型号规格：TD-086 5W 涉及数量：100只 存在的缺陷：结构、外部接线和内部接线、防触电保护项目不符合 GB 7000 . 202 -2008标准 要求 可能导致的后果：可能引起触电危险， 存在一定的安全隐患。 召回措施：为消费者提供免费退换货服务 来源：https://www.samrdprc.org.cn/xfpzh/xfpzhgg/202406/t20240611_111390.html,high,FAIL,battery_safety_concern
CN-RECALL-20240517-111304,val,accessory,时尚按摩抱枕,福安市茵瑞斯电子有限公司召回部分时尚按摩抱枕,,YRS-N1 12V 直流 24W,,2022.04.08,false,false,,unknown,,unknown,unknown,国家市场监督管理总局缺陷产品召回技术中心,fail,,false,,false,,中国缺陷产品召回公告 2024-05-15。 标题：福安市茵瑞斯电子有限公司召回部分时尚按摩抱枕 生产者：福安市茵瑞斯电子有限公司 产品：时尚按摩抱枕 型号规格：YRS-N1 12V 直流 24W 涉及数量：79 台 存在的缺陷：结构项目不符合国家标准 GB 4706.10-2008 《家用和类似用途电器的安全 按 摩器具的特殊要求》， 可能导致的后果：产品外壳形状像玩具， 容易被 儿童误 当作玩具 玩耍 ，存在一定的安全隐患。 召回措施：为消费者提供免费退换货服务 来源：https://www.samrdprc.org.cn/xfpzh/xfpzhgg/202405/t20240517_111304.html,high,FAIL,
CN-RECALL-20240430-111254,val,accessory,电动自行车,晋江市高星电动车有限公司召回部分台众牌电动自行车,台众,TDT002Z,,20230512,false,false,,unknown,,unknown,unknown,国家市场监督管理总局缺陷产品召回技术中心,fail,false,false,,false,,中国缺陷产品召回公告 2024-04-26。 标题：晋江市高星电动车有限公司召回部分台众牌电动自行车 生产者：晋江市高星电动车有限公司 产品：电动自行车 品牌：台众 型号规格：TDT002Z 涉及数量：5 存在的缺陷：反射器、照明和鸣号装置，防火性能不符合国家标准 GB 17761-2018 《电动自行车技术安全规范》的要求 可能导致的后果：1 .脚蹬反射器光学性能不符合标准要求则无法提示后、侧方机动车 辆的注意，不能起到安全提示作用； 2 .防火性能不符合标准要求， 可能存在起火的风险，存在一定的安全隐患。 召回措施：为消费者提供修理或者退换货服务 来源：https://www.samrdprc.org.cn/xfpzh/xfpzhgg/202404/t20240430_111254.html,high,FAIL,battery_safety_concern
CN-RECALL-20240426-111224,test,charger,移动插座,汕头市潮南区司马浦东兴电器厂召回部分富牛牌移动插座,富牛,NO.151,,,false,false,,unknown,,unknown,unknown,国家市场监督管理总局缺陷产品召回技术中心,fail,false,false,,false,,中国缺陷产品召回公告 2024-04-23。 标题：汕头市潮南区司马浦东兴电器厂召回部分富牛牌移动插座 生产者：汕头市潮南区司马浦东兴电器厂 产品：移动插座 品牌：富牛 型号规格：NO.151 涉及数量：160 件 存在的缺陷：1. 插座孔径过大； 2. 插座 无接地措施 ； 3. 插座工作时 温升过高 ； 4. 插座 防火性能不足。 可能导致的后果：1. 插座孔径过大，在使用过程中导致插头容易松脱或发生触电危险 ； 2. 无接地措施，在产品的基本绝缘破损引起漏电时，漏电流不能通过接地导体 流 走，可能会对使用者产生触电危险； 3. 温升过高，可能导致着火危险； 4. 防火性能不足，绝缘支撑材料不耐热可能导致带电部件短路、或者导致着火 危险。 召回措施：通知 销售商立即停止销售缺陷产品，并在公司销售商实体店 铺发布 召回公告 ， 告知消费者具体召回事宜，为购买到缺陷产品的消费者免费退货处理。 来源：https://www.samrdprc.org.cn/xfpzh/xfpzhgg/202404/t20240426_111224.html,high,FAIL,missing_ccc_information|battery_safety_concern
CN-RECALL-20240426-111223,train,accessory,食品加工机（辅食机）,中山市惠人电器有限公司召回部分HATTIECS牌食品加工机（辅食机）,HATTIECS,216G/300mL,,20221201 、 20230301,false,false,,unknown,,unknown,unknown,国家市场监督管理总局缺陷产品召回技术中心,fail,,false,,false,,中国缺陷产品召回公告 2024-04-23。 标题：中山市惠人电器有限公司召回部分HATTIECS牌食品加工机（辅食机） 生产者：中山市惠人电器有限公司 产品：食品加工机（辅食机） 品牌：HATTIECS 型号规格：216G/300mL 涉及数量：400 台 存在的缺陷：搅拌刀头可以在不放入杯身的情况下直接安装到机头上并启动电机，可能存在割 伤危险。 可能导致的后果：可能存在割伤危险。 召回措施：通知销售商立即停止销售缺陷产品，并在公司 线上店铺发布 召回公告，告知消 费者具体召回事宜，为购买到缺陷产品的消费者进行免费维修或退货处理。 来源：https://www.samrdprc.org.cn/xfpzh/xfpzhgg/202404/t20240426_111223.html,high,FAIL,
CN-RECALL-20240426-111222,train,accessory,多功能料理机,中山市小浣熊电器有限公司召回部分小浣熊牌多功能料理机,小浣熊,HM-603 100W,,2021-12-2 8,false,false,,unknown,,unknown,unknown,国家市场监督管理总局缺陷产品召回技术中心,fail,,false,,false,,中国缺陷产品召回公告 2024-04-23。 标题：中山市小浣熊电器有限公司召回部分小浣熊牌多功能料理机 生产者：中山市小浣熊电器有限公司 产品：多功能料理机 品牌：小浣熊 型号规格：HM-603 100W 涉及数量：300 台 存在的缺陷：电子元件故障导致联锁开关失效 时 ，产品仍能工作，拆除杯及杯盖，人体可触及 转动刀片 。 可能导致的后果：可能 存在割伤 危险。 召回措施：通知销售商立即停止销售缺陷产品，并在公司 线上销售 店 铺 及销售商实体店铺 发布召回公告 ， 告知消费者具体召回事宜，为购买到缺陷产品的消费者免费退 货处理。 来源：https://www.samrdprc.org.cn/xfpzh/xfpzhgg/202404/t20240426_111222.html,high,FAIL,
CN-RECALL-20240410-111131,train,accessory,益智玩具车,汕头市智乐辉玩具有限公司召回部分智辉牌益智玩具车,智辉,16718,,ZH220800001,false,false,,unknown,,unknown,unknown,国家市场监督管理总局缺陷产品召回技术中心,fail,false,false,,false,,中国缺陷产品召回公告 2024-04-10。 标题：汕头市智乐辉玩具有限公司召回部分智辉牌益智玩具车 生产者：汕头市智乐辉玩具有限公司 产品：益智玩具车 品牌：智辉 型号规格：16718 涉及数量：480 盒 存在的缺陷：玩具 缺少可更换电池的安全使用注意事项警示说明 可能导致的后果：无法给消费者提供正确的指引，可能会使消费者使用不当造成伤害。 召回措施：1. 通知销售商立即停止销售缺陷产品，对库存产品退回； 2. 在 经销商 实体店铺 发布召回公告 ， 告知消费者具体召回事宜，为购买到缺陷产 品 的消费者补充电池玩具使用说明。 来源：https://www.samrdprc.org.cn/xfpzh/xfpzhgg/202404/t20240410_111131.html,high,FAIL,battery_safety_concern
CN-RECALL-20240410-111124,train,accessory,电动玩具 / 拼装 玩具,汕头市澄海区新阳玩具厂召回部分酷新阳光牌电动玩具/拼装玩具,酷新阳光,NO . 402,,XY20200716001,false,false,,unknown,,unknown,unknown,国家市场监督管理总局缺陷产品召回技术中心,fail,false,false,,false,,中国缺陷产品召回公告 2024-04-10。 标题：汕头市澄海区新阳玩具厂召回部分酷新阳光牌电动玩具/拼装玩具 生产者：汕头市澄海区新阳玩具厂 产品：电动玩具 / 拼装 玩具 品牌：酷新阳光 型号规格：NO . 402 涉及数量：72 套 存在的缺陷：经堵转试验后，玩具其它可触及部件温升超过 GB 19865-2005 标准 限值 可能导致的后果：玩具过热导致玩具本体零部件温度过高， 可能 对儿童造成灼伤皮肤的危险，严重 的 还 可能 会 发生 电池电解液泄漏， 电池燃烧等危险情况 。 召回措施：1. 通知销售商停止销售，告知消费者可以办理退货 ； 2. 在企业网站 发布召回公告信息，告知消费者具体召回事宜，为购买到缺陷产品 的 消费者免费更换一套全新的符合安全要求的 电动玩具 / 拼装玩具产品或退货处 理。 来源：https://www.samrdprc.org.cn/xfpzh/xfpzhgg/202404/t20240410_111124.html,high,FAIL,battery_safety_concern
CN-RECALL-20240322-111041,train,accessory,智能恒温宝 品牌 美斯尼,北京紫艺陶缘商贸有限公司主动召回部分型号美斯尼牌智能恒温宝,,型号： M-221 ； 规格： 125*125*22mm,,20230105,false,false,,unknown,,unknown,unknown,国家市场监督管理总局缺陷产品召回技术中心,fail,false,false,,false,,中国缺陷产品召回公告 2024-03-19。 标题：北京紫艺陶缘商贸有限公司主动召回部分型号美斯尼牌智能恒温宝 生产者：北京紫艺陶缘商贸有限公司 产品：智能恒温宝 品牌 美斯尼 型号规格：型号： M-221 ； 规格： 125*125*22mm 涉及数量：50个 存在的缺陷：标志和说明项目不符合 GB 4706.1-2005、 GB 4706.55-2008标准要求 可能导致的后果：使用说明中缺少下述内容：警告：如表面破裂，不得使用该器具。消费 者 如在表面破裂后继续使用，存在触电的风险。 召回措施：1.在 天猫 平台 店铺（美斯尼家居旗舰店） 发布召回公告； 2. 联系经销商停止销售该产品，并将剩余产品退回； 3 .通过电话等形式联系消费者进行退货（公司全额退款并承担消费者因 消 费品被召回支出的必要费用），京津冀地区消费者可就近联系门店跨 区域 异地异店退货； 4 .将缺陷产品进行销毁处理。 来源：https://www.samrdprc.org.cn/xfpzh/xfpzhgg/202403/t20240322_111041.html,high,FAIL,battery_safety_concern
CN-RECALL-20240223-110859,train,accessory,广东万人福电器有限公司召回部分百年王牌电热水壶,广东万人福电器有限公司召回部分百年王牌电热水壶,,,,,false,false,,unknown,,unknown,unknown,国家市场监督管理总局缺陷产品召回技术中心,fail,,false,,false,,中国缺陷产品召回公告 2024-02-26。 标题：广东万人福电器有限公司召回部分百年王牌电热水壶 产品：广东万人福电器有限公司召回部分百年王牌电热水壶 来源：https://www.samrdprc.org.cn/xfpzh/xfpzhgg/202402/t20240223_110859.html,high,FAIL,
CN-RECALL-20240223-110857,train,accessory,肇庆国信通新能源科技有限公司召回部分电动自行车锂电池,肇庆国信通新能源科技有限公司召回部分电动自行车锂电池,,,,,false,false,,unknown,,unknown,unknown,国家市场监督管理总局缺陷产品召回技术中心,fail,false,false,,false,,中国缺陷产品召回公告 2024-02-26。 标题：肇庆国信通新能源科技有限公司召回部分电动自行车锂电池 产品：肇庆国信通新能源科技有限公司召回部分电动自行车锂电池 来源：https://www.samrdprc.org.cn/xfpzh/xfpzhgg/202402/t20240223_110857.html,high,FAIL,battery_safety_concern
CN-RECALL-20240223-110856,val,accessory,广东津晶电器有限公司召回部分志高牌家用电冰箱,广东津晶电器有限公司召回部分志高牌家用电冰箱,,,,,false,false,,unknown,,unknown,unknown,国家市场监督管理总局缺陷产品召回技术中心,fail,,false,,false,,中国缺陷产品召回公告 2024-02-26。 标题：广东津晶电器有限公司召回部分志高牌家用电冰箱 产品：广东津晶电器有限公司召回部分志高牌家用电冰箱 来源：https://www.samrdprc.org.cn/xfpzh/xfpzhgg/202402/t20240223_110856.html,high,FAIL,
CN-RECALL-20240223-110855,val,accessory,中山市科强电器有限公司召回部分金雅典牌家用供热水燃气热水器,中山市科强电器有限公司召回部分金雅典牌家用供热水燃气热水器,,,,,false,false,,unknown,,unknown,unknown,国家市场监督管理总局缺陷产品召回技术中心,fail,,false,,false,,中国缺陷产品召回公告 2024-02-26。 标题：中山市科强电器有限公司召回部分金雅典牌家用供热水燃气热水器 产品：中山市科强电器有限公司召回部分金雅典牌家用供热水燃气热水器 来源：https://www.samrdprc.org.cn/xfpzh/xfpzhgg/202402/t20240223_110855.html,high,FAIL,
CN-RECALL-20240223-110854,test,accessory,中山市东凤镇欧玛士电器燃具厂召回部分OMAX欧玛士牌家用燃气灶,中山市东凤镇欧玛士电器燃具厂召回部分OMAX欧玛士牌家用燃气灶,,,,,false,false,,unknown,,unknown,unknown,国家市场监督管理总局缺陷产品召回技术中心,fail,,false,,false,,中国缺陷产品召回公告 2024-02-26。 标题：中山市东凤镇欧玛士电器燃具厂召回部分OMAX欧玛士牌家用燃气灶 产品：中山市东凤镇欧玛士电器燃具厂召回部分OMAX欧玛士牌家用燃气灶 来源：https://www.samrdprc.org.cn/xfpzh/xfpzhgg/202402/t20240223_110854.html,high,FAIL,
CN-RECALL-20240223-110852,train,accessory,中山市厨师傅电器有限公司召回部分厨师傅牌家用燃气灶具,中山市厨师傅电器有限公司召回部分厨师傅牌家用燃气灶具,,,,,false,false,,unknown,,unknown,unknown,国家市场监督管理总局缺陷产品召回技术中心,fail,,false,,false,,中国缺陷产品召回公告 2024-02-26。 标题：中山市厨师傅电器有限公司召回部分厨师傅牌家用燃气灶具 产品：中山市厨师傅电器有限公司召回部分厨师傅牌家用燃气灶具 来源：https://www.samrdprc.org.cn/xfpzh/xfpzhgg/202402/t20240223_110852.html,high,FAIL,
CN-RECALL-20240223-110851,train,accessory,中山市先宝电器有限公司召回部分YiYi怡意牌家用燃气灶具,中山市先宝电器有限公司召回部分YiYi怡意牌家用燃气灶具,,,,,false,false,,unknown,,unknown,unknown,国家市场监督管理总局缺陷产品召回技术中心,fail,,false,,false,,中国缺陷产品召回公告 2024-02-23。 标题：中山市先宝电器有限公司召回部分YiYi怡意牌家用燃气灶具 产品：中山市先宝电器有限公司召回部分YiYi怡意牌家用燃气灶具 来源：https://www.samrdprc.org.cn/xfpzh/xfpzhgg/202402/t20240223_110851.html,high,FAIL,
CN-RECALL-20240223-110850,train,accessory,中山市万信宝电器有限公司召回部分家用燃气灶具,中山市万信宝电器有限公司召回部分家用燃气灶具,,,,,false,false,,unknown,,unknown,unknown,国家市场监督管理总局缺陷产品召回技术中心,fail,,false,,false,,中国缺陷产品召回公告 2024-02-23。 标题：中山市万信宝电器有限公司召回部分家用燃气灶具 产品：中山市万信宝电器有限公司召回部分家用燃气灶具 来源：https://www.samrdprc.org.cn/xfpzh/xfpzhgg/202402/t20240223_110850.html,high,FAIL,
CN-RECALL-20240223-110848,train,accessory,中山市祥龙电器有限公司召回部分西龙牌西龙加热棒,中山市祥龙电器有限公司召回部分西龙牌西龙加热棒,,,,,false,false,,unknown,,unknown,unknown,国家市场监督管理总局缺陷产品召回技术中心,fail,,false,,false,,中国缺陷产品召回公告 2024-02-26。 标题：中山市祥龙电器有限公司召回部分西龙牌西龙加热棒 产品：中山市祥龙电器有限公司召回部分西龙牌西龙加热棒 来源：https://www.samrdprc.org.cn/xfpzh/xfpzhgg/202402/t20240223_110848.html,high,FAIL,
CN-RECALL-20240221-110842,train,charger,电源适配器,玳能科技（杭州）有限公司召回部分TOSHIBA东芝牌电源适配器,T OSHIBA 东芝,型号,,"T**08WW, T**09WW, T**10WW, T**11WW, T**12WW ***08MM, ***09MM, ***10MM, ***11MM, ***12MM",false,false,,unknown,,unknown,unknown,国家市场监督管理总局缺陷产品召回技术中心,fail,false,false,,false,,"中国缺陷产品召回公告 2024-02-21。 标题：玳能科技（杭州）有限公司召回部分TOSHIBA东芝牌电源适配器 生产者：玳能科技（杭州）有限公司 产品：电源适配器 品牌：T OSHIBA 东芝 型号规格：型号 涉及数量：1,512,850 件 存在的缺陷：上述电源适配器， 因使用材料可能受 长期 环境等复合因素的影 响，在特殊的情况下 存在 短路 的安全隐患 。 可能导致的后果：可能存在 短路 的安全隐患。 召回措施：玳能科技（杭州）有限 公司 将对受影响的电源适配器提供免 费替换品 。 来源：https://www.samrdprc.org.cn/xfpzh/xfpzhgg/202402/t20240221_110842.html",high,FAIL,missing_ccc_information|battery_safety_concern
CN-RECALL-20240124-110761,train,accessory,360扫地机器人 品牌 360,北京视觉世界科技有限公司主动召回部分型号360牌扫地机器人,,型号： S6 ； 工作参数： 14.8V ⎓ 30W,,20180412,false,false,,unknown,,unknown,unknown,国家市场监督管理总局缺陷产品召回技术中心,fail,false,false,,false,,中国缺陷产品召回公告 2024-01-17。 标题：北京视觉世界科技有限公司主动召回部分型号360牌扫地机器人 生产者：北京视觉世界科技有限公司 产品：360扫地机器人 品牌 360 型号规格：型号： S6 ； 工作参数： 14.8V ⎓ 30W 涉及数量：30个 存在的缺陷：结构项目不符合 GB 4706.1-2005标准要求 可能导致的后果：电源适配器插头的插脚间的残余电压值超过标准限值，存在引起电击的 风险。 召回措施：1. 在官网 发布召回公告； 2.联系经销商停止销售该产品； 3.通过电话等形式联系消费者 更换合格的电源适配器 （公司承担消费者 因消费 品被召 回支出的必要费用），京津冀地区消费者可就近联系门店 跨区域异地异 店 更换电源适 配器 ； 4.将缺陷产品进行销毁处理。 来源：https://www.samrdprc.org.cn/xfpzh/xfpzhgg/202401/t20240124_110761.html,high,FAIL,battery_safety_concern
CN-RECALL-20240124-110755,train,accessory,固定LED灯具 品牌 一极喜光,昆山喜光照明科技有限公司召回一极喜光牌固定LED灯具,,XGXT-016A,,20230629XG,false,false,,unknown,,unknown,unknown,国家市场监督管理总局缺陷产品召回技术中心,fail,false,false,,false,,中国缺陷产品召回公告 2024-01-23。 标题：昆山喜光照明科技有限公司召回一极喜光牌固定LED灯具 生产者：昆山喜光照明科技有限公司 产品：固定LED灯具 品牌 一极喜光 型号规格：XGXT-016A 存在的缺陷：产品标识为不可替换光源灯具，当用工具打开灯具部件后，标准试验指可触及连 接 器引 脚的金属焊点。 可能导致的后果：若维修时触及灯具连接器引脚的金属焊点，存在人员触电的危险。 召回措施：昆山喜光照明科技有限公司将在天猫一极喜光官方旗舰店发布召回公告，并通过 天 猫客 服留言、电话、短信等方式告知消费者产品召回信息，敬请消费者立即 停 止使 用 召回范围内的产品，并联系天猫客服进行退货退款，以消除安全隐患。消 费者因 本次召 回所产生的邮寄等相关费用均由昆山喜光照明科技有限公司承担。 来源：https://www.samrdprc.org.cn/xfpzh/xfpzhgg/202401/t20240124_110755.html,high,FAIL,battery_safety_concern
CN-RECALL-20240124-110754,val,accessory,固定式通用灯具 （LED明装） 品牌 一极喜光,昆山喜光照明科技有限公司召回一极喜光牌固定式通用灯具（LED明装）,,XGMZ-020,,20230628XG,false,false,,unknown,,unknown,unknown,国家市场监督管理总局缺陷产品召回技术中心,fail,false,false,,false,,中国缺陷产品召回公告 2024-01-23。 标题：昆山喜光照明科技有限公司召回一极喜光牌固定式通用灯具（LED明装） 生产者：昆山喜光照明科技有限公司 产品：固定式通用灯具 （LED明装） 品牌 一极喜光 型号规格：XGMZ-020 存在的缺陷：1、产品标识为不可替换光源灯具，当用工具打开灯具部件后，标准试验指可触及 连接器引脚的金属焊点； 2、灯具没有保护接地，灯具基本绝缘部件与可触及的金属外壳接触。 可能导致的后果：1、若维修时触及灯具连接器引脚的金属焊点，存在人员触电的危险； 2、若灯具基本绝缘出现异常损坏，消费者触及灯具外壳时存在触电的危险。 召回措施：昆山喜光照明科技有限公司将在京东一极喜光官方旗舰店发布召回公告，并通过 京东客服留言、电话、短信等方式告知消费者产品召回信息，敬请消费者 立即停 止使用召回范围内的产品，并联系京东客服进行退货退款，以消除安全隐 患。消 费者因本次召回所产生的邮寄等相关费用均由昆山喜光照明科技有限公司 承担。 来源：https://www.samrdprc.org.cn/xfpzh/xfpzhgg/202401/t20240124_110754.html,high,FAIL,battery_safety_concern
CN-RECALL-20240124-110753,val,accessory,嵌入式LED灯具 品牌 一极喜光,昆山喜光照明科技有限公司召回一极喜光牌嵌入式LED灯具,,AB-1A50DS-3-S；AB-1B110DW12-S,,20230620XG；20230625XG,false,false,,unknown,,unknown,unknown,国家市场监督管理总局缺陷产品召回技术中心,fail,false,false,,false,,中国缺陷产品召回公告 2024-01-22。 标题：昆山喜光照明科技有限公司召回一极喜光牌嵌入式LED灯具 生产者：昆山喜光照明科技有限公司 产品：嵌入式LED灯具 品牌 一极喜光 型号规格：AB-1A50DS-3-S；AB-1B110DW12-S 存在的缺陷：1、灯具的外部接线截面小于0.75mm²； 2、灯具基本绝缘部件与可触及金属外壳接触。 可能导致的后果：1、灯具外部接线线径过细，长时间使用可能会导致电线过热，存在着火和引起 火灾的危险。 2、若灯具基本绝缘出现异常损坏，消费者触及灯具外壳存在触电的危险。 召回措施：在天猫一极喜光官方旗舰店发布召回公告，并通过天猫客服留言、电话、短信等 方式告 知消费者产品召回信息，敬请消费者立即停止使用召回范围内的产品，并 联系天猫客服 进行免费退货退款，以消除安全隐患。消费者因本次召回所产生的 邮寄等相关费用均由 昆山喜光照明科技有限公司承担。 来源：https://www.samrdprc.org.cn/xfpzh/xfpzhgg/202401/t20240124_110753.html,high,FAIL,battery_safety_concern
CN-RECALL-20240119-110734,test,accessory,中山市本好照明电器厂召回部分卡焰牌LED吸顶灯,中山市本好照明电器厂召回部分卡焰牌LED吸顶灯,,,,,false,false,,unknown,,unknown,unknown,国家市场监督管理总局缺陷产品召回技术中心,fail,,false,,false,,中国缺陷产品召回公告 2024-01-17。 标题：中山市本好照明电器厂召回部分卡焰牌LED吸顶灯 产品：中山市本好照明电器厂召回部分卡焰牌LED吸顶灯 来源：https://www.samrdprc.org.cn/xfpzh/xfpzhgg/202401/t20240119_110734.html,high,FAIL,
CN-RECALL-20240119-110733,train,accessory,广东朗能电器有限公司召回部分LONON牌固定式LED灯具,广东朗能电器有限公司召回部分LONON牌固定式LED灯具,,,,,false,false,,unknown,,unknown,unknown,国家市场监督管理总局缺陷产品召回技术中心,fail,,false,,false,,中国缺陷产品召回公告 2024-01-17。 标题：广东朗能电器有限公司召回部分LONON牌固定式LED灯具 产品：广东朗能电器有限公司召回部分LONON牌固定式LED灯具 来源：https://www.samrdprc.org.cn/xfpzh/xfpzhgg/202401/t20240119_110733.html,high,FAIL,
CN-RECALL-20240119-110732,train,accessory,中山市蓝羚电器厂召回部分蓝羚牌换气扇,中山市蓝羚电器厂召回部分蓝羚牌换气扇,,,,,false,false,,unknown,,unknown,unknown,国家市场监督管理总局缺陷产品召回技术中心,fail,,false,,false,,中国缺陷产品召回公告 2024-01-17。 标题：中山市蓝羚电器厂召回部分蓝羚牌换气扇 产品：中山市蓝羚电器厂召回部分蓝羚牌换气扇 来源：https://www.samrdprc.org.cn/xfpzh/xfpzhgg/202401/t20240119_110732.html,high,FAIL,
CN-RECALL-20240119-110731,train,accessory,中山市玥翔电器有限公司召回部分钻石王牌换气扇,中山市玥翔电器有限公司召回部分钻石王牌换气扇,,,,,false,false,,unknown,,unknown,unknown,国家市场监督管理总局缺陷产品召回技术中心,fail,,false,,false,,中国缺陷产品召回公告 2024-01-17。 标题：中山市玥翔电器有限公司召回部分钻石王牌换气扇 产品：中山市玥翔电器有限公司召回部分钻石王牌换气扇 来源：https://www.samrdprc.org.cn/xfpzh/xfpzhgg/202401/t20240119_110731.html,high,FAIL,
CN-RECALL-20240119-110730,train,accessory,广东奇田电气有限公司召回部分奇田牌吸油烟机,广东奇田电气有限公司召回部分奇田牌吸油烟机,,,,,false,false,,unknown,,unknown,unknown,国家市场监督管理总局缺陷产品召回技术中心,fail,,false,,false,,中国缺陷产品召回公告 2024-01-17。 标题：广东奇田电气有限公司召回部分奇田牌吸油烟机 产品：广东奇田电气有限公司召回部分奇田牌吸油烟机 来源：https://www.samrdprc.org.cn/xfpzh/xfpzhgg/202401/t20240119_110730.html,high,FAIL,
CN-RECALL-20240119-110729,train,accessory,中山市兴诚电器有限公司召回部分皇冠牌电热水壶,中山市兴诚电器有限公司召回部分皇冠牌电热水壶,,,,,false,false,,unknown,,unknown,unknown,国家市场监督管理总局缺陷产品召回技术中心,fail,,false,,false,,中国缺陷产品召回公告 2024-01-17。 标题：中山市兴诚电器有限公司召回部分皇冠牌电热水壶 产品：中山市兴诚电器有限公司召回部分皇冠牌电热水壶 来源：https://www.samrdprc.org.cn/xfpzh/xfpzhgg/202401/t20240119_110729.html,high,FAIL,
CN-RECALL-20240119-110728,train,accessory,中山市爱米生活电器有限公司召回部分小霸王牌电陶炉,中山市爱米生活电器有限公司召回部分小霸王牌电陶炉,,,,,false,false,,unknown,,unknown,unknown,国家市场监督管理总局缺陷产品召回技术中心,fail,,false,,false,,中国缺陷产品召回公告 2024-01-17。 标题：中山市爱米生活电器有限公司召回部分小霸王牌电陶炉 产品：中山市爱米生活电器有限公司召回部分小霸王牌电陶炉 来源：https://www.samrdprc.org.cn/xfpzh/xfpzhgg/202401/t20240119_110728.html,high,FAIL,
CN-RECALL-20240119-110727,train,accessory,中山市合硕高品电器有限公司召回部分硕高牌电磁炉,中山市合硕高品电器有限公司召回部分硕高牌电磁炉,,,,,false,false,,unknown,,unknown,unknown,国家市场监督管理总局缺陷产品召回技术中心,fail,,false,,false,,中国缺陷产品召回公告 2024-01-17。 标题：中山市合硕高品电器有限公司召回部分硕高牌电磁炉 产品：中山市合硕高品电器有限公司召回部分硕高牌电磁炉 来源：https://www.samrdprc.org.cn/xfpzh/xfpzhgg/202401/t20240119_110727.html,high,FAIL,
CN-RECALL-20240119-110722,val,accessory,广州市哥得圣电动车有限公司召回部分哥得圣牌电动自行车,广州市哥得圣电动车有限公司召回部分哥得圣牌电动自行车,,,,,false,false,,unknown,,unknown,unknown,国家市场监督管理总局缺陷产品召回技术中心,fail,,false,,false,,中国缺陷产品召回公告 2024-01-17。 标题：广州市哥得圣电动车有限公司召回部分哥得圣牌电动自行车 产品：广州市哥得圣电动车有限公司召回部分哥得圣牌电动自行车 来源：https://www.samrdprc.org.cn/xfpzh/xfpzhgg/202401/t20240119_110722.html,high,FAIL,
CN-RECALL-20240119-110721,val,accessory,广州市哥得圣电动车有限公司召回部分尊尚牌电动自行车,广州市哥得圣电动车有限公司召回部分尊尚牌电动自行车,,,,,false,false,,unknown,,unknown,unknown,国家市场监督管理总局缺陷产品召回技术中心,fail,,false,,false,,中国缺陷产品召回公告 2024-01-17。 标题：广州市哥得圣电动车有限公司召回部分尊尚牌电动自行车 产品：广州市哥得圣电动车有限公司召回部分尊尚牌电动自行车 来源：https://www.samrdprc.org.cn/xfpzh/xfpzhgg/202401/t20240119_110721.html,high,FAIL,
CN-RECALL-20240110-110649,test,accessory,跑步机 品牌 小金,北京智动体育有限公司主动召回部分型号小金牌跑步机,,220V～918W TRK15F,,15GRCND/2304000055-15GRCND/2304000064,false,false,,unknown,,unknown,unknown,国家市场监督管理总局缺陷产品召回技术中心,fail,false,false,,false,,中国缺陷产品召回公告 2024-01-04。 标题：北京智动体育有限公司主动召回部分型号小金牌跑步机 生产者：北京智动体育有限公司 产品：跑步机 品牌 小金 型号规格：220V～918W TRK15F 涉及数量：10台 存在的缺陷：电器安全项目不符合GB 17498.6-2008标准要求 可能导致的后果：产品接地不可靠，存在触电风险 召回措施：1.在京东平台小金京东自营旗舰店发布召回公告； 2.联系经销商停止销售该产品，并将剩余产品退回； 3.通过电话等形式联系消费者进行退货（公司全额退款并承担消费者 因 消费 品被召回支出的必要费用），京津冀地区消费者可就近联系门 店跨 区域异地 异店退货； 4.将缺陷产品进行销毁处理。 来源：https://www.samrdprc.org.cn/xfpzh/xfpzhgg/202401/t20240110_110649.html,high,FAIL,battery_safety_concern
CN-RECALL-20240110-110648,train,accessory,跑步机 品牌 金史密斯,北京金史密斯科技股份有限公司主动召回部分型号金史密斯牌跑步机,,220V ～ 918W TRG1F Pro,,GPSWCND/2304000091-GPSWCND/2304000100,false,false,,unknown,,unknown,unknown,国家市场监督管理总局缺陷产品召回技术中心,fail,false,false,,false,,中国缺陷产品召回公告 2024-01-04。 标题：北京金史密斯科技股份有限公司主动召回部分型号金史密斯牌跑步机 生产者：北京金史密斯科技股份有限公司 产品：跑步机 品牌 金史密斯 型号规格：220V ～ 918W TRG1F Pro 涉及数量：10 台 存在的缺陷：电器安全项目不符合GB 17498.6-2008标准要求 可能导致的后果：产品接地不可靠，存在触电风险 召回措施：1.在官网发布召回公告； 2.联系经销商停止销售该产品，并将剩余产品退回； 3.通过电话等形式联系消费者进行退货（公司全额退款并承担消费者因 消费品被 召回支出的必要费用），京津冀地区消费者可就近联系门店跨 区域异地异店退货； 4.将缺陷产品进行销毁处理。 来源：https://www.samrdprc.org.cn/xfpzh/xfpzhgg/202401/t20240110_110648.html,high,FAIL,battery_safety_concern
CN-RECALL-20231122-110349,train,accessory,电蚊拍,福州弘晟联创电器有限公司召回好奇小子牌电蚊拍,好奇小子,T-11,,2021T11,false,false,,unknown,,unknown,unknown,国家市场监督管理总局缺陷产品召回技术中心,fail,false,false,,false,,中国缺陷产品召回公告 2023-11-20。 标题：福州弘晟联创电器有限公司召回好奇小子牌电蚊拍 生产者：福州弘晟联创电器有限公司 产品：电蚊拍 品牌：好奇小子 型号规格：T-11 涉及数量：300 存在的缺陷：对触及带电部件的防护不足，不符合 GB 4706.76-2008 《家用和类似用途电器 的安 全 灭虫器的特殊要求》的要求。 可能导致的后果：使用过程中可能导致触电，存在安全隐患。 召回措施：为购买本产品的消费者免费提供退换货 来源：https://www.samrdprc.org.cn/xfpzh/xfpzhgg/202311/t20231122_110349.html,high,FAIL,battery_safety_concern
CN-RECALL-20231108-110312,train,accessory,儿童玩具车 品牌 幼蓓 Ubee,北京歌瑞家婴童用品有限公司主动召回部分幼蓓Ubee牌儿童玩具车,,型号： 618，规格：65*18*30cm,,2023052801,false,false,,unknown,,unknown,unknown,国家市场监督管理总局缺陷产品召回技术中心,fail,false,false,,false,,中国缺陷产品召回公告 2023-11-06。 标题：北京歌瑞家婴童用品有限公司主动召回部分幼蓓Ubee牌儿童玩具车 生产者：北京歌瑞家婴童用品有限公司 产品：儿童玩具车 品牌 幼蓓 Ubee 型号规格：型号： 618，规格：65*18*30cm 涉及数量：20 件 存在的缺陷：正常使用、强度、部件项目不符合 GB 6675.12-2014 标准要求 可能导致的后果：1. 松开弹珠锁定装置后，旋转锁定装置失效，可能会导致儿童在使用 滑板车时出 现把立管突然下降的情况，存在摔伤的风险； 2.玩具没有可更换电池的使用说明， 无法提示消费者安全、正确的使 用和处置电 池，如果出现电池反接可能导致过热、 漏液、爆炸等风险。 召回措施：1.联系经销商停止销售该产品，并将剩余产品退回； 2.通过电话等形式联系消费者进行退货（公司全额退款并承担消费者 因消费品 被召回支出的必要费用），京津冀地区消费者可就近联系门 店跨区域异地异店 退货； 3.将缺陷产品进行销毁处理。 来源：https://www.samrdprc.org.cn/xfpzh/xfpzhgg/202311/t20231108_110312.html,high,FAIL,battery_safety_concern
CN-RECALL-20231018-110226,train,accessory,电动自行车 品牌 格林豪泰,无锡超爵格泰车业有限公司召回部分格林豪泰牌电动自行车,,TDT1031Z,,20210810-20210830,false,false,,unknown,,unknown,unknown,国家市场监督管理总局缺陷产品召回技术中心,fail,false,false,,false,,中国缺陷产品召回公告 2023-10-18。 标题：无锡超爵格泰车业有限公司召回部分格林豪泰牌电动自行车 生产者：无锡超爵格泰车业有限公司 产品：电动自行车 品牌 格林豪泰 型号规格：TDT1031Z 存在的缺陷：1、最高车速过快； 2、整车质量过大； 3、充电线路中无熔断器或断路保护装置； 4、控制系统试验时，过流保护功能实测电流值大于合格证中规定值； 5、控制系统试验时，电动机额定连续输出功率大于400W； 6、蓄电池与电池组盒未合理匹配，蓄电池与电池组盒壁的最大间隙为 55mm，且 能晃动。 可能导致的后果：1、车速过快引起前制动力增加，从而导致制动失效、侧滑和前翻的危 险，同时 当骑行速度过快， 出现突发状况时，骑行者可能因来不及反 应导致失去平衡或 发生碰撞，造成骑行者或其他交通参 与者的人身伤 害； 2、整车质量过大，使得车辆惯性过大，当电动自行车发生碰撞时，造 成或加 重交通参与者的 人身伤害； 3、充电线路中无熔断器或断路保护装置，当导线破损或电负荷过大等 原因导致 电气线路产生 异常电流时，局部导线积聚大量热量，缺少必 要的短路保护和过 流保护，可能引起着火甚至 导致火灾； 4、当电路中过流值过大时，电机和电路一系列元器件都可能造成损伤， 甚至烧 毁电机、电池 和控制器，长时间工作易引发电动自行车自燃； 5、电动机额定连续输出功率太大，会导致车辆速度过快，易引发交通 事故； 6、蓄电池与电池组盒未合理匹配，为违规增设电池或改装电路提供了 可能，会 导致改装后 车辆超重或超速，使用过程中会增加发生电路故 障、导致起火以及发 生交通事故的风险。 召回措施：无锡超爵格泰车业有限公司将在销售门店发布召回信息，敬请消费者立 即停止使 用召回 范围内的产品，并联系无锡超爵格泰车业有限公司或各 销售门店进行维修 （更换控制器， 加装充电线路熔断器、更换电机以及 座桶，对电池进行检查并恢 复出厂设置），以消除 安全隐患。消费者因 本次召回所产生的维修等相关费用均 由无锡超爵格泰车业有限公司 承担。 来源：https://www.samrdprc.org.cn/xfpzh/xfpzhgg/202310/t20231018_110226.html,high,FAIL,battery_safety_concern
CN-RECALL-20231018-110225,train,accessory,电动自行车 品牌 豪晨,无锡晋明科技有限公司召回部分豪晨牌电动自行车,,TDT005,,20200820,false,false,,unknown,,unknown,unknown,国家市场监督管理总局缺陷产品召回技术中心,fail,false,false,,false,,中国缺陷产品召回公告 2023-10-18。 标题：无锡晋明科技有限公司召回部分豪晨牌电动自行车 生产者：无锡晋明科技有限公司 产品：电动自行车 品牌 豪晨 型号规格：TDT005 存在的缺陷：1、电动机控制器外壳未采用胶固封或防篡改螺丝； 2、车辆淋水涉水时，绝缘电阻值为0MΩ； 3、短路保护装置电流规格与说明书原理图规定的标注规格不一致； 4、控制系统试验时，过流保护功能实测实测电流值大于合格证规定的电流值。 可能导致的后果：1、为违规改变车速提供了可能，当骑行速度过快，发生突发状况时，骑行者 可能 因来不及反应导致失去平衡或发生碰撞等情况，造成骑行者或其他交通 参与者的 人身伤害； 2、在雨天或潮湿环境下骑行，可能发生车辆外壳漏电或短路事故，给消费者 带来 安全隐患； 3、如发生异常电流或短路时，短路保护装置不能起到应有的保护作用，局部 导线 会积聚大量热量，会引起产品着火甚至引发火灾； 4、当电路中过流值过大时，电机和电路一系列元器件都可能造成损伤，甚至 烧毁 电机、电池和控制器，长时间工作易引发电动自行车自燃。 召回措施：无锡晋明科技有限公司将在各经销门店发布召回信息，敬请消费者立即停止使 用召 回范围内的产品，并联系无锡晋明科技有限公司或经销商进行免费维修 （更换控制 器、电机、短路保护装置、控制器防水套），以消除安全隐患。消 费者因本次召回 所产生的维修等相关费用均由无锡晋明科技有限公司承担。 来源：https://www.samrdprc.org.cn/xfpzh/xfpzhgg/202310/t20231018_110225.html,high,FAIL,battery_safety_concern|report_model_mismatch
CN-RECALL-20231018-110224,train,accessory,电动自行车 品牌 自由行,无锡邦度科技有限公司召回部分自由行牌电动自行车,,TDT651Z,,2021.11.29,false,false,,unknown,,unknown,unknown,国家市场监督管理总局缺陷产品召回技术中心,fail,false,false,,false,,中国缺陷产品召回公告 2023-10-17。 标题：无锡邦度科技有限公司召回部分自由行牌电动自行车 生产者：无锡邦度科技有限公司 产品：电动自行车 品牌 自由行 型号规格：TDT651Z 存在的缺陷：1、电动自行车最高车速过快； 2、电池和电池组盒不匹配，蓄电池与电池组盒侧壁距离超过30mm。 可能导致的后果：1 、可能因车速过快引起前制动力增加，从而导致制动失效、侧滑和前翻的危险， 同时 当骑行车速过快，出现突发情况时，骑行者可能因来不及反应导致失去平衡 或 发生碰 撞，造成骑行者或者其他交通参与者的人身伤害； 2、为违规增设电池或改装电路提供了可能，会造成车辆超重或超速，增加发生 电路 故 障导致起火以及发生交通事故的风险。 召回措施：无锡邦度科技有限公司将通过经销商在经销门店发布召回信息，敬请消费者立即 停 止使用召回范围内的产品，并联系各经销商进行免费维修（更换控制器和电池 组 盒），本次召回费用由无锡邦度科技有限公司承担。 来源：https://www.samrdprc.org.cn/xfpzh/xfpzhgg/202310/t20231018_110224.html,high,FAIL,battery_safety_concern
CN-RECALL-20231018-110223,train,accessory,电动自行车 品牌 轻骑雷舰,江苏大隆建豪新能源工业有限公司召回部分轻骑雷舰牌电动自行车,,TDT053Z,,20200817,false,false,,unknown,,unknown,unknown,国家市场监督管理总局缺陷产品召回技术中心,fail,false,false,,false,,中国缺陷产品召回公告 2023-10-17。 标题：江苏大隆建豪新能源工业有限公司召回部分轻骑雷舰牌电动自行车 生产者：江苏大隆建豪新能源工业有限公司 产品：电动自行车 品牌 轻骑雷舰 型号规格：TDT053Z 存在的缺陷：1、车辆淋水涉水时，绝缘电阻值为0MΩ； 2、电池输出端断路器标注电流值大于说明书标注的电流值； 3、电气控制系统过流保护限流值小于合格证明示过流保护限流值； 4、充电器输出线反接试验后损坏。 可能导致的后果：1、车辆在涉水环境下行驶，如车辆发生外壳漏电或短路时，可能给消费 者 带来安全隐患； 2、当车辆电池输出端发生线损或电负荷过大等情况，会导致电气线路产 生异常电流， 如断路器不能起到应有的保护作用，局部导线积聚大量热 量，可能引起局部燃烧进而造成 火灾的危险； 3、电气控制系统过程保护限流值过小，可能在上坡或特殊路段发生车辆 突然断电， 影响骑行者安全； 4、如消费者在充电时误将充电器输出线反接，可能存在触电的危险。 召回措施：江苏大隆建豪新能源工业有限公司将通过各销售商在经销门店发布召回信 息，敬请 消费者立即停止使用召回范围内的产品，并联系经销商进行免费 维修（更换短路保 护装置、控制器以及充电器），以消除安全隐患。消费 者因本次召回所产生的维修 等相关费用均由江苏大隆建豪新能源工业有限 公司承担。 来源：https://www.samrdprc.org.cn/xfpzh/xfpzhgg/202310/t20231018_110223.html,high,FAIL,battery_safety_concern
CN-RECALL-20231018-110219,val,accessory,廉江市吉水美林电器厂召回部分半球牌电热水壶,廉江市吉水美林电器厂召回部分半球牌电热水壶,,,,,false,false,,unknown,,unknown,unknown,国家市场监督管理总局缺陷产品召回技术中心,fail,,false,,false,,中国缺陷产品召回公告 2023-10-15。 标题：廉江市吉水美林电器厂召回部分半球牌电热水壶 产品：廉江市吉水美林电器厂召回部分半球牌电热水壶 来源：https://www.samrdprc.org.cn/xfpzh/xfpzhgg/202310/t20231018_110219.html,high,FAIL,
CN-RECALL-20231018-110218,val,accessory,廉江市恒力电器有限公司召回部分SPORLR牌电热水壶,廉江市恒力电器有限公司召回部分SPORLR牌电热水壶,,,,,false,false,,unknown,,unknown,unknown,国家市场监督管理总局缺陷产品召回技术中心,fail,,false,,false,,中国缺陷产品召回公告 2023-10-15。 标题：廉江市恒力电器有限公司召回部分SPORLR牌电热水壶 产品：廉江市恒力电器有限公司召回部分SPORLR牌电热水壶 来源：https://www.samrdprc.org.cn/xfpzh/xfpzhgg/202310/t20231018_110218.html,high,FAIL,
CN-RECALL-20231018-110217,test,accessory,广东南振电器有限公司召回部分半球牌电热水壶,广东南振电器有限公司召回部分半球牌电热水壶,,,,,false,false,,unknown,,unknown,unknown,国家市场监督管理总局缺陷产品召回技术中心,fail,,false,,false,,中国缺陷产品召回公告 2023-10-15。 标题：广东南振电器有限公司召回部分半球牌电热水壶 产品：广东南振电器有限公司召回部分半球牌电热水壶 来源：https://www.samrdprc.org.cn/xfpzh/xfpzhgg/202310/t20231018_110217.html,high,FAIL,
CN-RECALL-20231018-110216,train,accessory,中山市汤玛斯电器有限公司召回部分汤玛斯牌灭蚊蝇灯,中山市汤玛斯电器有限公司召回部分汤玛斯牌灭蚊蝇灯,,,,,false,false,,unknown,,unknown,unknown,国家市场监督管理总局缺陷产品召回技术中心,fail,,false,,false,,中国缺陷产品召回公告 2023-10-15。 标题：中山市汤玛斯电器有限公司召回部分汤玛斯牌灭蚊蝇灯 产品：中山市汤玛斯电器有限公司召回部分汤玛斯牌灭蚊蝇灯 来源：https://www.samrdprc.org.cn/xfpzh/xfpzhgg/202310/t20231018_110216.html,high,FAIL,
CN-RECALL-20231018-110215,train,accessory,中山市畅格电器有限公司召回部分华田牌台扇,中山市畅格电器有限公司召回部分华田牌台扇,,,,,false,false,,unknown,,unknown,unknown,国家市场监督管理总局缺陷产品召回技术中心,fail,,false,,false,,中国缺陷产品召回公告 2023-10-15。 标题：中山市畅格电器有限公司召回部分华田牌台扇 产品：中山市畅格电器有限公司召回部分华田牌台扇 来源：https://www.samrdprc.org.cn/xfpzh/xfpzhgg/202310/t20231018_110215.html,high,FAIL,
CN-RECALL-20231018-110195,train,accessory,中山市恒顺电器有限公司召回部分小霸王牌电磁炉,中山市恒顺电器有限公司召回部分小霸王牌电磁炉,,,,,false,false,,unknown,,unknown,unknown,国家市场监督管理总局缺陷产品召回技术中心,fail,,false,,false,,中国缺陷产品召回公告 2023-10-15。 标题：中山市恒顺电器有限公司召回部分小霸王牌电磁炉 产品：中山市恒顺电器有限公司召回部分小霸王牌电磁炉 来源：https://www.samrdprc.org.cn/xfpzh/xfpzhgg/202310/t20231018_110195.html,high,FAIL,
CN-RECALL-20231012-110186,train,accessory,电动自行车 品牌 棒途,无锡迅逸电动车有限公司召回部分棒途牌TDT205Z电动自行车,,TDT205Z,,2021-10-15,false,false,,unknown,,unknown,unknown,国家市场监督管理总局缺陷产品召回技术中心,fail,false,false,,false,,中国缺陷产品召回公告 2023-10-11。 标题：无锡迅逸电动车有限公司召回部分棒途牌TDT205Z电动自行车 生产者：无锡迅逸电动车有限公司 产品：电动自行车 品牌 棒途 型号规格：TDT205Z 存在的缺陷：1、电动自行车最高车速过快； 2、整车质量过大； 3、车速提示音和鸣号装置声压级过高； 4、短路保护装置电流规格与说明书规定的规格不符。 可能导致的后果：1、当骑行者骑行速度过快时，可能因车速过快引起前制动力增加，从而导致制动 失 效、 侧滑 和前翻的危险，同时当骑行者骑行速度过快，出现突发状况时，骑行 者可 能因来不 及反应导致 失去平衡或发生碰撞，造成骑行者或其他交通参与者的 人身伤 害； 2、整车质量较大使得惯性过大，当电动自行车发生碰撞时，可能会造成或加重交 通 参 与者 的人身伤害； 3、车辆超速提示音和鸣号装置过响，可能会对骑行者造成不良影响； 4、电动自行车发生异常发电或短路时，若短路保护装置不能起到应有的保护作 用， 局 部 导线会积聚大量热量，会引起产品着火甚至引发火灾。 召回措施：无锡迅逸电动车有限公司将在经销商门店发布召回信息，敬请消费者立即停止使 用 召 回范围内的产品，并联系无锡迅逸电动车有限公司或经销商进行免费维修 （更换 车辆 控制器、车速提示器、鸣号装置、短路保护装置以及电池恢复出厂设 置），以 消除安 全隐患。消费者因本次召回所产生的维修等相关费用均由无锡迅 逸电动车有 限公司承 担。 来源：https://www.samrdprc.org.cn/xfpzh/xfpzhgg/202310/t20231012_110186.html,high,FAIL,battery_safety_concern
CN-RECALL-20231012-110185,train,accessory,电动自行车 品牌 棒途,无锡迅逸电动车有限公司召回部分棒途牌TDT207Z电动自行车,,TDT207Z,,2022-2-18,false,false,,unknown,,unknown,unknown,国家市场监督管理总局缺陷产品召回技术中心,fail,false,false,,false,,中国缺陷产品召回公告 2023-10-11。 标题：无锡迅逸电动车有限公司召回部分棒途牌TDT207Z电动自行车 生产者：无锡迅逸电动车有限公司 产品：电动自行车 品牌 棒途 型号规格：TDT207Z 存在的缺陷：1、整车质量过大； 2、车速提示音的声压过高。 可能导致的后果：1、整车质量较大使得惯性过大，当电动自行车发生碰撞时，可能会造成或加 重交通参与者的人身伤害； 2、车辆超速提示音过响，可能会对骑行者造成不良影响。 召回措施：无锡迅逸电动车有限公司通过各经销商在销售门店发布召回信息，敬请消费 者立即停止使用召回范围内的产品，并联系无锡迅逸电动车有限公司或经销 商进行免费维修（更换车速提示器及对电池进行检查并恢复出厂设置），以 消除安全隐患。消费者因本次召回所产生的维修等相关费用均由无锡迅逸电 动车有限公司承担。 来源：https://www.samrdprc.org.cn/xfpzh/xfpzhgg/202310/t20231012_110185.html,high,FAIL,battery_safety_concern
CN-RECALL-20231012-110184,train,accessory,电动自行车 品牌 新蕾,新蕾车业无锡有限公司召回部分新蕾牌电动自行车,,TDR326Z,,2006020825451004,false,false,,unknown,,unknown,unknown,国家市场监督管理总局缺陷产品召回技术中心,fail,false,false,,false,,中国缺陷产品召回公告 2023-10-11。 标题：新蕾车业无锡有限公司召回部分新蕾牌电动自行车 生产者：新蕾车业无锡有限公司 产品：电动自行车 品牌 新蕾 型号规格：TDR326Z 存在的缺陷：1、车辆左曲柄转动时，与车身左边条碰擦，左脚蹬工作时与侧支架存在干涉； 2、车辆淋水涉水时，绝缘电阻值为0MΩ； 3、电气强度试验时，电源电路与裸露可导电部件之间被击穿； 4、充电器经反接试验后损坏。 可能导致的后果：1、电动自行车的不动件与运动件发生碰擦，消费者骑行时存在一定的安全隐患； 2、电动自行车在雨天或潮湿环境下骑行，可能发生车辆外壳漏电或短路事故，给消 费者 带来安全隐患； 3、如果车辆的电路绝缘被击穿，存在可能导致消费者触电的安全隐患； 4、如消费者在充电时误将充电器输出线接反，可能存在触电的危险。 召回措施：新蕾车业无锡有限公司将通过各经销商在经销门店发布召回信息，敬请消费者立即 停止 使用召回范围内的产品，并联系新蕾车业无锡有限公司或经销商进行免费维修 （拆除 侧支架、更换电缆总线、DC-DC直流转换器以及充电器），以消除安全隐患。 消费者因 本次召回所产生的维修等相关费用均由新蕾车业无锡有限公司承担。 来源：https://www.samrdprc.org.cn/xfpzh/xfpzhgg/202310/t20231012_110184.html,high,FAIL,battery_safety_concern
CN-RECALL-20231009-110154,train,accessory,中山市台优电动车有限公司召回部分乐蝶LEDIE牌电动自行车,中山市台优电动车有限公司召回部分乐蝶LEDIE牌电动自行车,,,,,false,false,,unknown,,unknown,unknown,国家市场监督管理总局缺陷产品召回技术中心,fail,,false,,false,,中国缺陷产品召回公告 2023-10-07。 标题：中山市台优电动车有限公司召回部分乐蝶LEDIE牌电动自行车 产品：中山市台优电动车有限公司召回部分乐蝶LEDIE牌电动自行车 来源：https://www.samrdprc.org.cn/xfpzh/xfpzhgg/202310/t20231009_110154.html,high,FAIL,
CN-RECALL-20231009-110151,val,accessory,东莞深远车业有限公司召回部分深远牌电动自行车,东莞深远车业有限公司召回部分深远牌电动自行车,,,,,false,false,,unknown,,unknown,unknown,国家市场监督管理总局缺陷产品召回技术中心,fail,,false,,false,,中国缺陷产品召回公告 2023-10-07。 标题：东莞深远车业有限公司召回部分深远牌电动自行车 产品：东莞深远车业有限公司召回部分深远牌电动自行车 来源：https://www.samrdprc.org.cn/xfpzh/xfpzhgg/202310/t20231009_110151.html,high,FAIL,
CN-RECALL-20231009-110149,val,accessory,惠州市致跑王电动科技有限公司召回部分普莱德牌和致跑王牌电动自行车,惠州市致跑王电动科技有限公司召回部分普莱德牌和致跑王牌电动自行车,,,,,false,false,,unknown,,unknown,unknown,国家市场监督管理总局缺陷产品召回技术中心,fail,,false,,false,,中国缺陷产品召回公告 2023-10-07。 标题：惠州市致跑王电动科技有限公司召回部分普莱德牌和致跑王牌电动自行车 产品：惠州市致跑王电动科技有限公司召回部分普莱德牌和致跑王牌电动自行车 来源：https://www.samrdprc.org.cn/xfpzh/xfpzhgg/202310/t20231009_110149.html,high,FAIL,
CN-RECALL-20231009-110147,test,accessory,珠海天贸新能源科技有限公司召回部分电动自行车锂电池,珠海天贸新能源科技有限公司召回部分电动自行车锂电池,,,,,false,false,,unknown,,unknown,unknown,国家市场监督管理总局缺陷产品召回技术中心,fail,false,false,,false,,中国缺陷产品召回公告 2023-10-07。 标题：珠海天贸新能源科技有限公司召回部分电动自行车锂电池 产品：珠海天贸新能源科技有限公司召回部分电动自行车锂电池 来源：https://www.samrdprc.org.cn/xfpzh/xfpzhgg/202310/t20231009_110147.html,high,FAIL,battery_safety_concern
CN-RECALL-20230922-110080,train,accessory,电动自行车 品牌 倍特,江苏倍特电动车有限公司召回部分倍特牌电动自行车,,TDT030Z,,2021-11-16,false,false,,unknown,,unknown,unknown,国家市场监督管理总局缺陷产品召回技术中心,fail,false,false,,false,,中国缺陷产品召回公告 2023-09-19。 标题：江苏倍特电动车有限公司召回部分倍特牌电动自行车 生产者：江苏倍特电动车有限公司 产品：电动自行车 品牌 倍特 型号规格：TDT030Z 存在的缺陷：1、车速提示音声压级为65dB(A)； 2、电池和电池组盒匹配不合理 可能导致的后果：1、车辆超速提示音过响，可能会对骑行者造成不良影响； 2、由于蓄电池和蓄电池组盒匹配不合理，为违规增设电池或改装电路提供了可 能， 可 能造成车辆改装后超重或超速，使用过程中增加发生电路故障导致起火以 及发生 交通 事故的风险。 召回措施：江苏倍特电动车有限公司将在经销商门店发布召回信息，敬请消费者立即停止使用 召 回范围内的产品，并联系经销商或直接联系江苏倍特电动车有限公司免费更换车 速提 示器和电池组盒，以消除安全隐患。消费者因本次召回所产生的维修等相关费 用均由 江苏倍特电动车有限公司承担。 来源：https://www.samrdprc.org.cn/xfpzh/xfpzhgg/202309/t20230922_110080.html,high,FAIL,battery_safety_concern
CN-RECALL-20230915-110035,train,accessory,廉江市智创电器有限公司召回部分小霸王牌电热水壶,廉江市智创电器有限公司召回部分小霸王牌电热水壶,,,,,false,false,,unknown,,unknown,unknown,国家市场监督管理总局缺陷产品召回技术中心,fail,,false,,false,,中国缺陷产品召回公告 2023-09-12。 标题：廉江市智创电器有限公司召回部分小霸王牌电热水壶 产品：廉江市智创电器有限公司召回部分小霸王牌电热水壶 来源：https://www.samrdprc.org.cn/xfpzh/xfpzhgg/202309/t20230915_110035.html,high,FAIL,
CN-RECALL-20230915-110034,train,accessory,廉江市五角电器厂召回部分五甬牌电热水壶,廉江市五角电器厂召回部分五甬牌电热水壶,,,,,false,false,,unknown,,unknown,unknown,国家市场监督管理总局缺陷产品召回技术中心,fail,,false,,false,,中国缺陷产品召回公告 2023-09-12。 标题：廉江市五角电器厂召回部分五甬牌电热水壶 产品：廉江市五角电器厂召回部分五甬牌电热水壶 来源：https://www.samrdprc.org.cn/xfpzh/xfpzhgg/202309/t20230915_110034.html,high,FAIL,
CN-RECALL-20230915-110033,train,accessory,廉江市锐龙电器有限公司召回部分先科牌电热水壶,廉江市锐龙电器有限公司召回部分先科牌电热水壶,,,,,false,false,,unknown,,unknown,unknown,国家市场监督管理总局缺陷产品召回技术中心,fail,,false,,false,,中国缺陷产品召回公告 2023-09-12。 标题：廉江市锐龙电器有限公司召回部分先科牌电热水壶 产品：廉江市锐龙电器有限公司召回部分先科牌电热水壶 来源：https://www.samrdprc.org.cn/xfpzh/xfpzhgg/202309/t20230915_110033.html,high,FAIL,
CN-RECALL-20230915-110032,train,accessory,廉江市高路华电器有限公司召回部分皇冠牌玻璃电热水壶,廉江市高路华电器有限公司召回部分皇冠牌玻璃电热水壶,,,,,false,false,,unknown,,unknown,unknown,国家市场监督管理总局缺陷产品召回技术中心,fail,,false,,false,,中国缺陷产品召回公告 2023-09-12。 标题：廉江市高路华电器有限公司召回部分皇冠牌玻璃电热水壶 产品：廉江市高路华电器有限公司召回部分皇冠牌玻璃电热水壶 来源：https://www.samrdprc.org.cn/xfpzh/xfpzhgg/202309/t20230915_110032.html,high,FAIL,
CN-RECALL-20230915-110031,train,accessory,廉江市中博电器厂召回部分万利达牌电热水壶,廉江市中博电器厂召回部分万利达牌电热水壶,,,,,false,false,,unknown,,unknown,unknown,国家市场监督管理总局缺陷产品召回技术中心,fail,,false,,false,,中国缺陷产品召回公告 2023-09-12。 标题：廉江市中博电器厂召回部分万利达牌电热水壶 产品：廉江市中博电器厂召回部分万利达牌电热水壶 来源：https://www.samrdprc.org.cn/xfpzh/xfpzhgg/202309/t20230915_110031.html,high,FAIL,
CN-RECALL-20230915-110030,train,accessory,廉江市金一亭电器厂召回部分万利达牌电热水壶,廉江市金一亭电器厂召回部分万利达牌电热水壶,,,,,false,false,,unknown,,unknown,unknown,国家市场监督管理总局缺陷产品召回技术中心,fail,,false,,false,,中国缺陷产品召回公告 2023-09-12。 标题：廉江市金一亭电器厂召回部分万利达牌电热水壶 产品：廉江市金一亭电器厂召回部分万利达牌电热水壶 来源：https://www.samrdprc.org.cn/xfpzh/xfpzhgg/202309/t20230915_110030.html,high,FAIL,
CN-RECALL-20230915-110029,val,accessory,湛江市世乐电器有限公司召回部分万利达牌电热水壶,湛江市世乐电器有限公司召回部分万利达牌电热水壶,,,,,false,false,,unknown,,unknown,unknown,国家市场监督管理总局缺陷产品召回技术中心,fail,,false,,false,,中国缺陷产品召回公告 2023-09-12。 标题：湛江市世乐电器有限公司召回部分万利达牌电热水壶 产品：湛江市世乐电器有限公司召回部分万利达牌电热水壶 来源：https://www.samrdprc.org.cn/xfpzh/xfpzhgg/202309/t20230915_110029.html,high,FAIL,
CN-RECALL-20230915-110028,val,accessory,广东正鸿泰电器有限公司召回部分万利达牌电热水壶,广东正鸿泰电器有限公司召回部分万利达牌电热水壶,,,,,false,false,,unknown,,unknown,unknown,国家市场监督管理总局缺陷产品召回技术中心,fail,,false,,false,,中国缺陷产品召回公告 2023-09-12。 标题：广东正鸿泰电器有限公司召回部分万利达牌电热水壶 产品：广东正鸿泰电器有限公司召回部分万利达牌电热水壶 来源：https://www.samrdprc.org.cn/xfpzh/xfpzhgg/202309/t20230915_110028.html,high,FAIL,
CN-RECALL-20230913-110018,test,accessory,电动自行车 品牌 欧妮雅,无锡欧妮雅电动车有限公司召回部分欧妮雅牌电动自行车,,TDT016Z,,20200407,false,false,,unknown,,unknown,unknown,国家市场监督管理总局缺陷产品召回技术中心,fail,false,false,,false,,中国缺陷产品召回公告 2023-09-11。 标题：无锡欧妮雅电动车有限公司召回部分欧妮雅牌电动自行车 生产者：无锡欧妮雅电动车有限公司 产品：电动自行车 品牌 欧妮雅 型号规格：TDT016Z 存在的缺陷：1、电动自行车无车速提示音； 2、前灯和后灯亮度值低。 可能导致的后果：1、当车辆超过一定速度没有提示音，不能引起骑行者注意而控制车速，骑行者 可能因 来不及反应导致发生碰撞等情况，造成骑行者或者其他交通参与者的人 身伤害； 2、消费者夜晚骑行时，不易观察清楚路面情况，可能存在意外导致人员受伤的 风险。 召回措施：无锡欧妮雅电动车有限公司将通过经销商在各销售门店发布召回信息，敬请消费 者立 即停止使用召回范围内的产品，并联系无锡欧妮雅电动车有限公司或经销商 进行免费 更换车速提示器和前后灯，以消除安全隐患。消费者因本次召回所产生 的维修等相关 费用均由无锡欧妮雅电动车有限公司承担。 来源：https://www.samrdprc.org.cn/xfpzh/xfpzhgg/202309/t20230913_110018.html,high,FAIL,battery_safety_concern
CN-RECALL-20230913-110017,train,accessory,电动自行车 品牌 小刀,小刀新能源科技股份有限公司召回部分小刀牌电动自行车,,TDT20352Z,,2020-12-31,false,false,,unknown,,unknown,unknown,国家市场监督管理总局缺陷产品召回技术中心,fail,false,false,,false,,中国缺陷产品召回公告 2023-09-11。 标题：小刀新能源科技股份有限公司召回部分小刀牌电动自行车 生产者：小刀新能源科技股份有限公司 产品：电动自行车 品牌 小刀 型号规格：TDT20352Z 存在的缺陷：鞍座长度过长，达475mm。 可能导致的后果：鞍座长度过长，为载人和装载货物提供了方便，可能导致整车超载，增加发生交通事故 的风险。 召回措施：小刀新能源科技股份有限公司将在经销商门店发布召回信息，敬请消费者立即停止使 用召回范围内的产品，消费者可联系经销门店或直接联系本公司进行免费更换鞍座， 以消除安全隐患。消费者因本次召回所产生的维修等相关费用均由我公司承担。 来源：https://www.samrdprc.org.cn/xfpzh/xfpzhgg/202309/t20230913_110017.html,high,FAIL,battery_safety_concern
CN-RECALL-20230908-110001,train,accessory,电动自行车 品牌 优速,江苏优速车业科技有限公司召回部分优速牌电动自行车,,TDT125Z,,2022-3-23,false,false,,unknown,,unknown,unknown,国家市场监督管理总局缺陷产品召回技术中心,fail,false,false,,false,,中国缺陷产品召回公告 2023-09-07。 标题：江苏优速车业科技有限公司召回部分优速牌电动自行车 生产者：江苏优速车业科技有限公司 产品：电动自行车 品牌 优速 型号规格：TDT125Z 存在的缺陷：1 、整车质量过大； 2、后反射器、侧反射器反射亮度值低； 3 、蓄电池与电池组盒未合理匹配。 可能导致的后果：1 、整车质量较大使得惯性过大，当电动自行车发生碰撞时，可能会造成或加重 交通参与者的人身伤害； 2 、后反射器、侧反射器光学性能差，消费者在光照不足的情况下骑行车辆， 不能被其他机动车辆车辆有效辨别，可能导致发生交通事故； 3 、为违规增设电池或改装电路提供了可能，可能导致改装车辆超重或超速，使 用过程中会增加发生电路故障、导致起火以及发生交通事故的风险。 召回措施：江苏优速车业科技有限公司将通过经销商在经销商门店发布召回信息，敬请消费 者立即停止使用召回范围内的产品，并联系江苏优速车业科技有限公司或经销商 免费维修（更换后反射器和侧反射器以及电池组盒，并对电池进行检查并恢复出 厂设置），以消除安全隐患。消费者因本次召回所产生的维修等相关费用均由江 苏优速车业科技有限公司承担。 来源：https://www.samrdprc.org.cn/xfpzh/xfpzhgg/202309/t20230908_110001.html,high,FAIL,battery_safety_concern
CN-RECALL-20230908-110000,train,accessory,电动自行车 品牌 比翼鸟,江苏可迪电动科技有限公司召回部分比翼鸟牌电动自行车,,TDT12-2Z,,2022.5.18,false,false,,unknown,,unknown,unknown,国家市场监督管理总局缺陷产品召回技术中心,fail,false,false,,false,,中国缺陷产品召回公告 2023-09-07。 标题：江苏可迪电动科技有限公司召回部分比翼鸟牌电动自行车 生产者：江苏可迪电动科技有限公司 产品：电动自行车 品牌 比翼鸟 型号规格：TDT12-2Z 存在的缺陷：导线未捆扎成束。 可能导致的后果：使用过程中导线易相互摩擦受损，在电负荷过大等原因导致电气线路产生异 常电流 时，局部导线会积聚大量热量，可能引起产品着火甚至导致火灾。 召回措施：江苏可迪电动科技有限公司将通过经销商在各销售门店发布召回信息，敬请 消费者 立即停止使用召回范围内的产品，并联系江苏可迪电动科技有限公司 或经销商进行 免费更换带橡胶保护套的电池连接线，以消除安全隐患。消费 者因本次召回所产生 的维修等相关费用均由江苏可迪电动科技有限公司承担。 来源：https://www.samrdprc.org.cn/xfpzh/xfpzhgg/202309/t20230908_110000.html,high,FAIL,battery_safety_concern
CN-RECALL-20230908-109997,train,accessory,广东苏好电器有限公司召回部分万利达牌电热水壶,广东苏好电器有限公司召回部分万利达牌电热水壶,,,,,false,false,,unknown,,unknown,unknown,国家市场监督管理总局缺陷产品召回技术中心,fail,,false,,false,,中国缺陷产品召回公告 2023-09-06。 标题：广东苏好电器有限公司召回部分万利达牌电热水壶 产品：广东苏好电器有限公司召回部分万利达牌电热水壶 来源：https://www.samrdprc.org.cn/xfpzh/xfpzhgg/202309/t20230908_109997.html,high,FAIL,
CN-RECALL-20230908-109996,train,accessory,广东多灵电器有限公司召回部分万利达牌电热水壶,广东多灵电器有限公司召回部分万利达牌电热水壶,,,,,false,false,,unknown,,unknown,unknown,国家市场监督管理总局缺陷产品召回技术中心,fail,,false,,false,,中国缺陷产品召回公告 2023-09-06。 标题：广东多灵电器有限公司召回部分万利达牌电热水壶 产品：广东多灵电器有限公司召回部分万利达牌电热水壶 来源：https://www.samrdprc.org.cn/xfpzh/xfpzhgg/202309/t20230908_109996.html,high,FAIL,
CN-RECALL-20230908-109995,train,accessory,广东尚奔腾电器有限公司召回部分千厨小霸王牌电热水壶,广东尚奔腾电器有限公司召回部分千厨小霸王牌电热水壶,,,,,false,false,,unknown,,unknown,unknown,国家市场监督管理总局缺陷产品召回技术中心,fail,,false,,false,,中国缺陷产品召回公告 2023-09-06。 标题：广东尚奔腾电器有限公司召回部分千厨小霸王牌电热水壶 产品：广东尚奔腾电器有限公司召回部分千厨小霸王牌电热水壶 来源：https://www.samrdprc.org.cn/xfpzh/xfpzhgg/202309/t20230908_109995.html,high,FAIL,
CN-RECALL-20230908-109994,train,accessory,广东鸿美电器有限公司召回部分鸿美牌电热水壶,广东鸿美电器有限公司召回部分鸿美牌电热水壶,,,,,false,false,,unknown,,unknown,unknown,国家市场监督管理总局缺陷产品召回技术中心,fail,,false,,false,,中国缺陷产品召回公告 2023-09-06。 标题：广东鸿美电器有限公司召回部分鸿美牌电热水壶 产品：广东鸿美电器有限公司召回部分鸿美牌电热水壶 来源：https://www.samrdprc.org.cn/xfpzh/xfpzhgg/202309/t20230908_109994.html,high,FAIL,
CN-RECALL-20230908-109993,val,accessory,广东福王电器有限公司召回部分万宝牌电热水壶,广东福王电器有限公司召回部分万宝牌电热水壶,,,,,false,false,,unknown,,unknown,unknown,国家市场监督管理总局缺陷产品召回技术中心,fail,,false,,false,,中国缺陷产品召回公告 2023-09-06。 标题：广东福王电器有限公司召回部分万宝牌电热水壶 产品：广东福王电器有限公司召回部分万宝牌电热水壶 来源：https://www.samrdprc.org.cn/xfpzh/xfpzhgg/202309/t20230908_109993.html,high,FAIL,
CN-RECALL-20230908-109992,val,accessory,广东奔浦生活电器有限公司召回部分半球牌电热水壶,广东奔浦生活电器有限公司召回部分半球牌电热水壶,,,,,false,false,,unknown,,unknown,unknown,国家市场监督管理总局缺陷产品召回技术中心,fail,,false,,false,,中国缺陷产品召回公告 2023-09-06。 标题：广东奔浦生活电器有限公司召回部分半球牌电热水壶 产品：广东奔浦生活电器有限公司召回部分半球牌电热水壶 来源：https://www.samrdprc.org.cn/xfpzh/xfpzhgg/202309/t20230908_109992.html,high,FAIL,
CN-RECALL-20230908-109985,test,charger,中山市创享电器有限公司召回部分福美牌二三极插座,中山市创享电器有限公司召回部分福美牌二三极插座,,,,,false,false,,unknown,,unknown,unknown,国家市场监督管理总局缺陷产品召回技术中心,fail,,false,,false,,中国缺陷产品召回公告 2023-09-05。 标题：中山市创享电器有限公司召回部分福美牌二三极插座 产品：中山市创享电器有限公司召回部分福美牌二三极插座 来源：https://www.samrdprc.org.cn/xfpzh/xfpzhgg/202309/t20230908_109985.html,high,FAIL,missing_ccc_information
CN-RECALL-20230908-109984,train,accessory,广东顾家照明有限公司召回部分顾家牌嵌入式LED灯具,广东顾家照明有限公司召回部分顾家牌嵌入式LED灯具,,,,,false,false,,unknown,,unknown,unknown,国家市场监督管理总局缺陷产品召回技术中心,fail,,false,,false,,中国缺陷产品召回公告 2023-09-05。 标题：广东顾家照明有限公司召回部分顾家牌嵌入式LED灯具 产品：广东顾家照明有限公司召回部分顾家牌嵌入式LED灯具 来源：https://www.samrdprc.org.cn/xfpzh/xfpzhgg/202309/t20230908_109984.html,high,FAIL,
CN-RECALL-20230831-109936,train,accessory,电动自行车 品牌 珂铃报喜鸟,无锡通力达车业有限公司召回部分珂铃报喜鸟牌电动自行车,,TDT102Z,,2020-7-18,false,false,,unknown,,unknown,unknown,国家市场监督管理总局缺陷产品召回技术中心,fail,,false,,false,,中国缺陷产品召回公告 2023-08-29。 标题：无锡通力达车业有限公司召回部分珂铃报喜鸟牌电动自行车 生产者：无锡通力达车业有限公司 产品：电动自行车 品牌 珂铃报喜鸟 型号规格：TDT102Z 存在的缺陷：1、电动自行车最高车速过快； 2、车速达15km/h时没有车速提示音； 3、 前灯和后灯亮度值低。 可能导致的后果：1、 当骑行者骑行速度过快时，可能因车速过快引起前制动力增加，从而导致 制动 失效、 侧滑和前翻的危险；同时当骑行者骑行速度过快，出现突发状况 时，骑行 者可能因来不 及反应导致失去平衡或发生碰撞，造成骑行者或其他 交通参与者的 人身伤害； 2、 车辆达到一定速度没有提示音，不能提醒骑行者及时控制车速，骑行者可 能因 来不及 反应导致发生碰撞等情况，造成骑行者或其他交通参与者的人身 伤害； 3、车辆照明亮度低，消费者夜晚骑行时，不易观察清楚路面情况，可能存在 意外 导致人 员受伤的风险。 召回措施：无锡通力达车业有限公司将在经销商门店发布召回信息，敬请消费者立即停 止使 用召回 范围内的产品，并联系无锡通力达车业有限公司或经销商进行免 费维修 （更换车速控制 器、车速提示器以及前后车灯），以消除安全隐患。 消费者因本 次召回所产生的维修等 相关费用均由无锡通力达车业有限公司承 担。 来源：https://www.samrdprc.org.cn/xfpzh/xfpzhgg/202308/t20230831_109936.html,high,FAIL,
CN-RECALL-20230825-109925,train,accessory,电动自行车 品牌 哈里威,无锡鲁先车业有限公司召回部分哈里威牌电动自行车,,TDT002Z,,20200512,false,false,,unknown,,unknown,unknown,国家市场监督管理总局缺陷产品召回技术中心,fail,false,false,,false,,中国缺陷产品召回公告 2023-08-24。 标题：无锡鲁先车业有限公司召回部分哈里威牌电动自行车 生产者：无锡鲁先车业有限公司 产品：电动自行车 品牌 哈里威 型号规格：TDT002Z 存在的缺陷：1、电动自行车的充电线路和电池输出端无熔断器或断路器保护装置； 2、蓄电池与电池组盒未合理匹配。 可能导致的后果：1、当由于导线破损或电负荷过大等原因导致电气线路产生异常电流时，电气 装置不能起到应有的保护作用，局部导线积聚大量热量，可能引起产品着火 甚 至导致火灾； 2、为违规增设或改装电路提供了可能，可能导致改装后的车辆超重或超速， 使用过程中会增加发生电路故障、导致起火以及发生交通事故的风险。 召回措施：无锡鲁先车业有限公司将通过各经销商在经销商门店发布召回信息，敬请消 费 者立即停止使用召回范围内的产品，并联系经销商免费更换电池组盒以及 加装 充电线路熔断器，以消除安全隐患。消费者因本次召回所产生的维修等 相关费 用均由无锡鲁先车业有限公司承担。 来源：https://www.samrdprc.org.cn/xfpzh/xfpzhgg/202308/t20230825_109925.html,high,FAIL,battery_safety_concern
CN-RECALL-20230825-109924,train,accessory,电动自行车 品牌 派乐,无锡新大洲电动车有限公司召回部分派乐牌电动自行车,,TDT4967-1Z,,2021-1-14,false,false,,unknown,,unknown,unknown,国家市场监督管理总局缺陷产品召回技术中心,fail,false,false,,false,,中国缺陷产品召回公告 2023-08-22。 标题：无锡新大洲电动车有限公司召回部分派乐牌电动自行车 生产者：无锡新大洲电动车有限公司 产品：电动自行车 品牌 派乐 型号规格：TDT4967-1Z 存在的缺陷：电池和电池组盒匹配不合理。 可能导致的后果：为违规增设电池或改装电路提供了可能，可能导致改装后车辆超重或超速，使用 过程 中会增加发生电路故障、导致起火以及发生交通事故的风险。 召回措施：无锡新大洲电动车有限公司将在经销商门店发布召回信息，敬请消费者立即停止 使用 召回范围内的产品，并联系经销商进行免费更换电池组盒，以消除安全隐患。 消费者 因本次召回所产生的维修等相关费用均由无锡新大洲电动车有限公司承担。 来源：https://www.samrdprc.org.cn/xfpzh/xfpzhgg/202308/t20230825_109924.html,high,FAIL,battery_safety_concern
CN-RECALL-20230821-109902,train,laptop,广州澳捷科技有限公司召回部分SAMA先马牌计算机电源,广州澳捷科技有限公司召回部分SAMA先马牌计算机电源,,,,,false,false,,unknown,,unknown,unknown,国家市场监督管理总局缺陷产品召回技术中心,fail,,,,false,,中国缺陷产品召回公告 2023-05-12。 标题：广州澳捷科技有限公司召回部分SAMA先马牌计算机电源 产品：广州澳捷科技有限公司召回部分SAMA先马牌计算机电源 来源：https://www.samrdprc.org.cn/xfpzh/xfpzhgg/202308/t20230821_109902.html,high,FAIL,
CN-RECALL-20230817-109879,train,accessory,电动自行车 品牌 立箭,无锡新鄞机车有限公司召回部分立箭牌电动自行车,,TDT07Z,,20200629,false,false,,unknown,,unknown,unknown,国家市场监督管理总局缺陷产品召回技术中心,fail,false,false,,false,,中国缺陷产品召回公告 2023-08-16。 标题：无锡新鄞机车有限公司召回部分立箭牌电动自行车 生产者：无锡新鄞机车有限公司 产品：电动自行车 品牌 立箭 型号规格：TDT07Z 存在的缺陷：1、车灯的亮度较低； 2、充电线路和电池输出端无熔断器。 可能导致的后果：1、消费者夜晚骑行时，不易观察清楚路面情况，存在导致人员意外受伤的风险； 2、当线路破损或电负荷过大等原因导致电气线路产生异常电流时，局部导线会积 聚 大 量热量，可能引起车辆起火甚至导致火灾。 召回措施：无锡新鄞机车有限公司将通过经销商在经销商门店发布召回信息，敬请消费者立即 停 止使用召回范围内的产品，并联系经销门店免费更换前灯 / 后灯、对车辆进行维 修加 装充电线路熔断器，以消除安全隐患。消费者因本次召回所产生的维修等相 关费用 均由无锡新鄞机车有限公司承担。 来源：https://www.samrdprc.org.cn/xfpzh/xfpzhgg/202308/t20230817_109879.html,high,FAIL,battery_safety_concern
CN-RECALL-20230731-109772,train,accessory,嵌入式LED灯具 品牌 -,昆山市法玛光电科技有限公司召回嵌入式LED灯具,,FM-1A90DS-5-S,,-,false,false,,unknown,,unknown,unknown,国家市场监督管理总局缺陷产品召回技术中心,fail,false,false,,false,,中国缺陷产品召回公告 2023-07-28。 标题：昆山市法玛光电科技有限公司召回嵌入式LED灯具 生产者：昆山市法玛光电科技有限公司 产品：嵌入式LED灯具 品牌 - 型号规格：FM-1A90DS-5-S 存在的缺陷：产品的外部接线截面积小于0.75mm²。 可能导致的后果：长时间使用会导致电线过热，存在着火和引起火灾的危险。 召回措施：将在天猫-昆德瑞旗舰店发布召回信息，敬请消费者立即停止使用召回范围内的 产品， 并联系销售客服或直接联系昆山市法玛光电科技有限公司进行免费退货 退款，以消除 安全隐患。消费者因本次召回所产生的邮寄等相关费用均由昆山 市法玛光电科技有限 公司承担。 来源：https://www.samrdprc.org.cn/xfpzh/xfpzhgg/202307/t20230731_109772.html,high,FAIL,battery_safety_concern
CN-RECALL-20230731-109770,val,accessory,嵌入式LED筒灯 品牌 一极喜光,昆山喜光照明科技有限公司召回一极喜光牌嵌入式LED筒灯,,AB-1S65DGW-5-S,,-,false,false,,unknown,,unknown,unknown,国家市场监督管理总局缺陷产品召回技术中心,fail,false,false,,false,,中国缺陷产品召回公告 2023-07-28。 标题：昆山喜光照明科技有限公司召回一极喜光牌嵌入式LED筒灯 生产者：昆山喜光照明科技有限公司 产品：嵌入式LED筒灯 品牌 一极喜光 型号规格：AB-1S65DGW-5-S 存在的缺陷：产品的外部接线截面积小于0.75mm²。 可能导致的后果：长时间使用会导致电线过热，存在着火和引起火灾的危险。 召回措施：将在天猫一极喜光旗舰店发布召回公告，并通过客服、电话、短信等方式告 知消费者 产品召回信息，消费者可联系销售客服或直接联系我公司进行退货 退款，以消费安全 隐患。由此产生的邮费等相关费用均由昆山喜光照明科技 有限公司承担。 来源：https://www.samrdprc.org.cn/xfpzh/xfpzhgg/202307/t20230731_109770.html,high,FAIL,battery_safety_concern
CN-RECALL-20230721-109746,val,accessory,电动自行车 品牌 捷安特,捷安特电动车（昆山）有限公司召回部分捷安特牌电动自行车,,TDR31Z,,418869；1682201；1603900/三个批次,false,false,,unknown,,unknown,unknown,国家市场监督管理总局缺陷产品召回技术中心,fail,,false,,false,,中国缺陷产品召回公告 2023-07-21。 标题：捷安特电动车（昆山）有限公司召回部分捷安特牌电动自行车 生产者：捷安特电动车（昆山）有限公司 产品：电动自行车 品牌 捷安特 型号规格：TDR31Z 存在的缺陷：1、使用电助动功能行驶时，车速超过25km/h; 2、左脚蹬离地距离过小。 可能导致的后果：1、当骑行者骑行速度过快出现突发情况时，骑行者可能因 来不及反应导致车辆失去平衡或者发生碰撞，造成骑行者 或者其他交通参与者的 人身伤害； 2、电动自行车负重较大或转弯时，其脚蹬可能触及地面而 使整车倒地造成骑行者受伤。 召回措施：捷安特电动车（昆山）有限公司将在经销商门店发布召回信 息，敬请消费者立即停止使用召回范围内的产品，并联系销 售门店或直接联系捷安特电动车（昆山）有限公司免费更换 车速控制器和脚蹬，以消除安全隐患。消费者因本次召回所 产生的维修等相关费用均由捷安特电动车（昆山）有限公司 承担。 来源：https://www.samrdprc.org.cn/xfpzh/xfpzhgg/202307/t20230721_109746.html,high,FAIL,
CN-RECALL-20230714-109704,test,accessory,西屋空气净化器 品牌 西屋 Westinghouse,西屋生活净化科技（北京）有限公司主动召回部分型号西屋Westinghouse牌空气净化器,,AWT-5260W,,202206-1,false,false,,unknown,,unknown,unknown,国家市场监督管理总局缺陷产品召回技术中心,fail,,false,,false,,中国缺陷产品召回公告 2023-07-10。 标题：西屋生活净化科技（北京）有限公司主动召回部分型号西屋Westinghouse牌空气净化器 生产者：西屋生活净化科技（北京）有限公司 产品：西屋空气净化器 品牌 西屋 Westinghouse 型号规格：AWT-5260W 涉及数量：50 台 存在的缺陷：稳定性和机械危险项目不符合 GB 4706.1-2005 标准要求 可能导致的后果：空气净化器出风口格栅间距过大，儿童可触及运动部件，存在夹伤的风险。 召回措施：1. 在微信公众号（西屋空净加湿）发布召回公告； 2. 联系经销商停止销售，并将剩余产品退回； 3. 通过电话等形式联系消费者进行退货或补充警告标识（公司将全额退款并 承担 消费者因消费品被召回支出的必要费用），京津冀地区消费者可就近联 系门店跨 区域异地异店退货； 4. 将缺陷产品进行销毁处理。 来源：https://www.samrdprc.org.cn/xfpzh/xfpzhgg/202307/t20230714_109704.html,high,FAIL,
CN-RECALL-20230712-109694,train,accessory,珠海摩灯时代灯饰有限公司召回部分博明仕牌LED灯,珠海摩灯时代灯饰有限公司召回部分博明仕牌LED灯,,,,,false,false,,unknown,,unknown,unknown,国家市场监督管理总局缺陷产品召回技术中心,fail,,false,,false,,中国缺陷产品召回公告 2023-07-07。 标题：珠海摩灯时代灯饰有限公司召回部分博明仕牌LED灯 产品：珠海摩灯时代灯饰有限公司召回部分博明仕牌LED灯 来源：https://www.samrdprc.org.cn/xfpzh/xfpzhgg/202307/t20230712_109694.html,high,FAIL,
CN-RECALL-20230712-109693,train,accessory,中山市野狼电器有限公司召回部分百为牌电陶炉,中山市野狼电器有限公司召回部分百为牌电陶炉,,,,,false,false,,unknown,,unknown,unknown,国家市场监督管理总局缺陷产品召回技术中心,fail,,false,,false,,中国缺陷产品召回公告 2023-07-07。 标题：中山市野狼电器有限公司召回部分百为牌电陶炉 产品：中山市野狼电器有限公司召回部分百为牌电陶炉 来源：https://www.samrdprc.org.cn/xfpzh/xfpzhgg/202307/t20230712_109693.html,high,FAIL,
CN-RECALL-20230712-109692,train,accessory,广州市滨王家用电器有限公司召回部分欧莱诗牌电吹风,广州市滨王家用电器有限公司召回部分欧莱诗牌电吹风,,,,,false,false,,unknown,,unknown,unknown,国家市场监督管理总局缺陷产品召回技术中心,fail,,false,,false,,中国缺陷产品召回公告 2023-07-07。 标题：广州市滨王家用电器有限公司召回部分欧莱诗牌电吹风 产品：广州市滨王家用电器有限公司召回部分欧莱诗牌电吹风 来源：https://www.samrdprc.org.cn/xfpzh/xfpzhgg/202307/t20230712_109692.html,high,FAIL,
CN-RECALL-20230712-109691,train,accessory,中山市虹康电器有限公司召回部分小霸王牌消毒保洁柜,中山市虹康电器有限公司召回部分小霸王牌消毒保洁柜,,,,,false,false,,unknown,,unknown,unknown,国家市场监督管理总局缺陷产品召回技术中心,fail,,false,,false,,中国缺陷产品召回公告 2023-07-07。 标题：中山市虹康电器有限公司召回部分小霸王牌消毒保洁柜 产品：中山市虹康电器有限公司召回部分小霸王牌消毒保洁柜 来源：https://www.samrdprc.org.cn/xfpzh/xfpzhgg/202307/t20230712_109691.html,high,FAIL,
CN-RECALL-20230629-109609,train,charger,电动车充电器 品牌 五星钻豹,江苏江禾高科电子有限公司召回五星钻豹牌电动车充电器,,JH-TH60V-20,,JH2202205C32,false,false,,unknown,,unknown,unknown,国家市场监督管理总局缺陷产品召回技术中心,fail,false,false,,false,,中国缺陷产品召回公告 2023-06-26。 标题：江苏江禾高科电子有限公司召回五星钻豹牌电动车充电器 生产者：江苏江禾高科电子有限公司 产品：电动车充电器 品牌 五星钻豹 型号规格：JH-TH60V-20 存在的缺陷：电动车充电器机械强度差 可能导致的后果：电动车充电器可能会在跌落或撞击的情况下出现外壳破裂，消费者在充电过程中 若触及带电部位，可能造成触电。 召回措施：江苏江禾高科电子有限公司将通过广西五星钻豹车业有限公司在电动车及充电器 销售门店发布召回信息，敬请消费者立即停止使用召回范围内的产品，并联系江 苏江禾高科电子有限公司或广西五星钻豹车业有限公司电动车（充电器）经销商进 行退货、退款，以消除安全隐患。消费者因本次召回所产生的邮寄等相关费用均 由江苏江禾高科电子有限公司承担。 来源：https://www.samrdprc.org.cn/xfpzh/xfpzhgg/202306/t20230629_109609.html,high,FAIL,missing_ccc_information|battery_safety_concern
CN-RECALL-20230616-109554,train,accessory,智能跑步机 品牌 捷瑞特,力昂健康科技（北京）有限公司主动召回部分型号智能跑步机,,220V 1100W IW9 （无屏幕标准版黑红色）,,20220525,false,false,,unknown,,unknown,unknown,国家市场监督管理总局缺陷产品召回技术中心,fail,false,false,,false,,中国缺陷产品召回公告 2023-06-09。 标题：力昂健康科技（北京）有限公司主动召回部分型号智能跑步机 生产者：力昂健康科技（北京）有限公司 产品：智能跑步机 品牌 捷瑞特 型号规格：220V 1100W IW9 （无屏幕标准版黑红色） 涉及数量：3 台 存在的缺陷：电器安全项目不符合 GB 17498.6-2008 标准要求 可能导致的后果：存在触电的风险 召回措施：1. 在京东平台捷瑞特官方旗舰店发布召回公告； 2. 联系经销商停止销售该产品，并将剩余产品退回； 3. 通过电话等形式联系消费者进行退货（公司全额退款并承担 消费者因 消费品被召回支出的必要费用），京津冀地区消费者 可就近联系门店跨 区域异地异店退货； 4. 将缺陷产品进行销毁处理。 来源：https://www.samrdprc.org.cn/xfpzh/xfpzhgg/202306/t20230616_109554.html,high,FAIL,battery_safety_concern
CN-RECALL-20230518-109473,train,accessory,中山市忘不了电器有限公司召回部分忘不了牌足浴器,中山市忘不了电器有限公司召回部分忘不了牌足浴器,,,,,false,false,,unknown,,unknown,unknown,国家市场监督管理总局缺陷产品召回技术中心,fail,,false,,false,,中国缺陷产品召回公告 2023-05-12。 标题：中山市忘不了电器有限公司召回部分忘不了牌足浴器 产品：中山市忘不了电器有限公司召回部分忘不了牌足浴器 来源：https://www.samrdprc.org.cn/xfpzh/xfpzhgg/202305/t20230518_109473.html,high,FAIL,
CN-RECALL-20230518-109472,val,accessory,广东朗能电器有限公司召回部分LONON牌嵌入式LED灯具,广东朗能电器有限公司召回部分LONON牌嵌入式LED灯具,,,,,false,false,,unknown,,unknown,unknown,国家市场监督管理总局缺陷产品召回技术中心,fail,,false,,false,,中国缺陷产品召回公告 2023-05-12。 标题：广东朗能电器有限公司召回部分LONON牌嵌入式LED灯具 产品：广东朗能电器有限公司召回部分LONON牌嵌入式LED灯具 来源：https://www.samrdprc.org.cn/xfpzh/xfpzhgg/202305/t20230518_109472.html,high,FAIL,
CN-RECALL-20230518-109469,val,charger,潮州市湘桥区华彬电器厂召回部分电源适配器,潮州市湘桥区华彬电器厂召回部分电源适配器,,,,,false,false,,unknown,,unknown,unknown,国家市场监督管理总局缺陷产品召回技术中心,fail,,false,,false,,中国缺陷产品召回公告 2023-05-12。 标题：潮州市湘桥区华彬电器厂召回部分电源适配器 产品：潮州市湘桥区华彬电器厂召回部分电源适配器 来源：https://www.samrdprc.org.cn/xfpzh/xfpzhgg/202305/t20230518_109469.html,high,FAIL,missing_ccc_information
CN-RECALL-20230518-109468,test,charger,东莞市聆本创电子科技有限公司召回部分聆创者牌电源适配器,东莞市聆本创电子科技有限公司召回部分聆创者牌电源适配器,,,,,false,false,,unknown,,unknown,unknown,国家市场监督管理总局缺陷产品召回技术中心,fail,,false,,false,,中国缺陷产品召回公告 2023-05-12。 标题：东莞市聆本创电子科技有限公司召回部分聆创者牌电源适配器 产品：东莞市聆本创电子科技有限公司召回部分聆创者牌电源适配器 来源：https://www.samrdprc.org.cn/xfpzh/xfpzhgg/202305/t20230518_109468.html,high,FAIL,missing_ccc_information
CN-RECALL-20230518-109467,train,accessory,广州科达电器有限公司召回部分科达牌移动有源音箱,广州科达电器有限公司召回部分科达牌移动有源音箱,,,,,false,false,,unknown,,unknown,unknown,国家市场监督管理总局缺陷产品召回技术中心,fail,,false,,false,,中国缺陷产品召回公告 2023-05-12。 标题：广州科达电器有限公司召回部分科达牌移动有源音箱 产品：广州科达电器有限公司召回部分科达牌移动有源音箱 来源：https://www.samrdprc.org.cn/xfpzh/xfpzhgg/202305/t20230518_109467.html,high,FAIL,
