sample_id,split,category,name,description,brand,model,serial_number,batch_no,is_used,is_refurbished,battery_health,accessory_status,ccc_number,energy_level,rohs_status,inspection_agency,inspection_conclusion,battery_safety_passed,charger_safety_passed,appearance_grade,functional_test_passed,repair_history_declared,report_text,risk_level,audit_label,reason_codes
CPSC-10727,train,charger,Manik and Apex-branded ATX Computer Power Supplies (PSU),Apex Gaming PCs Recalls Manik and Apex-branded ATX Computer Power Supplies Due to Risk of Serious Injury or Death from Electrical Shock and Electrocution Hazards,Apex Gaming PCs Inc.,,,26426,false,false,,unknown,,unknown,unknown,U.S. Consumer Product Safety Commission,fail,false,false,,false,,"CPSC recall 26426 published 2026-04-16. Title: Apex Gaming PCs Recalls Manik and Apex-branded ATX Computer Power Supplies Due to Risk of Serious Injury or Death from Electrical Shock and Electrocution Hazards Product: Manik and Apex-branded ATX Computer Power Supplies (PSU) Hazard: The units lack a permanent, on-product warning label identifying potential electrical shock and electrocution hazards, posing a risk of serious injury or death if the unit is opened or disassembled. Incidents/Injuries: None reported Remedy: Consumers should stop using the recalled computer power supplies immediately and contact Apex Gaming PCs Inc. for a free repair in the form of one permanent, UL-recognized, heat-resistant adhesive safety label containing an ANSI-compliant ""Danger/Warning"" shock hazard and ""No User-Serviceable Parts"" label sticker to be mailed to the consumer via U.S. Mail. Consumers who are uncomfortable adding the UL-recognized safety label can request a free replacement unit. Replacement units will be sent free of charge, and the original unit must be returned using the same box and provided shipping label that is sent with the replacement unit. Consumers should not, under any circumstances, attempt to open, disassemble, or service the power supply unit. Source: https://www.cpsc.gov/Recalls/2026/Apex-Gaming-PCs-Recalls-Manik-and-Apex-branded-ATX-Computer-Power-Supplies-Due-to-Risk-of-Serious-Injury-or-Death-from-Electrical-Shock-and-Electrocution-Hazards",high,FAIL,missing_ccc_information|battery_safety_concern
CPSC-10706,train,power_bank,VEEKTOMX Portable Charger Mini Power Banks,"Shenzhen Baihang Recalls VEEKTOMX Mini Power Banks, Due to Fire and Burn Hazards; Sold on Amazon",Shenzhen Baihang Technology Co.,VT103,,26399,false,false,45,unknown,,unknown,unknown,U.S. Consumer Product Safety Commission,fail,false,false,,false,,"CPSC recall 26399 published 2026-04-09. Title: Shenzhen Baihang Recalls VEEKTOMX Mini Power Banks, Due to Fire and Burn Hazards; Sold on Amazon Product: VEEKTOMX Portable Charger Mini Power Banks Hazard: The lithium-ion battery in the recalled power banks can overheat and ignite, posing fire and burn hazards to consumers. Incidents/Injuries: Shenzhen Baihang has received three reports of fires resulting in minor property damage. No injuries have been reported. Remedy: Consumers should immediately stop using the recalled power banks and contact Shenzhen Baihang to verify power bank is part of the recall and receive a free replacement power bank. Source: https://www.cpsc.gov/Recalls/2026/Shenzhen-Baihang-Recalls-VEEKTOMX-Mini-Power-Banks-Due-to-Fire-and-Burn-Hazards-Sold-on-Amazon",high,FAIL,missing_ccc_information|battery_safety_concern
CPSC-10689,train,charger,HTRC and Haisito battery chargers,HTRC and Haisito T400 Battery Chargers Recalled Due to Risk of Serious Injury and Death from Fire Hazard; Manufactured by Huizhou Haitan Technology,Huizhou Haitan Technology Co.,T400,,26379,false,false,,unknown,,unknown,unknown,U.S. Consumer Product Safety Commission,fail,false,false,,false,,"CPSC recall 26379 published 2026-04-02. Title: HTRC and Haisito T400 Battery Chargers Recalled Due to Risk of Serious Injury and Death from Fire Hazard; Manufactured by Huizhou Haitan Technology Product: HTRC and Haisito battery chargers Hazard: The chargers can ignite or cause a connected battery to ignite, posing a fire hazard and risk of serious injury and death. Incidents/Injuries: Huizhou Haitan Technology has received 33 reports of fires and explosions, including three reports of burn and smoke inhalation injuries and 12 reports of property damage totaling $224,000. Remedy: Consumers should immediately stop using the recalled chargers and contact Huizhou Haitan Technology for instructions on how to return the chargers for a full refund. Consumers will be instructed to contact the firm to request a prelabeled and prepaid return package to be sent to them so they can return the chargers to the firm for disposal. Source: https://www.cpsc.gov/Recalls/2026/HTRC-and-Haisito-T400-Battery-Chargers-Recalled-Due-to-Risk-of-Serious-Injury-and-Death-from-Fire-Hazard-Manufactured-by-Huizhou-Haitan-Technology",high,FAIL,missing_ccc_information|battery_safety_concern
CPSC-10553,train,power_bank,Isla Rae Magnetic Wireless Chargers,Isla Rae Magnetic Wireless Chargers Recalled Due to Fire and Burn Hazards; Sold by TJX at T.J. Maxx and Marshalls Stores,Hello to Green,RM5PBM,,26179,false,false,45,unknown,,unknown,unknown,U.S. Consumer Product Safety Commission,fail,false,false,,false,,"CPSC recall 26179 published 2026-01-08. Title: Isla Rae Magnetic Wireless Chargers Recalled Due to Fire and Burn Hazards; Sold by TJX at T.J. Maxx and Marshalls Stores Product: Isla Rae Magnetic Wireless Chargers Hazard: The chargers can explode while in use, posing a fire and burn hazard. Incidents/Injuries: None reported. Remedy: Consumers should immediately stop using the recalled magnetic wireless chargers and go to https://www.recallrtr.com/powerbank to register for the recall and for instructions on how to receive a full refund. After registering, consumers should dispose of the power bank in accordance with local and state regulations and not discard it in the household trash. Source: https://www.cpsc.gov/Recalls/2026/Isla-Rae-Magnetic-Wireless-Chargers-Recalled-Due-to-Fire-and-Burn-Hazards-Sold-by-TJX-at-TJ-Maxx-and-Marshalls-Stores",high,FAIL,missing_ccc_information|battery_safety_concern
CPSC-10516,train,power_bank,INIU BI-B41 Power Banks,INIU Recalls Power Banks Due to Fire and Burn Hazards; Sold on Amazon,Shenzhen Topstar Industry Co.,BI-B41,,26135,false,false,45,unknown,,unknown,unknown,U.S. Consumer Product Safety Commission,fail,false,false,,false,,"CPSC recall 26135 published 2025-12-05. Title: INIU Recalls Power Banks Due to Fire and Burn Hazards; Sold on Amazon Product: INIU BI-B41 Power Banks Hazard: The lithium-ion battery in the recalled power banks can overheat and ignite, posing fire and burn hazards to consumers. Incidents/Injuries: INIU has received 15 reports of power banks overheating, including 11 reports of fires that resulted in three minor burn injuries and property damage totaling over $380,000. Remedy: Consumers should immediately stop using the recalled planers and contact Grizzly Industrial for a free repair kit and installation instructions. The repair kit consists of an upgraded chip breaker adjustment rod, spacer, set screws, lock washers, and lock nuts. Source: https://www.cpsc.gov/Recalls/2026/INIU-Recalls-Power-Banks-Due-to-Fire-and-Burn-Hazards-Sold-on-Amazon",high,FAIL,missing_ccc_information|battery_safety_concern
CPSC-10512,val,tablet,KTEBO Writing Tablet Toy,KTEBO Writing Tablet Toys Recalled Due to Risk of Serious Injury or Death from Battery Ingestion; Violates Mandatory Standard for Toys; Sold on Amazon by KTEBO,Banghe Guangzhou International Trade Co.,,,26131,false,false,45,unknown,,unknown,unknown,U.S. Consumer Product Safety Commission,fail,false,false,,false,,"CPSC recall 26131 published 2025-12-04. Title: KTEBO Writing Tablet Toys Recalled Due to Risk of Serious Injury or Death from Battery Ingestion; Violates Mandatory Standard for Toys; Sold on Amazon by KTEBO Product: KTEBO Writing Tablet Toy Hazard: The recalled toys violate the mandatory standard for toys because the screw used to secure the battery compartment that contains a button cell battery does not remain attached as required. When button cell or coin batteries are swallowed, the ingested batteries can cause serious injuries, internal chemical burns, and death. Incidents/Injuries: None reported Remedy: Consumers should immediately stop using the recalled writing tablet toys and contact KTEBO for a free replacement set of tablet toys. Consumers should write ""RECALLED"" on the back of both tablet toys that came in the set, take a photo of the marked tablet toys, and submit the photos to writing-tablet-recall@ktebo.com with ""Recall Proof"" and their name in the subject line. Note: Button cell batteries are hazardous. Batteries should be disposed of or recycled by following local hazardous waste procedures. Source: https://www.cpsc.gov/Recalls/2026/KTEBO-Writing-Tablet-Toys-Recalled-Due-to-Risk-of-Serious-Injury-or-Death-from-Battery-Ingestion-Violates-Mandatory-Standard-for-Toys-Sold-on-Amazon-by-KTEBO",high,FAIL,missing_device_identifier|battery_safety_concern
CPSC-10484,test,power_bank,Portable Power Banks and Wireless Charging Stands,Belkin Recalls Portable Power Banks and Wireless Charging Stands Due to Fire and Burn Hazards,Belkin International Inc.,MMA008,,26090,false,false,45,unknown,,unknown,unknown,U.S. Consumer Product Safety Commission,fail,false,false,,false,,"CPSC recall 26090 published 2025-11-13. Title: Belkin Recalls Portable Power Banks and Wireless Charging Stands Due to Fire and Burn Hazards Product: Portable Power Banks and Wireless Charging Stands Hazard: The lithium-ion battery in the power banks and charging stands can overheat, posing fire and burn hazards to consumers. Incidents/Injuries: The firm has received one report of a fire incident in the U.S. (and 15 reports internationally). Two minor burn injuries and property damage totaling $37,765 have been reported outside of the U.S. Remedy: Consumers should immediately stop using the recalled power banks and charging stands and contact Belkin to receive a full refund or store credit. Consumers should submit photos showing the front and back of the product with their recall submission form. Consumers can receive a full refund for the amount on the purchase receipt, if provided. If no receipt is provided, consumers can receive the average sales price for the model. Alternatively, consumers can choose to receive a Belkin store credit worth 20 percent more than the average sales price of the model. Note: Do not throw this recalled lithium-ion battery or device in the trash, the general recycling stream (e.g., street-level or curbside recycling bins), or used battery recycling boxes found at various retail and home improvement stores. Recalled lithium-ion batteries must be disposed of differently than other batteries, because they present a greater risk of fire. Your municipal household hazardous waste (HHW) collection center may accept this recalled lithium-ion battery or device for disposal. Before taking your battery or device to a HHW collection center, contact that office ahead of time and ask whether it accepts recalled lithium-ion batteries. If it does not, contact your municipality for further guidance. Source: https://www.cpsc.gov/Recalls/2026/Belkin-Recalls-Portable-Power-Banks-and-Wireless-Charging-Stands-Due-to-Fire-and-Burn-Hazards",high,FAIL,missing_ccc_information|battery_safety_concern
CPSC-10425,train,power_bank,ESR HaloLock Wireless Power Banks,ESR HaloLock Wireless Power Banks Recall Expanded to Include Additional Model Due to Risk of Serious Burn Injury and Fire Hazard Due to Fire and Burn Hazards; Distributed by Waymeet,Waymeet Limited,2G505,,26011,false,false,45,unknown,,unknown,unknown,U.S. Consumer Product Safety Commission,fail,false,false,,false,,"CPSC recall 26011 published 2025-10-09. Title: ESR HaloLock Wireless Power Banks Recall Expanded to Include Additional Model Due to Risk of Serious Burn Injury and Fire Hazard Due to Fire and Burn Hazards; Distributed by Waymeet Product: ESR HaloLock Wireless Power Banks Hazard: The lithium-ion battery in the recalled power banks can overheat and ignite, posing fire and burn hazards to consumers. Incidents/Injuries: The firm has received 20 reports of the lithium-ion battery catching fire and exploding, resulting in property damage of about $30,000. No injuries have been reported. Remedy: Consumers should immediately stop using the recalled power banks and contact Waymeet for a full refund. Consumers will be asked to send to support@esrtech.com their order number (not required) and a photo of the recalled power bank showing the model number with the word ""Recalled"" written on it in permanent marker. Consumers should dispose of the power banks in accordance with local and state hazardous waste disposal regulations. Note: Do not throw this recalled lithium-ion battery or device in the trash, the general recycling stream (e.g., street-level or curbside recycling bins), or used battery recycling boxes found at various retail and home improvement stores. Recalled lithium-ion batteries must be disposed of differently than other batteries, because they present a greater risk of fire. Your municipal household hazardous waste (HHW) collection center may accept this recalled lithium-ion battery or device for disposal. Before taking your battery or device to a HHW collection center, contact that office ahead of time and ask whether it accepts recalled lithium-ion batteries. If it does not, contact your municipality for further guidance. Source: https://www.cpsc.gov/Recalls/2026/ESR-HaloLock-Wireless-Power-Banks-Recall-Expanded-to-Include-Additional-Model-Due-to-Fire-and-Burn-Hazards-Distributed-by-Waymeet",high,FAIL,missing_ccc_information|battery_safety_concern
CPSC-10417,train,power_bank,"BP125, BatPak 2F and BatPak 3F Power Banks",Zyntony Recalls Kogalla Power Banks Due to Fire and Burn Hazards; Sold on Kogalla.com,Zyntony Inc.,BP125,,26002,false,false,45,unknown,,unknown,unknown,U.S. Consumer Product Safety Commission,fail,false,false,,false,,"CPSC recall 26002 published 2025-10-02. Title: Zyntony Recalls Kogalla Power Banks Due to Fire and Burn Hazards; Sold on Kogalla.com Product: BP125, BatPak 2F and BatPak 3F Power Banks Hazard: The recalled power banks' lithium-ion batteries can overheat and ignite, even when not in use, posing fire and burn hazards. Incidents/Injuries: Zyntony has received two reports of lithium-ion battery overheating and catching fire, even when not in use, resulting in one minor burn injury and property damage, totaling about $3,300. Remedy: Consumers should immediately stop using the recalled power banks and contact Kogalla for instructions on how to receive a free replacement power bank, including shipping. Consumers will be asked to fill out the online form at https://rtn.kogalla.com/products/request-batpak-replacement. Consumers should immediately dispose of the recalled power banks, in accordance with local and state regulations. Source: https://www.cpsc.gov/Recalls/2026/Zyntony-Recalls-Kogalla-Power-Banks-Due-to-Fire-and-Burn-Hazards-Sold-on-Kogalla-com",high,FAIL,missing_ccc_information|battery_safety_concern
CPSC-10392,train,charger,CT-ENERGY Lithium Coin Battery Chargers with Rechargeable 2032 Batteries,CT-ENERGY Lithium Coin Battery Chargers Recalled Due to Risk of Serious Injury or Death from Battery Ingestion; Violations of Standard for Coin Battery Products and Statute for Battery Packaging; Imported by CT New Energy Technology,CT (Foshan) New Energy Technology Co.,nc-02,,25449,false,false,,unknown,,unknown,unknown,U.S. Consumer Product Safety Commission,fail,false,false,,false,,"CPSC recall 25449 published 2025-08-28. Title: CT-ENERGY Lithium Coin Battery Chargers Recalled Due to Risk of Serious Injury or Death from Battery Ingestion; Violations of Standard for Coin Battery Products and Statute for Battery Packaging; Imported by CT New Energy Technology Product: CT-ENERGY Lithium Coin Battery Chargers with Rechargeable 2032 Batteries Hazard: The recalled battery charger violates the mandatory standard for consumer products containing button cell or coin batteries because the charger has lithium coin batteries that can be accessed easily by children. In addition, the coin batteries provided with the battery charger are not in child-resistant packaging, and the packaging does not have the warnings as required by Reese's Law. When button cell or coin batteries are swallowed, the ingested batteries can cause serious injuries, internal chemical burns and death. Incidents/Injuries: None reported Remedy: Consumers should immediately stop using the charger and remove the batteries and place them in an area that children cannot access. Contact CT New Energy Technology for a full refund, Child-Resistant Safety Case, or replacement kit. The complimentary repair kits and replacement kits will be available after August 30, 2025. Consumers will be asked to submit photos of the batteries' destruction completely submerged in tap water to info@ct-energy.cn. Soaking the batteries in water for 24 hours discharges the battery. Note: Button cell and coin batteries are hazardous. Batteries should be disposed of or recycled by following local hazardous waste procedures. Source: https://www.cpsc.gov/Recalls/2025/CT-ENERGY-Lithium-Coin-Battery-Chargers-Recalled-Due-to-Risk-of-Serious-Injury-or-Death-from-Battery-Ingestion-Violations-of-Standard-for-Coin-Battery-Products-and-Statute-for-Battery-Packaging-Imported-by-CT-New-Energy-Technology",high,FAIL,missing_ccc_information|battery_safety_concern
CPSC-10387,train,power_bank,ESR HaloLock Wireless Power Banks,ESR HaloLock Wireless Power Banks Recalled Due to Fire and Burn Hazards; Distributed by Waymeet,Waymeet Limited,,,25437,false,false,45,unknown,,unknown,unknown,U.S. Consumer Product Safety Commission,fail,false,false,,false,,"CPSC recall 25437 published 2025-08-14. Title: ESR HaloLock Wireless Power Banks Recalled Due to Fire and Burn Hazards; Distributed by Waymeet Product: ESR HaloLock Wireless Power Banks Hazard: The lithium-ion battery in the recalled power banks can overheat and ignite, posing fire and burn hazards to consumers. Incidents/Injuries: The firm has received nine reports of the lithium-ion battery catching fire and exploding, resulting in property damage of about $20,000. No injuries have been reported. Remedy: Consumers should immediately stop using the recalled power banks and contact Waymeet for a full refund. Consumers will be asked to send to support@esrtech.com their order number (not required) and a photo of the recalled power bank showing the model number with the word ""Recalled"" written on it in permanent marker. Consumers should dispose of the power banks in accordance with local and state hazardous waste disposal regulations. Note: Do not throw this recalled lithium-ion battery or device in the trash, the general recycling stream (e.g., street-level or curbside recycling bins), or used battery recycling boxes found at various retail and home improvement stores. Recalled lithium-ion batteries must be disposed of differently than other batteries, because they present a greater risk of fire. Your municipal household hazardous waste (HHW) collection center may accept this recalled lithium-ion battery or device for disposal. Before taking your battery or device to a HHW collection center, contact that office ahead of time and ask whether it accepts recalled lithium-ion batteries. If it does not, contact your municipality for further guidance. Source: https://www.cpsc.gov/Recalls/2025/ESR-HaloLock-Wireless-Power-Banks-Recalled-Due-to-Fire-and-Burn-Hazards-Distributed-by-Waymeet",high,FAIL,missing_ccc_information|battery_safety_concern
CPSC-10347,train,power_bank,iStore Magnetic Wireless Power Banks (IST-09991/W05 model only),iStore Magnetic Wireless Power Banks Recalled Due to Fire and Burn Hazards; Imported by Tomauri,Tomauri Inc.,IST-09991/W05,,25390,false,false,45,unknown,,unknown,unknown,U.S. Consumer Product Safety Commission,fail,false,false,,false,,"CPSC recall 25390 published 2025-07-17. Title: iStore Magnetic Wireless Power Banks Recalled Due to Fire and Burn Hazards; Imported by Tomauri Product: iStore Magnetic Wireless Power Banks (IST-09991/W05 model only) Hazard: The lithium-ion battery in the recalled power banks can overheat and ignite while charging, posing fire and burn hazards to consumers. Incidents/Injuries: The firm has received three reports of the wireless power banks overheating and exploding while they were charging, including one incident that resulted in a minor burn to the victim's arm. The firm received reports of property damage of about $15,000. Remedy: Consumers should immediately stop using the recalled wireless portable power bank and go to the firm's website to participate in the recall. Consumers will be asked to submit two photographs via email to recall@istore.co. The first photograph should be the front of the power bank with the word ""Recalled"" and the date written on it with permanent marker. The second photograph should include the model number, which is located on the back of the power bank. A purchase receipt will be requested but will not be required to participate in the recall. Consumers should immediately dispose of the power banks in accordance with local and state hazardous waste disposal regulations. Source: https://www.cpsc.gov/Recalls/2025/iStore-Magnetic-Wireless-Power-Banks-Recalled-Due-to-Fire-and-Burn-Hazards-Imported-by-Tomauri",high,FAIL,missing_ccc_information|battery_safety_concern
CPSC-10311,train,power_bank,Anker PowerCore 10000 power banks (model A1263 only),More than One Million Anker Power Banks Recalled Due to Fire and Burn Hazards; Manufactured by Anker Innovations,Anker Innovations Limited,A1263,,25338,false,false,45,unknown,,unknown,unknown,U.S. Consumer Product Safety Commission,fail,false,false,,false,,"CPSC recall 25338 published 2025-06-12. Title: More than One Million Anker Power Banks Recalled Due to Fire and Burn Hazards; Manufactured by Anker Innovations Product: Anker PowerCore 10000 power banks (model A1263 only) Hazard: The lithium-ion battery in the power bank can overheat, posing fire and burn hazards to consumers. Incidents/Injuries: Anker has received 19 reports of fires and explosions. This includes two reports of minor burn injuries not requiring medical attention and 11 reports of property damage totaling over $60,700. Remedy: Consumers should immediately stop using the recalled power banks and contact Anker Innovations for instructions on receiving a free replacement power bank. Visit https://www.anker.com/product-recalls to register for the recall. To receive a replacement, consumers will be required to submit a photo of their recalled power bank showing the model number, serial number, their name, the date of the photograph, and the word ""recalled"" written on the power bank in permanent marker. A purchase receipt will be requested but will not be required to participate in the recall. Consumers will also be required to confirm disposal of the power bank in accordance with applicable laws and regulations before receiving a replacement. Source: https://www.cpsc.gov/Recalls/2025/More-than-One-Million-Anker-Power-Banks-Recalled-Due-to-Fire-and-Burn-Hazards-Manufactured-by-Anker-Innovations",high,FAIL,missing_ccc_information|battery_safety_concern
CPSC-10286,val,power_bank,iWALK Magnetic Wireless Power Banks,iWALK Magnetic Wireless Power Banks Recalled Due to Fire and Burn Hazards; Manufactured by U2O Global,U2O Global Co. Ltd.,Serial,,25304,false,false,45,unknown,,unknown,unknown,U.S. Consumer Product Safety Commission,fail,false,false,,false,,"CPSC recall 25304 published 2025-05-29. Title: iWALK Magnetic Wireless Power Banks Recalled Due to Fire and Burn Hazards; Manufactured by U2O Global Product: iWALK Magnetic Wireless Power Banks Hazard: The lithium-ion batteries in the recalled power banks can overheat and ignite, posing a risk of serious injury or death from fire and burn hazards to consumers. Incidents/Injuries: The firm has received 15 reports of the lithium-ion battery catching fire, resulting in 10 burn injuries. Remedy: Consumers should immediately stop using the recalled power banks and contact U2O Global for a full refund. To receive a refund, consumers should send a photo of the recalled power bank, showing the model number and the serial number, with ""Recalled"" written on the power bank in permanent marker to U2O Global by email at service@iwalk.net. Consumers should dispose of the recalled power banks in accordance with local hazardous waste disposal procedures. Source: https://www.cpsc.gov/Recalls/2025/iWALK-Magnetic-Wireless-Power-Banks-Recalled-Due-to-Fire-and-Burn-Hazards-Manufactured-by-U2O-Global",high,FAIL,missing_ccc_information|battery_safety_concern
CPSC-10258,val,power_bank,Baseus 65W 30000mAh Portable Chargers (model number BS-30KP365),Baseus Portable Chargers Recalled Due to Fire Hazard; Sold on Amazon.com by Shenzhen Baseus Technology,Shenzhen Baseus Technology Co. Ltd.,BS-30KP365,,25248,false,false,45,unknown,,unknown,unknown,U.S. Consumer Product Safety Commission,fail,false,false,,false,,"CPSC recall 25248 published 2025-05-01. Title: Baseus Portable Chargers Recalled Due to Fire Hazard; Sold on Amazon.com by Shenzhen Baseus Technology Product: Baseus 65W 30000mAh Portable Chargers (model number BS-30KP365) Hazard: The lithium-ion battery in the recalled portable chargers can overheat, posing a fire hazard. Incidents/Injuries: Baseus has received 76 reports of incidents involving the portable chargers, including 72 reports of bulging and four reports of fire, including three reports of property damage. Remedy: Consumers should immediately stop using the recalled portable chargers and contact Baseus to receive a free replacement charger. The replacement portable charger will have the same model number (BS 30KP365) and a different serial number ending in the letter ""A."" Consumers will need to submit a photo of the recalled portable charger showing the model number and serial number to the firm's recall registration page. Consumers without an order number will need to submit a photo of the portable charger with their name and date written on the portable charger in permanent marker. Visit https://www.baseus.com/pages/recall_select_BS-30KP365 to register and get instructions on how to receive a free replacement. To receive a replacement, consumers will be required to confirm disposal of the portable charger in accordance with applicable laws and regulations. Source: https://www.cpsc.gov/Recalls/2025/Baseus-Portable-Chargers-Recalled-Due-to-Fire-Hazard-Sold-on-Amazon-com-by-Shenzhen-Baseus-Technology",high,FAIL,missing_ccc_information|battery_safety_concern
CPSC-10241,test,power_bank,Casely Wireless Portable Power Banks,Casely Recalls Wireless Portable Power Banks Due to Fire and Burn Hazards,Casely Inc.,E33A,,25227,false,false,45,unknown,,unknown,unknown,U.S. Consumer Product Safety Commission,fail,false,false,,false,,"CPSC recall 25227 published 2025-04-17. Title: Casely Recalls Wireless Portable Power Banks Due to Fire and Burn Hazards Product: Casely Wireless Portable Power Banks Hazard: The lithium-ion battery in the recalled power banks can overheat and ignite, posing fire and burn hazards to consumers. Incidents/Injuries: The firm has received 51 consumer reports of the lithium-ion battery overheating, expanding or catching fire while they were charging their phones, resulting in six minor burn injuries. Remedy: Consumers should immediately stop using the recalled wireless portable power banks and contact Casely for a free replacement. To receive the free replacement, consumers should go to the firm's website and fill out the online form and submit two photographs; one should be the front of the power bank with the word ""Recalled"" on it and the date written in permanent marker. The second photograph should have the model number on it, which is located on the back of the power bank. Then upload the photos to the firm's website at https://www.getcasely.com/pages/2025-recall. Consumers should immediately dispose of the power banks in accordance with local and state regulations. Proof of purchase (receipt) is not required. Casely is contacting all known purchasers directly. Source: https://www.cpsc.gov/Recalls/2025/Casely-Recalls-Wireless-Portable-Power-Banks-Due-to-Fire-and-Burn-Hazards",high,FAIL,missing_ccc_information|battery_safety_concern
CPSC-10239,train,tablet,"Safetussin Max Strength Multi-Symptom Cough, Cold and Flu tablets blister packs","Kramer Laboratories Recalls Safetussin Max Strength Multi-Symptom Cough, Cold and Flu Blister Packs Due to Risk of Child Poisoning; Violation of Federal Regulation for Child Resistant Packaging",Kramer Laboratories,Flu 24-count,,25223,false,false,,unknown,,unknown,unknown,U.S. Consumer Product Safety Commission,fail,,,,false,,"CPSC recall 25223 published 2025-04-10. Title: Kramer Laboratories Recalls Safetussin Max Strength Multi-Symptom Cough, Cold and Flu Blister Packs Due to Risk of Child Poisoning; Violation of Federal Regulation for Child Resistant Packaging Product: Safetussin Max Strength Multi-Symptom Cough, Cold and Flu tablets blister packs Hazard: The Safetussin over-the-counter cold medicine contains acetaminophen, which must be in child-resistant packaging as required by the Poison Prevention Packaging Act. The packaging of the products is not child-resistant as a tablet can be pushed through the foil, posing a risk of poisoning if the contents are swallowed by young children. Incidents/Injuries: None reported Remedy: Consumers should immediately secure the product out of the sight and reach of children and contact Kramer Laboratories for information on how to return or dispose of the product for a full refund. Only the packaging is being recalled, not the medicine itself, but both should be disposed. Source: https://www.cpsc.gov/Recalls/2025/Kramer-Laboratories-Recalls-Safetussin-Max-Strength-Multi-Symptom-Cough-Cold-and-Flu-Blister-Packs-Due-to-Risk-of-Child-Poisoning-Violation-of-Federal-Regulation-for-Child-Resistant-Packaging",high,FAIL,
CPSC-10208,train,power_bank,VC Group MagSafe Wireless Power Pack Portable Power Banks,VC Group Recalls Wireless Portable Power Banks with Lithium-Ion Batteries Due to Fire and Burn Hazards,VC Group,ZHX-PB21,,25190,false,false,45,unknown,,unknown,unknown,U.S. Consumer Product Safety Commission,fail,false,false,,false,,"CPSC recall 25190 published 2025-03-20. Title: VC Group Recalls Wireless Portable Power Banks with Lithium-Ion Batteries Due to Fire and Burn Hazards Product: VC Group MagSafe Wireless Power Pack Portable Power Banks Hazard: The lithium-ion battery in the recalled power banks can overheat and ignite, posing fire and burn hazards to consumers. Incidents/Injuries: The firm has received 19 reports of the product overheating or catching on fire, resulting in 10 minor injuries. Remedy: Consumers should immediately stop using the recalled wireless portable power banks and contact VC Group for a free replacement power bank. To receive a replacement, consumers will be required to provide photographs of their power bank with the word ""Recalled"" written in permanent marker before uploading them to the firm's website at https://velvetcaviar.com/pages/magsafe-battery-pack-recall. Consumers should dispose of the power banks in accordance with local and state regulations. Source: https://www.cpsc.gov/Recalls/2025/VC-Group-Recalls-Wireless-Portable-Power-Banks-with-Lithium-Ion-Batteries-Due-to-Fire-and-Burn-Hazards",high,FAIL,missing_ccc_information|battery_safety_concern
CPSC-10168,train,mobile_phone,Fjorden iPhone Camera Grips,Fjorden iPhone Camera Grips Recalled Due to Battery Ingestion Hazard; Violation of Reese's Law Federal Safety Regulations for Consumer Products with Coin Batteries; Sold Exclusively on shop.fjorden.co by Fjorden Electra AS,Fjorden Electra AS,,,25142,false,false,45,unknown,,unknown,unknown,U.S. Consumer Product Safety Commission,fail,false,false,,false,,"CPSC recall 25142 published 2025-02-20. Title: Fjorden iPhone Camera Grips Recalled Due to Battery Ingestion Hazard; Violation of Reese's Law Federal Safety Regulations for Consumer Products with Coin Batteries; Sold Exclusively on shop.fjorden.co by Fjorden Electra AS Product: Fjorden iPhone Camera Grips Hazard: The recalled camera grips violate the mandatory federal regulation for consumer products containing button cell and coin batteries because, when the product is dropped, the battery tray can separate from its compartment, making the lithium coin battery easily accessible by children. If button cell or coin batteries are swallowed, the ingested batteries can cause serious injuries, internal chemical burns, and death. Incidents/Injuries: None reported Remedy: Consumers should stop using the recalled camera grip immediately and place it in an area that children cannot access. Contact Fjorden Electra AS to obtain a free replacement of the button cell battery tray and instructions. Fjorden Electra AS is notifying all known purchasers directly. Source: https://www.cpsc.gov/Recalls/2025/Fjorden-iPhone-Camera-Grips-Recalled-Due-to-Battery-Ingestion-Hazard-Violation-of-Reeses-Law-Federal-Safety-Regulations-for-Consumer-Products-with-Coin-Batteries-Sold-Exclusively-on-shop-fjorden-co-by-Fjorden-Electra-AS",high,FAIL,missing_device_identifier|battery_safety_concern
CPSC-10151,train,accessory,America's Got Talent microphones,Jazwares Recalls America's Got Talent Microphones with Lithium-Ion Batteries Due to Fire Hazard,Jazwares LLC,AGT0002,,25125,false,false,45,unknown,,unknown,unknown,U.S. Consumer Product Safety Commission,fail,false,false,,false,,"CPSC recall 25125 published 2025-02-06. Title: Jazwares Recalls America's Got Talent Microphones with Lithium-Ion Batteries Due to Fire Hazard Product: America's Got Talent microphones Hazard: The lithium-ion batteries in the recalled microphones can overcharge and ignite, posing a fire hazard. Incidents/Injuries: The firm has received three reports of the lithium-ion batteries igniting, resulting in smoke and fire damage to walls and floors. No injuries have been reported. Remedy: Consumers should immediately stop using the recalled microphones and contact Jazwares for a full refund. Consumers will receive their refund in the form of a pre-paid gift card. After registering for the recall, consumers should dispose of the microphone in accordance with local and state regulations and not in the ordinary trash. Source: https://www.cpsc.gov/Recalls/2025/Jazwares-Recalls-Americas-Got-Talent-Microphones-with-Lithium-Ion-Batteries-Due-to-Fire-Hazard",high,FAIL,battery_safety_concern
CPSC-10115,train,power_bank,"Charmast power banks, model W1056",Charmast Power Banks Recalled Due to Fire and Burn Hazards; Sold by Charmast Exclusively on Amazon.com,Shenzhen Charmast Technology Co. Ltd.,W1056,,25072,false,false,45,unknown,,unknown,unknown,U.S. Consumer Product Safety Commission,fail,false,false,,false,,"CPSC recall 25072 published 2024-12-19. Title: Charmast Power Banks Recalled Due to Fire and Burn Hazards; Sold by Charmast Exclusively on Amazon.com Product: Charmast power banks, model W1056 Hazard: The lithium-ion battery in the recalled power banks can overheat and ignite, posing fire and burn hazards to consumers. Incidents/Injuries: Charmast has received 44 reports of the recalled power banks expanding, igniting, melting, overheating or smoking, including four reports of consumers receiving burns or blisters. Remedy: Consumers should stop using the recalled power banks immediately and contact Charmast for instructions on how to receive a full refund. To receive a refund, consumers will be required to provide photographs of their model W1056 power bank, their names and dates of the photograph written in indelible (permanent) marker above the label, and the severed power cord. Consumers should dispose of the power banks in accordance with local and state regulations. Source: https://www.cpsc.gov/Recalls/2025/Charmast-Power-Banks-Recalled-Due-to-Fire-and-Burn-Hazards-Sold-by-Charmast-Exclusively-on-Amazon-com",high,FAIL,missing_ccc_information|battery_safety_concern
CPSC-10110,train,charger,HTRC C240 battery chargers,HTRC C240 Battery Chargers Recalled Due to Fire and Burn Hazards; Risk of Serious Injury and Death; Manufactured by Shenzhen Haitan Technology Co.,Shenzhen Haitan Technology Co. Ltd.,C240,,25066,false,false,,unknown,,unknown,unknown,U.S. Consumer Product Safety Commission,fail,false,false,,false,,"CPSC recall 25066 published 2024-12-12. Title: HTRC C240 Battery Chargers Recalled Due to Fire and Burn Hazards; Risk of Serious Injury and Death; Manufactured by Shenzhen Haitan Technology Co. Product: HTRC C240 battery chargers Hazard: The chargers can ignite or cause a connected battery to ignite, posing fire and burn hazards and risk of serious injury and death. Incidents/Injuries: HTRC has received 32 reports of fire and other thermal incidents, including five reports of significant property damage and one report of injury. Remedy: Consumers should immediately stop using the recalled chargers and contact HTRC for instructions on how to return the chargers for a full refund. Source: https://www.cpsc.gov/Recalls/2025/HTRC-C240-Battery-Chargers-Recalled-Due-to-Fire-and-Burn-Hazards-Risk-of-Serious-Injury-and-Death-Manufactured-by-Shenzhen-Haitan-Technology-Co",high,FAIL,missing_ccc_information|battery_safety_concern
CPSC-10104,train,power_bank,Belkin BoostCharge Pro Fast Wireless Charger Power Banks 10K,Belkin Recalls Portable Wireless Battery Chargers for Smart Watches Due to Fire Hazard,Belkin International Inc.¸,BPD005,,25061,false,false,45,unknown,,unknown,unknown,U.S. Consumer Product Safety Commission,fail,false,false,,false,,"CPSC recall 25061 published 2024-12-05. Title: Belkin Recalls Portable Wireless Battery Chargers for Smart Watches Due to Fire Hazard Product: Belkin BoostCharge Pro Fast Wireless Charger Power Banks 10K Hazard: The lithium-ion batteries in the recalled power banks can overheat, posing a fire hazard. Incidents/Injuries: The firm has received one report of the recalled power bank catching fire, resulting in a house fire involving property damage. Remedy: Consumers should immediately stop using the recalled power banks and contact Belkin to receive a full refund or store credit. Consumers will need to submit photos showing the front and back of the power bank with their recall submission form. Consumers should dispose of the lithium-ion battery in accordance with local and state regulations and not in household trash. Source: https://www.cpsc.gov/Recalls/2025/Belkin-Recalls-Portable-Wireless-Battery-Chargers-for-Smart-Watches-Due-to-Fire-Hazard",high,FAIL,missing_ccc_information|battery_safety_concern
CPSC-10067,val,power_bank,Anker Power Banks,Anker Power Banks Recalled Due to Fire and Burn Hazards; Manufactured by Anker Innovations,Anker Innovations Limited,A1642,,25011,false,false,45,unknown,,unknown,unknown,U.S. Consumer Product Safety Commission,fail,false,false,,false,,"CPSC recall 25011 published 2024-10-17. Title: Anker Power Banks Recalled Due to Fire and Burn Hazards; Manufactured by Anker Innovations Product: Anker Power Banks Hazard: The lithium-ion battery in the power banks can overheat, posing fire and burn hazards. Incidents/Injuries: The firm has received 28 reports of incidents of the batteries overheating, exploding, and the power bank catching on fire. Two injuries which included first and second degree burns to the consumer's hands have been reported. Remedy: Consumers should immediately stop using the recalled power banks and contact Anker Innovations for instructions on receiving a free replacement power bank. Visit https://www.anker.com/product-recalls to register for the recall. Consumers should dispose of the lithium-ion batteries in accordance with local and state regulations. Source: https://www.cpsc.gov/Recalls/2025/Anker-Power-Banks-Recalled-Due-to-Fire-and-Burn-Hazards-Manufactured-by-Anker-Innovations",high,FAIL,missing_ccc_information|battery_safety_concern
CPSC-10034,val,power_bank,VARMFRONT Power Banks,IKEA Recalls VARMFRONT Power Banks Due to Fire Hazard,IKEA Supply AG,E2037,,24344,false,false,45,unknown,,unknown,unknown,U.S. Consumer Product Safety Commission,fail,false,false,,false,,"CPSC recall 24344 published 2024-08-15. Title: IKEA Recalls VARMFRONT Power Banks Due to Fire Hazard Product: VARMFRONT Power Banks Hazard: The power banks can overheat, posing a fire hazard. Incidents/Injuries: IKEA has received three incident reports globally. No injuries have been reported. Additionally, no incidents or injuries have been reported in the U.S. Remedy: Consumers should immediately stop using the recalled banks and return them to any IKEA store for a free replacement product or for a full refund. If you are unable to return it to a store, contact IKEA for instructions on how to dispose of the VARMFRONT Power Bank to receive a full refund. Proof of purchase (receipt) is not required to receive a full refund. Source: https://www.cpsc.gov/Recalls/2024/IKEA-Recalls-VARMFRONT-Power-Banks-Due-to-Fire-Hazard",high,FAIL,missing_ccc_information|battery_safety_concern
CPSC-9996,test,charger,Power Adapters sold with Rest 1st Generation sound machines,Hatch Baby Recalls Power Adapters Sold with Rest 1st Generation Sound Machines Due to Shock Hazard,Hatch Baby Inc.,CYAP05,,24291,false,false,,unknown,,unknown,unknown,U.S. Consumer Product Safety Commission,fail,,false,,false,,"CPSC recall 24291 published 2024-07-03. Title: Hatch Baby Recalls Power Adapters Sold with Rest 1st Generation Sound Machines Due to Shock Hazard Product: Power Adapters sold with Rest 1st Generation sound machines Hazard: The plastic housing surrounding the AC power adapter supplied with some Rest 1st Generation sound machines can come off when removing the adapter from the power outlet, leaving the power prongs exposed and posing a shock hazard to consumers. Incidents/Injuries: The firm has received 19 reports of the plastic housing surrounding the AC power adapter coming off, including two reports of consumers who experienced a minor electrical shock. Remedy: Consumers should immediately stop using the recalled power adapters sold with Rest 1st Generation sound machines, and contact Hatch for a free replacement power adapter. Consumers should unplug the cord, cut the cord on the recalled power adapter, take a photo of the adapter showing the model number and the cut cord, upload the photo, and provide their name and mailing address at www.hatch.co/adapterrecall. Hatch is contacting all registered owners directly. Source: https://www.cpsc.gov/Recalls/2024/Hatch-Baby-Recalls-Power-Adapters-Sold-with-Rest-1st-Generation-Sound-Machines-Due-to-Shock-Hazard",high,FAIL,missing_ccc_information
CPSC-9991,train,power_bank,Baseus Magnetic Wireless Charging Power Banks,Baseus Magnetic Wireless Charging Power Banks Recalled Due to Fire Hazard; Imported by Shenzhen Baseus Technology,Shenzhen Baseus Technology Co. Ltd.,PPCXM06,,24287,false,false,45,unknown,,unknown,unknown,U.S. Consumer Product Safety Commission,fail,false,false,,false,,"CPSC recall 24287 published 2024-06-27. Title: Baseus Magnetic Wireless Charging Power Banks Recalled Due to Fire Hazard; Imported by Shenzhen Baseus Technology Product: Baseus Magnetic Wireless Charging Power Banks Hazard: The lithium-ion battery in the power banks can overheat, posing a fire hazard. Incidents/Injuries: Baseus has received 171 reports of incidents, including 132 reports of bulging or swelling batteries and 39 reports of fires, resulting in 13 burn injuries and about $20,000 in property damage. Remedy: Consumers should immediately stop using the recalled Baseus power bank models, and contact Baseus for a full refund with proof of purchase, or a $36 cash refund without proof of purchase. Consumers will need to submit a photo of the recalled power bank showing the model number to the firm's recall registration page. Consumers without an order number will need to submit a photo of the power bank with their name and the date written in permanent marker. Baseus and Amazon are notifying all known purchasers directly. Consumers should dispose of the battery in accordance with local and state regulations. Source: https://www.cpsc.gov/Recalls/2024/Baseus-Magnetic-Wireless-Charging-Power-Banks-Recalled-Due-to-Fire-Hazard-Imported-by-Shenzhen-Baseus-Technology",high,FAIL,missing_ccc_information|battery_safety_concern
CPSC-9977,train,power_bank,"myCharge POWER HUB All-In-One 10,000mAh portable chargers",myCharge Recalls POWER HUB All-In-One Portable Chargers Due to Fire and Burn Hazards; Sold Exclusively at Costco,RFA Brands LLC,One 10,,24271,false,false,45,unknown,,unknown,unknown,U.S. Consumer Product Safety Commission,fail,false,false,,false,,"CPSC recall 24271 published 2024-06-20. Title: myCharge Recalls POWER HUB All-In-One Portable Chargers Due to Fire and Burn Hazards; Sold Exclusively at Costco Product: myCharge POWER HUB All-In-One 10,000mAh portable chargers Hazard: The recalled portable chargers can overheat while charging, posing fire and burn hazards. Incidents/Injuries: There have been a total of 120 reports involving the portable chargers overheating. myCharge received five reports of incidents, including two reports of residential fires, resulting in approximately $165,000 in reported property damage; and Costco received 115 returns of the portable chargers, mentioning melting, expanding, smoking, fire, burning, exploding, or sparking. There have been no reports of injuries requiring medical attention. Remedy: Consumers should immediately stop using the recalled portable chargers, and contact myCharge for a free replacement portable charger. Source: https://www.cpsc.gov/Recalls/2024/myCharge-Recalls-POWER-HUB-All-In-One-Portable-Chargers-Due-to-Fire-and-Burn-Hazards-Sold-Exclusively-at-Costco",high,FAIL,missing_ccc_information|battery_safety_concern
CPSC-9860,train,charger,ÅSKSTORM 40W USB Chargers,IKEA Recalls USB Chargers Due to Burn and Electric Shock Hazards,IKEA Supply AG,ICPSW5-40-1,,24125,false,false,,unknown,,unknown,unknown,U.S. Consumer Product Safety Commission,fail,false,false,,false,,"CPSC recall 24125 published 2024-02-22. Title: IKEA Recalls USB Chargers Due to Burn and Electric Shock Hazards Product: ÅSKSTORM 40W USB Chargers Hazard: The USB charger's cable can become damaged or break over time, posing burn and electric shock hazards. Incidents/Injuries: IKEA has received 17 incident reports globally, including five reports of burns and four reports of electric shock. No incidents or injuries have been reported in the U.S. Remedy: Consumers should immediately stop using the recalled chargers and return the charger to any IKEA store for a full refund; or, if you are unable to return it to a store, contact IKEA for instructions on how to dispose of the ÅSKSTORM 40W USB Chargers to receive a full refund. Proof of purchase (receipt) is not required to receive a full refund. Source: https://www.cpsc.gov/Recalls/2024/IKEA-Recalls-USB-Chargers-Due-to-Burn-and-Electric-Shock-Hazards",high,FAIL,missing_ccc_information|battery_safety_concern
CPSC-9857,train,charger,Toshiba Laptop AC Adapters,Dynabook Americas Recalls 15.5 Million Toshiba Laptop AC Adapters Due to Burn and Fire Hazards,Dynabook Americas Inc.,April 2008,,24122,false,false,,unknown,,unknown,unknown,U.S. Consumer Product Safety Commission,fail,false,false,,false,,"CPSC recall 24122 published 2024-02-21. Title: Dynabook Americas Recalls 15.5 Million Toshiba Laptop AC Adapters Due to Burn and Fire Hazards Product: Toshiba Laptop AC Adapters Hazard: The laptop AC adapters can overheat and spark, posing burn and fire hazards. Incidents/Injuries: The firm has received 679 reports of the recalled AC adapters overheating or catching on fire, melting, and burning. This includes 43 reports of minor burn injuries. Remedy: Consumers should immediately stop using the recalled AC adapters and contact Dynabook Americas for a free replacement AC adapter. Visit https://support.dynabook.com/axx2024 to identify if the AC adapter is part of the recall and for instructions on how to order a replacement. Consumers need to submit a photo of their AC adapter with the power cord cut and certify proper disposal to dba-acadapter2024@dynabook.com to receive a free replacement. Source: https://www.cpsc.gov/Recalls/2024/Dynabook-Americas-Recalls-15-5-Million-Toshiba-Laptop-AC-Adapters-Due-to-Burn-and-Fire-Hazards",high,FAIL,missing_ccc_information|battery_safety_concern
CPSC-9832,train,charger,Lithium-ion battery sold for Pixy Flying Cameras,Snap Recalls Lithium-Ion Battery Sold for Pixy Flying Cameras Due to Fire Hazard,Snap LLC.,,,24095,false,false,,unknown,,unknown,unknown,U.S. Consumer Product Safety Commission,fail,false,false,,false,,"CPSC recall 24095 published 2024-02-01. Title: Snap Recalls Lithium-Ion Battery Sold for Pixy Flying Cameras Due to Fire Hazard Product: Lithium-ion battery sold for Pixy Flying Cameras Hazard: The lithium-ion battery in the camera can overheat, posing a fire hazard. Incidents/Injuries: Snap has received four reports of the battery overheating and bulging, resulting in one minor battery fire and one minor injury. Remedy: Consumers should immediately stop using the Pixy Flying Camera, remove the battery and stop charging it. Consumers should then visit www.pixy.com for instructions on how to participate in the recall, receive a refund of the purchase price, and dispose of the battery in accordance with local and state regulations. The Pixy flying camera and other Pixy accessories are also separately eligible for a refund of the purchase price. Source: https://www.cpsc.gov/Recalls/2024/Snap-Recalls-Lithium-Ion-Battery-Sold-for-Pixy-Flying-Cameras-Due-to-Fire-Hazard",high,FAIL,missing_ccc_information|battery_safety_concern
CPSC-9766,train,power_bank,Lenovo USB-C Laptop Power Banks,Lenovo Recalls USB-C Laptop Power Banks Due to Fire Hazard,Lenovo Inc.,PBLG2W,,24031,false,false,45,unknown,,unknown,unknown,U.S. Consumer Product Safety Commission,fail,false,false,,false,,"CPSC recall 24031 published 2023-11-22. Title: Lenovo Recalls USB-C Laptop Power Banks Due to Fire Hazard Product: Lenovo USB-C Laptop Power Banks Hazard: The power bank's internal screws can come loose, causing a short circuit and overheating of the lithium-ion battery, posing a fire hazard. Do not put lithium-ion batteries in the trash or battery recycling boxes found at various retail and home improvement stores. They can cause fires and explosions if they are damaged or crushed and are a hazard when thrown in the trash. Incidents/Injuries: The firm has received one report of a fire causing minimal property damage. No injuries have been reported. Remedy: Consumers should immediately stop using the recalled Lenovo USB-C Laptop Power Banks and contact Lenovo for a free replacement as well as instructions for properly disposing of lithium-ion batteries according to local and state regulations. Source: https://www.cpsc.gov/Recalls/2024/Lenovo-Recalls-USB-C-Laptop-Power-Banks-Due-to-Fire-Hazard",high,FAIL,missing_ccc_information|battery_safety_concern
CPSC-9693,train,power_bank,Ubio Labs power banks,Costco Recalls Ubio Labs Power Banks Due to Fire Hazard; Caught Fire on Commercial Flight (Recall Alert),Ubio Labs,PWB1071,,23783,false,false,45,unknown,,unknown,unknown,U.S. Consumer Product Safety Commission,fail,false,false,,false,,"CPSC recall 23783 published 2023-08-17. Title: Costco Recalls Ubio Labs Power Banks Due to Fire Hazard; Caught Fire on Commercial Flight (Recall Alert) Product: Ubio Labs power banks Hazard: The recalled power banks can overheat and ignite, posing a fire hazard. Incidents/Injuries: Costco has received three reports of fire, including one report of fire on a commercial flight resulting in four reports of smoke inhalation and one report of a minor burn injury to passengers. Remedy: Consumers should immediately stop using the recalled power banks and contact Costco for a full refund. Ubio Labs is no longer in operation. Costco has contacted all known purchasers directly. Source: https://www.cpsc.gov/Recalls/2023/Costco-Recalls-Ubio-Labs-Power-Banks-Due-to-Fire-Hazard-Caught-Fire-on-Commercial-Flight-Recall-Alert",high,FAIL,missing_ccc_information|battery_safety_concern
CPSC-9673,val,charger,"Showrunner II Consoles, with included wireless phone chargers, sold with fitness equipment",True Fitness Recalls Showrunner II Consoles Sold with Fitness Equipment Due to Fire Hazard,True Fitness,TC900,,23249,false,false,,unknown,,unknown,unknown,U.S. Consumer Product Safety Commission,fail,false,false,,false,,"CPSC recall 23249 published 2023-07-27. Title: True Fitness Recalls Showrunner II Consoles Sold with Fitness Equipment Due to Fire Hazard Product: Showrunner II Consoles, with included wireless phone chargers, sold with fitness equipment Hazard: An exposed area of the wireless charging board can come in contact with other internal wiring, posing a fire hazard. Incidents/Injuries: True Fitness has received one report of a fire. No injuries have been reported. Remedy: Commercial facilities with these recalled products should immediately turn off and unplug the exercise equipment containing the console and contact True Fitness to receive a free replacement console. Source: https://www.cpsc.gov/Recalls/2023/True-Fitness-Recalls-Showrunner-II-Consoles-Sold-with-Fitness-Equipment-Due-to-Fire-Hazard",high,FAIL,missing_ccc_information|battery_safety_concern
CPSC-9663,val,power_bank,VRURC portable chargers,VRURC Portable Chargers Recalled Due to Fire Hazard; Sold Exclusively on Amazon.com by VRURC; Caught Fire on Commercial Flight,Shenzhen ChuangliJiacheng Technology Co. Ltd.,OD-B7,,23238,false,false,45,unknown,,unknown,unknown,U.S. Consumer Product Safety Commission,fail,false,false,,false,,"CPSC recall 23238 published 2023-07-06. Title: VRURC Portable Chargers Recalled Due to Fire Hazard; Sold Exclusively on Amazon.com by VRURC; Caught Fire on Commercial Flight Product: VRURC portable chargers Hazard: The recalled portable chargers can ignite, posing a fire hazard. Incidents/Injuries: VRURC has received one report of fire during a commercial flight, which resulted in four flight attendants being transported to the hospital for smoke inhalation. Remedy: Consumers should immediately stop using the recalled portable chargers and contact VRURC for a free replacement product. Source: https://www.cpsc.gov/Recalls/2023/VRURC-Portable-Chargers-Recalled-Due-to-Fire-Hazard-Sold-Exclusively-on-Amazon-com-by-VRURC-Caught-Fire-on-Commercial-Flight",high,FAIL,missing_ccc_information|battery_safety_concern
CPSC-9652,test,tablet,"Ferrous Sulfate (Iron) Enteric-Coated Tablets, 324 mg - 100 Tablet Bottles",Nationwide Pharmaceutical Recalls Iron Dietary Supplements Due to Failure to Meet Child Resistant Packaging Requirement; Risk of Poisoning,Prodigy Innovation LLC,of 100,,23227,false,false,,unknown,,unknown,unknown,U.S. Consumer Product Safety Commission,fail,,,,false,,"CPSC recall 23227 published 2023-06-22. Title: Nationwide Pharmaceutical Recalls Iron Dietary Supplements Due to Failure to Meet Child Resistant Packaging Requirement; Risk of Poisoning Product: Ferrous Sulfate (Iron) Enteric-Coated Tablets, 324 mg - 100 Tablet Bottles Hazard: The recalled dietary supplements contain iron which must be in child-resistant packaging as required by the Poison Prevention Packaging Act (PPPA). The packaging of the products is not child-resistant, posing a risk of poisoning if the contents are swallowed by young children. Incidents/Injuries: None reported Remedy: Consumers should immediately store the recalled dietary supplements in a safe location out of reach and sight of children and contact Nationwide Pharmaceutical for information on how to dispose of the product. Consumers can also return the product to the place of purchase to receive a refund of the purchase price. Source: https://www.cpsc.gov/Recalls/2023/Nationwide-Pharmaceutical-Recalls-Iron-Dietary-Supplements-Due-to-Failure-to-Meet-Child-Resistant-Packaging-Requirement-Risk-of-Poisoning",high,FAIL,
CPSC-9651,train,laptop,Poseidon M28A Dive Computers,Poseidon Diving Systems Recalls Poseidon M28A Dive Computers Due to Injury Hazard,Poseidon Diving Systems Inc.,M28A,,23226,false,false,,unknown,,unknown,unknown,U.S. Consumer Product Safety Commission,fail,,,,false,,"CPSC recall 23226 published 2023-06-22. Title: Poseidon Diving Systems Recalls Poseidon M28A Dive Computers Due to Injury Hazard Product: Poseidon M28A Dive Computers Hazard: The recalled Poseidon M28A Dive Computers can stop working due to intake of water causing a malfunctioning depth sensor resulting in a loss of dive data for the diver, posing an injury hazard. Incidents/Injuries: The firm has received one report within the U.S. of water intake causing the depth sensor and other electronic components of the dive computer to malfunction. No injuries have been reported. Remedy: Consumers should immediately stop using the recalled dive computers and contact Poseidon Diving Systems at m28a@poseidon.com to return the product via free return shipping and receive a free repair. Source: https://www.cpsc.gov/Recalls/2023/Poseidon-Diving-Systems-Recalls-Poseidon-M28A-Dive-Computers-Due-to-Injury-Hazard",high,FAIL,
CPSC-9565,train,tablet,"Nurtec® ODT (rimegepant) orally disintegrating tablets, 75mg 8-Unit Dose blister pack",Pfizer Recalls Nurtec ODT Prescription Drugs Due to Failure to Meet Child Resistant Packaging Requirement; Risk of Poisoning,Biohaven Pharmaceuticals Inc.,ODT 75,,23154,false,false,,unknown,,unknown,unknown,U.S. Consumer Product Safety Commission,fail,,,,false,,"CPSC recall 23154 published 2023-03-16. Title: Pfizer Recalls Nurtec ODT Prescription Drugs Due to Failure to Meet Child Resistant Packaging Requirement; Risk of Poisoning Product: Nurtec® ODT (rimegepant) orally disintegrating tablets, 75mg 8-Unit Dose blister pack Hazard: The recalled prescription drugs must be in child resistant packaging as required by the Poison Prevention Packaging Act (PPPA). The packaging of the products is not child resistant, posing a risk of poisoning if the contents are swallowed by young children. Incidents/Injuries: None reported Remedy: Consumers should immediately secure the recalled product out of the sight and reach of children and contact Pfizer for a free child resistant pouch to store the product. Once the product is secured, consumers can continue to use it as directed. Source: https://www.cpsc.gov/Recalls/2023/Pfizer-Recalls-Nurtec-ODT-Prescription-Drugs-Due-to-Failure-to-Meet-Child-Resistant-Packaging-Requirement-Risk-of-Poisoning",high,FAIL,
CPSC-9557,train,power_bank,Anker 535 Power Banks (PowerCore 20k),Fantasia Trading Recalls Anker Power Banks Due to Fire Hazard,Fantasia Trading LLC,A1366,,23147,false,false,45,unknown,,unknown,unknown,U.S. Consumer Product Safety Commission,fail,false,false,,false,,"CPSC recall 23147 published 2023-03-09. Title: Fantasia Trading Recalls Anker Power Banks Due to Fire Hazard Product: Anker 535 Power Banks (PowerCore 20k) Hazard: The lithium-ion batteries in the recalled power banks can overheat, posing a fire hazard. Incidents/Injuries: The firm has received 10 reports of incidents involving overheating, including one report of minor injuries. Remedy: Consumers should immediately stop using the recalled power banks and contact Fantasia Trading to receive a full refund as well as instructions for properly disposing of lithium-ion batteries according to local and state regulations. Fantasia Trading and its retailers are notifying all known purchasers directly. Source: https://www.cpsc.gov/Recalls/2023/Fantasia-Trading-Recalls-Anker-Power-Banks-Due-to-Fire-Hazard",high,FAIL,missing_ccc_information|battery_safety_concern
CPSC-9432,train,charger,Meic power adapters sold with Brother AirSure DF-2 Dynamic Filtration Tabletop Air Purifiers,Brother Recalls Power Adapters Sold with AirSure DF-2 Dynamic Filtration Tabletop Air Purifiers Due to Electrical Shock Hazard,Brother International Corporation,,,23024,false,false,,unknown,,unknown,unknown,U.S. Consumer Product Safety Commission,fail,false,false,,false,,"CPSC recall 23024 published 2022-10-27. Title: Brother Recalls Power Adapters Sold with AirSure DF-2 Dynamic Filtration Tabletop Air Purifiers Due to Electrical Shock Hazard Product: Meic power adapters sold with Brother AirSure DF-2 Dynamic Filtration Tabletop Air Purifiers Hazard: The Meic AC power adapter casing can break while the adapter is being plugged into or removed from an electrical outlet, exposing its metal prongs, posing electrical shock and electrocution hazards. Incidents/Injuries: The company has received one report of an incident of the adapter breaking and exposing its metal prongs. No injuries have been reported. Remedy: Consumers should immediately stop using the recalled Meic AC power adapter and contact Brother for a free replacement AC power adapter and instructions on how to return the Meic AC power adapter. Source: https://www.cpsc.gov/Recalls/2023/Brother-Recalls-Power-Adapters-Sold-with-AirSure-DF-2-Dynamic-Filtration-Tabletop-Air-Purifiers-Due-to-Electrical-Shock-Hazard",high,FAIL,missing_ccc_information|battery_safety_concern
CPSC-9407,train,charger,HyperJuice Stackable GaN USB-C Chargers,Hyper Products Recalls HyperJuice Stackable GaN USB-C Chargers Due to Fire Hazard,Hyper Products Inc.,HJ414,,22236,false,false,,unknown,,unknown,unknown,U.S. Consumer Product Safety Commission,fail,false,false,,false,,"CPSC recall 22236 published 2022-09-29. Title: Hyper Products Recalls HyperJuice Stackable GaN USB-C Chargers Due to Fire Hazard Product: HyperJuice Stackable GaN USB-C Chargers Hazard: The chargers can overheat, posing a fire hazard to consumers. Incidents/Injuries: Hyper Products has received seven reports of the charger overheating resulting in damage to the charging units. No injuries have been reported. Remedy: Consumers should immediately stop using the recalled HyperJuice Stackable GaN USB-C Chargers and contact Hyper Products for refund in the form of a www.Hypershop.com store credit for the amount of the purchase price for the 65W and the 100W chargers. Source: https://www.cpsc.gov/Recalls/2022/Hyper-Products-Recalls-HyperJuice-Stackable-GaN-USB-C-Chargers-Due-to-Fire-Hazard",high,FAIL,missing_ccc_information|battery_safety_concern
CPSC-9354,train,laptop,Aqualung i330R SCUBA Diving Computers,Aqualung Recalls i330R SCUBA Diving Computers Due to Injury and Drowning Hazards,Aqua Lung,Serial,,22187,false,false,,unknown,,unknown,unknown,U.S. Consumer Product Safety Commission,fail,,,,false,,"CPSC recall 22187 published 2022-07-21. Title: Aqualung Recalls i330R SCUBA Diving Computers Due to Injury and Drowning Hazards Product: Aqualung i330R SCUBA Diving Computers Hazard: The recalled diving computers can fail to adjust to the user's altitude and display incorrect calculations for sea level dive times at altitudes exceeding 3,000 feet, posing injury (decompression sickness) and drowning hazards. Incidents/Injuries: The firm has received one report of an incident in which the dive computer failed, displaying incorrect calculation. No injuries have been reported. Remedy: Consumers should immediately stop using the recalled Aqualung i330R SCUBA Diving Computers and contact Aqua Lung to arrange for a free repair. Consumers can download a software update through the DiverLog+ application or bring their recalled dive computer to their dealer or local dive center to have the software update installed. Source: https://www.cpsc.gov/Recalls/2022/Aqualung-Recalls-i330R-SCUBA-Diving-Computers-Due-to-Injury-and-Drowning-Hazards",high,FAIL,
CPSC-9180,val,charger,DEWALT ® Jobsite Pro Wireless Earphones,E-filliate Recalls DEWALT Wireless Earphones Due to Burn and Fire Hazards,E-filliate Inc.,,,22023,false,false,,unknown,,unknown,unknown,U.S. Consumer Product Safety Commission,fail,false,false,,false,,"CPSC recall 22023 published 2021-12-01. Title: E-filliate Recalls DEWALT Wireless Earphones Due to Burn and Fire Hazards Product: DEWALT ® Jobsite Pro Wireless Earphones Hazard: The wireless earphones can overheat while charging or in use, posing burn and fire hazards. Incidents/Injuries: E-filliate has received 61 reports of the earphones overheating during charging or use, including five reports of fire and four reports of minor burn injuries. Remedy: Consumers should immediately stop using the wireless earphones and contact E-filliate to receive a pre-paid shipment label to return the product directly to E-filliate in order to receive a free replacement. Source: https://www.cpsc.gov/Recalls/2022/E-filliate-Recalls-DEWALT-Wireless-Earphones-Due-to-Burn-and-Fire-Hazards",high,FAIL,missing_ccc_information|battery_safety_concern
CPSC-9102,val,power_bank,Caldwell E-Max® Pro BT Earmuffs with rechargeable lithium battery packs,American Outdoor Brands Recalls Caldwell Earmuffs with Rechargeable Lithium-Battery Packs Due to Fire and Burn Hazards,American Outdoor Brands Inc.,,,21167,false,false,45,unknown,,unknown,unknown,U.S. Consumer Product Safety Commission,fail,false,false,,false,,"CPSC recall 21167 published 2021-07-21. Title: American Outdoor Brands Recalls Caldwell Earmuffs with Rechargeable Lithium-Battery Packs Due to Fire and Burn Hazards Product: Caldwell E-Max® Pro BT Earmuffs with rechargeable lithium battery packs Hazard: The soldering within the lithium-battery pack housing can allow the wiring to detach and cause the unit to overheat, posing fire and burn hazards. Incidents/Injuries: None reported. Remedy: Consumers should immediately remove the recalled lithium-battery pack from the earmuffs and contact American Outdoor Brands for disposal instructions in accordance with local laws and to receive free replacement alkaline batteries; including shipping. Source: https://www.cpsc.gov/Recalls/2021/American-Outdoor-Brands-Recalls-Caldwell-Earmuffs-with-Rechargeable-Lithium-Battery-Packs-Due-to-Fire-and-Burn-Hazards",high,FAIL,missing_ccc_information|battery_safety_concern
CPSC-9038,test,charger,"Charging Cases Sold with Audio-Technica Wireless Headphones, Model ATH-CK3TW",Audio-Technica Recalls Charging Cases Sold with Wireless Headphones Due to Fire Hazard,Audio-Technica U.S. Inc.,ATH-CK3TW,,21110,false,false,,unknown,,unknown,unknown,U.S. Consumer Product Safety Commission,fail,false,false,,false,,"CPSC recall 21110 published 2021-04-14. Title: Audio-Technica Recalls Charging Cases Sold with Wireless Headphones Due to Fire Hazard Product: Charging Cases Sold with Audio-Technica Wireless Headphones, Model ATH-CK3TW Hazard: The portable charging cases can overheat, posing a fire hazard. Incidents/Injuries: The firm has received four reports of incidents of the charging cases overheating, all outside of the United States. These incidents resulted in damage to the charging cases and to the surfaces on which charging occurred. No injuries have been reported. Remedy: Consumers should immediately stop using the charging cases and contact Audio-Technica for instructions on returning the charging cases for a free replacement charging case. Audio-Technica will provide consumers with a prepaid return shipping label and will send consumers a replacement charging case upon receipt of the returned case. Source: https://www.cpsc.gov/Recalls/2021/Audio-Technica-Recalls-Charging-Cases-Sold-with-Wireless-Headphones-Due-to-Fire-Hazard",high,FAIL,missing_ccc_information|battery_safety_concern
CPSC-9007,train,tablet,"Imatinib Mesylate Tablets 100 mg, Imatinib Mesylate Tablets 400 mg, Pregabalin Capsules 50 mg, Pregabalin Capsules 75 mg",Dr. Reddy's Recalls Prescription Drug Blister Packages Due to Risk of Poisoning,Dr. Reddy's Laboratories,mg 43598-344-31,,21089,false,false,,unknown,,unknown,unknown,U.S. Consumer Product Safety Commission,fail,,,,false,,"CPSC recall 21089 published 2021-02-25. Title: Dr. Reddy's Recalls Prescription Drug Blister Packages Due to Risk of Poisoning Product: Imatinib Mesylate Tablets 100 mg, Imatinib Mesylate Tablets 400 mg, Pregabalin Capsules 50 mg, Pregabalin Capsules 75 mg, Pregabalin Capsules 100 mg, Pregabalin Capsules 150 mg, Sevelamer Carbonate Tablets 800 mg, Tadalafil Tablets 5 mg and Tadalafil Tablets 20 mg Hazard: The products are prescription medications that were labeled and distributed by Dr. Reddy's for institutional use only. The prescription medications were distributed by third party wholesalers to retail pharmacies and could have been dispensed to consumers. The packaging of the products is not child resistant and can pose a risk of poisoning if the contents are swallowed by young children. Incidents/Injuries: No incidents or injuries have been reported. Remedy: Consumers should immediately store the recalled medications in a safe location out of reach of children and contact Dr. Reddy's for a full refund. Source: https://www.cpsc.gov/Recalls/2021/Dr-Reddys-Recalls-Prescription-Drug-Blister-Packages-Due-to-Risk-of-Poisoning",high,FAIL,
CPSC-8997,train,laptop,NZXT H1 computer cases,NZXT Recalls H1 Computer Cases Due to Fire Hazard,NZXT Inc.,H16WR-W1,,21078,false,false,45,unknown,,unknown,unknown,U.S. Consumer Product Safety Commission,fail,false,false,,false,,"CPSC recall 21078 published 2021-02-12. Title: NZXT Recalls H1 Computer Cases Due to Fire Hazard Product: NZXT H1 computer cases Hazard: Metal screws that attach the PCIe riser assembly to the chassis can cause a short in the printed circuit board and overheating, posing a fire hazard due to the circuit board's design. Incidents/Injuries: NZXT has received 11 reports of circuit boards overheating or catching fire worldwide, six of which occurred in the U.S. No injuries have been reported. Remedy: Consumers should immediately stop using the recalled computer cases and contact NZXT for a free repair kit. Source: https://www.cpsc.gov/Recalls/2021/NZXT-Recalls-H1-Computer-Cases-Due-to-Fire-Hazard",high,FAIL,battery_safety_concern
CPSC-8985,train,power_bank,"Belkin ""Portable Wireless Charger + Stand Special Edition""",Belkin Recalls Portable Wireless Chargers + Stand Special Edition Due to Fire and Shock Hazards,Belkin,with 10,,21066,false,false,45,unknown,,unknown,unknown,U.S. Consumer Product Safety Commission,fail,false,false,,false,,"CPSC recall 21066 published 2021-01-13. Title: Belkin Recalls Portable Wireless Chargers + Stand Special Edition Due to Fire and Shock Hazards Product: Belkin ""Portable Wireless Charger + Stand Special Edition"" Hazard: A manufacturing defect in the power supply unit can cause the charger to malfunction and overheat, posing fire and shock hazards. Incidents/Injuries: None reported. Remedy: Consumers should immediately stop using the recalled portable wireless chargers. Contact Belkin for instructions on safe disposal, and for a full refund or credit towards the purchase of another product. Source: https://www.cpsc.gov/Recalls/2021/Belkin-Recalls-Portable-Wireless-Chargers-Stand-Special-Edition-Due-to-Fire-and-Shock-Hazards",high,FAIL,missing_ccc_information|battery_safety_concern
CPSC-8950,train,power_bank,"3-in-1 Qi wireless chargers, power banks and travel wall chargers","Towsleys Recalls 3-in-1 Qi Wireless Chargers, Power Banks and Travel Chargers Due to Fire Hazard",Shenzhen Huani Electronics Co. Ltd.,,,21037,false,false,45,unknown,,unknown,unknown,U.S. Consumer Product Safety Commission,fail,false,false,,false,,"CPSC recall 21037 published 2020-11-25. Title: Towsleys Recalls 3-in-1 Qi Wireless Chargers, Power Banks and Travel Chargers Due to Fire Hazard Product: 3-in-1 Qi wireless chargers, power banks and travel wall chargers Hazard: The chargers and power banks can overheat, posing a fire hazard. Incidents/Injuries: The firm has received four reports of incidents, including two that resulted in fires. One consumer reported that a fire caused $6,000 worth of property damage. No injuries have been reported. Remedy: Consumers should immediately stop using the chargers and contact Towsleys to receive a credit for a free replacement charger and instructions on disposing of the recalled products. Source: https://www.cpsc.gov/Recalls/2021/Towsleys-Recalls-3-in-1-Qi-Wireless-Chargers-Power-Banks-and-Travel-Chargers-Due-to-Fire-Hazard",high,FAIL,missing_ccc_information|battery_safety_concern
CPSC-8915,train,power_bank,Trianium cell phone battery pack cases,Endliss Technology Recalls Trianium Battery Phone Cases Due to Burn Hazard; Sold Exclusively on Amazon.com,Endliss Technology Inc.,are 17,,21003,false,false,45,unknown,,unknown,unknown,U.S. Consumer Product Safety Commission,fail,false,false,,false,,"CPSC recall 21003 published 2020-10-07. Title: Endliss Technology Recalls Trianium Battery Phone Cases Due to Burn Hazard; Sold Exclusively on Amazon.com Product: Trianium cell phone battery pack cases Hazard: The lithium-ion battery in the cases can overheat resulting in thermal runaway, posing a burn hazard to consumers. Incidents/Injuries: Endliss has received 96 reports of batteries overheating due to thermal runaway, including 10 reports of burn injuries. Remedy: Consumers should immediately stop using the recalled phone cases, dispose of them in accordance with local laws on battery disposal, and contact Endliss for a free replacement power pack. Source: https://www.cpsc.gov/Recalls/2021/Endliss-Technology-Recalls-Trianium-Battery-Phone-Cases-Due-to-Burn-Hazard-Sold-Exclusively-on-Amazon-com",high,FAIL,missing_ccc_information|battery_safety_concern
CPSC-8890,train,laptop,LEDU Black Fluorescent Computer Task Lamps Model L283MB,Advantus Recalls Fluorescent Computer Task Lamps Due to Burn Hazard,Advantus,L283MB,,20175,false,false,45,unknown,,unknown,unknown,U.S. Consumer Product Safety Commission,fail,false,false,,false,,"CPSC recall 20175 published 2020-09-02. Title: Advantus Recalls Fluorescent Computer Task Lamps Due to Burn Hazard Product: LEDU Black Fluorescent Computer Task Lamps Model L283MB Hazard: The tape used to contain wire components within the lamps case housing can overheat and melt, posing a burn hazard. Incidents/Injuries: Advantus has received one report of smoke emerging from the lampscase housing. No injuries reported. Remedy: Consumers should immediately unplug and stop using the recalled lamp and contact Advantus to arrange for a full refund. Source: https://www.cpsc.gov/Recalls/2020/Advantus-Recalls-Fluorescent-Computer-Task-Lamps-Due-to-Burn-Hazard",high,FAIL,battery_safety_concern
CPSC-8809,train,charger,Power adapters sold with Epson scanners,Epson Recalls Power Adapters Sold with Epson Scanners Due to Burn and Fire Hazards,Epson America Inc.,V30,,20116,false,false,,unknown,,unknown,unknown,U.S. Consumer Product Safety Commission,fail,false,false,,false,,"CPSC recall 20116 published 2020-05-01. Title: Epson Recalls Power Adapters Sold with Epson Scanners Due to Burn and Fire Hazards Product: Power adapters sold with Epson scanners Hazard: The power adapters can overheat, melt and catch fire, posing burn and fire hazards. Incidents/Injuries: Epson is aware of 15 incidents worldwide of the adapter melting or catching fire, resulting in property damage. No injuries have been reported. Remedy: Consumers should immediately stop using the recalled adapters and contact Epson to receive a free replacement adapter. Source: https://www.cpsc.gov/Recalls/2020/Epson-Recalls-Power-Adapters-Sold-with-Epson-Scanners-Due-to-Burn-and-Fire-Hazards",high,FAIL,missing_ccc_information|battery_safety_concern
CPSC-8796,val,tablet,Vitamin Shoppe Energy Formula Multivitamins (90 Tablets),The Vitamin Shoppe Recalls Energy Formula Multivitamins Due to Failure to Meet Child Resistant Packaging Requirement; Risk of Poisoning (Recall Alert),The Vitamin Shoppe,VS-3293,,20732,false,false,,unknown,,unknown,unknown,U.S. Consumer Product Safety Commission,fail,,,,false,,"CPSC recall 20732 published 2020-04-16. Title: The Vitamin Shoppe Recalls Energy Formula Multivitamins Due to Failure to Meet Child Resistant Packaging Requirement; Risk of Poisoning (Recall Alert) Product: Vitamin Shoppe Energy Formula Multivitamins (90 Tablets) Hazard: The product is a dietary supplement containing iron which must be in child resistant packaging as required by the Poison Prevention Packaging Act (PPPA). The packaging of the product is not child resistant, posing a poisoning risk if the contents are swallowed by young children. Incidents/Injuries: None reported Remedy: Consumers should immediately store the product in a safe location out of reach of children. Contact The Vitamin Shoppe for instructions on how to dispose of the product and receive a refund or merchandise credit. All known purchasers are being notified directly by the firm about the recall. Source: https://www.cpsc.gov/Recalls/2020/The-Vitamin-Shoppe-Recalls-Energy-Formula-Multivitamins-Due-to-Failure-to-Meet-Child-Resistant-Packaging-Requirement-Risk-of-Poisoning-Recall-Alert",high,FAIL,
CPSC-8730,val,power_bank,"Spare 10,000 mAh Power Banks",PCNA Recalls Power Banks Due to Fire and Burn Hazards,PCNA,Spare 10,,20058,false,false,45,unknown,,unknown,unknown,U.S. Consumer Product Safety Commission,fail,false,false,,false,,"CPSC recall 20058 published 2020-01-23. Title: PCNA Recalls Power Banks Due to Fire and Burn Hazards Product: Spare 10,000 mAh Power Banks Hazard: The power bank's lithium-ion battery can overheat and ignite, posing fire and burn hazards. Incidents/Injuries: The firm has received one report of fire. No injuries have been reported. Remedy: Consumers should immediately unplug and stop using the recalled power banks and dispose of the recalled power banks by following local laws for disposal of lithium-ion batteries. Source: https://www.cpsc.gov/Recalls/2020/PCNA-Recalls-Power-Banks-Due-to-Fire-and-Burn-Hazards",high,FAIL,missing_ccc_information|battery_safety_concern
CPSC-8693,test,charger,Series I power adapters for Skylight digital photo frames,Skylight Recalls Power Adapters Sold with Digital Photo Frames Due to Electrical Shock Hazard (Recall Alert),Glimpse LLC,code 679113611535,,20707,false,false,,unknown,,unknown,unknown,U.S. Consumer Product Safety Commission,fail,false,false,,false,,"CPSC recall 20707 published 2019-11-07. Title: Skylight Recalls Power Adapters Sold with Digital Photo Frames Due to Electrical Shock Hazard (Recall Alert) Product: Series I power adapters for Skylight digital photo frames Hazard: The power adapter casing can break when plugged into an electrical outlet, exposing its metal prongs, posing an electrical shock hazard. Incidents/Injuries: Skylight has received eight reports of adapters breaking and exposing their metal prongs, including one report of an electric shock to a consumer. Remedy: Consumers should immediately stop using the recalled adapters and contact Skylight for instructions on proper disposal and how to receive a free replacement adapter. Skylight is contacting all known purchasers directly. Source: https://www.cpsc.gov/Recalls/2020/Skylight-Recalls-Power-Adapters-Sold-with-Digital-Photo-Frames-Due-to-Electrical-Shock-Hazard-Recall-Alert",high,FAIL,missing_ccc_information|battery_safety_concern
CPSC-8687,train,power_bank,Bead Landing™ tassel keychain mobile power banks,Michaels Recalls Tassel Keychain Mobile Power Banks Due to Fire and Burn Hazards,Michaels Stores Procurement Co. Inc. (MSPCI),Black 545929,,20013,false,false,45,unknown,,unknown,unknown,U.S. Consumer Product Safety Commission,fail,false,false,,false,,"CPSC recall 20013 published 2019-10-29. Title: Michaels Recalls Tassel Keychain Mobile Power Banks Due to Fire and Burn Hazards Product: Bead Landing™ tassel keychain mobile power banks Hazard: The lithium ion battery in the keychain's mobile power bank can overheat, posing fire and burn hazards. Incidents/Injuries: The firm has received two reports of tassel keychain mobile power banks overheating when charging and catching on fire. No injuries have been reported. Remedy: Consumers should immediately stop using the recalled Bead Landing tassel keychains with mobile power banks and return them to any Michaels store for a full refund. Source: https://www.cpsc.gov/Recalls/2020/Michaels-Recalls-Tassel-Keychain-Mobile-Power-Banks-Due-to-Fire-and-Burn-Hazards",high,FAIL,missing_ccc_information|battery_safety_concern
CPSC-8645,train,charger,Happy Plugs Bluetooth Wireless II Headphones,Happy Plugs Recalls Wireless Headphones Due to Burn Hazard,Happy Plugs Inc.,about 20,,19188,false,false,,unknown,,unknown,unknown,U.S. Consumer Product Safety Commission,fail,false,false,,false,,"CPSC recall 19188 published 2019-08-27. Title: Happy Plugs Recalls Wireless Headphones Due to Burn Hazard Product: Happy Plugs Bluetooth Wireless II Headphones Hazard: The micro-USB charging cable packaged with Happy Plugs wireless headphones can cause the headphones to overheat, posing a burn hazard to consumers. Incidents/Injuries: The firm has received one report of the headphones overheating while plugged into their micro-USB charging cables. No injuries have been reported. Remedy: Consumers should immediately stop using the recalled headphones and charging cable, and return them to their place of purchase or contact Happy Plugs to receive free replacement headphones and charging cable. Source: https://www.cpsc.gov/Recalls/2019/Happy-Plugs-Recalls-Wireless-Headphones-Due-to-Burn-Hazard",high,FAIL,missing_ccc_information|battery_safety_concern
CPSC-8626,train,charger,"Spansive Source wireless, multi-phone chargers",Spansive Recalls Wireless Phone Chargers Due To Burn Hazard (Recall Alert),Pi Inc.,,,19764,false,false,,unknown,,unknown,unknown,U.S. Consumer Product Safety Commission,fail,false,false,,false,,"CPSC recall 19764 published 2019-07-26. Title: Spansive Recalls Wireless Phone Chargers Due To Burn Hazard (Recall Alert) Product: Spansive Source wireless, multi-phone chargers Hazard: Metallic accessories attached to phones placed on the chargers can overheat while phones charge, posing a burn hazard to users Incidents/Injuries: Spansive has received one report of a metallic phone accessory overheating when placed on the charger. No injuries have been reported. Remedy: Consumers should immediately stop using the recalled phone chargers and return them to Spansive for a full refund. Spansive is contacting purchasers directly about the recall. Source: https://www.cpsc.gov/Recalls/2019/Spansive-Recalls-Wireless-Phone-Chargers-Due-To-Burn-Hazard-Recall-Alert",high,FAIL,missing_ccc_information|battery_safety_concern
CPSC-8593,train,laptop,15-inch MacBook Pro laptop computers,Apple Recalls 15-Inch MacBook Pro Laptop Computers Due to Fire Hazard,Apple Inc.,Apple 15-inch,,19152,false,false,45,unknown,,unknown,unknown,U.S. Consumer Product Safety Commission,fail,false,false,,false,,"CPSC recall 19152 published 2019-06-27. Title: Apple Recalls 15-Inch MacBook Pro Laptop Computers Due to Fire Hazard Product: 15-inch MacBook Pro laptop computers Hazard: The batteries in the recalled laptop computers can overheat, posing a fire hazard. Incidents/Injuries: Apple has received 26 reports of the laptop's battery overheating, including five reports of minor burns and one report of smoke inhalation, as well as 17 reports of minor damage to nearby personal property. Remedy: Consumers should immediately stop using the recalled laptop computers. Contact Apple to determine if the laptop computer is a part of the recall and to schedule a free repair. Source: https://www.cpsc.gov/Recalls/2019/Apple-Recalls-15-Inch-MacBook-Pro-Laptop-Computers-Due-to-Fire-Hazard",high,FAIL,battery_safety_concern
CPSC-8526,train,charger,Matco Tools wireless chargers,Matco Tools Wireless Chargers Recalled by Professional Tool Products Due to Burn Hazard,Professional Tool Products LLC,,,19098,false,false,,unknown,,unknown,unknown,U.S. Consumer Product Safety Commission,fail,false,false,,false,,"CPSC recall 19098 published 2019-04-03. Title: Matco Tools Wireless Chargers Recalled by Professional Tool Products Due to Burn Hazard Product: Matco Tools wireless chargers Hazard: The wireless chargers can overheat, posing a burn hazard. Incidents/Injuries: Professional Tool Products has received six reports of the chargers overheating, including two reports of burns to consumers' fingers. Remedy: Consumers should immediately stop using the recalled chargers and return them to the place of purchase for either a full refund or Matco Tools store credit of equal value. Source: https://www.cpsc.gov/Recalls/2019/Matco-Tools-Wireless-Chargers-Recalled-by-Professional-Tool-Products-Due-to-Burn-Hazard",high,FAIL,missing_ccc_information|battery_safety_concern
CPSC-8523,train,power_bank,T119 Elf power bank chargers,Spector & Co. Recalls Power Bank Chargers Due to Fire Hazard,Shenzhen Casun Technology Co. Ltd.,T119,,19096,false,false,45,unknown,,unknown,unknown,U.S. Consumer Product Safety Commission,fail,false,false,,false,,"CPSC recall 19096 published 2019-04-02. Title: Spector & Co. Recalls Power Bank Chargers Due to Fire Hazard Product: T119 Elf power bank chargers Hazard: The charger can overheat while recharging, posing a fire hazard. Incidents/Injuries: Spector & Co has received two reports of the power bank overheating, resulting in no property or fire damage. No injuries have been reported. Remedy: Consumers should immediately stop using the recalled power bank chargers and contact Spector & Co for a free replacement power bank charger and instructions for proper disposal. Source: https://www.cpsc.gov/Recalls/2019/Spector--Co-Recalls-Power-Bank-Chargers-Due-to-Fire-Hazard",high,FAIL,missing_ccc_information|battery_safety_concern
CPSC-8517,train,power_bank,Universal rechargeable power banks,Rechargeable Power Banks Recalled by Daniel M. Friedman & Associates Due to Fire Hazard,Yiwu City Fuman Leather & Accessories Co.,,,19090,false,false,45,unknown,,unknown,unknown,U.S. Consumer Product Safety Commission,fail,false,false,,false,,"CPSC recall 19090 published 2019-03-26. Title: Rechargeable Power Banks Recalled by Daniel M. Friedman & Associates Due to Fire Hazard Product: Universal rechargeable power banks Hazard: The power banks can overheat, posing a fire hazard Incidents/Injuries: The firm has received three reports of the charger overheating including one report of a house fire causing up to $150,000 in property damage. No injuries reported received. Remedy: Consumers should immediately stop using the recalled power banks and contact Daniel M. Friedman & Associates to arrange to return the product for a full refund. Source: https://www.cpsc.gov/Recalls/2019/Rechargeable-Power-Banks-Recalled-by-Daniel-M-Friedman-and-Associates-Due-to-Fire-Hazard",high,FAIL,missing_ccc_information|battery_safety_concern
CPSC-8504,val,power_bank,Lithium-ion batteries for HP commercial notebook computers and mobile workstations,HP Expands Recall of Batteries for Notebook Computers and Mobile Workstations Due to Fire and Burn Hazards,HP Inc.,HPx360,,19079,false,false,45,unknown,,unknown,unknown,U.S. Consumer Product Safety Commission,fail,false,false,,false,,"CPSC recall 19079 published 2019-03-12. Title: HP Expands Recall of Batteries for Notebook Computers and Mobile Workstations Due to Fire and Burn Hazards Product: Lithium-ion batteries for HP commercial notebook computers and mobile workstations Hazard: The lithium-ion batteries can overheat, posing fire and burn hazards. Incidents/Injuries: HP has received eight new reports of battery packs in the U.S. overheating, melting, or charring, including one report of minor injury and two reports of property damage totaling $1,100. Remedy: Consumers should immediately visit www.HP.com/go/batteryprogram2018 to see if their battery is included in the recall and for instructions on how to enable ""Battery Safety Mode"" if their battery is included in the recall. The website provides consumers instructions on how to initiate the validation utility to check their battery and what to download if their battery is included in the recall. These batteries are not customer-replaceable. HP will provide free battery replacement services by an authorized technician. Source: https://www.cpsc.gov/Recalls/2019/HP-Expands-Recall-of-Batteries-for-Notebook-Computers-and-Mobile-Workstations-Due-to-Fire-and-Burn-Hazards",high,FAIL,missing_ccc_information|battery_safety_concern
CPSC-8485,val,power_bank,Hybrid Power Adapters sold with Power Banks,Dell Recalls Hybrid Power Adapters Sold with Power Banks Due to Shock Hazard,Lite-On Technology Corporation,March 2017,,19060,false,false,45,unknown,,unknown,unknown,U.S. Consumer Product Safety Commission,fail,false,false,,false,,"CPSC recall 19060 published 2019-02-06. Title: Dell Recalls Hybrid Power Adapters Sold with Power Banks Due to Shock Hazard Product: Hybrid Power Adapters sold with Power Banks Hazard: The hybrid power adapter casing can break and detach, exposing the internal metal components, posing an electric shock hazard. Incidents/Injuries: Dell has received 11 reports of the hybrid power adapter breaking and exposing the internal components. No injuries have been reported. Remedy: Consumers should immediately stop using the recalled hybrid power adapters and contact Dell for instructions on receiving a free replacement adapter. Source: https://www.cpsc.gov/Recalls/2019/Dell-Recalls-Hybrid-Power-Adapters-Sold-with-Power-Banks-Due-to-Shock-Hazard",high,FAIL,missing_ccc_information|battery_safety_concern
CPSC-8427,test,charger,Wireless charger bedside pockets,Kikkerland Recalls Wireless Charger Bedside Pockets Due to Fire and Burn Hazard,Ningbo Hongrui Imp. & Exp. CP. Ltd.,,,19013,false,false,,unknown,,unknown,unknown,U.S. Consumer Product Safety Commission,fail,false,false,,false,,"CPSC recall 19013 published 2018-10-18. Title: Kikkerland Recalls Wireless Charger Bedside Pockets Due to Fire and Burn Hazard Product: Wireless charger bedside pockets Hazard: The wireless charger bedside pockets can overheat, posing fire and burn hazards. Incidents/Injuries: Kikkerland has received three reports of smoke coming from the charger pockets. No injuries have been reported. Remedy: Consumers should immediately stop using the recalled charger pockets and contact Kikkerland for instructions on how to receive a full refund. Source: https://www.cpsc.gov/Recalls/2019/Kikkerland-Recalls-Wireless-Charger-Bedside-Pockets-Due-to-Fire-and-Burn-Hazard",high,FAIL,missing_ccc_information|battery_safety_concern
CPSC-8394,train,charger,"Links Series chargers models 28080, 28090 and 28100",Lester Electrical Recalls Links Series Chargers Due to Fire and Burn Hazards,Lester Electrical,Numbers,,18217,false,false,,unknown,,unknown,unknown,U.S. Consumer Product Safety Commission,fail,false,false,,false,,"CPSC recall 18217 published 2018-09-06. Title: Lester Electrical Recalls Links Series Chargers Due to Fire and Burn Hazards Product: Links Series chargers models 28080, 28090 and 28100 Hazard: The control board can fail and overheat, posing fire and burn hazards. Incidents/Injuries: The firm has received 12 reports of failed control boards that showed signs of overheating or burning. No injuries have been reported. Remedy: Consumers should immediately stop using the recalled chargers and contact Lester Electrical to receive a free replacement control board or schedule a free repair. Source: https://www.cpsc.gov/Recalls/2018/Lester-Electrical-Recalls-Links-Series-Chargers-Due-to-Fire-and-Burn-Hazards",high,FAIL,missing_ccc_information|battery_safety_concern
CPSC-8334,train,charger,Wireless phone chargers,Bluefin Recalls Wireless Phone Chargers Due to Burn Hazard,Bluefin International,AC16B,,18164,false,false,,unknown,,unknown,unknown,U.S. Consumer Product Safety Commission,fail,false,false,,false,,"CPSC recall 18164 published 2018-05-24. Title: Bluefin Recalls Wireless Phone Chargers Due to Burn Hazard Product: Wireless phone chargers Hazard: The wireless phone charger can overheat while in use, posing a burn hazard to consumers. Incidents/Injuries: The firm has received three reports of the phone chargers overheating. No injuries have been reported. Remedy: Consumers should immediately stop using the recalled chargers and contact Bluefin for a full refund. Source: https://www.cpsc.gov/Recalls/2018/Bluefin-Recalls-Wireless-Phone-Chargers-Due-to-Burn-Hazard",high,FAIL,missing_ccc_information|battery_safety_concern
CPSC-8300,train,power_bank,Re-fuel power bank charging stations,Mizco International Recalls Power Bank Charging Stations Due to Fire and Burn Hazards; Sold at The Container Store,Mizco International Inc.,,,18138,false,false,45,unknown,,unknown,unknown,U.S. Consumer Product Safety Commission,fail,false,false,,false,,"CPSC recall 18138 published 2018-04-05. Title: Mizco International Recalls Power Bank Charging Stations Due to Fire and Burn Hazards; Sold at The Container Store Product: Re-fuel power bank charging stations Hazard: When the unit is being charged, it can overheat, posing fire and burn hazards. Incidents/Injuries: The firm has received five reports of power bank charging stations overheating and melting. No injuries have been reported. Remedy: Consumers should immediately stop using the recalled charging stations and contact The Container Store for instructions on how to receive a full refund. Source: https://www.cpsc.gov/Recalls/2018/Mizco-International-Recalls-Power-Bank-Charging-Stations-Due-to-Fire-and-Burn-Hazards-Sold-at-The-Container-Store",high,FAIL,missing_ccc_information|battery_safety_concern
CPSC-8284,train,charger,Combination battery chargers and hand warmers,Beanworthy Recalls Combination Battery Chargers/Hand Warmers Due to Fire and Burn Hazard; Sold Exclusively at Amazon.com (Recall Alert),Shenzhen Olive Technology Co. LTD,Slim 4400,,18729,false,false,,unknown,,unknown,unknown,U.S. Consumer Product Safety Commission,fail,false,false,,false,,"CPSC recall 18729 published 2018-03-15. Title: Beanworthy Recalls Combination Battery Chargers/Hand Warmers Due to Fire and Burn Hazard; Sold Exclusively at Amazon.com (Recall Alert) Product: Combination battery chargers and hand warmers Hazard: The chargers can overheat, posing a fire and burn hazard to consumers. Incidents/Injuries: The firm has received two reports of the recalled battery charger and hand warmer overheating and catching on fire. No injuries have been reported. Remedy: Consumers should immediately stop using the recalled combination battery charger and hand warmer and contact Beanworthy for a free replacement product. Beanworthy is contacting purchasers directly. Source: https://www.cpsc.gov/Recalls/2018/Beanworthy-Recalls-Combination-Battery-Chargers-Hand-Warmers-Due-to-Fire-and-Burn-Hazard-Sold-Exclusively-at-Amazon-com-Recall-Alert",high,FAIL,missing_ccc_information|battery_safety_concern
CPSC-8278,train,power_bank,AmazonBasics portable power banks,Amazon Recalls Portable Power Banks Due to Fire and Chemical Burn Hazards (Recall Alert),Guoguang Electric Company Limited,B00LRK8EVO,,18728,false,false,45,unknown,,unknown,unknown,U.S. Consumer Product Safety Commission,fail,false,false,,false,,"CPSC recall 18728 published 2018-03-13. Title: Amazon Recalls Portable Power Banks Due to Fire and Chemical Burn Hazards (Recall Alert) Product: AmazonBasics portable power banks Hazard: The power bank's battery can overheat and ignite, posing fire and burn hazards. Incidents/Injuries: Amazon has received 53 reports of the power banks overheating in the U.S., including one report of chemical burns due to contact with battery acid and four reports of property damage, including fire and smoke damage. Remedy: Consumers should immediately unplug and stop using the recalled power banks and contact Amazon for instructions on how to return the unit and receive a full refund. All known purchasers are being contacted directly by the firm. Source: https://www.cpsc.gov/Recalls/2018/Amazon-Recalls-Portable-Power-Banks-Due-to-Fire-and-Chemical-Burn-Hazards-Recall-Alert",high,FAIL,missing_ccc_information|battery_safety_concern
CPSC-8253,train,power_bank,Battery packs used in Fujitsu notebook computers and workstations.,Fujitsu Recalls Battery Packs for Fujitsu Notebook Computers and Workstations Due to Fire and Burn Hazards,Fujitsu Limited (Computers),H720,,18096,false,false,45,unknown,,unknown,unknown,U.S. Consumer Product Safety Commission,fail,false,false,,false,,"CPSC recall 18096 published 2018-02-08. Title: Fujitsu Recalls Battery Packs for Fujitsu Notebook Computers and Workstations Due to Fire and Burn Hazards Product: Battery packs used in Fujitsu notebook computers and workstations. Hazard: The lithium-ion battery packs can overheat, posing burn and fire hazards to consumers. Incidents/Injuries: Fujitsu has received one report of a battery fire in Canada. Remedy: Consumers should immediately stop using the recalled battery packs, power off the laptop, remove the battery and follow instructions to obtain a free replacement battery pack. Until a replacement battery pack is received, consumers should use the laptop by plugging in AC power only. Source: https://www.cpsc.gov/Recalls/2018/Fujitsu-Recalls-Battery-Packs-for-Fujitsu-Notebook-Computers-and-Workstations-Due-to-Fire-and-Burn-Hazards",high,FAIL,missing_ccc_information|battery_safety_concern
CPSC-8248,val,laptop,ThinkPad X1 Carbon Laptops (5th Generation),Lenovo Recalls ThinkPad Laptops Due to Fire Hazard,Lenovo PC,type 20HQ,,18094,false,false,45,unknown,,unknown,unknown,U.S. Consumer Product Safety Commission,fail,false,false,,false,,"CPSC recall 18094 published 2018-02-06. Title: Lenovo Recalls ThinkPad Laptops Due to Fire Hazard Product: ThinkPad X1 Carbon Laptops (5th Generation) Hazard: An unfastened screw can damage the battery causing ovearheating, posing a fire hazard. Incidents/Injuries: There have been no reports of overheating in the United States. Remedy: Consumers should immediately visit https://support.lenovo.com/X1C_5GEN_RECALL to see if their laptop is included in the recall and for assistance in locating the nearest authorized repair center for inspection and repair. If the laptop is included in the recall, stop using it immediately. Source: https://www.cpsc.gov/Recalls/2018/Lenovo-Recalls-ThinkPad-Laptops-Due-to-Fire-Hazard",high,FAIL,battery_safety_concern
CPSC-8229,test,charger,Power adapter wall plugs sold with Fujifilm digital cameras,Fujifilm Recalls Power Adapter Wall Plugs Sold with Digital Cameras Due to Shock Hazard,FUJIFILM North America Corporation,AC-5VF,,18079,false,false,,unknown,,unknown,unknown,U.S. Consumer Product Safety Commission,fail,false,false,,false,,"CPSC recall 18079 published 2018-01-16. Title: Fujifilm Recalls Power Adapter Wall Plugs Sold with Digital Cameras Due to Shock Hazard Product: Power adapter wall plugs sold with Fujifilm digital cameras Hazard: The power adapter wall plug can crack, break or detach and remain in the wall and expose live electrical contacts, posing a shock hazard. Incidents/Injuries: None reported Remedy: Consumers should immediately stop using the recalled power adapter wall plugs and contact Fujifilm for a free replacement. Consumers can continue to charge the camera using the USB cable attached to a computer. Source: https://www.cpsc.gov/Recalls/2018/Fujifilm-Recalls-Power-Adapter-Wall-Plugs-Sold-with-Digital-Cameras-Due-to-Shock-Hazard",high,FAIL,missing_ccc_information|battery_safety_concern
CPSC-8226,train,power_bank,Lithium-ion batteries for HP notebook computers and mobile workstations,HP Recalls Batteries for Notebook Computers and Mobile Workstations Due to Fire and Burn Hazards,HP Inc.,HPx360,,18077,false,false,45,unknown,,unknown,unknown,U.S. Consumer Product Safety Commission,fail,false,false,,false,,"CPSC recall 18077 published 2018-01-04. Title: HP Recalls Batteries for Notebook Computers and Mobile Workstations Due to Fire and Burn Hazards Product: Lithium-ion batteries for HP notebook computers and mobile workstations Hazard: The lithium-ion batteries can overheat, posing fire and burn hazards Incidents/Injuries: HP has received eight reports of battery packs overheating, melting, or charring, including three reports of property damage totaling $4,500 with one report of a minor injury involving a first degree burn to the hand. Remedy: Consumers should immediately visit www.HP.com/go/batteryprogram2018 to see if their battery is included in the recall and for instructions on how to enable ""Battery Safety Mode"" if their battery is included in the recall. The website provides consumers instructions on how to initiate the validation utility to check their battery and what to download if their battery is included in the recall. These batteries are not customer-replaceable. HP will provide free battery replacement services by an authorized technician. Source: https://www.cpsc.gov/Recalls/2018/HP-Recalls-Batteries-for-Notebook-Computers-and-Mobile-Workstations-Due-to-Fire-and-Burn-Hazards",high,FAIL,missing_ccc_information|battery_safety_concern
CPSC-8198,train,charger,Power adapters for outdoor Arlo cameras,Netgear Recalls Power Adapters for Outdoor Cameras Due to Fire Hazard,Netgear Inc.,VMA4700,,18047,false,false,,unknown,,unknown,unknown,U.S. Consumer Product Safety Commission,fail,false,false,,false,,"CPSC recall 18047 published 2017-12-05. Title: Netgear Recalls Power Adapters for Outdoor Cameras Due to Fire Hazard Product: Power adapters for outdoor Arlo cameras Hazard: Water can leak into the weatherproof connector on the power adapter and cause a short circuit, melting, and overheating, posing a fire hazard. Incidents/Injuries: The firm has received seven reports of the power adapter cord melting and overheating, resulting in one fire. No injuries have been reported. Remedy: Consumers should immediately stop using the recalled power adapters, unplug them from the camera and contact Netgear for a full refund. Source: https://www.cpsc.gov/Recalls/2018/Netgear-Recalls-Power-Adapters-for-Outdoor-Cameras-Due-to-Fire-Hazard",high,FAIL,missing_ccc_information|battery_safety_concern
CPSC-8121,train,mobile_phone,Batteries in refurbished cellphones,FedEx Supply Chain Recalls Cellphone Batteries That Could Lead to Fire and Burn Hazards (Recall Alert),FedEx Supply Chain Logistics & Electronics,,,17762,false,false,45,unknown,,unknown,unknown,U.S. Consumer Product Safety Commission,fail,false,false,,false,,"CPSC recall 17762 published 2017-08-16. Title: FedEx Supply Chain Recalls Cellphone Batteries That Could Lead to Fire and Burn Hazards (Recall Alert) Product: Batteries in refurbished cellphones Hazard: The cellphone battery can overheat, posing fire and burn hazards. Incidents/Injuries: FedEx Supply Chain has received one report of a counterfeit battery overheating. There have been no reports of injuries or property damage. Remedy: Consumers should immediately stop using the recalled battery and power down their smartphone. Consumers who own the recalled battery will receive by mail from FedEx Supply Chain a free, new replacement battery and a postage paid box to return the recalled cellphone battery. A green dot has been affixed to the replacement batteries. FedEx Supply Chain is directly contacting consumers. Source: https://www.cpsc.gov/Recalls/2017/FedEx-Supply-Chain-Recalls-Cellphone-Batteries-Recall-Alert",high,FAIL,missing_device_identifier|battery_safety_concern|suspected_counterfeit
CPSC-8108,train,mobile_phone,Liquid glitter iPhone cases,MixBin Electronics Recalls iPhone Cases Due to Risk of Skin Irritation and Burns,MixBin Electronics LLC,MBH17-050-C1,,17196,false,false,45,unknown,,unknown,unknown,U.S. Consumer Product Safety Commission,fail,false,false,,false,,"CPSC recall 17196 published 2017-08-01. Title: MixBin Electronics Recalls iPhone Cases Due to Risk of Skin Irritation and Burns Product: Liquid glitter iPhone cases Hazard: Liquid and glitter can leak out of the cases, causing skin irritation and burns to consumers. Incidents/Injuries: There have been 24 reports worldwide of skin irritation or chemical burns, including 19 in the U.S. One consumer reported permanent scarring from a chemical burn and another consumer reported chemical burns and swelling to her leg, face, neck, chest, upper body and hands. Remedy: Consumers should immediately stop using the recalled cases and contact MixBin Electronics for a full refund. Source: https://www.cpsc.gov/Recalls/2017/MixBin-Electronics-Recalls-iPhone-Cases",high,FAIL,battery_safety_concern
CPSC-8043,train,charger,Off-Board Chargers for Segway Personal Transporters (PT),Segway Reannounces Recall of Off-Board Chargers for Segway Personal Transporters Due to Shock Hazard (Recall Alert),Segway Inc.,by 13.75,,17742,false,false,,unknown,,unknown,unknown,U.S. Consumer Product Safety Commission,fail,,false,,false,,"CPSC recall 17742 published 2017-05-05. Title: Segway Reannounces Recall of Off-Board Chargers for Segway Personal Transporters Due to Shock Hazard (Recall Alert) Product: Off-Board Chargers for Segway Personal Transporters (PT) Hazard: A wire inside the charger can detach and touch the side of the charger, posing a shock hazard. Incidents/Injuries: None reported Remedy: Consumers should immediately stop using the recalled chargers, unplug and contact Segway or the Segway dealer from whom it was purchased to receive a free replacement power cord equipped with a ground fault circuit interrupter (GFCI). Segway is contacting consumers directly. Source: https://www.cpsc.gov/Recalls/2017/Segway-Reannounces-Recall-of-Off-Board-Chargers-for-Segway-Personal-Transporters-Recall-Alert",high,FAIL,missing_ccc_information
CPSC-8000,train,charger,Energizer® XBOX ONE 2X Smart Chargers,Battery Chargers for XBOX ONE Video Game Controllers Recalled by Performance Designed Products Due to Burn Hazard,Performance Designed Products LLC,,,17109,false,false,,unknown,,unknown,unknown,U.S. Consumer Product Safety Commission,fail,false,false,,false,,"CPSC recall 17109 published 2017-03-14. Title: Battery Chargers for XBOX ONE Video Game Controllers Recalled by Performance Designed Products Due to Burn Hazard Product: Energizer® XBOX ONE 2X Smart Chargers Hazard: The battery chargers can overheat and damage the XBOX ONE video game controller, posing a burn hazard to consumers. Incidents/Injuries: The company has received 24 reports of the chargers overheating and deforming the charger's plastic cover, including 6 reports of chargers emitting a burning odor. No injuries have been reported. Remedy: Consumers should immediately stop using the recalled battery chargers and contact Performance Designed Products to return the chargers for a full refund. Source: https://www.cpsc.gov/Recalls/2017/Battery-Chargers-for-XBOX-ONE-Video-Game-Controllers-Recalled-by-Performance-Designed-Products",high,FAIL,missing_ccc_information|battery_safety_concern
CPSC-7974,train,power_bank,Panasonic battery packs used in Sony Electronics laptop computers,Sony Expands Recall of VAIO Laptop Computer Battery Packs Due to Burn and Fire Hazards (Recall Alert),SANYO ENERGY (Suzhou) CO,VGP-BPS26,,17732,false,false,45,unknown,,unknown,unknown,U.S. Consumer Product Safety Commission,fail,false,false,,false,,"CPSC recall 17732 published 2017-02-07. Title: Sony Expands Recall of VAIO Laptop Computer Battery Packs Due to Burn and Fire Hazards (Recall Alert) Product: Panasonic battery packs used in Sony Electronics laptop computers Hazard: The lithium-ion battery packs can overheat, posing burn and fire hazards. Incidents/Injuries: None reported Remedy: Consumers should immediately stop using the recalled battery packs, power off the laptop, remove the battery and follow instructions to obtain a free replacement. Until a replacement battery pack is received, consumers should use the laptop by plugging in AC power only. Battery packs previously identified as not affected by the June 15, 2016 recall are included in this expanded announcement. Source: https://www.cpsc.gov/Recalls/2017/Sony-Expands-Recall-of-VAIO-Laptop-Computer-Battery-Packs",high,FAIL,missing_ccc_information|battery_safety_concern
CPSC-7971,val,charger,"NOOK® Tablet 7""",Barnes & Noble Recalls Power Adapters Sold with NOOK Tablet 7 Due to Shock Hazard,Barnes & Noble,TPA-95A050100UU,,17080,false,false,,unknown,,unknown,unknown,U.S. Consumer Product Safety Commission,fail,false,false,,false,,"CPSC recall 17080 published 2017-02-01. Title: Barnes & Noble Recalls Power Adapters Sold with NOOK Tablet 7 Due to Shock Hazard Product: NOOK® Tablet 7"" Hazard: The power adapter casing can break when plugged into an electrical outlet, exposing its metal prongs, posing an electric shock hazard. Incidents/Injuries: Barnes & Noble has received four reports of the power adapter breaking or pulling apart exposing the metal prongs. No injuries have been reported. Remedy: Consumers should immediately stop using the recalled power adapters and register online for a free replacement adapter along with a Barnes & Noble $5 gift card. Once registered, consumers will be able to print a pre-paid UPS label to return the recalled adapters to Barnes & Noble. Consumers will receive replacement adapters in the mail. Until a replacement adapter is received, consumers are advised to charge their NOOK Tablet 7"" through their computer using a USB cable. Source: https://www.cpsc.gov/Recalls/2017/Barnes-and-Noble-Recalls-Power-Adapters-Sold-with-NOOK-Tablet-7",high,FAIL,missing_ccc_information|battery_safety_concern
CPSC-7960,val,laptop,Lithium-ion batteries used in HP notebook computers,HP Expands Recall of Batteries for HP and Compaq Notebook Computers Due to Fire and Burn Hazards,HP Inc.,March 2013,,17071,false,false,45,unknown,,unknown,unknown,U.S. Consumer Product Safety Commission,fail,false,false,,false,,"CPSC recall 17071 published 2017-01-24. Title: HP Expands Recall of Batteries for HP and Compaq Notebook Computers Due to Fire and Burn Hazards Product: Lithium-ion batteries used in HP notebook computers Hazard: The batteries can overheat, posing fire and burn hazards. Incidents/Injuries: HP has received one additional report of the battery overheating, melting and charring and causing about $1,000 in property damage Remedy: Consumers should immediately stop using the recalled batteries, remove them from the notebook computers and contact HP for a free replacement battery. Until a replacement battery is received, consumers should use the notebook computer by plugging it into AC power only. Batteries previously identified as not affected by the June 2016 recall could be included in this expanded announcement. Consumers are urged to recheck their batteries. Source: https://www.cpsc.gov/Recalls/2017/HP-Expands-Recall-of-Batteries-for-HP-and-Compaq-Notebook-Computers",high,FAIL,battery_safety_concern
CPSC-7946,train,power_bank,Panasonic battery packs used in Toshiba laptop computers,Toshiba Expands Recall of Laptop Computer Battery Packs Due to Burn and Fire Hazards,Panasonic,in 41,,17064,false,false,45,unknown,,unknown,unknown,U.S. Consumer Product Safety Commission,fail,false,false,,false,,"CPSC recall 17064 published 2017-01-04. Title: Toshiba Expands Recall of Laptop Computer Battery Packs Due to Burn and Fire Hazards Product: Panasonic battery packs used in Toshiba laptop computers Hazard: The lithium-ion battery packs can overheat, posing burn and fire hazards to consumers. Incidents/Injuries: The firm has received five reports of the battery pack overheating and melting, including one additional report since the first recall announcement. No injuries have been reported. Remedy: Consumers should immediately go to the firm's website and click on the battery pack utility link in the first shadowed box on the page. Consumers also can perform a manual check using the laptop and battery pack's model, part and serial numbers. If it is part of the recall, consumers should power off the laptop, remove the battery and follow the instructions to obtain a free replacement battery pack. Until a replacement battery pack is received, consumers should use the laptop by plugging into AC power only. Battery packs previously identified as not affected by the March 30, 2016 recall are included in this expanded announcement. Source: https://www.cpsc.gov/Recalls/2017/Toshiba-Expands-Recall-of-Laptop-Computer-Battery-Packs",high,FAIL,missing_ccc_information|battery_safety_concern
CPSC-7883,train,laptop,Diving computers,TUSA Recalls Diving Computers Due to Drowning and Injury Hazards,Tabata USA Inc. (TUSA),IQ1204,,17016,false,false,,unknown,,unknown,unknown,U.S. Consumer Product Safety Commission,fail,,,,false,,"CPSC recall 17016 published 2016-10-18. Title: TUSA Recalls Diving Computers Due to Drowning and Injury Hazards Product: Diving computers Hazard: The dive computer can malfunction and display an incorrect reading to the diver, posing a drowning and injury hazard due to decompression sickness. Incidents/Injuries: None reported Remedy: Consumers should immediately stop using the recalled diving computers and contact TUSA to receive a free replacement diving computer. Source: https://www.cpsc.gov/Recalls/2017/TUSA-Recalls-Diving-Computers",high,FAIL,
CPSC-7876,train,mobile_phone,Samsung Galaxy Note7 smartphones,Samsung Expands Recall of Galaxy Note7 Smartphones Based on Additional Incidents with Replacement Phones; Serious Fire and Burn Hazards,Samsung Electronics America Inc.,,,17011,false,false,45,unknown,,unknown,unknown,U.S. Consumer Product Safety Commission,fail,false,false,,false,,"CPSC recall 17011 published 2016-10-13. Title: Samsung Expands Recall of Galaxy Note7 Smartphones Based on Additional Incidents with Replacement Phones; Serious Fire and Burn Hazards Product: Samsung Galaxy Note7 smartphones Hazard: The lithium-ion battery in the Galaxy Note7 smartphones can overheat and catch fire, posing serious fire and burn hazard to consumers. Incidents/Injuries: Samsung has received 96 reports of batteries in Note7 phones overheating in the U.S., including 23 new reports since the September 15 recall announcement. Samsung has received 13 reports of burns and 47 reports of property damage associated with Note7 phones. Remedy: Consumers should immediately stop using and power down all Galaxy Note7 devices, including Note7 devices received as replacements in the previous recall. Contact the wireless carrier, retail outlet or Samsung.com where you purchased your device to receive a refund or free exchange for a new replacement device plus incentives. Consumers who purchased their phones from other sources should contact Samsung directly to receive a free remedy. Go to http://www.samsung.com and http://www.samsung.com/us/note7recall/ for more details. Source: https://www.cpsc.gov/Recalls/2017/Samsung-Expands-Recall-of-Galaxy-Note7-Smartphones-Based-on-Additional-Incidents-with-Replacement-Phones",high,FAIL,missing_device_identifier|battery_safety_concern
CPSC-7856,train,mobile_phone,"Samsung Galaxy Note7 smartphones sold prior to September 15, 2016",Samsung Recalls Galaxy Note7 Smartphones Due to Serious Fire and Burn Hazards,Samsung Electronics America Inc.,at 844-365-6197,,16266,false,false,45,unknown,,unknown,unknown,U.S. Consumer Product Safety Commission,fail,false,false,,false,,"CPSC recall 16266 published 2016-09-15. Title: Samsung Recalls Galaxy Note7 Smartphones Due to Serious Fire and Burn Hazards Product: Samsung Galaxy Note7 smartphones sold prior to September 15, 2016 Hazard: The lithium-ion battery in the Galaxy Note7 smartphones can overheat and catch fire, posing a serious burn hazard to consumers. Incidents/Injuries: Samsung has received 92 reports of the batteries overheating in the U.S., including 26 reports of burns and 55 reports of property damage, including fires in cars and a garage. Remedy: Consumers should immediately stop using and power down the recalled Galaxy Note7 devices purchased before September 15, 2016. Contact the wireless carrier, retail outlet or Samsung.com where you purchased your device to receive free of charge a new Galaxy Note7 with a different battery, a refund or a new replacement device. Go to www.samsung.com for more details. Source: https://www.cpsc.gov/Recalls/2016/Samsung-Recalls-Galaxy-Note7-Smartphones",high,FAIL,battery_safety_concern
CPSC-7814,train,tablet,Zolpidem Tartrate Sublingual tablets,Novel Laboratories Recalls Zolpidem Tartrate Blister Packs Due to Failure to Meet Child-Resistant Closure Requirement; Risk of Poisoning,Novel Laboratories,M16140A,,16232,false,false,,unknown,,unknown,unknown,U.S. Consumer Product Safety Commission,fail,,,,false,,"CPSC recall 16232 published 2016-07-27. Title: Novel Laboratories Recalls Zolpidem Tartrate Blister Packs Due to Failure to Meet Child-Resistant Closure Requirement; Risk of Poisoning Product: Zolpidem Tartrate Sublingual tablets Hazard: The packaging for the prescription drug is not child-resistant as required by the Poison Prevention Packaging Act, posing a risk of poisoning if swallowed by children. Incidents/Injuries: None reported Remedy: Consumers should immediately stop using the recalled tablets and contact Novel Laboratories for instructions to receive a full refund. Source: https://www.cpsc.gov/Recalls/2016/Novel-Laboratories-Recalls-Zolpidem-Tartrate-Blister-Packs",high,FAIL,
CPSC-7772,train,power_bank,Panasonic battery packs used in Sony Electronics laptop computers,Sony Recalls VAIO Laptop Computer Battery Packs Due to Burn and Fire Hazards,SANYO ENERGY (Suzhou) CO,VGP-BPS26,,16197,false,false,45,unknown,,unknown,unknown,U.S. Consumer Product Safety Commission,fail,false,false,,false,,"CPSC recall 16197 published 2016-06-15. Title: Sony Recalls VAIO Laptop Computer Battery Packs Due to Burn and Fire Hazards Product: Panasonic battery packs used in Sony Electronics laptop computers Hazard: The lithium-ion battery packs can overheat, posing burn and fire hazards. Incidents/Injuries: None reported Remedy: Consumers should immediately stop using the recalled battery packs, power off the laptop, remove the battery and follow instructions to obtain a free replacement. Until a replacement battery pack is received, consumers can use the laptop by plugging in the AC power only. Source: https://www.cpsc.gov/Recalls/2016/Sony-Recalls-VAIO-Laptop-Computer-Battery-Packs",high,FAIL,missing_ccc_information|battery_safety_concern
CPSC-6688,train,power_bank,Panasonic battery packs used in Toshiba laptop computers,Toshiba Recalls Laptop Computer Battery Packs Due to Burn and Fire Hazards,Panasonic,in 39,,16131,false,false,45,unknown,,unknown,unknown,U.S. Consumer Product Safety Commission,fail,false,false,,false,,"CPSC recall 16131 published 2016-03-30. Title: Toshiba Recalls Laptop Computer Battery Packs Due to Burn and Fire Hazards Product: Panasonic battery packs used in Toshiba laptop computers Hazard: The lithium-ion battery packs can overheat, posing burn and fire hazards to consumers. Incidents/Injuries: The firm has received four reports of the battery packs overheating and melting. No injuries have been reported. Remedy: Consumers should immediately go to the firm's website and click on the battery pack utility link in the first shadowed box on the page. Consumers can also perform a manual check using the laptop and battery pack's model, part and serial numbers. If it is part of the recall, consumers should power off the laptop, remove the battery and follow the instructions to obtain a free replacement battery pack. Until a replacement battery pack is received, consumers should use the laptop by plugging into AC power only. Source: https://www.cpsc.gov/Recalls/2016/Toshiba-Recalls-Laptop-Computer-Battery-Packs",high,FAIL,missing_ccc_information|battery_safety_concern
CPSC-6684,val,power_bank,Lithium-ion Computer Battery Packs,Panasonic Recalls Lithium-ion Laptop Battery Packs Due to Fire Hazard,Panasonic Corporation,Numbers,,16126,false,false,45,unknown,,unknown,unknown,U.S. Consumer Product Safety Commission,fail,false,false,,false,,"CPSC recall 16126 published 2016-03-21. Title: Panasonic Recalls Lithium-ion Laptop Battery Packs Due to Fire Hazard Product: Lithium-ion Computer Battery Packs Hazard: Conductive foreign material was mixed into the battery cells during manufacturing, posing a risk of fire. Incidents/Injuries: None reported Remedy: Consumers should immediately stop using the laptop computer with the recalled battery, power off the device, remove the battery pack and contact Panasonic for a free replacement battery pack. Source: https://www.cpsc.gov/Recalls/2016/Panasonic-Recalls-Lithium-ion-Laptop-Battery-Packs",high,FAIL,missing_ccc_information|battery_safety_concern
CPSC-6649,val,laptop,Galileo Luna and Sol Dive Computers,Scubapro Recalls Dive Computers,Johnson Outdoors Diving LLC,to 150903,,16082,false,false,,unknown,,unknown,unknown,U.S. Consumer Product Safety Commission,fail,,,,false,,"CPSC recall 16082 published 2016-02-02. Title: Scubapro Recalls Dive Computers Product: Galileo Luna and Sol Dive Computers Hazard: A short circuit allows the dive computer's screen to freeze or display inaccurate information, posing a risk of serious injury to a diver underwater, including decompression sickness. Incidents/Injuries: Scubapro has received three reports of the dive computer screens freezing. No injuries have been reported. Remedy: Consumers should immediately stop using the recalled dive computers and contact Scubapro to arrange for a free replacement dive computer. Source: https://www.cpsc.gov/Recalls/2016/Scubapro-Recalls-Dive-Computers",high,FAIL,
CPSC-6542,test,charger,E-flite Ultra Micro-4 AC/DC Battery Chargers,Horizon Hobby Recalls E-flite Chargers Due to Fire Hazard,Horizon Hobby LLC,EFLC1105,,16008,false,false,,unknown,,unknown,unknown,U.S. Consumer Product Safety Commission,fail,false,false,,false,,"CPSC recall 16008 published 2015-10-15. Title: Horizon Hobby Recalls E-flite Chargers Due to Fire Hazard Product: E-flite Ultra Micro-4 AC/DC Battery Chargers Hazard: The chargers can overcharge the batteries and overheat, which could result in a fire, property damage and injury. Incidents/Injuries: None reported Remedy: Consumers should stop using the recalled chargers immediately and contact Horizon Hobby for a replacement charger. Source: https://www.cpsc.gov/Recalls/2016/Horizon-Hobby-Recalls-E-flite-Chargers",high,FAIL,missing_ccc_information|battery_safety_concern
CPSC-6521,train,power_bank,Fujitsu notebook computer battery packs,Fujitsu America Recalls Battery Packs for Fujitsu Notebook Computers Due to Fire Hazard,Fujitsu America Inc.,CP556150-1,,15249,false,false,45,unknown,,unknown,unknown,U.S. Consumer Product Safety Commission,fail,false,false,,false,,"CPSC recall 15249 published 2015-09-24. Title: Fujitsu America Recalls Battery Packs for Fujitsu Notebook Computers Due to Fire Hazard Product: Fujitsu notebook computer battery packs Hazard: The battery packs can overheat, posing a fire hazard. Incidents/Injuries: Fujitsu has received three reports of the battery packs catching fire, including two in Japan and one in China and causing fire damage to rugs, bedding, a desk and other furniture. No injuries have been reported. Remedy: Consumers should immediately turn off their Fujitsu notebook computer, remove the battery pack and contact Fujitsu for a free replacement battery pack. Consumers can continue to use their Fujitsu notebook computer without the battery pack by plugging in the AC adapter and power cord. Source: https://www.cpsc.gov/Recalls/2015/Fujitsu-America-Recalls-Battery-Packs-for-Fujitsu-Notebook-Computers",high,FAIL,missing_ccc_information|battery_safety_concern
CPSC-6520,train,power_bank,Power bank,CleggPromo Recalls CPB-100 Power Banks Due to Fire Hazard,Sinotec Technology,CPB-100,,15248,false,false,45,unknown,,unknown,unknown,U.S. Consumer Product Safety Commission,fail,false,false,,false,,"CPSC recall 15248 published 2015-09-23. Title: CleggPromo Recalls CPB-100 Power Banks Due to Fire Hazard Product: Power bank Hazard: The power bank can overheat, explode and catch fire. Incidents/Injuries: There is one reported incident of the power bank overheating, exploding and catching fire, resulting in fire damage. No injuries have been reported. Remedy: Consumers should immediately stop using the recalled power bank and contact CleggPromo to receive a free set of executive pens as a replacement product. CleggPromo will send consumers a prepaid shipping box and instructions on how to return the power bank free of charge. Source: https://www.cpsc.gov/Recalls/2015/CleggPromo-Recalls-Power-Banks",high,FAIL,missing_ccc_information|battery_safety_concern
CPSC-6515,train,charger,Off-Board Charger for Segway Personal Transporter (PT),Segway Recalls Off-Board Chargers for Segway Personal Transporters Due to Shock Hazard (Recall Alert),Segway Inc.,by 13.75,,15754,false,false,,unknown,,unknown,unknown,U.S. Consumer Product Safety Commission,fail,false,false,,false,,"CPSC recall 15754 published 2015-09-15. Title: Segway Recalls Off-Board Chargers for Segway Personal Transporters Due to Shock Hazard (Recall Alert) Product: Off-Board Charger for Segway Personal Transporter (PT) Hazard: A wire inside the charger can detach and touch the side of the charger, posing a shock hazard. Incidents/Injuries: None reported Remedy: Consumers should immediately stop using the recalled chargers, unplug and contact Segway or the Segway dealer from whom it was purchased to receive a free replacement power cord equipped with a ground fault circuit interrupter (GFCI). Segway is contacting consumers directly. Source: https://www.cpsc.gov/Recalls/2015/Segway-Recalls-Off-Board-Chargers-for-Segway-Personal-Transporters",high,FAIL,missing_ccc_information|battery_safety_concern
CPSC-6496,train,charger,USB Cord & Wall Chargers for iPhone 5/5S,MiWorld Accessories Recalls Plug-in Wall Chargers for iPhones Due to Fire Hazard; Sold Exclusively at Charlotte Russe Stores,MiWorld Accessories LLC,CRGT-003,,15228,false,false,,unknown,,unknown,unknown,U.S. Consumer Product Safety Commission,fail,false,false,,false,,"CPSC recall 15228 published 2015-09-01. Title: MiWorld Accessories Recalls Plug-in Wall Chargers for iPhones Due to Fire Hazard; Sold Exclusively at Charlotte Russe Stores Product: USB Cord & Wall Chargers for iPhone 5/5S Hazard: The chargers can overheat and catch fire while in use, posing a fire hazard. Incidents/Injuries: There has been one report of the charger catching on fire. No injuries have been reported. Remedy: Consumers should immediately stop using recalled chargers and contact MiWorld for a full refund. Source: https://www.cpsc.gov/Recalls/2015/MiWorld-Accessories-Recalls-Plug-in-Wall-Chargers-for-iPhones",high,FAIL,missing_ccc_information|battery_safety_concern
CPSC-6465,train,tablet,NVIDIA SHIELD tablet computers,NVIDIA Recalls Tablet Computers Due to Fire Hazard,NVIDIA Corp.,P1761,,15204,false,false,45,unknown,,unknown,unknown,U.S. Consumer Product Safety Commission,fail,false,false,,false,,"CPSC recall 15204 published 2015-07-31. Title: NVIDIA Recalls Tablet Computers Due to Fire Hazard Product: NVIDIA SHIELD tablet computers Hazard: The lithium-ion battery in the tablets can overheat, posing a fire hazard. Incidents/Injuries: NVIDIA has received four reports of batteries overheating due to thermal runaway, including two reports of damage to flooring. Remedy: Consumers should immediately stop using the tablets and contact NVIDIA for instructions on receiving a free replacement tablet. Source: https://www.cpsc.gov/Recalls/2015/NVIDIA-Recalls-Tablet-Computers",high,FAIL,battery_safety_concern
CPSC-6445,train,camera,Olympus VG 170 Digital Cameras,Olympus Recalls Digital Point-And-Shoot Camera Due to Shock Hazard; Sold Exclusively at HHGregg Appliance,Olympus America Inc.,VG 170,,15186,false,false,45,unknown,,unknown,unknown,U.S. Consumer Product Safety Commission,fail,false,false,,false,,"CPSC recall 15186 published 2015-07-15. Title: Olympus Recalls Digital Point-And-Shoot Camera Due to Shock Hazard; Sold Exclusively at HHGregg Appliance Product: Olympus VG 170 Digital Cameras Hazard: An improperly installed part can touch the camera's circuit board, posing an electric shock risk to the user. Incidents/Injuries: No reported incidents of injury in the United States Remedy: Consumers should immediately stop using the recalled digital camera and contact Olympus for a free inspection and repair. Source: https://www.cpsc.gov/Recalls/2015/Olympus-Recalls-Digital-Point-And-Shoot-Camera",high,FAIL,battery_safety_concern
CPSC-6417,train,tablet,Multivitamin Women 50+ tablets,Walgreens Vitamins Recalled by International Vitamin Due to Failure to Meet Child-Resistant Closure Requirement,International Vitamin Corporation (IVC),Women 50,,15162,false,false,,unknown,,unknown,unknown,U.S. Consumer Product Safety Commission,fail,,,,false,,"CPSC recall 15162 published 2015-06-11. Title: Walgreens Vitamins Recalled by International Vitamin Due to Failure to Meet Child-Resistant Closure Requirement Product: Multivitamin Women 50+ tablets Hazard: The packaging is not child-resistant and senior friendly as required by the Poison Prevention Packaging Act. The multivitamin supplement tablets inside the bottle contain iron, which can cause serious injury or death to young children if multiple tablets are ingested at once. Incidents/Injuries: None reported Remedy: Consumers should immediately place recalled bottles out of the reach of children and contact International Vitamin Corp. for a free replacement child-resistant cap. Source: https://www.cpsc.gov/Recalls/2015/Walgreens-Vitamins-Recalled-by-International-Vitamin",high,FAIL,
CPSC-6370,val,power_bank,ThinkPad notebook computer battery packs,Lenovo Expands Recall of Battery Packs for ThinkPad Notebook Computers Due to Fire Hazard,Lenovo Inc.,Edge 11,,15117,false,false,45,unknown,,unknown,unknown,U.S. Consumer Product Safety Commission,fail,false,false,,false,,"CPSC recall 15117 published 2015-04-21. Title: Lenovo Expands Recall of Battery Packs for ThinkPad Notebook Computers Due to Fire Hazard Product: ThinkPad notebook computer battery packs Hazard: The battery packs can overheat, posing a fire hazard. Incidents/Injuries: Lenovo has received four reports of incidents of battery packs overheating and damaging the computers, battery packs and surrounding property. One incident included a consumer's skin being reddened and burn marks on the consumer's clothing. Remedy: Consumers should immediately turn off their ThinkPad notebook computer, remove the battery pack and contact Lenovo for a free replacement battery pack. Consumers can continue to use their ThinkPad notebook without the battery pack by plugging in the AC adapter and power cord. Source: https://www.cpsc.gov/Recalls/2015/Lenovo-Expands-Recall-of-Battery-Packs-for-ThinkPad-Notebook-Computers",high,FAIL,missing_ccc_information|battery_safety_concern
CPSC-1876,val,charger,HobbyZone Super Cub S Ready-To-Fly and Super Cub S Bind-N-Fly Power Supply and Charger,Horizon Hobby Recalls HobbyZone Super Cub S Radio-Controlled Aircraft Due to Fire Hazard,Horizon Hobby LLC,HBZ8100,,15042,false,false,,unknown,,unknown,unknown,U.S. Consumer Product Safety Commission,fail,false,false,,false,,"CPSC recall 15042 published 2014-12-04. Title: Horizon Hobby Recalls HobbyZone Super Cub S Radio-Controlled Aircraft Due to Fire Hazard Product: HobbyZone Super Cub S Ready-To-Fly and Super Cub S Bind-N-Fly Power Supply and Charger Hazard: Power supply units and chargers sold with the model aircraft can overcharge the battery, posing a risk of fire and property damage. Incidents/Injuries: The firm has received 18 reports incidents involving the power supply units and chargers including reports of small fires, exploding batteries and property damage to the surrounding areas. Remedy: Consumers should stop using the power supply and chargers immediately and contact Horizon Hobby for a replacement AC charger. Source: https://www.cpsc.gov/Recalls/2015/Horizon-Hobby-Recalls-HobbyZone-Super-Cub-S-Radio-Controlled-Aircraft",high,FAIL,missing_ccc_information|battery_safety_concern
CPSC-1865,test,power_bank,Two-Tone Power Bank Charger,AP Specialties Recalls Power Bank Chargers,Alumni Partners,,,15030,false,false,45,unknown,,unknown,unknown,U.S. Consumer Product Safety Commission,fail,false,false,,false,,"CPSC recall 15030 published 2014-11-19. Title: AP Specialties Recalls Power Bank Chargers Product: Two-Tone Power Bank Charger Hazard: When unit is being charged or being used to charge another device, it can overheat, causing a fire hazard. Incidents/Injuries: There are three reported incidents of the Power Bank overheating. One incident resulted in fire damage. No injuries have been reported. Remedy: Consumers should immediately stop using the charger and contact AP Specialties for a replacement. AP Specialties will send consumer an envelope and label with instructions on how to return the power bank free of charge. Upon receipt of the power bank, AP Specialties will send the consumer a replacement product. Source: https://www.cpsc.gov/Recalls/2015/AP-Specialties-Recalls-Power-Bank-Chargers",high,FAIL,missing_ccc_information|battery_safety_concern
CPSC-1851,train,charger,3-in-1 USB phone charger,Tectron International Recalls USB Chargers Due to Fire Hazard,Tectron International,USB29B,,15016,false,false,,unknown,,unknown,unknown,U.S. Consumer Product Safety Commission,fail,false,false,,false,,"CPSC recall 15016 published 2014-10-30. Title: Tectron International Recalls USB Chargers Due to Fire Hazard Product: 3-in-1 USB phone charger Hazard: The charger can overheat while in use, posing a fire hazard. Incidents/Injuries: Two incidents reported the USB charger melting. No injuries or property damage were reported. Remedy: Consumers should immediately stop using the charger and contact Tectron International to request a mailing label to return the merchandise. Mailing labels will be emailed to customers. Source: https://www.cpsc.gov/Recalls/2015/Tectron-International-Recalls-USB-Chargers",high,FAIL,missing_ccc_information|battery_safety_concern
CPSC-1754,train,charger,Hewlett-Packard and Compaq notebook computer AC power cords,Hewlett-Packard Recalls Notebook Computer AC Power Cords Due to Fire and Burn Hazards,Hewlett-Packard Company (HP),LS-15,,14262,false,false,,unknown,,unknown,unknown,U.S. Consumer Product Safety Commission,fail,false,false,,false,,"CPSC recall 14262 published 2014-08-26. Title: Hewlett-Packard Recalls Notebook Computer AC Power Cords Due to Fire and Burn Hazards Product: Hewlett-Packard and Compaq notebook computer AC power cords Hazard: The AC power cord can overheat, posing a potential fire and burn hazard. Incidents/Injuries: HP has received 29 reports of power cords overheating and melting or charring resulting in two claims of minor burns and 13 claims of minor property damage. Remedy: Customers should immediately stop using and unplug the recalled power cords and contact Hewlett-Packard to order a free replacement. Consumers can continue to use the computer on battery power. Source: https://www.cpsc.gov/Recalls/2014/Hewlett-Packard-Recalls-Notebook-Computer-AC-Power-Cords",high,FAIL,missing_ccc_information|battery_safety_concern
CPSC-1741,train,laptop,"Scubapro Aladin2 dive computers, commonly referred to as Aladin Square dive computers",Johnson Outdoors Diving Recalls Dive Computers Due to Injury Hazard,Johnson Outdoors Diving Inc.,with 003,,14249,false,false,,unknown,,unknown,unknown,U.S. Consumer Product Safety Commission,fail,,,,false,,"CPSC recall 14249 published 2014-08-05. Title: Johnson Outdoors Diving Recalls Dive Computers Due to Injury Hazard Product: Scubapro Aladin2 dive computers, commonly referred to as Aladin Square dive computers Hazard: The dive computer can leak and stop working, posing a risk of injury due to decompression sickness. Incidents/Injuries: The firm has received four reports that the dive computers leaked and stopped working. No injuries have been reported. Remedy: Consumers should immediately stop using the dive computers and return them to an authorized SCUBAPRO dealer or contact Johnson Outdoors Diving for a free replacement. Source: https://www.cpsc.gov/Recalls/2014/Johnson-Outdoors-Diving-Recalls-Dive-Computers",high,FAIL,
CPSC-1729,train,charger,"USB car charger adapters, power adapters and 8-pin charger cables","Popkiller Recalls USB Chargers, Adapters and Cables Due to Fire and Electric Shock Hazards",Shenzhen Qiwei Electronic Co.,HHT-001,,14233,false,false,,unknown,,unknown,unknown,U.S. Consumer Product Safety Commission,fail,false,false,,false,,"CPSC recall 14233 published 2014-07-17. Title: Popkiller Recalls USB Chargers, Adapters and Cables Due to Fire and Electric Shock Hazards Product: USB car charger adapters, power adapters and 8-pin charger cables Hazard: Improperly mounted plug blades, and inadequate electronic circuitry create a fire and electrical shock hazard to consumers. Incidents/Injuries: None reported Remedy: Consumers should immediately stop using the phone accessories and return the product to a store where sold or send to Popkiller Headquarters for a full merchandise credit. Source: https://www.cpsc.gov/Recalls/2014/Popkiller-Recalls-USB-Chargers-Adapters-and-Cables",high,FAIL,missing_ccc_information|battery_safety_concern
CPSC-1724,train,charger,Power adaptor/chargers (promotional giveaway),Gemini Recalls Power Adaptor/Chargers Due to Burn Hazard,Gemini Manufacturing Inc.,ADCP3-1000,,14228,false,false,,unknown,,unknown,unknown,U.S. Consumer Product Safety Commission,fail,false,false,,false,,"CPSC recall 14228 published 2014-07-10. Title: Gemini Recalls Power Adaptor/Chargers Due to Burn Hazard Product: Power adaptor/chargers (promotional giveaway) Hazard: The adaptors can overheat, posing a burn hazard. Incidents/Injuries: The firm has received one report of a consumer who was burned on their hand. Remedy: Consumers should immediately stop using the recalled adaptors/chargers and throw them away. Source: https://www.cpsc.gov/Recalls/2014/Gemini-Recalls-Power-Adaptor-Chargers",high,FAIL,missing_ccc_information|battery_safety_concern
CPSC-1719,train,router,Fixed-base routers and router bases,Porter-Cable Fixed-Base Production Routers Recalled Due to Electrical Shock Hazard,Black & Decker (U.S.) Inc.,Speed/Feature,,14221,false,false,45,unknown,,unknown,unknown,U.S. Consumer Product Safety Commission,fail,false,false,,false,,"CPSC recall 14221 published 2014-07-02. Title: Porter-Cable Fixed-Base Production Routers Recalled Due to Electrical Shock Hazard Product: Fixed-base routers and router bases Hazard: The router base handles are not insulated, posing an electric shock hazard. Incidents/Injuries: None reported Remedy: Consumers should immediately stop using the recalled routers and router bases, unplug the routers and contact Porter-Cable for a free replacement router base with insulation on the handles. Source: https://www.cpsc.gov/Recalls/2014/Porter-Cable-Fixed-Base-Production-Routers-Recalled",high,FAIL,battery_safety_concern
CPSC-1718,train,laptop,Personal computers,Sony Recalls VAIO Flip PC Laptops Due to Fire and Burn Hazards,Sony Electronics Inc.,SVF11N13CXS,,14220,false,false,45,unknown,,unknown,unknown,U.S. Consumer Product Safety Commission,fail,false,false,,false,,"CPSC recall 14220 published 2014-07-01. Title: Sony Recalls VAIO Flip PC Laptops Due to Fire and Burn Hazards Product: Personal computers Hazard: The computers' lithium-ion batteries can overheat, posing fire and burn hazards. Incidents/Injuries: Sony is aware of four incidents, which occurred in Asia, of computers overheating, resulting in units smoking, catching on fire and melting. No injuries have been reported. Remedy: Consumers should immediately stop using the recalled personal computers, shut it down and unplug it; and contact Sony for instructions on how to arrange for an inspection free of charge to the consumer and a free repair or full refund of the computer's purchase price. Source: https://www.cpsc.gov/Recalls/2014/Sony-Recalls-VAIO-Flip-PC-Laptops",high,FAIL,battery_safety_concern
CPSC-1708,val,charger,Travel Charger Kits for Nokia Lumia 2520 Tablets,Nokia Recalls Tablet Travel Chargers Due to Electrocution Hazard,Nokia Inc.,Lumia 2520,,14209,false,false,,unknown,,unknown,unknown,U.S. Consumer Product Safety Commission,fail,false,false,,false,,"CPSC recall 14209 published 2014-06-18. Title: Nokia Recalls Tablet Travel Chargers Due to Electrocution Hazard Product: Travel Charger Kits for Nokia Lumia 2520 Tablets Hazard: The plastic cover on the charger's exchangeable plugs can come loose and separate, exposing internal components that pose an electrocution hazard if touched while the plug remains in a live socket. Incidents/Injuries: None reported Remedy: Consumers should immediately stop using the recalled chargers and contact Nokia for instructions on receiving a full refund from Verizon Wireless or a credit from AT&T for the travel chargers and both will provide a free replacement U.S.-only charger for their Nokia Lumia 2520 tablet. Source: https://www.cpsc.gov/Recalls/2014/Nokia-Recalls-Tablet-Travel-Chargers",high,FAIL,missing_ccc_information|battery_safety_concern
CPSC-6408,val,power_bank,ThinkPad notebook computer battery packs,Lenovo Recalls Battery Packs for ThinkPad Notebook Computers Due to Fire Hazard,Lenovo Inc.,Edge 11,,14142,false,false,45,unknown,,unknown,unknown,U.S. Consumer Product Safety Commission,fail,false,false,,false,,"CPSC recall 14142 published 2014-03-27. Title: Lenovo Recalls Battery Packs for ThinkPad Notebook Computers Due to Fire Hazard Product: ThinkPad notebook computer battery packs Hazard: The battery packs can overheat, posing a fire hazard. Incidents/Injuries: Lenovo has received two reports of the battery packs overheating, resulting in damage to the computer, battery pack and nearby property. No injuries have been reported. Remedy: Consumers should immediately turn off their ThinkPad notebook computer, remove the battery pack and contact Lenovo for a free replacement battery pack. Consumers can continue to use their ThinkPad notebook without the battery pack by plugging in the AC adapter and power cord. Source: https://www.cpsc.gov/Recalls/2014/Lenovo-Recalls-Battery-Packs-for-ThinkPad-Notebook-Computers",high,FAIL,missing_ccc_information|battery_safety_concern
CPSC-1637,test,camera,Canon PowerShot SX50 HS Digital Cameras,Canon Recalls to Repair PowerShot SX50 HS Digital Cameras,Miyazaki Daishin Canon Inc.,SX50,,14128,false,false,,unknown,,unknown,unknown,U.S. Consumer Product Safety Commission,fail,,,,false,,CPSC recall 14128 published 2014-03-06. Title: Canon Recalls to Repair PowerShot SX50 HS Digital Cameras Product: Canon PowerShot SX50 HS Digital Cameras Hazard: A chemical used in the rubber part of the viewfinders on the camera can cause skin or eye irritation or an allergic reaction to the user. Incidents/Injuries: Canon has received one report of itching and two reports of eye redness and pain. Remedy: Consumers should immediately stop using the recalled cameras and contact Canon to arrange a free repair. Source: https://www.cpsc.gov/Recalls/2014/Canon-Recalls-to-Repair-PowerShot-SX50-HS-Digital-Cameras,high,FAIL,
CPSC-1581,train,charger,HP Chromebook 11 power supply/charger,Google and HP Recall HP Chromebook 11 Chargers Due to Fire and Burn Hazards; Charger Can Overheat and Melt,Google Inc.,MU15-N1052-A00S,,14061,false,false,,unknown,,unknown,unknown,U.S. Consumer Product Safety Commission,fail,false,false,,false,,"CPSC recall 14061 published 2013-12-17. Title: Google and HP Recall HP Chromebook 11 Chargers Due to Fire and Burn Hazards; Charger Can Overheat and Melt Product: HP Chromebook 11 power supply/charger Hazard: The computer's charger can overheat and melt, posing fire and burn hazards. Incidents/Injuries: Google has received nine reports of chargers overheating and melting during use. There is one report of a small burn to a consumer and one report of minor property damage to a pillow from an overheating charger. Remedy: Consumers should immediately stop using the recalled charger for the HP Chromebook 11 and contact Google for a free replacement charger. Source: https://www.cpsc.gov/Recalls/2014/Google-and-HP-Recall-HP-Chromebook-11-Chargers",high,FAIL,missing_ccc_information|battery_safety_concern
CPSC-1540,train,charger,Ryobi P113 Dual Chemistry Battery Chargers,One World Technologies Recalls Ryobi Battery Chargers Due to Fire and Burn Hazards,Techtronic Industries (Dongguan) Co. Ltd.,P113,,14014,false,false,,unknown,,unknown,unknown,U.S. Consumer Product Safety Commission,fail,false,false,,false,,"CPSC recall 14014 published 2013-11-05. Title: One World Technologies Recalls Ryobi Battery Chargers Due to Fire and Burn Hazards Product: Ryobi P113 Dual Chemistry Battery Chargers Hazard: The chargers can malfunction, posing fire and burn hazards to consumers. Incidents/Injuries: One World Technologies has received 25 reports of the P113 charger overheating, resulting in reports of property damage to the charger and its surroundings such as workbenches, countertops and carpeting. Remedy: Consumers should immediately remove any battery from the charger, stop using the recalled charger, unplug it and contact One World Technologies for a free replacement charger. Source: https://www.cpsc.gov/Recalls/2014/One-World-Technologies-Recalls-Ryobi-Battery-Chargers",high,FAIL,missing_ccc_information|battery_safety_concern
CPSC-1535,train,charger,A/C Adaptor (charger) included with Polaroid PMID 709 Internet Tablets,Southern Telecom Recalls A/C Adaptors for Polaroid Internet Tablets Due to Fire Hazard; Sold Exclusively at Big Lots,Southern Telecom,SX-30017-D,,14008,false,false,,unknown,,unknown,unknown,U.S. Consumer Product Safety Commission,fail,false,false,,false,,"CPSC recall 14008 published 2013-10-30. Title: Southern Telecom Recalls A/C Adaptors for Polaroid Internet Tablets Due to Fire Hazard; Sold Exclusively at Big Lots Product: A/C Adaptor (charger) included with Polaroid PMID 709 Internet Tablets Hazard: The adaptors can overheat, posing a fire hazard. Incidents/Injuries: The firm has received approximately ten reports of the adaptor overheating. No injuries or property damage have been reported. Remedy: Customers should immediately stop using the adaptor and contact Southern Telecom for a replacement adaptor at no cost. Customers will receive an envelope for returning the recalled product with their replacement adaptor. Source: https://www.cpsc.gov/Recalls/2014/Southern-Telecom-Recalls-AC-Adaptors-for-Polaroid-Internet-Tablets",high,FAIL,missing_ccc_information|battery_safety_concern
CPSC-1416,train,laptop,Hollis DG03 Dive Computers,Hollis Recalls Digital Dive Computers Due to Drowning Hazard,Pelagic Pressure Systems,DG03,,13236,false,false,,unknown,,unknown,unknown,U.S. Consumer Product Safety Commission,fail,,,,false,,"CPSC recall 13236 published 2013-07-11. Title: Hollis Recalls Digital Dive Computers Due to Drowning Hazard Product: Hollis DG03 Dive Computers Hazard: The dive computer, when used with an optional integrated transmitter, can malfunction and display an incorrect tank pressure reading to the diver. A diver could unknowingly deplete their air supply based on the reading, resulting in drowning. Incidents/Injuries: Hollis has received two reports of dive computers malfunctioning. No injuries have been reported. Remedy: Consumers should stop using the recalled dive computers until the unit's operating system is upgraded to revision 1B. Consumers can download the upgrade from the firm's website or contact an authorized Hollis dealer for assistance. Source: https://www.cpsc.gov/Recalls/2013/Hollis-Recalls-Digital-Dive-Computers",high,FAIL,
CPSC-1241,train,accessory,Microphone,"Nielsen-Kellerman Recalls Microphones Due to Electric Shock, Burn Hazards",Nielsen-Kellerman Co.,,,13035,false,false,45,unknown,,unknown,unknown,U.S. Consumer Product Safety Commission,fail,false,false,,false,,"CPSC recall 13035 published 2012-11-13. Title: Nielsen-Kellerman Recalls Microphones Due to Electric Shock, Burn Hazards Product: Microphone Hazard: The metal boom of the microphone can conduct electricity from an exposed speaker wire or connector and shock or burn the user. Incidents/Injuries: Nielsen-Kellerman has received reports of three incidents in which the users reported second-degree burns where the metal boom contacted their face. Remedy: Consumers should immediately stop using the R2 Microphones and return them to NK for a free replacement. Source: https://www.cpsc.gov/Recalls/2013/Nielsen-Kellerman-Recalls-Microphones-Due-to-Electric-Shock-Burn-Hazards",high,FAIL,battery_safety_concern
CPSC-1217,train,charger,Sharper Image USB wall chargers,Sharper Image USB Wall Chargers Recalled by Atomi Due to Fire and Burn Hazards,Atomi,TSI202,,13007,false,false,,unknown,,unknown,unknown,U.S. Consumer Product Safety Commission,fail,false,false,,false,,"CPSC recall 13007 published 2012-10-10. Title: Sharper Image USB Wall Chargers Recalled by Atomi Due to Fire and Burn Hazards Product: Sharper Image USB wall chargers Hazard: The chargers can overheat and smoke, posing fire and burn hazards to consumers. Incidents/Injuries: Atomi has received 13 reports of the chargers overheating, smoking and acrid smells. No injuries have been reported. Remedy: Consumers should immediately stop using the recalled wall chargers and contact Atomi for instructions on returning the chargers for a full refund. Source: https://www.cpsc.gov/Recalls/2013/Sharper-Image-USB-Wall-Chargers-Recalled-by-Atomi-Due-to-Fire-and-Burn-Hazards",high,FAIL,missing_ccc_information|battery_safety_concern
CPSC-1147,val,laptop,Cobalt Dive Computer,Atomic Aquatics Recalls Cobalt Dive Computer Due to Impact and Drowning Hazard,Atomic Aquatics,or 12,,12286,false,false,,unknown,,unknown,unknown,U.S. Consumer Product Safety Commission,fail,,,,false,,"CPSC recall 12286 published 2012-09-27. Title: Atomic Aquatics Recalls Cobalt Dive Computer Due to Impact and Drowning Hazard Product: Cobalt Dive Computer Hazard: The unit can leak and cause the lens of the computer to blow off suddenly, which could result in impact injuries, and can cause a gas leak, posing a drowning hazard. Incidents/Injuries: The firm has received 23 reports of leaks caused by the lens being forcefully expelled from the computer due to excess air pressure inside the computer. No injuries were reported. Remedy: Consumers should immediately stop using the recalled dive computers and return the unit to either an authorized Atomic Aquatics dealer or the Atomic Aquatics factory for inspection and repair. Source: https://www.cpsc.gov/Recalls/2012/Atomic-Aquatics-Recalls-Cobalt-Dive-Computer-Due-to-Impact-and-Drowning-Hazard",high,FAIL,
CPSC-1111,val,camera,EOS Rebel T4i Digital SLR Cameras,Canon Recalls for Repair EOS Rebel T4i Digital Cameras Due to Risk of Allergic Reaction,Canon U.S.A.,,,12246,false,false,,unknown,,unknown,unknown,U.S. Consumer Product Safety Commission,fail,,,,false,,"CPSC recall 12246 published 2012-08-14. Title: Canon Recalls for Repair EOS Rebel T4i Digital Cameras Due to Risk of Allergic Reaction Product: EOS Rebel T4i Digital SLR Cameras Hazard: A chemical used in the camera's rubber grips can result in a reaction that changes the grips from black to white and poses a risk of skin irritation to the consumer. Incidents/Injuries: Canon U.S.A., Inc. has received one report of a consumer who developed a minor rash after contact with a surface where the camera had been. Remedy: Consumers should immediately stop using the recalled cameras and contact Canon U.S.A. to have replacement rubber grips installed free of charge. Source: https://www.cpsc.gov/Recalls/2012/Canon-Recalls-for-Repair-EOS-Rebel-T4i-Digital-Cameras-Due-to-Risk-of-Allergic-Reaction1",high,FAIL,
CPSC-1088,test,power_bank,Nikon digital SLR camera battery packs,Nikon Recalls Rechargeable Battery Packs Sold with Digital SLR Cameras Due to Burn Hazard,Nikon Inc.,EN-EL15,,12219,false,false,45,unknown,,unknown,unknown,U.S. Consumer Product Safety Commission,fail,false,false,,false,,"CPSC recall 12219 published 2012-07-11. Title: Nikon Recalls Rechargeable Battery Packs Sold with Digital SLR Cameras Due to Burn Hazard Product: Nikon digital SLR camera battery packs Hazard: The battery packs can short circuit, causing them to overheat and melt, posing a burn hazard to consumers. Incidents/Injuries: Nikon has received seven reports of incidents outside of the U.S. and Canada of the recalled battery packs overheating. No incidents have been reported in the U.S. or Canada. No injuries have been reported. Remedy: Consumers should stop using the recalled battery packs immediately, remove them from the camera and contact Nikon for a free replacement battery pack. Source: https://www.cpsc.gov/Recalls/2012/Nikon-Recalls-Rechargeable-Battery-Packs-Sold-with-Digital-SLR-Cameras-Due-to-Burn-Hazard",high,FAIL,missing_ccc_information|battery_safety_concern
CPSC-1029,train,charger,Lenovo ThinkCentre M70z and M90z computers,Lenovo Expands Recall of ThinkCentre Desktop Computers Due to Fire Hazard,Lenovo,M70z,,12159,false,false,,unknown,,unknown,unknown,U.S. Consumer Product Safety Commission,fail,false,false,,false,,"CPSC recall 12159 published 2012-04-24. Title: Lenovo Expands Recall of ThinkCentre Desktop Computers Due to Fire Hazard Product: Lenovo ThinkCentre M70z and M90z computers Hazard: A defect in an internal component in the power supply can overheat and pose a fire hazard. Incidents/Injuries: The firm received reports of one fire incident and one smoke incident in the U.S. No injuries have been reported. Remedy: Consumers should immediately stop using the computers, unplug the power supply and contact the firm to determine if your computer is included in the recall and to schedule an appointment for a free replacement of the power supply. Because additional systems and manufacturing dates have been added to the recall, even those customers who contacted Lenovo regarding the March 2012 recall should contact Lenovo again to verify if their system is part of this expanded program. Source: https://www.cpsc.gov/Recalls/2012/Lenovo-Expands-Recall-of-ThinkCentre-Desktop-Computers-Due-to-Fire-Hazard",high,FAIL,missing_ccc_information|battery_safety_concern
CPSC-1024,train,charger,Digital Concepts Compact Travel Charger,"Sakar International Recalls Battery Chargers Due to Electrocution, Electric Shock Hazard",Sakar International Inc.,CH-1600S,,12153,false,false,,unknown,,unknown,unknown,U.S. Consumer Product Safety Commission,fail,false,false,,false,,"CPSC recall 12153 published 2012-04-19. Title: Sakar International Recalls Battery Chargers Due to Electrocution, Electric Shock Hazard Product: Digital Concepts Compact Travel Charger Hazard: The plastic holding the screws can break, causing the screws to come loose and the casing to separate. This can expose energized components, exposing users to electrocution or electric shock. Incidents/Injuries: Sakar International has not received any reports of the charger falling apart, or of electrocution or electric shock. No injuries have been reported. Remedy: Consumers should immediately stop using the recalled battery charger and contact Sakar International Inc. for a replacement product. Source: https://www.cpsc.gov/Recalls/2012/Sakar-International-Recalls-Battery-Chargers-Due-to-Electrocution-Electric-Shock-Hazard",high,FAIL,missing_ccc_information|battery_safety_concern
CPSC-1001,train,charger,Lenovo ThinkCentre M70z and M90z desktop computers,Lenovo Recalls ThinkCentre Desktop Computers Due to Fire Hazard,Lenovo,M70z,,12129,false,false,,unknown,,unknown,unknown,U.S. Consumer Product Safety Commission,fail,false,false,,false,,"CPSC recall 12129 published 2012-03-08. Title: Lenovo Recalls ThinkCentre Desktop Computers Due to Fire Hazard Product: Lenovo ThinkCentre M70z and M90z desktop computers Hazard: A defect in an internal component in the power supply can overheat and pose a fire hazard. Incidents/Injuries: The firm received reports of one fire incident and one smoke incident in the U.S. No injuries have been reported. Remedy: Consumers should immediately stop using the computers, unplug the power supply and contact the firm to determine if your computer is included in the recall and to schedule an appointment for a free replacement of the power supply. Source: https://www.cpsc.gov/Recalls/2012/Lenovo-Recalls-ThinkCentre-Desktop-Computers-Due-to-Fire-Hazard",high,FAIL,missing_ccc_information|battery_safety_concern
CPSC-923,train,charger,Rocketfish™ Model RF-KL12 Mobile Battery Cases for iPhone 3G and 3GS,Rocketfish Battery Case for iPhone 3G/3GS Recalled by Best Buy Due to Fire Hazard,Best Buy Co. Inc.,RF-KL12,,12048,false,false,,unknown,,unknown,unknown,U.S. Consumer Product Safety Commission,fail,false,false,,false,,"CPSC recall 12048 published 2011-11-30. Title: Rocketfish Battery Case for iPhone 3G/3GS Recalled by Best Buy Due to Fire Hazard Product: Rocketfish™ Model RF-KL12 Mobile Battery Cases for iPhone 3G and 3GS Hazard: The battery case can overheat while charging, posing a fire hazard. Incidents/Injuries: CPSC and the firm have received about 14 reports of the battery cases overheating in the United States, including three reports of minor burns to consumers and four reports of minor property damage. Remedy: Consumers should immediately stop using the product and contact Best Buy for instructions on returning the product and receiving a Best Buy gift card for $70 or $105 in Canada. Source: https://www.cpsc.gov/Recalls/2012/Rocketfish-Battery-Case-for-iPhone-3G3GS-Recalled-by-Best-Buy-Due-to-Fire-Hazard",high,FAIL,missing_ccc_information|battery_safety_concern
CPSC-898,train,charger,Losi NiMH Start-Up Combo Charger,Horizon Hobby Recalls Losi NiMH Battery Charger Due to Possible Burn and Fire Hazards,Horizon Hobby Inc.,LOSB9904,,12015,false,false,,unknown,,unknown,unknown,U.S. Consumer Product Safety Commission,fail,false,false,,false,,"CPSC recall 12015 published 2011-10-20. Title: Horizon Hobby Recalls Losi NiMH Battery Charger Due to Possible Burn and Fire Hazards Product: Losi NiMH Start-Up Combo Charger Hazard: The charger and battery can emit excessive heat, posing a burn and fire hazard. Incidents/Injuries: Horizon Hobby has received eight reports of the batteries emitting excessive heat. No injuries have been reported. Remedy: Consumers should immediately stop using this product and contact Horizon Hobby for a refund of the retail value. Source: https://www.cpsc.gov/Recalls/2012/Horizon-Hobby-Recalls-Losi-NiMH-Battery-Charger-Due-to-Possible-Burn-and-Fire-Hazards",high,FAIL,missing_ccc_information|battery_safety_concern
CPSC-712,train,tablet,Live Better One Daily Tablets and Live Better Complex Vitamin B50 Tablets,International Vitamin Corporation Recalls Live Better Vitamins Due to Failure to Meet Child-Resistant Closure Requirement,International Vitamin Corporation (IVC),B50,,11266,false,false,,unknown,,unknown,unknown,U.S. Consumer Product Safety Commission,fail,,,,false,,CPSC recall 11266 published 2011-06-30. Title: International Vitamin Corporation Recalls Live Better Vitamins Due to Failure to Meet Child-Resistant Closure Requirement Product: Live Better One Daily Tablets and Live Better Complex Vitamin B50 Tablets Hazard: The iron supplements are not in child-resistant packaging as required by the Poison Prevention Packaging Act. Ingesting multiple iron supplement tablets at once can cause serious injury or death to young children. Incidents/Injuries: No injuries or incidents have been reported. Remedy: Consumers should keep this product out of reach of children and call International Vitamin Corporation to receive a free replacement child-resistant cap. Source: https://www.cpsc.gov/Recalls/2011/International-Vitamin-Corporation-Recalls-Live-Better-Vitamins-Due-to-Failure-to-Meet-Child-Resistant-Closure-Requirement,high,FAIL,
CPSC-684,train,charger,Lithium-ion batteries used in HP and Compaq notebook computers,HP Expands Recall of Notebook Computer Batteries Due to Fire Hazard,Hewlett-Packard Company,Battery,,11234,false,false,,unknown,,unknown,unknown,U.S. Consumer Product Safety Commission,fail,false,false,,false,,"CPSC recall 11234 published 2011-05-27. Title: HP Expands Recall of Notebook Computer Batteries Due to Fire Hazard Product: Lithium-ion batteries used in HP and Compaq notebook computers Hazard: The recalled lithium-ion batteries can overheat and rupture, posing fire and burn hazards to consumers. Incidents/Injuries: Since the May 2010 recall expansion, HP has received 40 additional reports of batteries that overheated and ruptured, resulting in seven burn injuries, one smoke inhalation injury, and 36 instances of property damage. Remedy: Consumers should immediately remove the batteries from their notebook computer and contact HP to determine if their battery is included in this recall. Consumers who had previously checked their batteries and were informed they were not included in previous announcements are urged to check again. Consumers with recalled batteries will receive a free replacement battery. After removing the recalled battery from their notebook computer, consumers may use the AC adapter to power the computer until a replacement battery arrives. Source: https://www.cpsc.gov/Recalls/2011/HP-Expands-Recall-of-Notebook-Computer-Batteries-Due-to-Fire-Hazard",high,FAIL,missing_ccc_information|battery_safety_concern
CPSC-560,val,mobile_phone,Toddler Talk Toy Mobile Phones,Toy Mobile Phones Recalled by Discovery Toys Due to Choking Hazard,Discovery Toys LLC,1231,,11094,false,false,45,unknown,,unknown,unknown,U.S. Consumer Product Safety Commission,fail,false,false,,false,,"CPSC recall 11094 published 2011-01-12. Title: Toy Mobile Phones Recalled by Discovery Toys Due to Choking Hazard Product: Toddler Talk Toy Mobile Phones Hazard: The clear plastic antenna can break off, posing a choking hazard to young children. Incidents/Injuries: Discovery Toys has received reports of three incidents in which the toy telephone's antenna broke off. A child was found mouthing the toy phone's antenna but it was removed by his mother. Remedy: Consumers should immediately take the recalled toy mobile phones away from young children and contract Discovery Toys for instructions on how to return them for a replacement toy. Source: https://www.cpsc.gov/Recalls/2011/Toy-Mobile-Phones-Recalled-by-Discovery-Toys-Due-to-Choking-Hazard",high,FAIL,battery_safety_concern
CPSC-324,val,charger,"Satellite T135, Satellite T135D and Satellite ProT130 Notebook Computers",Toshiba Recalls T Series Notebook Computers Due to Burn Hazard,Toshiba America Information Systems Inc.,T135,,10330,false,false,,unknown,,unknown,unknown,U.S. Consumer Product Safety Commission,fail,false,false,,false,,"CPSC recall 10330 published 2010-09-02. Title: Toshiba Recalls T Series Notebook Computers Due to Burn Hazard Product: Satellite T135, Satellite T135D and Satellite ProT130 Notebook Computers Hazard: The notebook computers can overheat at the notebook's plug-in to the AC adapter, posing a burn hazard to consumers. Incidents/Injuries: Toshiba has received 129 reports of the notebook computers overheating and deforming the plastic casing area around the AC adapter plug, including two reports of minor burn injuries that did not require medical attention and two reports of minor property damage. Remedy: Consumers should immediately download the latest version of Toshiba's BIOS computer program to their notebook computer at http://laptops.toshiba.com/about/consumer-notices. This new computer program will detect whether the notebook computer is overheating, and if so, disable the notebook computer's external power and display a message directing the consumer to contact Toshiba for a free repair. Consumers who do not have Internet access should contact Toshiba to arrange for installation of the updated BIOS. Source: https://www.cpsc.gov/Recalls/2010/Toshiba-Recalls-T-Series-Notebook-Computers-Due-to-Burn-Hazard",high,FAIL,missing_ccc_information|battery_safety_concern
CPSC-441,test,charger,Counterfeit BlackBerry®-branded cell phone batteries in refurbished devices,Asurion Recalls Counterfeit BlackBerry-branded Batteries Due to Burn and Fire Hazards,Asurion,,,10752,false,false,,unknown,,unknown,unknown,U.S. Consumer Product Safety Commission,fail,false,false,,false,,"CPSC recall 10752 published 2010-08-10. Title: Asurion Recalls Counterfeit BlackBerry-branded Batteries Due to Burn and Fire Hazards Product: Counterfeit BlackBerry®-branded cell phone batteries in refurbished devices Hazard: The counterfeit batteries can overheat, posing burn and fire hazards. Incidents/Injuries: Asurion has received two reports of counterfeit BlackBerry®-branded batteries overheating, causing minor burns to a consumer's finger and minor property damage to a sofa and car seat. Remedy: Consumers who received refurbished BlackBerry devices through Asurion prior to November 1, 2009 should immediately stop using the product and contact Asurion for a replacement product. Asurion is directly contacting known consumers with the affected batteries to notify them of this recall. Source: https://www.cpsc.gov/Recalls/2010/Asurion-Recalls-Counterfeit-BlackBerry-branded-Batteries-Due-to-Burn-and-Fire-Hazards",high,FAIL,missing_ccc_information|battery_safety_concern|suspected_counterfeit
CPSC-432,train,charger,External laptop battery,Tekkeon Inc. Recalls MyPower ALL Plus External Laptop Batteries Due to Fire Hazard,Tekkeon Inc.,MP3750,,10744,false,false,,unknown,,unknown,unknown,U.S. Consumer Product Safety Commission,fail,false,false,,false,,"CPSC recall 10744 published 2010-07-01. Title: Tekkeon Inc. Recalls MyPower ALL Plus External Laptop Batteries Due to Fire Hazard Product: External laptop battery Hazard: The battery cell can short-circuit and overheat, posing a fire hazard to consumers. Incidents/Injuries: Tekkeon has received one report of an overheating battery that resulted in minor damage to nearby furnishings. No injuries have been reported. Remedy: Consumers should immediately stop using the recalled batteries and contact Tekkeon for a free replacement battery. The company is contacting all known purchasers. Source: https://www.cpsc.gov/Recalls/2010/Tekkeon-Inc-Recalls-MyPower-ALL-Plus-External-Laptop-Batteries-Due-to-Fire-Hazard",high,FAIL,missing_ccc_information|battery_safety_concern
CPSC-278,train,laptop,Notebook computers,Sony Recalls VAIO Laptop Computers Due to Burn Hazard,Sony Electronics Inc.,VPCF11,,10284,false,false,45,unknown,,unknown,unknown,U.S. Consumer Product Safety Commission,fail,false,false,,false,,"CPSC recall 10284 published 2010-06-30. Title: Sony Recalls VAIO Laptop Computers Due to Burn Hazard Product: Notebook computers Hazard: The computers can overheat, posing a burn hazard to the consumer. Incidents/Injuries: Sony has received 30 reports of units overheating resulting in deformed keyboards and casings. No injuries have been reported. Remedy: Consumers should immediately go to http://esupport.sony.com/US/f1cw2update for instructions on how to update the computer's BIOS firmware. Consumers can also call Sony or visit Sony Style retail stores nationwide for help with installing the update. This firmware will prevent the computer from overheating. The firmware update will also be available through the VAIO Update software program installed on the recalled computers. A prompt will appear when users log on. Source: https://www.cpsc.gov/Recalls/2010/Sony-Recalls-VAIO-Laptop-Computers-Due-to-Burn-Hazard",high,FAIL,battery_safety_concern
CPSC-277,train,charger,Power Adapters for heated pet beds,Radio Systems Corporation Recalls Power Adapters Sold with PetSafe® Heated Wellness Sleepers Due to Fire Hazard,Radio Systems Corporation of,K12-800,,10283,false,false,,unknown,,unknown,unknown,U.S. Consumer Product Safety Commission,fail,false,false,,false,,"CPSC recall 10283 published 2010-06-29. Title: Radio Systems Corporation Recalls Power Adapters Sold with PetSafe® Heated Wellness Sleepers Due to Fire Hazard Product: Power Adapters for heated pet beds Hazard: When the metal connector is removed from the bed, it can cause arcing between the coil spring and the connector, posing a fire and burn hazard to consumers. Incidents/Injuries: The firm has received three reports of connectors melting. No injuries or fires have been reported. Remedy: Consumers should immediately stop using the recalled power adapter and contact the firm to receive a free replacement adapter. Source: https://www.cpsc.gov/Recalls/2010/Radio-Systems-Corporation-Recalls-Power-Adapters-Sold-with-PetSafe-Heated-Wellness-Sleepers-Due-to-Fire-Hazard",high,FAIL,missing_ccc_information|battery_safety_concern
CPSC-238,train,charger,Lithium-Ion batteries used in Hewlett-Packard and Compaq notebook computers,HP Expands Recall of Notebook Computer Batteries Due to Fire Hazard,Hewlett-Packard Co.,Battery,,10240,false,false,,unknown,,unknown,unknown,U.S. Consumer Product Safety Commission,fail,false,false,,false,,"CPSC recall 10240 published 2010-05-21. Title: HP Expands Recall of Notebook Computer Batteries Due to Fire Hazard Product: Lithium-Ion batteries used in Hewlett-Packard and Compaq notebook computers Hazard: The recalled lithium-ion batteries can overheat, posing a fire and burn hazard to consumers. Incidents/Injuries: Since the May 2009 recall, HP has received 38 additional reports of batteries that overheated and ruptured resulting in 11 instances of minor personal injury and 31 instances of minor property damage. Remedy: Consumers should immediately remove the batteries referenced above from their notebook computer and contact HP to determine if their battery is included in this recall (even if the battery was previously checked). Consumers with recalled batteries will receive a free replacement battery. After removing the recalled battery from their notebook computer, consumers may use the AC adapter to power the computer until a replacement battery arrives. HP recommends that only batteries obtained from HP or an HP authorized reseller be used with HP notebook PCs. Source: https://www.cpsc.gov/Recalls/2010/HP-Expands-Recall-of-Notebook-Computer-Batteries-Due-to-Fire-Hazard",high,FAIL,missing_ccc_information|battery_safety_concern
CPSC-212,train,charger,Targus Universal Wall Power Adapters for Laptops,Comarco Recalls Power Adapters for Laptops Due to Burn Hazard,Comarco Inc. of,APA23US-02,,10214,false,false,,unknown,,unknown,unknown,U.S. Consumer Product Safety Commission,fail,false,false,,false,,"CPSC recall 10214 published 2010-04-30. Title: Comarco Recalls Power Adapters for Laptops Due to Burn Hazard Product: Targus Universal Wall Power Adapters for Laptops Hazard: Faulty wiring can cause the connector tips to heat and melt the plastic encasing the connector tips, posing a burn hazard to consumers. Incidents/Injuries: The firm has received 518 incidents of the connector tips heating, 53 of which resulted in the melting of the plastic casings. Eight consumers have reported a finger tip or hand burn. No reports of medical attention were received. Remedy: Consumers should immediately stop using the recalled adapter and contact Comarco to receive instructions on returning the unit for a free refurbished replacement. Source: https://www.cpsc.gov/Recalls/2010/Comarco-Recalls-Power-Adapters-for-Laptops-Due-to-Burn-Hazard",high,FAIL,missing_ccc_information|battery_safety_concern
CPSC-195,train,laptop,Mares Nemo Air Dive Computers,Dive Computers Recalled by Mares Due to Drowning Hazard,Mares USA,,,10197,false,false,,unknown,,unknown,unknown,U.S. Consumer Product Safety Commission,fail,,,,false,,"CPSC recall 10197 published 2010-04-14. Title: Dive Computers Recalled by Mares Due to Drowning Hazard Product: Mares Nemo Air Dive Computers Hazard: An O-ring in the high pressure air connector can fail and leak air, causing a continuous but slow loss of breathing gas, which could require a diver to surface quickly, posing a drowning hazard to divers. Incidents/Injuries: None reported. Remedy: Consumers should immediately stop using the recalled dive computer and connectors, and return the products to their authorized Mares dive shop for a free replacement O-ring connector assembly. The O-rings in some units may already have been replaced, but this recall requires replacing the metal quick connector fitting at the end of the high pressure air hose that holds the O-ring. Replacement connector assemblies have a groove machined around the middle of the fitting, but recalled units do not. All consumers should take their Nemo Air dive computers to a Mares dive shop to confirm whether this connector fitting has been replaced. Source: https://www.cpsc.gov/Recalls/2010/Dive-Computers-Recalled-by-Mares-Due-to-Drowning-Hazard",high,FAIL,
CPSC-400,train,charger,Rechargeable Batteries for Cordless Phones,Lenmar Enterprises Recalls Rechargeable Batteries Sold for Cordless Phones Due to Fire and Burn Hazards,Great Power Battery Co.,CB0217,,10715,false,false,,unknown,,unknown,unknown,U.S. Consumer Product Safety Commission,fail,false,false,,false,,"CPSC recall 10715 published 2010-01-12. Title: Lenmar Enterprises Recalls Rechargeable Batteries Sold for Cordless Phones Due to Fire and Burn Hazards Product: Rechargeable Batteries for Cordless Phones Hazard: The rechargeable batteries can overheat, posing a fire and burn hazard to consumers. Incidents/Injuries: The firm has received six reports of batteries overheating, resulting in deformation of phones. No injuries have been reported. Remedy: Consumers should immediately stop using the recalled batteries and contact Lenmar to receive a free replacement. Source: https://www.cpsc.gov/Recalls/2010/Lenmar-Enterprises-Recalls-Rechargeable-Batteries-Sold-for-Cordless-Phones-Due-to-Fire-and-Burn-Hazards",high,FAIL,missing_ccc_information|battery_safety_concern
CPSC-100,val,laptop,Certain Acer Aspire-series Notebook Computers,Acer Recalls Notebook Computers Due to Burn Hazard,Acer America Corporation,AS3410,,10103,false,false,45,unknown,,unknown,unknown,U.S. Consumer Product Safety Commission,fail,false,false,,false,,"CPSC recall 10103 published 2010-01-07. Title: Acer Recalls Notebook Computers Due to Burn Hazard Product: Certain Acer Aspire-series Notebook Computers Hazard: An internal microphone wire under the palm rest can short circuit and overheat. This poses a potential burn hazard to consumers. Incidents/Injuries: Acer has received three reports of computers short circuiting, resulting in slight melting of the external casing. No incidents occurred in the United States. No injuries have been reported. Remedy: Consumers should stop using the recalled notebook computers immediately and contact Acer to determine if their notebook is affected and to receive a free repair. Source: https://www.cpsc.gov/Recalls/2010/Acer-Recalls-Notebook-Computers-Due-to-Burn-Hazard",high,FAIL,battery_safety_concern
CPSC-390,val,charger,Power Adapters with IBM RDX Back Up Hard Disk Drives,Power Adapters Used with IBM RDX Back Up Disk Hard Drives Recalled Due to Shock Hazard,Hon-Kwang Electric (Shenzhen) Co. Ltd.,,,10706,false,false,,unknown,,unknown,unknown,U.S. Consumer Product Safety Commission,fail,false,false,,false,,"CPSC recall 10706 published 2009-11-10. Title: Power Adapters Used with IBM RDX Back Up Disk Hard Drives Recalled Due to Shock Hazard Product: Power Adapters with IBM RDX Back Up Hard Disk Drives Hazard: A plastic weld on the power adapters can fail and allow two parts to separate, exposing live electrical contacts. This poses a shock hazard to consumers. Incidents/Injuries: None reported. Remedy: Consumers should immediately stop using the power adapters and contact your IBM service provider to determine if their adaptor is involved in this recall. Consumers with the affected adapters will receive a free replacement adapter. Source: https://www.cpsc.gov/Recalls/2010/Power-Adapters-Used-with-IBM-RDX-Back-Up-Disk-Hard-Drives-Recalled-Due-to-Shock-Hazard",high,FAIL,missing_ccc_information|battery_safety_concern
CPSC-28,test,charger,Sony VAIO Computer AC Adapters,Sony Recalls Computer AC Adapters Due to Shock Hazard,Sony Electronics Inc.,AC19V17,,10027,false,false,,unknown,,unknown,unknown,U.S. Consumer Product Safety Commission,fail,false,false,,false,,"CPSC recall 10027 published 2009-10-28. Title: Sony Recalls Computer AC Adapters Due to Shock Hazard Product: Sony VAIO Computer AC Adapters Hazard: Insulation inside the AC adapter can fail over time, posing an electrical shock hazard to consumers. Incidents/Injuries: Sony has received four reports of adapters short-circuiting. No incidents occurred in the United States. No injuries have been reported. Remedy: Consumers should turn off their computer, unplug it and stop using the recalled AC adapters immediately and contact Sony to arrange for a free replacement of the affected AC adapter. Source: https://www.cpsc.gov/Recalls/2010/Sony-Recalls-Computer-AC-Adapters-Due-to-Shock-Hazard",high,FAIL,missing_ccc_information|battery_safety_concern
CPSC-6049,train,mobile_phone,"Samsung ""Jitterbug"" Cell Phones",Samsung Recalls to Upgrade Certain Cell Phones; Could Fail to Reach Emergency 911 in a No-Service Area,Samsung Telecommunications America,a110,,09744,false,false,,unknown,,unknown,unknown,U.S. Consumer Product Safety Commission,fail,,,,false,,"CPSC recall 09744 published 2009-05-22. Title: Samsung Recalls to Upgrade Certain Cell Phones; Could Fail to Reach Emergency 911 in a No-Service Area Product: Samsung ""Jitterbug"" Cell Phones Hazard: The recalled cell phones that are in a no-service area and display an ""out of range, try again later"" message could fail to connect to emergency 911. Incidents/Injuries: None reported. Remedy: Samsung and Jitterbug are directly contacting consumers to schedule a free software upgrade. Consumers should call Samsung if they have not already been contacted. Source: https://www.cpsc.gov/Recalls/2009/Samsung-Recalls-to-Upgrade-Certain-Cell-Phones-Could-Fail-to-Reach-Emergency-911-in-a-No-Service-Area",high,FAIL,
CPSC-5316,train,charger,Lithium-Ion batteries used in Hewlett-Packard and Compaq notebook computers,HP Recalls Notebook Computer Batteries Due to Fire Hazard,Hewlett-Packard Co.,dv2000,,09221,false,false,,unknown,,unknown,unknown,U.S. Consumer Product Safety Commission,fail,false,false,,false,,"CPSC recall 09221 published 2009-05-14. Title: HP Recalls Notebook Computer Batteries Due to Fire Hazard Product: Lithium-Ion batteries used in Hewlett-Packard and Compaq notebook computers Hazard: The recalled lithium-ion batteries can overheat, posing a fire and burn hazard to consumers. Incidents/Injuries: The firm and CPSC are aware of two reports of batteries that overheated and ruptured, resulting in flames/fire that caused minor property damage. No injuries have been reported. Remedy: Consumers should immediately remove the recalled battery from their notebook computer and contact HP to determine if their battery is included in the recall and to request a free replacement battery. After removing the recalled battery from their notebook computer, consumers may use the AC adapter to power the computer until a replacement battery arrives. Source: https://www.cpsc.gov/Recalls/2009/HP-Recalls-Notebook-Computer-Batteries-Due-to-Fire-Hazard",high,FAIL,missing_ccc_information|battery_safety_concern
CPSC-6036,train,laptop,Acer Predator Desktop Computers,"Desktop Computers Recalled By Acer America Corp. Due to Overheating, Burn Hazard",Acer America Corp.,ASG7200,,09731,false,false,45,unknown,,unknown,unknown,U.S. Consumer Product Safety Commission,fail,false,false,,false,,"CPSC recall 09731 published 2009-03-19. Title: Desktop Computers Recalled By Acer America Corp. Due to Overheating, Burn Hazard Product: Acer Predator Desktop Computers Hazard: The insulation on the computer's internal wiring can become bent or stripped, causing the wires to overheat while the product is in use. This poses a burn hazard to consumers. Incidents/Injuries: Acer has received two reports of computers short circuiting, resulting in melted internal components and external casing. Neither incident occurred in the U.S. No injuries have been reported. Remedy: Consumers should immediately stop using these recalled computers and contact Acer to schedule a free repair. Source: https://www.cpsc.gov/Recalls/2009/Desktop-Computers-Recalled-By-Acer-America-Corp-Due-to-Overheating-Burn-Hazard",high,FAIL,battery_safety_concern
CPSC-6029,train,mobile_phone,"Certain LG 830 ""Spyder"" Cell Phones","Certain LG 830 ""Spyder"" Cell Phones Recalled For Upgrade Due to Dropped Connection or Poor Connection on Emergency 911 Calls",LG Electronics MobileComm USA Inc.,LG 830,,09724,false,false,45,unknown,,unknown,unknown,U.S. Consumer Product Safety Commission,fail,false,false,,false,,"CPSC recall 09724 published 2009-02-27. Title: Certain LG 830 ""Spyder"" Cell Phones Recalled For Upgrade Due to Dropped Connection or Poor Connection on Emergency 911 Calls Product: Certain LG 830 ""Spyder"" Cell Phones Hazard: The recalled phones can have difficulty sustaining a connection or have poor voice quality on calls to emergency 911. Incidents/Injuries: The firm has received one report of a motorist in a disabled car who was able to dial 911, but the call was dropped because the network had difficulty establishing a GPS lock on the phone. No injuries have been reported. Remedy: Consumers have been or are being contacted by their wireless carrier or LG Electronics MobileComm to schedule a free software upgrade. Please contact your wireless carrier if you have not been contacted yet. Source: https://www.cpsc.gov/Recalls/2009/Certain-LG-830-Spyder-Cell-Phones-Recalled-For-Upgrade-Due-to-Dropped-Connection-or-Poor-Connection-on-Emergency-911-Calls",high,FAIL,battery_safety_concern
CPSC-4997,val,charger,"Lithium-Ion Batteries used in Hewlett-Packard, Toshiba and Dell Notebook Computers",PC Notebook Computer Batteries Recalled Due to Fire and Burn Hazard,Sony Energy Devices Corporation,Battery,,09035,false,false,,unknown,,unknown,unknown,U.S. Consumer Product Safety Commission,fail,false,false,,false,,"CPSC recall 09035 published 2008-10-30. Title: PC Notebook Computer Batteries Recalled Due to Fire and Burn Hazard Product: Lithium-Ion Batteries used in Hewlett-Packard, Toshiba and Dell Notebook Computers Hazard: These lithium-ion batteries can overheat, posing a fire and burn hazard to consumers. Incidents/Injuries: There have been 19 reports of the batteries overheating, including 17 reports of flames/fire (10 resulting in minor property damage). Two consumers experienced minor burns. Remedy: Consumers should immediately remove the recalled battery from their notebook computer, and contact their computer manufacturer to determine if their battery is included in the recall and to request a free replacement battery. After removing the recalled battery from their notebook computer, consumers may use the AC adapter to power the computer until a replacement battery arrives. Consumers should only use batteries obtained from their computer manufacturer or an authorized reseller. Source: https://www.cpsc.gov/Recalls/2009/PC-Notebook-Computer-Batteries-Recalled-Due-to-Fire-and-Burn-Hazard",high,FAIL,missing_ccc_information|battery_safety_concern
CPSC-4996,test,charger,DYMO® LabelWriter® Power Adapters used with printers,DYMO Recalls Power Adapters Sold with DYMO Printers Due to Burn Hazard,DYMO,codes 2407,,09033,false,false,,unknown,,unknown,unknown,U.S. Consumer Product Safety Commission,fail,false,false,,false,,"CPSC recall 09033 published 2008-10-30. Title: DYMO Recalls Power Adapters Sold with DYMO Printers Due to Burn Hazard Product: DYMO® LabelWriter® Power Adapters used with printers Hazard: The power adapters can fail, causing the printer to overheat. This can pose a burn hazard to consumers. Incidents/Injuries: DYMO has received 11 reports of printers overheating and emitting smoke and/or a burnt smell. No injuries have been reported. Remedy: Consumers should immediately unplug the recalled power adapter from the wall socket and from their printer and contact the firm to receive a free replacement external power adapter kit. Source: https://www.cpsc.gov/Recalls/2009/DYMO-Recalls-Power-Adapters-Sold-with-DYMO-Printers-Due-to-Burn-Hazard-",high,FAIL,missing_ccc_information|battery_safety_concern
CPSC-5910,train,charger,Duracell 130W Combo Power Adapters used with notebook computers,Power Adapters Used with Notebook Computers Recalled by Battery-Biz Due To Burn Hazard,Battery-Biz Inc.,EA10900,,09707,false,false,,unknown,,unknown,unknown,U.S. Consumer Product Safety Commission,fail,false,false,,false,,CPSC recall 09707 published 2008-10-28. Title: Power Adapters Used with Notebook Computers Recalled by Battery-Biz Due To Burn Hazard Product: Duracell 130W Combo Power Adapters used with notebook computers Hazard: The adapters can fail and overheat. This can pose a burn hazard to consumers. Incidents/Injuries: Battery-Biz has received five reports of power adapters overheating. No injuries have been reported. Remedy: Consumers should immediately stop using the power adapter and contact Battery-Biz to return it and obtain a free replacement. Battery-Biz has sent a direct notice to consumers with recalled power adapters. Source: https://www.cpsc.gov/Recalls/2009/Power-Adapters-Used-with-Notebook-Computers-Recalled-by-Battery-Biz-Due-To-Burn-Hazard,high,FAIL,missing_ccc_information|battery_safety_concern
CPSC-4965,train,charger,BC-50 Battery Chargers,Fujifilm Recalls Battery Chargers Due to Shock Hazard,Fujifilm U.S.A. Inc.,BC-50,,09013,false,false,,unknown,,unknown,unknown,U.S. Consumer Product Safety Commission,fail,false,false,,false,,"CPSC recall 09013 published 2008-10-15. Title: Fujifilm Recalls Battery Chargers Due to Shock Hazard Product: BC-50 Battery Chargers Hazard: The plastic portion of the unit's power plug can crack or detach, posing an electrical shock hazard to consumers. Incidents/Injuries: None reported. Remedy: Consumers should stop using the recalled battery chargers immediately and contact the firm for a free replacement charger. Source: https://www.cpsc.gov/Recalls/2009/Fujifilm-Recalls-Battery-Chargers-Due-to-Shock-Hazard",high,FAIL,missing_ccc_information|battery_safety_concern
CPSC-4427,train,laptop,Certain VAIO TZ-series Notebook Computers,Sony Recalls Notebook Computers Due to Burn Hazard,Sony Electronics Inc.,TZ100,,08392,false,false,45,unknown,,unknown,unknown,U.S. Consumer Product Safety Commission,fail,false,false,,false,,"CPSC recall 08392 published 2008-09-04. Title: Sony Recalls Notebook Computers Due to Burn Hazard Product: Certain VAIO TZ-series Notebook Computers Hazard: Irregularly positioned wires near the computer's hinge and/or a dislodged screw inside the hinge can cause a short circuit and overheating. This poses a burn hazard to consumers. Incidents/Injuries: Sony has received 15 reports of overheating, including one consumer who suffered a minor burn. Remedy: Consumers should stop using the recalled notebook computers immediately and contact Sony to determine if their notebook is affected. The firm will arrange for an inspection and repair, if needed. Source: https://www.cpsc.gov/Recalls/2008/Sony-Recalls-Notebook-Computers-Due-to-Burn-Hazard",high,FAIL,battery_safety_concern
CPSC-4410,train,charger,Car Chargers Used with Power System Plus 3 Million Candlepower Spotlights,IMS Recalls Car Chargers Used With Halogen Spotlights Sold at Sears and K-Mart Due to Fire and Burn Hazards,International Merchandising Service Inc. (IMS),HSLR30S,,08374,false,false,,unknown,,unknown,unknown,U.S. Consumer Product Safety Commission,fail,false,false,,false,,"CPSC recall 08374 published 2008-08-26. Title: IMS Recalls Car Chargers Used With Halogen Spotlights Sold at Sears and K-Mart Due to Fire and Burn Hazards Product: Car Chargers Used with Power System Plus 3 Million Candlepower Spotlights Hazard: The car charger is incompatible with the spotlight's battery, which can cause it to overcharge inside of a vehicle and pose a fire or burn hazard to consumers. Incidents/Injuries: IMS has received two reports of incidents of spotlights overheating while being charged with the car charger. No injuries have been reported. Remedy: Consumers should immediately stop using the recalled car charger and contact IMS for information on how to receive a free replacement car charger. Consumers can continue to use the spotlights without the car charger. Source: https://www.cpsc.gov/Recalls/2008/IMS-Recalls-Car-Chargers-Used-With-Halogen-Spotlights-Sold-at-Sears-and-K-Mart-Due-to-Fire-and-Burn-Hazards",high,FAIL,missing_ccc_information|battery_safety_concern
CPSC-4366,train,accessory,"It's a Girl Thing Bracelets, Necklaces, and Phone Charms",Children's Jewelry Recalled by Bead Bazaar USA Due to Risk of Lead Exposure,Bead Bazaar USA Inc.,,,08324,false,false,,unknown,,unknown,unknown,U.S. Consumer Product Safety Commission,fail,,false,,false,,"CPSC recall 08324 published 2008-07-03. Title: Children's Jewelry Recalled by Bead Bazaar USA Due to Risk of Lead Exposure Product: It's a Girl Thing Bracelets, Necklaces, and Phone Charms Hazard: The children's jewelry could contain high levels of lead. Lead is toxic if ingested by young children and can cause adverse health effects. Incidents/Injuries: None reported. Remedy: Consumers should immediately take the recalled jewelry away from children and return it to the place of purchase for a full refund. Source: https://www.cpsc.gov/Recalls/2008/Childrens-Jewelry-Recalled-by-Bead-Bazaar-USA-Due-to-Risk-of-Lead-Exposure",high,FAIL,
CPSC-4316,train,power_bank,SoundStation2W Wireless Conference Phones with Lithium Ion Batteries,"Polycom, Inc. Recalls Wireless Conference Phone Batteries Due to Fire Hazard",Polycom,Code 1520-07803-003,,08297,false,false,45,unknown,,unknown,unknown,U.S. Consumer Product Safety Commission,fail,false,false,,false,,"CPSC recall 08297 published 2008-06-05. Title: Polycom, Inc. Recalls Wireless Conference Phone Batteries Due to Fire Hazard Product: SoundStation2W Wireless Conference Phones with Lithium Ion Batteries Hazard: The battery packs can overheat, posing a fire or burn hazard. Incidents/Injuries: Polycom has received one report of a battery pack overheating resulting in minor property damage. No injuries have been reported. Remedy: Consumers should immediately remove the battery pack from their SoundStation2W wireless conference phone. Once the battery pack is removed, consumers can still use their conference phone by keeping the charger plugged into the unit. Consumers should not attempt to use battery packs other than those supplied by Polycom in the unit. Consumers should contact Polycom for a free replacement battery pack. Source: https://www.cpsc.gov/Recalls/2008/Simmons-Kids-Recalls-Crib-Mattresses-Due-to-Entrapment-Hazard1",high,FAIL,missing_ccc_information|battery_safety_concern
CPSC-4310,train,mobile_phone,Little Tikes Chit 'N Chat Toy Cell Phones,Kids Station Toys Recalls Little Tikes Toy Cell Phones Due to Choking Hazard,Kids Station Toys International Ltd.,KSL4010,,08290,false,false,,unknown,,unknown,unknown,U.S. Consumer Product Safety Commission,fail,,,,false,,"CPSC recall 08290 published 2008-05-28. Title: Kids Station Toys Recalls Little Tikes Toy Cell Phones Due to Choking Hazard Product: Little Tikes Chit 'N Chat Toy Cell Phones Hazard: The hinge cover on the toy cell phone can detach from the phone, posing a choking hazard to young children. Incidents/Injuries: CPSC and the firm have received three reports of the toy breaking, including one report of a child beginning to choke on a small part. Remedy: Consumers should take these toy phones away from young children immediately and contact the firm for instructions on obtaining a free replacement. Source: https://www.cpsc.gov/Recalls/2008/Kids-Station-Toys-Recalls-Little-Tikes-Toy-Cell-Phones-Due-to-Choking-Hazard",high,FAIL,
CPSC-4594,val,mobile_phone,Cricket EZ Cellular Phones,Cricket EZ Cell Phones Recalled; Audio Problem Interferes with Emergency 911 Calls,Cricket Communications,CRKJ88BKIT,,08572,false,false,45,unknown,,unknown,unknown,U.S. Consumer Product Safety Commission,fail,false,false,,false,,"CPSC recall 08572 published 2008-05-20. Title: Cricket EZ Cell Phones Recalled; Audio Problem Interferes with Emergency 911 Calls Product: Cricket EZ Cellular Phones Hazard: A software problem with the cell phones causes audio problems with 911 calls. When a call is connected to 911, the operator may not hear the caller or the caller may not hear the 911 operator. Incidents/Injuries: Cricket has received two reports of the audio not working properly when a consumer placed a call to 911. No injuries were reported. Remedy: Consumers should immediately return their phone to Cricket for a free software repair. Cricket is directly contacting consumers who purchased these cell phones to alert them to the recall. Source: https://www.cpsc.gov/Recalls/2008/Cricket-EZ-Cell-Phones-Recalled-Audio-Problem-Interferes-with-Emergency-911-Calls",high,FAIL,battery_safety_concern
CPSC-4580,val,charger,Lithium-polymer battery chargers and lithium-polymer batteries,Hobby-Lobby Int'l Recalls Battery Chargers Used with Helicopters Due to Fire Hazard,Art-Tech R/C Hobby Co.,AT600B,,08558,false,false,,unknown,,unknown,unknown,U.S. Consumer Product Safety Commission,fail,false,false,,false,,"CPSC recall 08558 published 2008-04-14. Title: Hobby-Lobby Int'l Recalls Battery Chargers Used with Helicopters Due to Fire Hazard Product: Lithium-polymer battery chargers and lithium-polymer batteries Hazard: The lithium-polymer batteries can ignite while charging, posing a fire hazard to consumers. Incidents/Injuries: The firm has received three reports of incidents, including a consumer who received serious burns to his hand when a battery ignited. Remedy: Consumers should stop using the recalled chargers and batteries immediately. Consumers can receive new batteries and a ""smart"" charger that will shut down when the charging process is completed by contacting sales@hobby-lobby.com. Hobby-Lobby International has directly contacted consumers who purchased the products from them. Consumers should not return the batteries and chargers to the firm, but follow instructions for disposal and registration on their Web site. Source: https://www.cpsc.gov/Recalls/2008/Hobby-Lobby-Intl-Recalls-Battery-Chargers-Used-with-Helicopters-Due-to-Fire-Hazard",high,FAIL,missing_ccc_information|battery_safety_concern
CPSC-4107,test,laptop,Visual Presenters (sold as Image Presentation Cameras by Epson),Elmo USA Corp. Recalls Visual Presenters Due to Fire Hazard,ELMO Co. Ltd.,ELPDC02,,08098,false,false,45,unknown,,unknown,unknown,U.S. Consumer Product Safety Commission,fail,false,false,,false,,"CPSC recall 08098 published 2007-11-21. Title: Elmo USA Corp. Recalls Visual Presenters Due to Fire Hazard Product: Visual Presenters (sold as Image Presentation Cameras by Epson) Hazard: Improperly installed fluorescent top lights in the presenter can overheat, posing a fire hazard. Incidents/Injuries: None reported. Remedy: Consumers should stop using the recalled visual presenters immediately and contact Elmo USA for all models except Epson. All Epson owners should contact Epson. Consumers with recalled units will receive a free inspection and repair. Source: https://www.cpsc.gov/Recalls/2008/Elmo-USA-Corp-Recalls-Visual-Presenters-Due-to-Fire-Hazard",high,FAIL,battery_safety_concern
CPSC-4535,train,power_bank,Battery Chargers supplied with certain Kawasaki branded Power Tool Kits,Alltrade Tools Recalls Power Tool Battery Chargers Due to Burn and Laceration Hazards,Alltrade Tools LLC,Battery,,08513,false,false,45,unknown,,unknown,unknown,U.S. Consumer Product Safety Commission,fail,false,false,,false,,"CPSC recall 08513 published 2007-10-25. Title: Alltrade Tools Recalls Power Tool Battery Chargers Due to Burn and Laceration Hazards Product: Battery Chargers supplied with certain Kawasaki branded Power Tool Kits Hazard: When used with an incompatible charger, the battery pack can overheat and melt during charging, or can explode during use, posing burn, laceration and bruise hazards to consumers. Incidents/Injuries: Alltrade Tools has received 30 reports of incidents, including eight injuries from the battery packs melting or forcefully expelling plastic shards while in use. Injuries include minor acid burns from handling fractured battery packs, cuts, bruises and some temporary hearing loss from a loud noise that can occur if an internal battery cell ruptures. Remedy: Consumers should stop using the recalled battery chargers immediately and register at www.alltradetools.com to receive a free compatible battery charger. Alltrade Tools LLC is directly contacting consumers who purchased the power tools containing the recalled chargers. Consumers should not return the battery chargers to the store where purchased. Source: https://www.cpsc.gov/Recalls/2008/Alltrade-Tools-Recalls-Power-Tool-Battery-Chargers-Due-to-Burn-and-Laceration-Hazards",high,FAIL,missing_ccc_information|battery_safety_concern
CPSC-3689,train,charger,Rechargeable lithium-ion batteries containing Sony cells used in Toshiba notebook computers,Toshiba Recalls Notebook Computer Batteries Due to Fire Hazard,Sony Energy Devices Corp.,Computer,,07267,false,false,,unknown,,unknown,unknown,U.S. Consumer Product Safety Commission,fail,false,false,,false,,"CPSC recall 07267 published 2007-08-09. Title: Toshiba Recalls Notebook Computer Batteries Due to Fire Hazard Product: Rechargeable lithium-ion batteries containing Sony cells used in Toshiba notebook computers Hazard: The lithium-ion batteries can overheat, posing a fire hazard to consumers. Incidents/Injuries: Toshiba has received three reports outside of the United States of notebook batteries overheating. No injuries have been reported. Remedy: Consumers should stop using the recalled batteries and contact Toshiba to receive a free replacement battery. Consumers can continue to use the notebook computers safely, by turning the system off, removing the battery, and using the AC adapter and power cord to power the system until the replacement battery is received. Consumers should use only batteries obtained from Toshiba or from an authorized Toshiba reseller. Source: https://www.cpsc.gov/Recalls/2007/Toshiba-Recalls-Notebook-Computer-Batteries-Due-to-Fire-Hazard",high,FAIL,missing_ccc_information|battery_safety_concern
CPSC-3611,train,mobile_phone,Parents® Magazine Record-A-Voice Toy Cell Phones,Battat Inc. Recalls Parents Magazine Toy Cell Phones for Choking Hazard,Battat Inc.,codes 090106,,07178,false,false,45,unknown,,unknown,unknown,U.S. Consumer Product Safety Commission,fail,false,false,,false,,"CPSC recall 07178 published 2007-05-03. Title: Battat Inc. Recalls Parents Magazine Toy Cell Phones for Choking Hazard Product: Parents® Magazine Record-A-Voice Toy Cell Phones Hazard: The metal pin inside the hinge of the cell phone flip-top can fall out, posing a choking hazard to young children. Incidents/Injuries: The firm has received 54 reports of the metal pin falling out of the hinge. In two cases, consumers reported finding the pin inside a child's mouth, with one child receiving a cut in the mouth. Remedy: Consumers should take these toy cell phones away from young children immediately and contact Battat to receive a replacement product or refund. Source: https://www.cpsc.gov/Recalls/2007/Battat-Inc-Recalls-Parents-Magazine-Toy-Cell-Phones-for-Choking-Hazard",high,FAIL,battery_safety_concern
CPSC-3602,train,power_bank,Rechargeable lithium-ion batteries containing Sony cells used in Acer notebook computers,Acer America Corporation Recalls Notebook Computer Batteries Due to Previous Fires,Acer Inc.,BT00604001,,07167,false,false,45,unknown,,unknown,unknown,U.S. Consumer Product Safety Commission,fail,false,false,,false,,"CPSC recall 07167 published 2007-04-25. Title: Acer America Corporation Recalls Notebook Computer Batteries Due to Previous Fires Product: Rechargeable lithium-ion batteries containing Sony cells used in Acer notebook computers Hazard: The lithium-ion batteries can overheat, posing a fire hazard to consumers. Incidents/Injuries: As announced previously, there have been 16 reports of notebook batteries overheating. These reports were associated with earlier recalls by other notebook computer manufacturers of batteries containing these Sony cells. These previous reports involved only minor property damage and two minor burns. None of these reports involved batteries in Acer notebook computers. Remedy: Consumers should stop using these recalled batteries immediately and contact Acer to receive a free replacement battery. Consumers can continue to use the notebook computers safely by turning the system off, removing the battery, and using the AC adapter and power cord to power the system until the replacement battery is received. Source: https://www.cpsc.gov/Recalls/2007/Acer-America-Corporation-Recalls-Notebook-Computer-Batteries-Due-to-Previous-Fires",high,FAIL,missing_ccc_information|battery_safety_concern
CPSC-3560,train,router,Ryobi Router Table Throat Plates,One World Technologies Recalls Throat Plates Sold with Ryobi Router Tables Due to Laceration Hazard,One World Technologies Inc.,RT101,,07120,false,false,,unknown,,unknown,unknown,U.S. Consumer Product Safety Commission,fail,,,,false,,"CPSC recall 07120 published 2007-03-06. Title: One World Technologies Recalls Throat Plates Sold with Ryobi Router Tables Due to Laceration Hazard Product: Ryobi Router Table Throat Plates Hazard: The throat plates do not securely snap into the router's table top bit opening. The throat plate can come loose during operation and be ejected from the table top, posing a laceration hazard to consumers. Incidents/Injuries: One World Technologies has received three reports of throat plates coming loose during use. Two consumers were struck on the nose by the throat plate and received a minor cut and bruising. Remedy: Consumers should immediately check their router tables to ensure that the throat plates securely snap into the router bit opening. If any throat plates do not securely snap into the table top, consumers should stop using the router table immediately and contact One Word Technologies for a free replacement set of throat plates. Source: https://www.cpsc.gov/Recalls/2007/One-World-Technologies-Recalls-Throat-Plates-Sold-with-Ryobi-Router-Tables-Due-to-Laceration-Hazard",high,FAIL,
CPSC-3559,train,power_bank,Lithium-ion extended-life batteries used in ThinkPad notebook computers,Lenovo Recalls ThinkPad Notebook PC Extended-Life Batteries Due to Fire Hazard,Sanyo Electric Co. Ltd.,R60,,07118,false,false,45,unknown,,unknown,unknown,U.S. Consumer Product Safety Commission,fail,false,false,,false,,"CPSC recall 07118 published 2007-03-01. Title: Lenovo Recalls ThinkPad Notebook PC Extended-Life Batteries Due to Fire Hazard Product: Lithium-ion extended-life batteries used in ThinkPad notebook computers Hazard: If the battery in the laptop is struck forcefully on the corner, such as from a direct fall to the ground, the battery pack can overheat and pose a fire hazard to users. This is not an internal battery cell defect. Incidents/Injuries: Lenovo has received four reports of batteries overheating and damaging the notebook. This caused damage to the notebook computers, minor property damage and, in one case, minor eye irritation to one consumer. Remedy: Consumers should stop using the recalled batteries and contact Lenovo for additional information and to receive a free replacement battery. Consumers should use only ThinkPad batteries obtained from either Lenovo or an authorized reseller. Source: https://www.cpsc.gov/Recalls/2007/Lenovo-Recalls-ThinkPad-Notebook-PC-Extended-Life-Batteries-Due-to-Fire-Hazard",high,FAIL,missing_ccc_information|battery_safety_concern
CPSC-3558,val,laptop,Oceanic and AERIS Digital Dive Computers,Pelagic Recalls Digital Dive Computers Due to Decompression Hazard,Pelagic Pressure Systems,,,07117,false,false,,unknown,,unknown,unknown,U.S. Consumer Product Safety Commission,fail,,,,false,,"CPSC recall 07117 published 2007-02-28. Title: Pelagic Recalls Digital Dive Computers Due to Decompression Hazard Product: Oceanic and AERIS Digital Dive Computers Hazard: When performing a switch from one gas to another during a dive, the dive computer's display will lock up and not return to the main dive screen that displays dive times. This can cause divers to enter decompression unknowingly or the diver could ascend prematurely, resulting in decompression sickness. Incidents/Injuries: Pelagic has received a report of two dive computers malfunctioning. No injuries have been reported. Remedy: Consumers should stop using the recalled dive computers and take them to an authorized Oceanic or AERIS dealer to get a free software upgrade. Source: https://www.cpsc.gov/Recalls/2007/Pelagic-Recalls-Digital-Dive-Computers-Due-to-Decompression-Hazard",high,FAIL,
CPSC-3467,val,charger,"Rechargeable lithium-ion batteries containing Sony cells used in Fujitsu Computer Systems Corporation, Gateway Inc., Son",Sony Recalls Notebook Computer Batteries Due to Previous Fires,Sony Energy Devices Corp.,Battery,,07011,false,false,,unknown,,unknown,unknown,U.S. Consumer Product Safety Commission,fail,false,false,,false,,"CPSC recall 07011 published 2006-10-23. Title: Sony Recalls Notebook Computer Batteries Due to Previous Fires Product: Rechargeable lithium-ion batteries containing Sony cells used in Fujitsu Computer Systems Corporation, Gateway Inc., Sony Electronics Inc., and Toshiba America Information Systems Inc. notebook computers Hazard: These lithium-ion batteries can overheat, posing a fire hazard to consumers. Incidents/Injuries: There have been 16 reports of notebook computer batteries overheating, causing minor property damage and two minor burns. All of these reported incidents and injuries have been associated with earlier recalls of notebook computer batteries containing these Sony cells. There have been no incidents involving batteries sold by the notebook manufacturers participating in this announcement. Remedy: Consumers should remove the affected batteries from notebook computers until they contact their computer manufacturer and receive further instructions. Batteries covered by this program will be replaced free of charge. Consumers should use only batteries obtained from their computer manufacturer or from an authorized reseller. Source: https://www.cpsc.gov/Recalls/2007/Sony-Recalls-Notebook-Computer-Batteries-Due-to-Previous-Fires",high,FAIL,missing_ccc_information|battery_safety_concern
CPSC-3367,test,charger,Rechargeable lithium-ion batteries used in ThinkPad notebook computers,Lenovo and IBM Announce Recall of ThinkPad Notebook Computer Batteries Due to Fire Hazard,Sony Energy Devices Corp.,T43,,06270,false,false,,unknown,,unknown,unknown,U.S. Consumer Product Safety Commission,fail,false,false,,false,,"CPSC recall 06270 published 2006-09-28. Title: Lenovo and IBM Announce Recall of ThinkPad Notebook Computer Batteries Due to Fire Hazard Product: Rechargeable lithium-ion batteries used in ThinkPad notebook computers Hazard: These lithium-ion batteries can cause overheating, posing a fire hazard to consumers. Incidents/Injuries: Lenovo has received one confirmed report of a battery overheating and causing a fire that damaged the notebook computer. The incident, which occurred within an airport terminal as the user was boarding an airplane, caused enough smoking and sparking that a fire extinguisher was used to put it out. There was minor property damage and no injuries were reported. Remedy: Consumers should stop using the recalled batteries immediately and contact Lenovo to receive a replacement battery, free of charge. Until a replacement battery arrives, consumers can continue to use their computer by turning off the system, removing the battery, and plugging in the AC adapter and power cord. Consumers should use only genuine ThinkPad batteries obtained from either Lenovo or an authorized reseller. Source: https://www.cpsc.gov/Recalls/2006/Lenovo-and-IBM-Announce-Recall-of-ThinkPad-Notebook-Computer-Batteries-Due-to-Fire-Hazard",high,FAIL,missing_ccc_information|battery_safety_concern
CPSC-3350,train,camera,Various Olympus-Brand 35mm Film Cameras,Olympus Expands March Recall of Overheating Infinity Film Cameras,Olympus Imaging America Inc.,Brand 35mm,,06250,false,false,45,unknown,,unknown,unknown,U.S. Consumer Product Safety Commission,fail,false,false,,false,,"CPSC recall 06250 published 2006-09-05. Title: Olympus Expands March Recall of Overheating Infinity Film Cameras Product: Various Olympus-Brand 35mm Film Cameras Hazard: A defect with the flash circuit in these cameras can cause it to smoke and overheat, when the camera is turned on. This poses a possible burn hazard to consumers. Incidents/Injuries: Olympus Imaging America Inc. has received 21 reports of camera or flash circuitry overheating in the U.S., with no reports of injuries. Remedy: Consumers should stop using these cameras and contact Olympus for information on receiving a free repair or, if necessary, replacement. Source: https://www.cpsc.gov/Recalls/2006/Olympus-Expands-March-Recall-of-Overheating-Infinity-Film-Cameras",high,FAIL,battery_safety_concern
CPSC-3345,train,charger,Rechargeable lithium-ion batteries with cells manufactured by Sony for certain previous iBook G4 and PowerBook G4 notebo,Apple Announces Recall of Batteries Used in Previous iBook and PowerBook Computers Due to Fire Hazard,Sony Energy Devices Corp.,Battery,,06245,false,false,,unknown,,unknown,unknown,U.S. Consumer Product Safety Commission,fail,false,false,,false,,"CPSC recall 06245 published 2006-08-24. Title: Apple Announces Recall of Batteries Used in Previous iBook and PowerBook Computers Due to Fire Hazard Product: Rechargeable lithium-ion batteries with cells manufactured by Sony for certain previous iBook G4 and PowerBook G4 notebook computers only Hazard: These lithium-ion batteries can overheat, posing a fire hazard to consumers. Incidents/Injuries: Apple has received nine reports of batteries overheating, including two reports of minor burns from handling overheated computers and other reports of minor property damage. No serious injuries were reported. Remedy: Consumers should stop using the recalled batteries immediately and contact Apple to arrange for a replacement battery, free of charge. After removing the recalled battery from their iBook or PowerBook, consumers should plug in the AC adapter to power the computer until a replacement battery arrives. Source: https://www.cpsc.gov/Recalls/2006/Apple-Announces-Recall-of-Batteries-Used-in-Previous-iBook-and-PowerBook-Computers-Due-To-Fire-Hazard",high,FAIL,missing_ccc_information|battery_safety_concern
CPSC-3319,train,laptop,Suunto D9 and D6 Model Wristop Dive Computers,Suunto Dive Computers Recalled Due to Decompression Hazard,Suunto Oy,Wristop,,06216,false,false,45,unknown,,unknown,unknown,U.S. Consumer Product Safety Commission,fail,false,false,,false,,"CPSC recall 06216 published 2006-07-19. Title: Suunto Dive Computers Recalled Due to Decompression Hazard Product: Suunto D9 and D6 Model Wristop Dive Computers Hazard: These dive computers could incorrectly track dive time, which could cause incorrect calculation of decompression requirements. This could lead to decompression sickness. Incidents/Injuries: None reported Remedy: Consumers should only use these dive computers with backup instrumentation. Consumers should bring the recalled units to the nearest authorized Suunto dealer for a software update to correct the problem. A free battery replacement and pressure testing will be provided as part of the free software update service. All updated products will be marked with an indelible white dot on the back of the unit, or with an engraved ""U"" near the serial number. Source: https://www.cpsc.gov/Recalls/2006/Suunto-Dive-Computers-Recalled-Due-to-Decompression-Hazard",high,FAIL,battery_safety_concern
CPSC-3301,train,laptop,Versa Pro 2A Digital Dive Computer,Oceanic Recalls Digital Dive Computer Due to Decompression Hazard,Oceanic,,,06194,false,false,,unknown,,unknown,unknown,U.S. Consumer Product Safety Commission,fail,,,,false,,"CPSC recall 06194 published 2006-06-22. Title: Oceanic Recalls Digital Dive Computer Due to Decompression Hazard Product: Versa Pro 2A Digital Dive Computer Hazard: When using the dive computer set for ""User Selected Digital Gauge Mode,"" the ""Elapsed Dive Time"" displayed can exceed the actual elapsed time under water. This can cause divers to ascend before fulfilling a decompression obligation, resulting in decompression sickness. Incidents/Injuries: Oceanic has received one report of the dive computers malfunctioning. No injuries have been reported. Remedy: Consumers should discard this recalled product. The remedy is no longer available. Source: https://www.cpsc.gov/Recalls/2006/Oceanic-Recalls-Digital-Dive-Computer-Due-to-Decompression-Hazard",high,FAIL,
CPSC-3284,train,charger,HP Photosmart R707 Digital Cameras,"Hewlett-Packard Company Recalls Digital Cameras Due to Fire Hazard, Offers Download Fix",Hewlett-Packard Company,R707,,06176,false,false,,unknown,,unknown,unknown,U.S. Consumer Product Safety Commission,fail,false,false,,false,,"CPSC recall 06176 published 2006-06-06. Title: Hewlett-Packard Company Recalls Digital Cameras Due to Fire Hazard, Offers Download Fix Product: HP Photosmart R707 Digital Cameras Hazard: The digital camera can cause certain non-rechargeable batteries, such as the Duracell CP-1, to overheat when the camera is connected to an AC adapter or docking station, posing a fire hazard. Incidents/Injuries: HP has received one report of a camera catching fire, damaging the camera and its docking station, and causing minor smoke damage to the room. No injuries have been reported. Remedy: Consumers should stop using the recalled cameras and contact HP as they have developed a firmware update that prevents the camera from applying a charge to a non-rechargeable battery. Consumers can download this update at www.hp.com or contact HP directly. Do not use single-use, non-rechargeable batteries until the firmware has been updated. Consumers are encouraged to update the firmware even if they do not use or intend to use a non-rechargeable battery. Source: https://www.cpsc.gov/Recalls/2006/Hewlett-Packard-Company-Recalls-Digital-Cameras-Due-to-Fire-Hazard-Offers-Download-Fix",high,FAIL,missing_ccc_information|battery_safety_concern
CPSC-3263,train,accessory,Cordless Push Button Toy Telephones,Toy Phones Recalled for Choking Hazard,Marvel Education Co.,,,06152,false,false,,unknown,,unknown,unknown,U.S. Consumer Product Safety Commission,fail,,false,,false,,"CPSC recall 06152 published 2006-05-02. Title: Toy Phones Recalled for Choking Hazard Product: Cordless Push Button Toy Telephones Hazard: The push buttons on the toy phone can detach, posing a choking hazard to young children. Incidents/Injuries: None. Remedy: Consumers should stop using the recalled toy phone immediately and contact the firm for a free replacement toy phone. The replacement toy phone has red push button numbers and red graphics printed on it. Source: https://www.cpsc.gov/Recalls/2006/Toy-Phones-Recalled-for-Choking-Hazard",high,FAIL,
CPSC-3256,train,charger,HP Pavilion and Compaq Notebook Computer Batteries,HP Recalls Notebook Computer Batteries Due to Fire Hazard,Hewlett-Packard Company,Series,,06145,false,false,,unknown,,unknown,unknown,U.S. Consumer Product Safety Commission,fail,false,false,,false,,"CPSC recall 06145 published 2006-04-20. Title: HP Recalls Notebook Computer Batteries Due to Fire Hazard Product: HP Pavilion and Compaq Notebook Computer Batteries Hazard: An internal failure can cause the battery to overheat and melt or char the plastic case, posing a burn and fire hazard. Incidents/Injuries: HP has received 20 reports of batteries overheating, including two in the United States. One minor burn injury has been reported. Eleven cases of minor property damage were reported, including one in the United States. Remedy: Consumers should stop using the ""L3"" coded batteries immediately and contact HP to determine if the specific battery is one of the ones being recalled, and if it is, receive a free replacement battery. After removing the recalled battery from their notebook computer, consumers should plug in the AC adapter to power the notebook until a replacement battery arrives. Source: https://www.cpsc.gov/Recalls/2006/HP-Recalls-Notebook-Computer-Batteries-Due-to-Fire-Hazard",high,FAIL,missing_ccc_information|battery_safety_concern
CPSC-3247,val,laptop,Computer Desk and Chair Set,Computer Desk Set Sold at Office Depot Recalled Due to Risk of Falls,New Focus Marketing Corp.,NF913232,,06135,false,false,,unknown,,unknown,unknown,U.S. Consumer Product Safety Commission,fail,,,,false,,"CPSC recall 06135 published 2006-04-06. Title: Computer Desk Set Sold at Office Depot Recalled Due to Risk of Falls Product: Computer Desk and Chair Set Hazard: The seat on the chair can break and fall through during use, causing an individual to fall and suffer injuries. Incidents/Injuries: New Focus Marketing has received reports of two injuries involving chairs breaking. Injuries include a consumer who received bruises to the arm and shoulder, and another consumer who suffered a minor back injury. Remedy: Consumers should stop using the chair immediately and contact Office Depot to receive a gift card for the full price of the desk set, upon receipt of the chair. Source: https://www.cpsc.gov/Recalls/2006/Computer-Desk-Set-Sold-at-Office-Depot-Recalled-Due-to-Risk-of-Falls",high,FAIL,
CPSC-3234,val,power_bank,Pelican Power Brick Battery Charger,Pelican Power Brick Battery Charger Recalled for Fire and Burn Hazards,Electro Source LLC,PL-6018,,06120,false,false,45,unknown,,unknown,unknown,U.S. Consumer Product Safety Commission,fail,false,false,,false,,"CPSC recall 06120 published 2006-03-28. Title: Pelican Power Brick Battery Charger Recalled for Fire and Burn Hazards Product: Pelican Power Brick Battery Charger Hazard: The battery charger's circuit board can overheat and cause its plastic cover to melt, which poses a fire and burn hazard to consumers. Incidents/Injuries: Electro Source LLC has received 143 reports of the recalled battery charger overheating, includin one report of fire damage. No injuries have been reported. Remedy: Consumers should stop using the battery charger immediately and contact Electro Source LLC to receive a choice of several replacement products. Source: https://www.cpsc.gov/Recalls/2006/Pelican-Power-Brick-Battery-Charger-Recalled-for-Fire-and-Burn-Hazards",high,FAIL,missing_ccc_information|battery_safety_concern
CPSC-3227,test,camera,Various Olympus-Brand 35mm Film Cameras,"Olympus Recalls Film Cameras for Overheating, Poses Burn Hazard",Olympus America Inc.,Brand 35mm,,06112,false,false,45,unknown,,unknown,unknown,U.S. Consumer Product Safety Commission,fail,false,false,,false,,"CPSC recall 06112 published 2006-03-14. Title: Olympus Recalls Film Cameras for Overheating, Poses Burn Hazard Product: Various Olympus-Brand 35mm Film Cameras Hazard: A defect with the flash circuit in these cameras can cause it to smoke and overheat when the camera is turned on. This poses a possible burn hazard to consumers. Incidents/Injuries: Olympus America Inc. has received 21 reports of camera or flash circuitry overheating in the U.S. with no reports of injuries. Remedy: Consumers should stop using these cameras and contact Olympus for information on receiving the free repair for this defect. Source: https://www.cpsc.gov/Recalls/2006/Olympus-Recalls-Film-Cameras-for-Overheating-Poses-Burn-Hazard",high,FAIL,battery_safety_concern
CPSC-3215,train,mobile_phone,iPlay My First Mobile Phones,Toy Mobile Phones Recalled for Choking Hazard,International Playthings Inc.,,,06099,false,false,45,unknown,,unknown,unknown,U.S. Consumer Product Safety Commission,fail,false,false,,false,,"CPSC recall 06099 published 2006-02-28. Title: Toy Mobile Phones Recalled for Choking Hazard Product: iPlay My First Mobile Phones Hazard: The toy phone's yellow antenna can detach, posing a choking hazard to young children. No injuries have been reported. Incidents/Injuries: CPSC and the firm have received one report of the antenna breaking off. No injuries have been reported. Remedy: Consumers should contact the firm to receive information on returning the product to receive a free replacement item of similar value. Source: https://www.cpsc.gov/Recalls/2006/Toy-Mobile-Phones-Recalled-for-Choking-Hazard",high,FAIL,missing_device_identifier|battery_safety_concern
CPSC-3209,train,power_bank,Lithium-Ion batteries in SoundStation2W wireless conference phone,Polycom Inc. Recalls Conference Phone Batteries for Fire Hazard,Polycom Inc.,Code 1520-07803-001,,06092,false,false,45,unknown,,unknown,unknown,U.S. Consumer Product Safety Commission,fail,false,false,,false,,"CPSC recall 06092 published 2006-02-17. Title: Polycom Inc. Recalls Conference Phone Batteries for Fire Hazard Product: Lithium-Ion batteries in SoundStation2W wireless conference phone Hazard: These batteries can overheat, which could pose a fire or burn hazard. Incidents/Injuries: Polycom has received two reports of batteries overheating and causing minor damage to the tables on which the units sat. No injuries have been reported. Remedy: Customers should remove the battery pack from their SoundStation2W unit immediately. Once the batteries are removed, customers can still use their conference phone by keeping the charger plugged into the unit. Customers should not attempt to use other batteries in the unit. Consumers should contact Polycom Inc. for information on receiving a free replacement battery. Source: https://www.cpsc.gov/Recalls/2006/Polycom-Inc-Recalls-Conference-Phone-Batteries-for-Fire-Hazard",high,FAIL,missing_ccc_information|battery_safety_concern
CPSC-3193,train,router,Porter-Cable 890 Series Routers,"CPSC, Porter-Cable Announce Recall to Repair Routers",Porter-Cable,Porter-Cable,,06072,false,false,,unknown,,unknown,unknown,U.S. Consumer Product Safety Commission,fail,,,,false,,"CPSC recall 06072 published 2006-01-24. Title: CPSC, Porter-Cable Announce Recall to Repair Routers Product: Porter-Cable 890 Series Routers Hazard: The motor coil insulation can be worn away by vibration from the motor, which could pose a shock hazard. Incidents/Injuries: No incidents or injuries have been reported. Remedy: Consumers should stop using the recalled routers immediately and contact Porter-Cable for a free inspection, and repair, if necessary. Source: https://www.cpsc.gov/Recalls/2006/CPSC-Porter-Cable-Announce-Recall-to-Repair-Routers",high,FAIL,
CPSC-3178,train,charger,Dell Notebook Computer Batteries,"CPSC, Dell Announce Recall of Notebook Computer Batteries",Dell Inc.,D410,,06056,false,false,,unknown,,unknown,unknown,U.S. Consumer Product Safety Commission,fail,false,false,,false,,"CPSC recall 06056 published 2005-12-16. Title: CPSC, Dell Announce Recall of Notebook Computer Batteries Product: Dell Notebook Computer Batteries Hazard: These batteries can overheat, which could pose a fire risk. Incidents/Injuries: Dell has received three reports of batteries overheating. The incidents involved damage to a tabletop, a desktop, and minor damage to personal effects. No injuries have been reported. Remedy: Customers should contact Dell to determine if their notebook computer battery is part of this recall. If it is, consumers should immediately stop using the battery as a power source for their notebook computer. Dell will provide a free replacement battery. Source: https://www.cpsc.gov/Recalls/2006/CPSC-Dell-Announce-Recall-of-Notebook-Computer-Batteries",high,FAIL,missing_ccc_information|battery_safety_concern
CPSC-3141,train,power_bank,HP and Compaq Notebook Computer Battery Packs,"CPSC, Hewlett-Packard Company Announce Recall of Notebook Computer Batteries",Hewlett-Packard Company,March 2004,,06007,false,false,45,unknown,,unknown,unknown,U.S. Consumer Product Safety Commission,fail,false,false,,false,,"CPSC recall 06007 published 2005-10-14. Title: CPSC, Hewlett-Packard Company Announce Recall of Notebook Computer Batteries Product: HP and Compaq Notebook Computer Battery Packs Hazard: An internal short can cause the battery cells to overheat and melt or char the plastic case, posing a burn and fire hazard. Incidents/Injuries: HP has received 16 reports of batteries overheating, including four in the U.S. No injuries have been reported. Four cases of minor property damage were reported, including one in the U.S. Remedy: Consumers should stop using the recalled batteries immediately and contact HP to arrange for a free replacement battery, by visiting the Battery Replacement program Web site or by calling HP. After removing the recalled battery for their notebook computer, consumers should plug in the AC adapter to power the notebook until a replacement battery arrives. Source: https://www.cpsc.gov/Recalls/2006/CPSC-Hewlett-Packard-Company-Announce-Recall-of-Notebook-Computer-Batteries",high,FAIL,missing_ccc_information|battery_safety_concern
CPSC-2959,train,charger,Hi-Capacity® rechargeable notebook computer batteries,"CPSC, Battery-Biz Announce Recall of Notebook Computer Batteries",Battery-Biz® Inc.,B-5301,,05204,false,false,,unknown,,unknown,unknown,U.S. Consumer Product Safety Commission,fail,false,false,,false,,"CPSC recall 05204 published 2005-06-22. Title: CPSC, Battery-Biz Announce Recall of Notebook Computer Batteries Product: Hi-Capacity® rechargeable notebook computer batteries Hazard: An internal short can cause the battery cells to overheat, posing a fire hazard to consumers. Incidents/Injuries: Battery-Biz® has received six reports of batteries overheating and melting. Remedy: Consumers should stop using the recalled batteries immediately and contact Battery-Biz® to arrange for a replacement battery, free of charge. After removing the recalled battery for their notebook computer, consumers can continue to use it with the AC power adapter until a replacement battery arrives. Source: https://www.cpsc.gov/Recalls/2005/CPSC-Battery-Biz-Announce-Recall-of-Notebook-Computer-Batteries",high,FAIL,missing_ccc_information|battery_safety_concern
CPSC-2948,train,charger,PowMax™ battery chargers sold with certain Razor™ battery-powered scooters and ride-on vehicles,"CPSC, Razor USA Announce Recall of PowMax Battery Chargers Sold with Razor Electric Scooters, Motorcycles and Go Karts",Leadman Electronic Co.,E300,,05194,false,false,,unknown,,unknown,unknown,U.S. Consumer Product Safety Commission,fail,false,false,,false,,"CPSC recall 05194 published 2005-06-14. Title: CPSC, Razor USA Announce Recall of PowMax Battery Chargers Sold with Razor Electric Scooters, Motorcycles and Go Karts Product: PowMax™ battery chargers sold with certain Razor™ battery-powered scooters and ride-on vehicles Hazard: The battery charger can overheat and cause minor burns when touched. Also, nearby items can become damaged by the hot chargers. Incidents/Injuries: Razor USA has received 144 reports of battery chargers overheating. There have been no reports of injuries and six reports of minor property damage, such as a melted spot on a linoleum floor. Remedy: Consumers should stop using the battery charger and contact Razor for a free replacement. Razor model E300, E300S, E200, and E200S scooters will be repaired as part of another recall announced today. Source: https://www.cpsc.gov/Recalls/2005/CPSC-Razor-USA-Announce-Recall-of-PowMax-Battery-Chargers-Sold-with-Razor-Electric-Scooters-Motorcycles-and-Go-Karts",high,FAIL,missing_ccc_information|battery_safety_concern
CPSC-3102,val,charger,AC power adapters sold with Go!Data 3.5-inch Hard Drive Enclosures,"CPSC, Cables To Go Announce Recall of Power Adapters Sold with Go!Data Drive Enclosures",Cables To Go,,,05576,false,false,,unknown,,unknown,unknown,U.S. Consumer Product Safety Commission,fail,false,false,,false,,"CPSC recall 05576 published 2005-05-31. Title: CPSC, Cables To Go Announce Recall of Power Adapters Sold with Go!Data Drive Enclosures Product: AC power adapters sold with Go!Data 3.5-inch Hard Drive Enclosures Hazard: A component inside the adapters can overheat, posing a risk of fire or electrical shock. Incidents/Injuries: Cables To Go has received five reports of adapters overheating, including one report of the carpet beneath the adapter being damaged. No injuries have been reported. Remedy: Consumers should unplug the AC adapter from the electrical outlet and stop using the product immediately. Contact Cables To Go for information on receiving a free replacement unit. Source: https://www.cpsc.gov/Recalls/2005/CPSC-Cables-To-Go-Announce-Recall-of-Power-Adapters-Sold-with-GoData-Drive-Enclosures",high,FAIL,missing_ccc_information|battery_safety_concern
CPSC-2934,val,charger,Rechargeable batteries for iBook G4 and PowerBook G4 computers,"CPSC, Apple Announce Recall of iBook and PowerBook Computer Batteries",Apple Computer Inc.,Battery,,05179,false,false,,unknown,,unknown,unknown,U.S. Consumer Product Safety Commission,fail,false,false,,false,,"CPSC recall 05179 published 2005-05-20. Title: CPSC, Apple Announce Recall of iBook and PowerBook Computer Batteries Product: Rechargeable batteries for iBook G4 and PowerBook G4 computers Hazard: An internal short can cause the battery cells to overheat, posing a fire hazard to consumers. Incidents/Injuries: Apple has received six reports worldwide of batteries overheating, including two reports in the United States. Remedy: Consumers should stop using the recalled batteries immediately and contact Apple to arrange for a replacement battery, free of charge. After removing the recalled battery from their iBook or PowerBook, consumers should plug in the AC adapter to power the computer until a replacement battery arrives. Source: https://www.cpsc.gov/Recalls/2005/CPSC-Apple-Announce-Recall-of-iBook-and-PowerBook-Computer-Batteries",high,FAIL,missing_ccc_information|battery_safety_concern
CPSC-2883,test,laptop,SCUBA Diving Computers,"CPSC, Head USA Inc. Announce Recall of SCUBA Diving Computers",HTM Sports S.p.A.,,,05118,false,false,,unknown,,unknown,unknown,U.S. Consumer Product Safety Commission,fail,,,,false,,"CPSC recall 05118 published 2005-02-22. Title: CPSC, Head USA Inc. Announce Recall of SCUBA Diving Computers Product: SCUBA Diving Computers Hazard: The dive computers were improperly calibrated, resulting in incorrect calculations. Diving with an improperly calibrated dive computer can provide inaccurate ""No Decompression (no stop) Time,"" ""Decompression Time,"" ""Desaturation Time"" and ""No Fly Time."" This could result in divers suffering serious injuries, including decompression sickness. Incidents/Injuries: Head USA received one report of a computer malfunction. No injuries were reported. Remedy: Consumers should immediately stop using these recalled diving computers and return the computers to an authorized Dacor dealer for a free repair. Source: https://www.cpsc.gov/Recalls/2005/CPSC-Head-USA-Inc-Announce-Recall-of-SCUBA-Diving-Computers-",high,FAIL,
CPSC-2838,train,charger,AC power adapters for Psion Teklogix notebook computers,"CPSC, Psion Teklogix Corp. Announce Recall of AC Power Adapters",Psion Teklogix Corp.,,,05070,false,false,,unknown,,unknown,unknown,U.S. Consumer Product Safety Commission,fail,false,false,,false,,"CPSC recall 05070 published 2004-12-14. Title: CPSC, Psion Teklogix Corp. Announce Recall of AC Power Adapters Product: AC power adapters for Psion Teklogix notebook computers Hazard: The adapters can overheat, posing a fire hazard to consumers. Incidents/Injuries: Psion Teklogix has received nine reports of overheating, though no injuries have been reported. Remedy: Consumers should stop using the adapters immediately and contact Psion Teklogix to receive a free replacement unit. Source: https://www.cpsc.gov/Recalls/2005/CPSC-Psion-Teklogix-Corp-Announce-Recall-of-AC-Power-Adapters-",high,FAIL,missing_ccc_information|battery_safety_concern
CPSC-3032,train,charger,Batteries in Kyocera Wireless Corp. Cell Phones,"CPSC, Kyocera Wireless Corp. Announce Recall of Cell Phone Batteries",Hecmma Group,Battery,,05505,false,false,,unknown,,unknown,unknown,U.S. Consumer Product Safety Commission,fail,false,false,,false,,"CPSC recall 05505 published 2004-10-28. Title: CPSC, Kyocera Wireless Corp. Announce Recall of Cell Phone Batteries Product: Batteries in Kyocera Wireless Corp. Cell Phones Hazard: Some of the cell phone batteries supplied by the battery manufacturer may be counterfeit. This can cause the batteries to short-circuit, overheat and pose burn hazard to consumers. Incidents/Injuries: Kyocera has received 14 reports of battery failures, resulting in smoke and minor property damage. Two minor burn injuries have been reported. Remedy: Consumers should immediately stop using the recalled batteries in their cell phones. Kyocera will contact consumers directly to arrange for delivery of a free replacement battery. If consumers with recalled batteries are not contacted by Kyocera, they should call the company to receive a free replacement battery. The batteries should be stored in an environment with non-flammable materials. Source: https://www.cpsc.gov/Recalls/2005/CPSC-Kyocera-Wireless-Corp-Announce-Recall-of-Cell-Phone-Batteries-",high,FAIL,missing_ccc_information|battery_safety_concern|suspected_counterfeit
CPSC-2791,train,charger,AC adapters used with notebook personal computers,"CPSC, Dell Inc. Announce Recall of AC Adapters for Notebook Computers",Delta Electronics Inc.,C500,,05004,false,false,,unknown,,unknown,unknown,U.S. Consumer Product Safety Commission,fail,false,false,,false,,"CPSC recall 05004 published 2004-10-08. Title: CPSC, Dell Inc. Announce Recall of AC Adapters for Notebook Computers Product: AC adapters used with notebook personal computers Hazard: The adapters can overheat, posing a risk of fire and electrical shock hazards to consumers. Incidents/Injuries: Dell has received seven reports of incidents of adapters overheating, though no injuries have been reported. Remedy: Consumers with these adapters should immediately contact Dell to determine if they are included in this recall. Not all adapters listed above are being recalled. Dell will send consumers with recalled adapters a free replacement adapter. Source: https://www.cpsc.gov/Recalls/2005/CPSC-Dell-Inc-Announce-Recall-of-AC-Adapters-for-Notebook-Computers-",high,FAIL,missing_ccc_information|battery_safety_concern
CPSC-2679,train,charger,AC Power Adapters,"CPSC, IBM Announce Recall of AC Adapters for Notebook Computers",Delta Electronics Inc.,,,04208,false,false,,unknown,,unknown,unknown,U.S. Consumer Product Safety Commission,fail,false,false,,false,,"CPSC recall 04208 published 2004-09-02. Title: CPSC, IBM Announce Recall of AC Adapters for Notebook Computers Product: AC Power Adapters Hazard: The adapters can overheat, cause damage to the circuit board and melt through the housing, which poses a fire and electrical shock hazard to consumers. Incidents/Injuries: IBM has received six reports of incidents, including some with minor property damage. No injuries have been reported. Remedy: Consumers should unplug the recalled adapters from the wall outlet immediately and contact IBM for a free replacement unit. Source: https://www.cpsc.gov/Recalls/2004/CPSC-IBM-Announce-Recall-of-AC-Adapters-for-Notebook-Computers-",high,FAIL,missing_ccc_information|battery_safety_concern
CPSC-2672,train,charger,Rechargeable batteries used in 15-inch Apple PowerBook G4 computers,"CPSC, Apple Announce Recall of PowerBook Computer Batteries",Apple Computer Inc.,A1045,,04201,false,false,,unknown,,unknown,unknown,U.S. Consumer Product Safety Commission,fail,false,false,,false,,"CPSC recall 04201 published 2004-08-19. Title: CPSC, Apple Announce Recall of PowerBook Computer Batteries Product: Rechargeable batteries used in 15-inch Apple PowerBook G4 computers Hazard: An internal short can cause the battery cells to overheat, posing a fire hazard to consumers. Incidents/Injuries: Apple has received four reports of batteries overheating, though no injuries have been reported. Remedy: Consumers should stop using the recalled batteries immediately and contact Apple to arrange for a replacement battery, free of charge. Source: https://www.cpsc.gov/Recalls/2004/CPSC-Apple-Announce-Recall-of-PowerBook-Computer-Batteries-",high,FAIL,missing_ccc_information|battery_safety_concern
CPSC-2759,train,charger,Dell power adapters for notebook computers,"CPSC, Dell Inc. Announce Recall of Power Adapters for Notebook Computers",Dell Inc.,D400,,04560,false,false,,unknown,,unknown,unknown,U.S. Consumer Product Safety Commission,fail,false,false,,false,,"CPSC recall 04560 published 2004-07-01. Title: CPSC, Dell Inc. Announce Recall of Power Adapters for Notebook Computers Product: Dell power adapters for notebook computers Hazard: Using power cords not intended for these adapters can pose a shock hazard. Incidents/Injuries: None reported. Remedy: Free retrofit kits are provided by the manufacturer. These retrofit kits will prevent incorrect cables from being connected to the adapters. In the meantime, consumers should only use the power cables intended for these adapters. Source: https://www.cpsc.gov/Recalls/2004/CPSC-Dell-Inc-Announce-Recall-of-Power-Adapters-for-Notebook-Computers",high,FAIL,missing_ccc_information|battery_safety_concern
CPSC-2758,train,charger,Counterfeit LG-branded TM-510 Cell Phone Batteries,"CPSC, Verizon Wireless Announce Recall of Counterfeit Cell Phone Batteries",Verizon Wireless,TM-510,,04559,false,false,,unknown,,unknown,unknown,U.S. Consumer Product Safety Commission,fail,false,false,,false,,"CPSC recall 04559 published 2004-06-24. Title: CPSC, Verizon Wireless Announce Recall of Counterfeit Cell Phone Batteries Product: Counterfeit LG-branded TM-510 Cell Phone Batteries Hazard: Some LG-branded TM-510 batteries may be counterfeit and susceptible to overcharging, especially if used with a non-LG charger. LG Infocomm U.S.A. Inc. states that these are counterfeit LG-branded batteries, which do not contain a safety device in the circuitry, to prevent overcharging. In turn, the counterfeit batteries can overheat, posing a fire and burn hazard to users. Incidents/Injuries: Verizon Wireless has received 18 reports of incidents involving counterfeit batteries, including injuries to users and property damage. Remedy: Consumers with a LG TM510 cell phone battery having one of the identified manufacturer/date codes and purchased from Verizon Wireless should stop charging the battery immediately and contact Verizon Wireless to receive a replacement battery. Verizon Wireless is sending letters directly to consumers notifying them of this hazard. Source: https://www.cpsc.gov/Recalls/2004/CPSC-Verizon-Wireless-Announce-Recall-of-Counterfeit-Cell-Phone-Batteries",high,FAIL,missing_ccc_information|battery_safety_concern|suspected_counterfeit
CPSC-2636,val,power_bank,Reedy Quasar Pro Battery Charger (charges batteries used to power remote control race cars),"CPSC, Associated Electrics Inc. Announce Recall of Battery Chargers for Radio Control Race Cars",Associated Electrics Inc.,,,04160,false,false,45,unknown,,unknown,unknown,U.S. Consumer Product Safety Commission,fail,false,false,,false,,"CPSC recall 04160 published 2004-06-15. Title: CPSC, Associated Electrics Inc. Announce Recall of Battery Chargers for Radio Control Race Cars Product: Reedy Quasar Pro Battery Charger (charges batteries used to power remote control race cars) Hazard: A defective fuse and program error in the charger can cause the battery packs being charged to overheat and explode, posing a risk of serious injury to consumers. Incidents/Injuries: Associated Electrics has received three reports of incidents involving exploding battery cells. One consumer sustained a bruised hand, while another received an eye injury from flying debris. Remedy: Consumers should stop using the charger immediately and contact Associated Electrics to receive a free repair. Source: https://www.cpsc.gov/Recalls/2004/CPSC-Associated-Electrics-Inc-Announce-Recall-of-Battery-Chargers-for-Radio-Control-Race-Cars-",high,FAIL,missing_ccc_information|battery_safety_concern
CPSC-2580,val,charger,Wagner cordless drill charger base,"CPSC, Wagner Spray Tech Corporation Announce Recall of Drill Charger Base",Wagner Spray Tech Corp.,W96DK,,04091,false,false,,unknown,,unknown,unknown,U.S. Consumer Product Safety Commission,fail,false,false,,false,,"CPSC recall 04091 published 2004-03-02. Title: CPSC, Wagner Spray Tech Corporation Announce Recall of Drill Charger Base Product: Wagner cordless drill charger base Hazard: A defective battery can cause the charger base to overheat, causing the base to melt and possibly burn nearby objects. Incidents/Injuries: Wagner Spray Tech has received 11 reports of the charger base melting, causing minor property damage. No injuries have been reported. Remedy: Stop using the charger base and contact Wagner Spray Tech for information on receiving a replacement charger base. Source: https://www.cpsc.gov/Recalls/2004/CPSC-Wagner-Spray-Tech-Corporation-Announce-Recall-of-Drill-Charger-Base-",high,FAIL,missing_ccc_information|battery_safety_concern
CPSC-2736,test,camera,ADEMCO Rapid/Dome security camera,"CPSC, Honeywell Video System Announce Recall of Security Camera",Video Controls Ltd.,G01,,04537,false,false,45,unknown,,unknown,unknown,U.S. Consumer Product Safety Commission,fail,false,false,,false,,"CPSC recall 04537 published 2004-02-26. Title: CPSC, Honeywell Video System Announce Recall of Security Camera Product: ADEMCO Rapid/Dome security camera Hazard: The security camera's plastic mounting assembly can crack, allowing the dome and the camera to fall from the wall or ceiling, possibly injuring someone. Incidents/Injuries: Honeywell received one report of the camera assembly falling from the ceiling. No injuries. Remedy: Contact Honeywell Video Systems to arrange for free repair of the security camera's mounting assembly. Source: https://www.cpsc.gov/Recalls/2004/CPSC-Honeywell-Video-System-Announce-Recall-of-Security-Camera-",high,FAIL,battery_safety_concern
CPSC-2559,train,charger,Batteries in Kyocera Cell Phones (Model 7135 Smartphones),"CPSC, Kyocera Wireless Corp. Announce Recall of Batteries in Smartphone Cell Phones",Coslight International Group,7135,,04068,false,false,,unknown,,unknown,unknown,U.S. Consumer Product Safety Commission,fail,false,false,,false,,"CPSC recall 04068 published 2004-01-23. Title: CPSC, Kyocera Wireless Corp. Announce Recall of Batteries in Smartphone Cell Phones Product: Batteries in Kyocera Cell Phones (Model 7135 Smartphones) Hazard: The recalled batteries can short-circuit and erupt with force or emit excessive heat, posing a burn hazard to consumers. Incidents/Injuries: Kyocera Wireless Corp. has received four reports of battery failures, including one minor burn injury. Remedy: Consumers with the recalled units should immediately stop using the battery in the cell phone. Kyocera Wireless will contact consumers to arrange for delivery of a free replacement battery. If consumers are not contacted by Kyocera by Feb. 6, they are asked to contact the firm to receive the free replacement battery. The batteries should be stored in an environment with non-flammable materials. Source: https://www.cpsc.gov/Recalls/2004/CPSC-Kyocera-Wireless-Corp-Announce-Recall-of-Batteries-in-Smartphone-Cell-Phones-",high,FAIL,missing_ccc_information|battery_safety_concern
CPSC-2712,train,mobile_phone,GPS2000 MobilePAL+GPS Safety and Security Phones,"CPSC, SecureAlert Announce Recall of Safety and Security Phones",SecureAlert Inc.,GPS2000,,04513,false,false,45,unknown,,unknown,unknown,U.S. Consumer Product Safety Commission,fail,false,false,,false,,"CPSC recall 04513 published 2003-11-18. Title: CPSC, SecureAlert Announce Recall of Safety and Security Phones Product: GPS2000 MobilePAL+GPS Safety and Security Phones Hazard: Using the test button can result in the battery being drained without the user's knowledge. Without battery power, the phone is unable to call for assistance in an emergency. Incidents/Injuries: SecureAlert has received 10 reports of batteries being exhausted as a result of this problem. No injuries have been reported. Remedy: Call SecureAlert to arrange a free replacement. SecureAlert is directly contacting owners of these products. Until the replacement phone is received, consumers should refrain from using the test button on their recalled phone. Source: https://www.cpsc.gov/Recalls/2004/CPSC-SecureAlert-Announce-Recall-of-Safety-and-Security-Phones",high,FAIL,battery_safety_concern
CPSC-2448,train,charger,Sony VAIO notebook computers,"CPSC, Sony Electronics Inc. Announce Recall of Certain VAIO Notebook Computers",Sony Corp.,FRV25,,03197,false,false,,unknown,,unknown,unknown,U.S. Consumer Product Safety Commission,fail,false,false,,false,,"CPSC recall 03197 published 2003-09-25. Title: CPSC, Sony Electronics Inc. Announce Recall of Certain VAIO Notebook Computers Product: Sony VAIO notebook computers Hazard: Users could receive a mild electric shock, when the recalled computers are connected to a phone line and the phone rings. Incidents/Injuries: None reported. Remedy: Consumers with VAIO notebooks included in the recall should disconnect their modem from the phone line immediately, and contact Sony to arrange for a free repair. Sony also will extend the current limited warranty for repaired products to 2 years from date of original purchase. Source: https://www.cpsc.gov/Recalls/2003/CPSC-Sony-Electronics-Inc-Announce-Recall-of-Certain-VAIO-Notebook-Computers",high,FAIL,missing_ccc_information|battery_safety_concern
CPSC-2435,train,mobile_phone,"""OnQ"" Telephone Line-Sharing Devices","CPSC, OnQ Technologies Announce Recall of Telephone Line-Sharing Devices",OnQ Technologies,of 2003,,03181,false,false,,unknown,,unknown,unknown,U.S. Consumer Product Safety Commission,fail,,,,false,,"CPSC recall 03181 published 2003-09-10. Title: CPSC, OnQ Technologies Announce Recall of Telephone Line-Sharing Devices Product: ""OnQ"" Telephone Line-Sharing Devices Hazard: A security system connected to this device could be prevented from notifying emergency personnel of a hazard. The delay could cause consumers to suffer injuries. Incidents/Injuries: None reported. Remedy: Consumers should contact OnQ to receive a free replacement of the telephone line-sharing device. Source: https://www.cpsc.gov/Recalls/2003/CPSC-OnQ-Technologies-Announce-Recall-of-Telephone-Line-Sharing-Devices-",high,FAIL,
CPSC-2419,train,laptop,UWATEC Smart Dive Computers,"CPSC, UWATEC Announce Recall of Smart Dive Computers",UWATEC AG,,,03163,false,false,,unknown,,unknown,unknown,U.S. Consumer Product Safety Commission,fail,,,,false,,"CPSC recall 03163 published 2003-07-17. Title: CPSC, UWATEC Announce Recall of Smart Dive Computers Product: UWATEC Smart Dive Computers Hazard: The computer's alert signal system may not work properly and the computer screen may freeze. This may cause inaccurate information to be displayed, such as water depth, tank pressure, and ascent rate, posing a risk to the safety of a diver. Incidents/Injuries: The firm has received two reports of the dive computers not working properly, though no injuries have been reported. Remedy: Consumers should contact UWATEC for a free replacement unit. Source: https://www.cpsc.gov/Recalls/2003/CPSC-UWATEC-Announce-Recall-of-Smart-Dive-Computers-",high,FAIL,
CPSC-2372,train,router,1-1/2 HP Craftsman® Electric Router,"CPSC, OWT Industries Inc. and Sears Announce Recall of Electric Routers Used in Woodworking",OWT Industries,315.17510,,03100,false,false,,unknown,,unknown,unknown,U.S. Consumer Product Safety Commission,fail,,,,false,,"CPSC recall 03100 published 2003-03-27. Title: CPSC, OWT Industries Inc. and Sears Announce Recall of Electric Routers Used in Woodworking Product: 1-1/2 HP Craftsman® Electric Router Hazard: The on-off switch on the routers could stick in the ""on"" position, posing a risk of serious lacerations to the operator and bystanders. Incidents/Injuries: Sears has not received any reports of injuries or incidents. This recall is being conducted to prevent the possibility of injury. Remedy: Consumers should stop using these routers immediately and return them to their nearest Sears store for a product exchange. Source: https://www.cpsc.gov/Recalls/2003/CPSC-OWT-Industries-Inc-and-Sears-Announce-Recall-of-Electric-Routers-Used-in-Woodworking-",high,FAIL,
CPSC-2368,train,charger,Detachable plugs on Targus power adapters,"CPSC, Comarco Inc. Announce Recall to Replace Detachable Plugs On Power Adapters",Comarco Inc.,with 70-watt,,03097,false,false,,unknown,,unknown,unknown,U.S. Consumer Product Safety Commission,fail,false,false,,false,,"CPSC recall 03097 published 2003-03-20. Title: CPSC, Comarco Inc. Announce Recall to Replace Detachable Plugs On Power Adapters Product: Detachable plugs on Targus power adapters Hazard: The plug can break open and expose live wires, posing an electrocution or electric shock hazard to consumers. Incidents/Injuries: Comarco has received 12 reports of the plugs breaking open, though no injuries have been reported. Remedy: Consumers should stop using the AC plugs immediately and contact Comarco to obtain a free replacement plug. Source: https://www.cpsc.gov/Recalls/2003/CPSC-Comarco-Inc-Announce-Recall-to-Replace-Detachable-Plugs-On-Power-Adapters-",high,FAIL,missing_ccc_information|battery_safety_concern
CPSC-2361,val,laptop,IBM G51 CRT (Cathode Ray Tube) and G51t Touch Screen CRT Computer Monitors,"CPSC, IBM Announce Recall to Repair Computer Monitors",IBM,G51,,03088,false,false,45,unknown,,unknown,unknown,U.S. Consumer Product Safety Commission,fail,false,false,,false,,"CPSC recall 03088 published 2003-03-04. Title: CPSC, IBM Announce Recall to Repair Computer Monitors Product: IBM G51 CRT (Cathode Ray Tube) and G51t Touch Screen CRT Computer Monitors Hazard: The monitor's circuit board can overheat and smoke, posing a fire hazard to consumers. Incidents/Injuries: IBM has received five reports of monitors overheating and smoking, including one report of minor property damage. No injuries have been reported. Remedy: Consumers should stop using these monitors immediately and contact the IBM Repair Center at (800) 426-7378 anytime for a free inspection and repair or replacement. Source: https://www.cpsc.gov/Recalls/2003/CPSC-IBM-Announce-Recall-to-Repair-Computer-Monitors-",high,FAIL,battery_safety_concern
CPSC-2355,val,charger,Skil® Warrior drill battery chargers,"CPSC, Robert Bosch Tool Corp. Announce Recall of Skil® Warrior Drill Battery Chargers",Robert Bosch Tool Corp.,,,03082,false,false,,unknown,,unknown,unknown,U.S. Consumer Product Safety Commission,fail,false,false,,false,,"CPSC recall 03082 published 2003-02-14. Title: CPSC, Robert Bosch Tool Corp. Announce Recall of Skil® Warrior Drill Battery Chargers Product: Skil® Warrior drill battery chargers Hazard: The transformer inside the charger can overheat. If this occurs, the charger housing can melt and deform, possibly igniting flammable materials near or on the charger. Incidents/Injuries: Robert Bosch Tool Corp. has received one report of a charger causing a fire that resulted in property damage, and 160 reports of chargers overheating. Remedy: Consumers should unplug the charger immediately. Consumers will receive a $25.00 rebate towards the purchase of any Skil® power tool. Source: https://www.cpsc.gov/Recalls/2003/CPSC-Robert-Bosch-Tool-Corp-Announce-Recall-of-Skil-Warrior-Drill-Battery-Chargers-",high,FAIL,missing_ccc_information|battery_safety_concern
CPSC-2462,test,charger,Nickel Zinc Battery Chargers,"CPSC, Evercel Announce Recall of Nickel Zinc Battery Chargers",Evercel Inc.,M100-12V-12.5A-110,,03509,false,false,,unknown,,unknown,unknown,U.S. Consumer Product Safety Commission,fail,false,false,,false,,"CPSC recall 03509 published 2002-11-19. Title: CPSC, Evercel Announce Recall of Nickel Zinc Battery Chargers Product: Nickel Zinc Battery Chargers Hazard: Internal electrical components of the battery chargers can overheat, posing a fire hazard. Incidents/Injuries: There have been three reports of these battery chargers overheating and melting, causing minor property damage. No injuries have been reported. Remedy: Consumers should stop using these battery chargers immediately and discard them in accordance with local laws. Source: https://www.cpsc.gov/Recalls/2003/CPSC-Evercel-Announce-Recall-of-Nickel-Zinc-Battery-Chargers-",high,FAIL,missing_ccc_information|battery_safety_concern
CPSC-2221,train,camera,2000-Model Digital Cameras,"CPSC, Nikon Inc. Announce Recall of Coolpix 2000-Model Digital Cameras",Nikon Inc.,Digital,,02253,false,false,45,unknown,,unknown,unknown,U.S. Consumer Product Safety Commission,fail,false,false,,false,,"CPSC recall 02253 published 2002-09-19. Title: CPSC, Nikon Inc. Announce Recall of Coolpix 2000-Model Digital Cameras Product: 2000-Model Digital Cameras Hazard: A short circuit can occur in the battery compartment, creating a possible thermal burn hazard to consumers, if the battery compartment lid is touched. Incidents/Injuries: Nikon has received 14 reports of these cameras shorting, but none occurred in the United States. No injuries have been reported. Minor heat damage to the battery compartment has been reported. Remedy: Consumers with a recalled Nikon Coolpix 2000 camera should immediately remove the batteries and contact Nikon to receive a free replacement Coolpix 2000 digital camera. Source: https://www.cpsc.gov/Recalls/2002/CPSC-Nikon-Inc-Announce-Recall-of-Coolpix-2000-Model-Digital-Cameras-",high,FAIL,battery_safety_concern
CPSC-2218,train,charger,Battery Chargers,"CPSC, Chargetek Announce Recall of Battery Chargers",Chargetek Inc.,CT2000,,02250,false,false,,unknown,,unknown,unknown,U.S. Consumer Product Safety Commission,fail,false,false,,false,,"CPSC recall 02250 published 2002-09-12. Title: CPSC, Chargetek Announce Recall of Battery Chargers Product: Battery Chargers Hazard: A manufacturing defect inside the charger can cause overheating of internal connections or external wiring, presenting a fire hazard. Incidents/Injuries: Chargetek has received three reports of fires involving the CT- 2000. The fires were contained to the charger with minor soot damage to nearby materials. No injuries have been reported. Remedy: Consumers should stop using and disconnect the AC power and the batteries from the chargers immediately. To arrange for a free replacement, consumers should contact Chargetek. Source: https://www.cpsc.gov/Recalls/2002/CPSC-Chargetek-Announce-Recall-of-Battery-Chargers-",high,FAIL,missing_ccc_information|battery_safety_concern
CPSC-2214,train,camera,DC5000-model Digital Cameras,"CPSC, Eastman Kodak Company Announce Recall of DC5000-Model Digital Cameras",Eastman Kodak Company,Digital,,02246,false,false,,unknown,,unknown,unknown,U.S. Consumer Product Safety Commission,fail,,,,false,,"CPSC recall 02246 published 2002-09-09. Title: CPSC, Eastman Kodak Company Announce Recall of DC5000-Model Digital Cameras Product: DC5000-model Digital Cameras Hazard: Due to a manufacturing defect, consumers using these cameras can suffer an electrical shock. Incidents/Injuries: Kodak has received 12 reports, including six in the U.S., of consumers who experienced an electrical shock while changing batteries, or installing or removing the memory card or USB cable. There have been no reports of serious injury. Remedy: Consumers should immediately stop using the Kodak DC5000 Zoom Digital Camera and contact Kodak. The company will cover the cost of inspection, any necessary repair and shipping to and from Kodak repair centers. To receive a postage-paid mailer to return your camera, or for more information, contact Kodak. Source: https://www.cpsc.gov/Recalls/2002/CPSC-Eastman-Kodak-Company-Announce-Recall-of-DC5000-Model-Digital-Cameras-",high,FAIL,
CPSC-2177,train,laptop,SCUBAPRO/UWATEC™ dive computer consoles with U-Line™ submersible pressure gauges,"CPSC, Johnson Outdoors Inc. Announce Recall of SCUBAPRO/UWATEC™ Dive Computer Consoles",Johnson Outdoors Inc.,PG 1166,,02205,false,false,,unknown,,unknown,unknown,U.S. Consumer Product Safety Commission,fail,,,,false,,"CPSC recall 02205 published 2002-07-18. Title: CPSC, Johnson Outdoors Inc. Announce Recall of SCUBAPRO/UWATEC™ Dive Computer Consoles Product: SCUBAPRO/UWATEC™ dive computer consoles with U-Line™ submersible pressure gauges Hazard: The U-Line™ submersible pressure gauge that is part of the dive consoles can malfunction and display inaccurate pressure readings. Divers using the consoles could fail to decompress properly during a dive, causing decompression sickness. Incidents/Injuries: CPSC and Johnson Outdoors Inc. have received four reports of the pressure gauge malfunctioning. No injuries have been reported. Remedy: Consumers should stop using the recalled consoles immediately and contact SCUBAPRO/UWATEC. Consumers should send the console to SCUBAPRO/UWATEC, Attention: Tech Services/U-Line PG 1166 Fesler Street, El Cajon, CA 92020, to receive a replacement pressure gauge. Source: https://www.cpsc.gov/Recalls/2002/CPSC-Johnson-Outdoors-Inc-Announce-Recall-of-SCUBAPROUWATEC-Dive-Computer-Consoles-",high,FAIL,
CPSC-2144,train,charger,Speaker power adapters,"CPSC, Philips Electronics Announce Recall of Speaker Power Adapters Sold with HP Computers",Philips Electronics,P1534-60001,,02161,false,false,,unknown,,unknown,unknown,U.S. Consumer Product Safety Commission,fail,false,false,,false,,"CPSC recall 02161 published 2002-05-16. Title: CPSC, Philips Electronics Announce Recall of Speaker Power Adapters Sold with HP Computers Product: Speaker power adapters Hazard: The speaker power adapter's power cord connector is not grounded, posing a potential shock hazard to consumers. Incidents/Injuries: HP received one report of a Philips speaker power adapter plug that was not grounded, which was discovered by a consumer during an electrical inspection. No injuries have been reported. Remedy: Consumers should unplug the T-junction plug immediately and stop using the speakers. Consumers should contact Philips Electronics for a free replacement speaker power adapter. Source: https://www.cpsc.gov/Recalls/2002/CPSC-Philips-Electronics-Announce-Recall-of-Speaker-Power-Adapters-Sold-with-HP-Computers-",high,FAIL,missing_ccc_information|battery_safety_concern
CPSC-2139,train,power_bank,Power Plus automotive chargers,"CPSC, Milwaukee Tool Corp. Announce Recall of Automotive Chargers",Milwaukee Electric Tool Corp.,Kit 9079-23,,02156,false,false,45,unknown,,unknown,unknown,U.S. Consumer Product Safety Commission,fail,false,false,,false,,"CPSC recall 02156 published 2002-05-13. Title: CPSC, Milwaukee Tool Corp. Announce Recall of Automotive Chargers Product: Power Plus automotive chargers Hazard: The automotive chargers are often used on job sites to charge power tool batteries. When used under low voltage conditions, the chargers can overheat. This poses a fire hazard. Incidents/Injuries: CPSC and Milwaukee Electric Tool have received six reports of the chargers overheating. No injuries or property damage have been reported involving these chargers. Remedy: Consumers should stop using the chargers immediately and return them to their nearest Milwaukee factory service center or authorized power tool service center. Consumers can choose from three options: an exchange for a 12, 14.4 or 18 volt battery pack, a replacement charger or a refund. Source: https://www.cpsc.gov/Recalls/2002/CPSC-Milwaukee-Tool-Corp-Announce-Recall-of-Automotive-Chargers-",high,FAIL,missing_ccc_information|battery_safety_concern
CPSC-2049,val,laptop,Cozy Coupe Computer Mouse sets,"CPSC, KB Gear Announce Recall of Computer Mouse Sets",Little Tikes Co.,with 10,,02048,false,false,,unknown,,unknown,unknown,U.S. Consumer Product Safety Commission,fail,,,,false,,"CPSC recall 02048 published 2001-11-28. Title: CPSC, KB Gear Announce Recall of Computer Mouse Sets Product: Cozy Coupe Computer Mouse sets Hazard: The mouse ball can separate from the mouse and pose a choking hazard to young children. Incidents/Injuries: CPSC received a report of a 2-year-old girl, who placed the mouse ball in her mouth. Her parents were able to take the ball away from the girl before she was injured. Remedy: The Cozy Coupe Computer Mouse was distributed by KB Gear under license from Little Tikes Co., of Hudson, Ohio. KB Gear liquidated and as of Nov. 1, 2001, is no longer in business. As a result, the company is unable to provide consumers with a remedy. To encourage consumers to destroy the computer mouse and as a gesture of goodwill, Little Tikes is offering an equivalent $10 Little Tikes toy to consumers who return the retaining ring from the bottom of the mouse. Source: https://www.cpsc.gov/Recalls/2002/CPSC-KB-Gear-Announce-Recall-of-Computer-Mouse-Sets",high,FAIL,
CPSC-2039,val,charger,Batteries for Notebook Computers,"CPSC, Computer Distributors Announce Recall of Batteries for Notebook Computers",Bizcom Electronics Inc.,Numbers,,02037,false,false,,unknown,,unknown,unknown,U.S. Consumer Product Safety Commission,fail,false,false,,false,,"CPSC recall 02037 published 2001-11-13. Title: CPSC, Computer Distributors Announce Recall of Batteries for Notebook Computers Product: Batteries for Notebook Computers Hazard: These batteries can overcharge during re-charging, causing them to overheat, smoke and possibly catch fire. Incidents/Injuries: The firms have received two reports of minor property damage from the batteries overheating, smoking or catching fire in notebook computers sold to consumers. No injuries have been reported. Remedy: Consumers should stop using these rechargeable batteries immediately and call (877) 475-3425 to order a free replacement battery. Source: https://www.cpsc.gov/Recalls/2002/CPSC-Computer-Distributors-Announce-Recall-of-Batteries-for-Notebook-Computers",high,FAIL,missing_ccc_information|battery_safety_concern
CPSC-2225,test,accessory,"""Hello Baby"" toy phones","CPSC, Discovery Toys Announce Recall of Children's Toy Phones",Discovery Toys Inc.,,,02502,false,false,45,unknown,,unknown,unknown,U.S. Consumer Product Safety Commission,fail,false,false,,false,,"CPSC recall 02502 published 2001-10-23. Title: CPSC, Discovery Toys Announce Recall of Children's Toy Phones Product: ""Hello Baby"" toy phones Hazard: The blue, hard plastic antenna ball can break off the toy phone, posing a choking hazard to young children. Incidents/Injuries: Discovery Toys received eight reports of the antenna ball breaking off the toy phones. No injuries have been reported. Remedy: Consumers should stop using the toy phone immediately and call Discovery Toys for a free repair kit. Purchasers were sent direct mail notification of this recall. Source: https://www.cpsc.gov/Recalls/2002/CPSC-Discovery-Toys-Announce-Recall-of-Childrens-Toy-Phones",high,FAIL,battery_safety_concern
CPSC-2028,train,charger,Power adapters used with certain Cisco ADSL Routers,"CPSC, Cisco Announce Recall of Power Adapters",Cisco Systems Inc.,Cisco 827,,02017,false,false,,unknown,,unknown,unknown,U.S. Consumer Product Safety Commission,fail,false,false,,false,,"CPSC recall 02017 published 2001-10-16. Title: CPSC, Cisco Announce Recall of Power Adapters Product: Power adapters used with certain Cisco ADSL Routers Hazard: The adapters can overheat and melt a hole through the housing, posing a fire hazard. In addition, the exposed wires pose a shock hazard. Incidents/Injuries: Cisco has received one report of an adapter overheating. No injuries or property damage have been reported. Remedy: Consumers should stop using the power adapters immediately and contact Cisco to receive a free replacement. Source: https://www.cpsc.gov/Recalls/2002/CPSC-Cisco-Announce-Recall-of-Power-Adapters",high,FAIL,missing_ccc_information|battery_safety_concern
CPSC-2018,train,charger,AC adapters used with certain Compaq notebook computers,"CPSC, Compaq Announce Recall of Notebook Computer AC Adapters",Compaq Computer Corp.,PPP003SD,,02002,false,false,,unknown,,unknown,unknown,U.S. Consumer Product Safety Commission,fail,false,false,,false,,"CPSC recall 02002 published 2001-10-04. Title: CPSC, Compaq Announce Recall of Notebook Computer AC Adapters Product: AC adapters used with certain Compaq notebook computers Hazard: These AC adapters can overheat, posing a fire hazard. Incidents/Injuries: Compaq has received five reports of fire, that were contained to the cases of the AC adapters. No injuries were reported. Remedy: Consumers should stop using the recalled AC adapter immediately and contact Compaq to order a free replacement AC adapter. Source: https://www.cpsc.gov/Recalls/2002/CPSC-Compaq-Announce-Recall-of-Notebook-Computer-AC-Adapters",high,FAIL,missing_ccc_information|battery_safety_concern
CPSC-797,train,laptop,Faxphones (combination copiers and facsimile machines),"CPSC, Canon U.S.A. Inc. Announce Recall of Fax Machines",Canon U.S.A. Inc.,B640,,01152,false,false,45,unknown,,unknown,unknown,U.S. Consumer Product Safety Commission,fail,false,false,,false,,"CPSC recall 01152 published 2001-05-10. Title: CPSC, Canon U.S.A. Inc. Announce Recall of Fax Machines Product: Faxphones (combination copiers and facsimile machines) Hazard: The Faxphones are combination plain-paper copiers and facsimile machines. A component failure can cause the Faxphone to catch on fire. Incidents/Injuries: Canon U.S.A. received five reports of Faxphones catching on fire and causing damage to the machines. No injuries have been reported. Remedy: Consumers should stop using the Faxphones immediately, and contact Canon U.S.A. Inc. to get a free replacement Faxphone. Source: https://www.cpsc.gov/Recalls/2001/CPSC-Canon-USA-Inc-Announce-Recall-of-Fax-Machines",high,FAIL,battery_safety_concern
CPSC-371,train,charger,DEWALT and Black & Decker battery chargers used with cordless power tools,"CPSC, DEWALT® Industrial Tool Co. Announce Recall of Battery Chargers",DEWALT® Industrial Tool Co.,DW9107,,01057,false,false,,unknown,,unknown,unknown,U.S. Consumer Product Safety Commission,fail,false,false,,false,,"CPSC recall 01057 published 2000-12-20. Title: CPSC, DEWALT® Industrial Tool Co. Announce Recall of Battery Chargers Product: DEWALT and Black & Decker battery chargers used with cordless power tools Hazard: The battery charger can fail to automatically shut off after the battery is fully charged, which can cause the battery to burst, and poses fire, burn and electrical shock hazards to consumers. Incidents/Injuries: DEWALT has received two reports of batteries bursting and consumers suffering injuries, including minor lacerations and a minor burn. Remedy: Consumers should stop using these battery chargers immediately, and take them to a DEWALT or Black & Decker service center for a free replacement. Source: https://www.cpsc.gov/Recalls/2001/CPSC-DEWALT-Industrial-Tool-Co-Announce-Recall-of-Battery-Chargers1",high,FAIL,missing_ccc_information|battery_safety_concern
CPSC-218,train,power_bank,Battery packs used with Compaq Armada notebook computers,"CPSC, Compaq Announce Recall of Notebook Computer Battery Packs",Compaq Computer Corp.,E500,,01022,false,false,45,unknown,,unknown,unknown,U.S. Consumer Product Safety Commission,fail,false,false,,false,,"CPSC recall 01022 published 2000-10-27. Title: CPSC, Compaq Announce Recall of Notebook Computer Battery Packs Product: Battery packs used with Compaq Armada notebook computers Hazard: These battery packs can short circuit, causing them to overheat, release smoke and possibly catch fire. Incidents/Injuries: Compaq has received one report of a battery pack overheating, and damaging the notebook computer. No injuries were reported. Remedy: Consumers should immediately stop using these battery packs and contact Compaq to learn how to discharge them and return them. Consumers with the recalled batteries will receive two free battery packs for each recalled battery pack they return. Source: https://www.cpsc.gov/Recalls/2001/CPSC-Compaq-Announce-Recall-of-Notebook-Computer-Battery-Packs",high,FAIL,missing_ccc_information|battery_safety_concern
CPSC-128,train,charger,Batteries used with certain Dell notebook computers,"CPSC, Dell Announce Recall of Batteries for Notebook-Computers",Dell Computer Corp.,,,01013,false,false,,unknown,,unknown,unknown,U.S. Consumer Product Safety Commission,fail,false,false,,false,,"CPSC recall 01013 published 2000-10-13. Title: CPSC, Dell Announce Recall of Batteries for Notebook-Computers Product: Batteries used with certain Dell notebook computers Hazard: These batteries can short circuit, even when the battery is not in use, causing them to become very hot, release smoke and possibly catch fire. Incidents/Injuries: Dell has received one report of a battery in a Dell computer short circuiting and catching fire. The incident resulted in minor property damage. No injuries were reported. Remedy: Consumers should contact Dell immediately to determine if their notebook computer battery is part of this recall. Source: https://www.cpsc.gov/Recalls/2001/CPSC-Dell-Announce-Recall-of-Batteries-for-Notebook-Computers",high,FAIL,missing_ccc_information|battery_safety_concern
CPSC-96,val,charger,"DeWalt battery chargers, model DW9116","CPSC, DeWALT® Industrial Tool Co. Announce Recall of Battery Chargers",DeWALT® Industrial Tool Co.,DW9116,,01010,false,false,,unknown,,unknown,unknown,U.S. Consumer Product Safety Commission,fail,false,false,,false,,"CPSC recall 01010 published 2000-10-12. Title: CPSC, DeWALT® Industrial Tool Co. Announce Recall of Battery Chargers Product: DeWalt battery chargers, model DW9116 Hazard: Metal clips inside the chargers could come loose and stick through the chargers' vents, possibly resulting in consumers receiving an electrical shock. Incidents/Injuries: DeWALT has not received any reports of injuries with these chargers. This recall is being conducted to prevent the possibility of injuries. Remedy: Consumers should stop using these battery chargers immediately, and take them to a DeWALT or Black & Decker service center for a free repair. Source: https://www.cpsc.gov/Recalls/2001/CPSC-DeWALT-Industrial-Tool-Co-Announce-Recall-of-Battery-Chargers",high,FAIL,missing_ccc_information|battery_safety_concern
CPSC-1158,test,accessory,VTech Little Smart Soft Songs Baby Phone toys,Toy Baby Phone Recalled by Vtech,Vtech,DC 20207,,00127,false,false,,unknown,,unknown,unknown,U.S. Consumer Product Safety Commission,fail,,false,,false,,CPSC recall 00127 published 2000-06-22. Title: Toy Baby Phone Recalled by Vtech Product: VTech Little Smart Soft Songs Baby Phone toys Hazard: Choking Source: https://www.cpsc.gov/Recalls/2000/CPSC-Vtech-Industries-Announce-Recall-of-Toy-Baby-Phone,high,FAIL,
CPSC-468,train,charger,IBM notebook computer Delta Electronics (Dougguan) AC Adapters,AC Adapters for Notebook Computers & Mobile Devices Recalled by IBM,IBM,DC 20207,,00110,false,false,,unknown,,unknown,unknown,U.S. Consumer Product Safety Commission,fail,false,false,,false,,CPSC recall 00110 published 2000-05-18. Title: AC Adapters for Notebook Computers & Mobile Devices Recalled by IBM Product: IBM notebook computer Delta Electronics (Dougguan) AC Adapters Hazard: Fire & Fire-Related Burn Source: https://www.cpsc.gov/Recalls/2000/CPSC-IBM-Announce-Recall-of-AC-Adapters-for-Notebook-Computers-Mobile-Devices,high,FAIL,missing_ccc_information|battery_safety_concern
CPSC-3,train,charger,Flotec back- up sump pump system battery chargers,Battery Chargers Recalled by Sta-Rite,Flotec,FP2000DCC-02,,00100,false,false,,unknown,,unknown,unknown,U.S. Consumer Product Safety Commission,fail,false,false,,false,,CPSC recall 00100 published 2000-04-24. Title: Battery Chargers Recalled by Sta-Rite Product: Flotec back- up sump pump system battery chargers Hazard: Fire & Fire-Related Burn Source: https://www.cpsc.gov/Recalls/2000/CPSC-Sta-Rite-Industries-Inc-Announce-Recall-of-Battery-Chargers,high,FAIL,missing_ccc_information|battery_safety_concern
CPSC-3027,train,laptop,Sauder Monarch computer armoires,Computer Armoires Recalled by Sauder Woodworking,Sauder Woodworking,DC 20207,,00055,false,false,,unknown,,unknown,unknown,U.S. Consumer Product Safety Commission,fail,,,,false,,CPSC recall 00055 published 2000-01-18. Title: Computer Armoires Recalled by Sauder Woodworking Product: Sauder Monarch computer armoires Hazard: Laceration Source: https://www.cpsc.gov/Recalls/2000/CPSC-Sauder-Woodworking-Announce-Recall-of-Computer-Armoires,high,FAIL,
CPSC-6771,train,camera,Sea & Sea underwater camera strobe lights,CPSC & Sea & Sea Underwater Photography Recall Underwater Strobes,Sea,,,00016b,false,false,45,unknown,,unknown,unknown,U.S. Consumer Product Safety Commission,fail,false,false,,false,,CPSC recall 00016b published 1999-11-16. Title: CPSC & Sea & Sea Underwater Photography Recall Underwater Strobes Product: Sea & Sea underwater camera strobe lights Hazard: Explosion/Projectiles Source: https://www.cpsc.gov/Recalls/2000/CPSC--Sea--Sea-Underwater-Photography-Recall-Underwater-Strobes,high,FAIL,battery_safety_concern
CPSC-6249,train,charger,ELPAC AC adapters,AC Adapters for Digital Cameras Recalled by Kodak,ELPAC,DC 20207,,99059,false,false,,unknown,,unknown,unknown,U.S. Consumer Product Safety Commission,fail,false,false,,false,,CPSC recall 99059 published 1999-02-10. Title: AC Adapters for Digital Cameras Recalled by Kodak Product: ELPAC AC adapters Hazard: Laceration Poisoning Source: https://www.cpsc.gov/Recalls/1999/CPSC-Kodak-Announce-Recall-of-AC-Adapters-for-Digital-Cameras,high,FAIL,missing_ccc_information|battery_safety_concern
CPSC-6088,val,charger,Dell Latitude LM notebook computer AC adapters,AC Adapters for Latitude LM Computers and LM Port Replicators Recall,Dell,DC 20207,,98014,false,false,,unknown,,unknown,unknown,U.S. Consumer Product Safety Commission,fail,false,false,,false,,CPSC recall 98014 published 1997-10-21. Title: AC Adapters for Latitude LM Computers and LM Port Replicators Recall Product: Dell Latitude LM notebook computer AC adapters Hazard: Electrocution/Electric Shock Source: https://www.cpsc.gov/Recalls/1998/CPSC-Dell-Announce-Recall-of-AC-Adapters-for-Latitude-LM-Notebook-Computers-and-Latitude-LM-Port-Replicators,high,FAIL,missing_ccc_information|battery_safety_concern
CPSC-6086,val,laptop,Mares Guardian dive depth computers,Guardian Dive Computers Recalled by Mares America,Mares America,DC 20207,,98012,false,false,45,unknown,,unknown,unknown,U.S. Consumer Product Safety Commission,fail,false,false,,false,,CPSC recall 98012 published 1997-10-15. Title: Guardian Dive Computers Recalled by Mares America Product: Mares Guardian dive depth computers Hazard: Internal Injury Source: https://www.cpsc.gov/Recalls/1998/CPSC-Mares-America-Corp-Announce-Recall-of-Guardian-Dive-Computers,high,FAIL,battery_safety_concern
CPSC-6013,test,charger,HiNote notebook computer AC adapters,AC Adapters Recalled by Digital Equipment,Digital Equipment,DC 20207,,97183,false,false,,unknown,,unknown,unknown,U.S. Consumer Product Safety Commission,fail,false,false,,false,,CPSC recall 97183 published 1997-09-03. Title: AC Adapters Recalled by Digital Equipment Product: HiNote notebook computer AC adapters Hazard: Electrocution/Electric Shock Source: https://www.cpsc.gov/Recalls/1997/CPSC-Digital-Equipment-Corp-Announce-Recall-of-AC-Adapters-for-Notebook-Computers,high,FAIL,missing_ccc_information|battery_safety_concern
CPSC-5999,train,tablet,Baqua Plus Oxidizer Increaser tablets,Oxidizer Increaser Tablets for Swimming Pools Recall,Zeneca Pool Products,DC 20207,,97166,false,false,45,unknown,,unknown,unknown,U.S. Consumer Product Safety Commission,fail,false,false,,false,,CPSC recall 97166 published 1997-07-31. Title: Oxidizer Increaser Tablets for Swimming Pools Recall Product: Baqua Plus Oxidizer Increaser tablets Hazard: Choking Source: https://www.cpsc.gov/Recalls/1997/CPSC-Zeneca-Pool-Products-Announce-Recall-of-Oxidizer-Increaser-Tablets-for-Swimming-Pools,high,FAIL,battery_safety_concern
CPSC-5994,train,tablet,Cramps Out Sleep Aid and Pain Reliever,"CPSC, Lex Pharmaceutical Inc. Announce Recall of Vitamins and Medicines",Duralgina,July 21,,97161,false,false,,unknown,,unknown,unknown,U.S. Consumer Product Safety Commission,fail,,,,false,,"CPSC recall 97161 published 1997-07-21. Title: CPSC, Lex Pharmaceutical Inc. Announce Recall of Vitamins and Medicines Product: Cramps Out Sleep Aid and Pain Reliever Hazard: Poisoning Source: https://www.cpsc.gov/Recalls/1997/CPSC-Lex-Pharmaceutical-Inc-Announce-Recall-of-Vitamins-and-Medicines-",high,FAIL,
CPSC-5948,train,charger,Sears DieHard Fully Automatic Battery Charger Engine Starters,Sears Battery Chargers Recall by Schumacher,Die Hard,200.71310,,97108,false,false,,unknown,,unknown,unknown,U.S. Consumer Product Safety Commission,fail,false,false,,false,,CPSC recall 97108 published 1997-04-22. Title: Sears Battery Chargers Recall by Schumacher Product: Sears DieHard Fully Automatic Battery Charger Engine Starters Hazard: Fire & Fire-Related Burn Source: https://www.cpsc.gov/Recalls/1997/CPSC-Schumacher-Announce-Recall-of-Sears-Battery-Chargers,high,FAIL,missing_ccc_information|battery_safety_concern
CPSC-5879,train,charger,Compaq Armada 4100 notebook computer AC adapters,AC Adapters for Armada 4100 Notebook Computers Recalled,Compaq,DC 20207,,97037,false,false,,unknown,,unknown,unknown,U.S. Consumer Product Safety Commission,fail,false,false,,false,,CPSC recall 97037 published 1996-12-05. Title: AC Adapters for Armada 4100 Notebook Computers Recalled Product: Compaq Armada 4100 notebook computer AC adapters Hazard: Electrocution/Electric Shock Source: https://www.cpsc.gov/Recalls/1997/CPSC-and-Compaq-Computer-Announce-Recall-of-AC-Adapters-for-Armada-4100-Notebook-Computers,high,FAIL,missing_ccc_information|battery_safety_concern
CPSC-5866,train,accessory,Kid's Phone Beeper Combo toys,Kid's Phone Beeper Combo Recalled by Dolgencorp,Dollar General,DC 20207,,97021,false,false,,unknown,,unknown,unknown,U.S. Consumer Product Safety Commission,fail,,false,,false,,CPSC recall 97021 published 1996-11-13. Title: Kid's Phone Beeper Combo Recalled by Dolgencorp Product: Kid's Phone Beeper Combo toys Hazard: Choking Source: https://www.cpsc.gov/Recalls/1997/CPSC-Dolgencorp-Inc-Announce-Recall-of-Toy-Telephones,high,FAIL,
CPSC-5834,train,charger,Dewalt one-hour battery chargers,One-Hour Battery Chargers Recalled by Dewalt,Dewalt,DC 20207,,96176,false,false,,unknown,,unknown,unknown,U.S. Consumer Product Safety Commission,fail,false,false,,false,,CPSC recall 96176 published 1996-08-01. Title: One-Hour Battery Chargers Recalled by Dewalt Product: Dewalt one-hour battery chargers Hazard: Electrocution/Electric Shock Source: https://www.cpsc.gov/Recalls/1996/CPSC-and-Dewalt-Announce-Recall-of-One-Hour-Battery-Chargers,high,FAIL,missing_ccc_information|battery_safety_concern
CPSC-5813,train,charger,Compaq Scanner Keyboard computer scanners,Computer Scanners Correction Program,PaperPort Vx,DC 20207,,96143,false,false,,unknown,,unknown,unknown,U.S. Consumer Product Safety Commission,fail,false,false,,false,,CPSC recall 96143 published 1996-06-07. Title: Computer Scanners Correction Program Product: Compaq Scanner Keyboard computer scanners Source: https://www.cpsc.gov/Recalls/1996/CPSC-and-Visioneer-Inc-Announce-Software-and-Hardware-Correction-Program-for-Computer-Scanners,high,FAIL,missing_ccc_information|battery_safety_concern
CPSC-5809,val,laptop,IBM Thinkpad Notebook Computer memory modules,Kingston DIMM Module for IBM ThinkPads Recalled by Kingston Tech,Kingston Technology,DC 20207,,96137,false,false,45,unknown,,unknown,unknown,U.S. Consumer Product Safety Commission,fail,false,false,,false,,CPSC recall 96137 published 1996-05-30. Title: Kingston DIMM Module for IBM ThinkPads Recalled by Kingston Tech Product: IBM Thinkpad Notebook Computer memory modules Hazard: Fire & Fire-Related Burn Source: https://www.cpsc.gov/Recalls/1996/CPSC-Kingston-Technology-Announce-Recall-of-Kingston-DIMM-Module-for-IBM-ThinkPads,high,FAIL,battery_safety_concern
CPSC-5759,val,charger,"Silverwood, Manco above ground pool frame ledge covers","CPSC, Texas Instruments Announce Battery Charger Recall For Travelmate 4000m Notebook Computers",Texas Instruments,N9792543-0001,,96064,false,false,,unknown,,unknown,unknown,U.S. Consumer Product Safety Commission,fail,false,false,,false,,"CPSC recall 96064 published 1996-01-25. Title: CPSC, Texas Instruments Announce Battery Charger Recall For Travelmate 4000m Notebook Computers Product: Silverwood, Manco above ground pool frame ledge covers Hazard: Fire & Fire-Related Burn Source: https://www.cpsc.gov/Recalls/1996/httpwwwcpscgovcpscpubprerelprhtml9696064html",high,FAIL,missing_ccc_information|battery_safety_concern
