sample_id,split,category,name,description,brand,model,serial_number,batch_no,is_used,is_refurbished,battery_health,accessory_status,ccc_number,energy_level,rohs_status,inspection_agency,inspection_conclusion,battery_safety_passed,charger_safety_passed,appearance_grade,functional_test_passed,repair_history_declared,report_text,risk_level,audit_label,reason_codes
EA-MOB-00001,train,mobile_phone,澜讯Note 12手机,长续航手机,澜讯,Note 12,,B2026-001,false,false,96,partial,,Level 2,compliant,深圳质检中心,fail,false,false,,true,,关键功能测试失败 且复测结果仍异常 不满足流通要求,high,FAIL,missing_device_identifier|battery_safety_concern
EA-MOB-00002,train,mobile_phone,曜石Ultra 7手机,快充旗舰手机,曜石,Ultra 7,IMEI8600,,false,false,89,full,,Level 1,limited,南京消费品检测院,conditional_pass,true,true,,true,,conditional_pass / medium / mobile_phone Model code in report does not match seller declaration.,medium,REVIEW,
EA-MOB-00003,train,mobile_phone,星河Note 12手机,长续航手机,星河,Note 12,IMEI860000003,B2026-003,false,false,91,partial,,Level 1,compliant,南京消费品检测院,pass,true,true,,true,,检测报告显示整机功能正常 各项安全与稳定性测试合格 可正常销售 证书、批次和能效资料完整  备注：包装文字与申报信息需人 工核对  Result: pass under normal operating conditions.,low,PASS,
EA-MOB-00004,train,mobile_phone,远航Pro S手机,快充旗舰手机,远航,Pro S,IMEI860000004,B2025-004,false,false,90,full,,Level 3,unknown,南京消费品检测院,conditional_pass,true,true,,true,,包装封签存在重新整理痕迹 样机主要功能正常 建议人工抽检 备注：包装文字与申报信息需人工核对。,medium,REVIEW,
EA-MOB-00005,train,mobile_phone,云际K9手机,卖家宣称全新未拆封，5G全网通手机,云际,K9,IMEI860000005,B2026-005,false,false,90,full,,Level 2,limited,苏州声学检测中心,fail,true,true,,true,,来源证明不足，包装与铭牌信息存在异常，疑似仿冒或未经授权产品。,high,FAIL,suspected_counterfeit
EA-MOB-00006,train,mobile_phone,澜讯K9手机,5G全网通手机,澜讯,K9,IMEI860000006,B2025-006,false,false,98,partial,,Level 2,compliant,杭州电子检测站,pass,true,true,,true,,样机经检测符合标准 关键部件状态正常 可上市流通 包装、铭牌与申报信息一致。,low,PASS,
EA-MOB-00007,train,mobile_phone,星河Ultra 7手机,高刷屏手机,星河,Ultra 7,IMEI860000007,B2026-007,false,false,90,full,,Level 1,compliant,广州电子检验所,pass,true,true,,true,,检测报告显示整机功能正常 各项安全与稳定性测试合格 可正常销售 证书、批次和能效资料完整。,low,PASS,
EA-MOB-00008,train,mobile_phone,星河Ultra 7手机,影像增强手机,星河,Ultra 7,IMEI860000008,B2025-008,false,false,88,partial,,Level 1,compliant,上海质量检测院,conditional_pass,true,true,,true,,已检测 基本可用 建议人工复核。,medium,REVIEW,
EA-MOB-00009,train,mobile_phone,星河M5手机,影像增强,星河,M5,IMEI860000009,B2026-009,false,true,97,partial,,Level 1,limited,南京消费品检测院,fail,true,true,C,true,false,翻新和维修痕迹明显 但未完整披露整备历史 风险较高,high,FAIL,undisclosed_refurbished_status
EA-MOB-00010,train,mobile_phone,星河M5手机,5G全网,星河,M5,IMEI860000010,B2025-010,false,false,93,full,,Level 2,compliant,北京电子产品检测所,pass,true,true,,true,,抽检结果为合格 性能 输出和绝缘测试均符合要求 包 装、铭牌与申报信息一致,low,PASS,
EA-MOB-00011,train,mobile_phone,曜石Ultra 7手机,长续航手机,曜石,Ultra 7,IMEI860000011,B2026-011,false,false,99,partial,,Level 1,compliant,杭州电子检测站,pass,true,true,,true,,样机经检测符合标准 关键部件状态正常 可上市流通 证书、批次和能效资料完整。,low,PASS,
EA-MOB-00012,train,mobile_phone,澜讯K9手机,二手长续航手机,澜讯,K9,IMEI860000012,B2025-012,true,false,78,partial,,Level 1,compliant,东莞质量评估站,conditional_pass,true,true,A,true,true,功能测试可用 外观存在轻微磨损 建议人工确认页面说明与成色描述,medium,REVIEW,
EA-MOB-00013,train,mobile_phone,澜讯K9手机,长续航手机,澜讯,K9,IMEI860000013,B2026-013,false,false,100,partial,,Level 2,compliant,苏州声学检测中心,pass,true,true,,true,,检測报告显示整机功能正常 各项安全与稳定性测试合格 可正常销售 连续运行24小时未发现掉线、死机或输出波动。,low,PASS,
EA-MOB-00014,train,mobile_phone,星河Ultra 7手机,快充旗舰手机,星河,Ultra 7,IMEI860000014,B2025-014,false,false,99,partial,,Level 1,compliant,北京电子产品检测所,conditional_pass,true,true,,true,,已检测 基本可用 建议人工复核。 系统初判可流通，但建议人工再核验。,medium,REVIEW,
EA-MOB-00015,train,mobile_phone,澜讯M5手机,长续航手机,澜讯,M5,IMEI860000015,B2026-015,false,false,95,full,,Level 1,compliant,杭州电子检测站,pass,true,true,,true,,实验室记录显示设备在标准工况下工作稳定 未发现异常告警 证书、批次和能效资料完整。,low,PASS,
EA-MOB-00016,train,mobile_phone,曜石M5手机,高刷屏手机，卖家补充资料稍后上传,曜石,M5,IMEI860000016,B2025-016,false,false,90,partial,,Level 1,limited,深圳质检中心,pass,true,true,,true,,连续运行测试通过 结构完好 未见异常发热和风险点,low,PASS,
EA-MOB-00017,train,mobile_phone,澜讯Pro S手机,高刷屏手机,澜讯,Pro S,IMEI860000017,B2026-017,false,false,96,full,,Level 2,compliant,东莞质量评估站,pass,true,true,,true,,pass / low / mobile_phone,low,PASS,
EA-MOB-00018,train,mobile_phone,澜讯Note 12手机,卖家宣称全新未拆封，5G全网通手机,澜讯,Note 12,IMEI860000018,B2025-018,false,false,89,full,,Level 1,limited,杭州电子检测站,fail,true,true,,true,,报告中标注型号为K9，与申报型号Note 12不一致，存在套证或错报风险。,high,FAIL,report_model_mismatch
EA-MOB-00019,train,mobile_phone,远航X1手机,官方翻新长续航手机,远航,X1,IMEI860000019,B2026-019,false,true,87,partial,,Level 2,compliant,上海质量检测院,conditional_pass,true,true,B,true,true,功能测试可用 外观存在轻微磨损 建议人工确认页面说明与成色描述 系统初判可流通，但建议人工再核验。,medium,REVIEW,
EA-MOB-00020,train,mobile_phone,星河K9手机,影像增强手机,星河,K9,IMEI860000020,B2025-020,false,false,92,full,,Level 1,limited,南京消费品检测院,conditional_pass,true,true,,true,,已检測 基本可用 建议人 工复核。 Observed thermal issue during repeated charging cycle.,medium,REVIEW,
EA-MOB-00021,train,mobile_phone,星河Ultra 7手机,高刷屏手机,星河,Ultra 7,IMEI860000021,B2026-021,false,false,99,full,,Level 2,compliant,南京消费品检测院,pass,true,true,,true,,见附件。,low,PASS,
EA-MOB-00022,train,mobile_phone,澜讯Pro S手机,长续航手机,澜讯,Pro S,,B2025-022,false,false,99,full,,Level 2,limited,深圳质检中心,fail,false,false,,true,,来源证明不足 外包装与铭牌信息异常 疑似仿冒或未经授权产品,high,FAIL,missing_device_identifier|battery_safety_concern
EA-MOB-00023,train,mobile_phone,曜石K9手机,5G全网通手机,曜石,K9,IMEI860000023,B2026-023,false,false,88,partial,,Level 1,compliant,苏州声学检测中心,pass,true,true,,true,,实验室记录显示设备在标准工况下工作稳定 未发现异常告警 证书、批次和能效资料完整。,low,PASS,
EA-MOB-00024,train,mobile_phone,远航Ultra 7手机,快充旗舰手机,远航,Ultra 7,IMEI860000024,B2025-024,false,false,93,full,,Level 1,compliant,杭州电子检测站,pass,true,true,,true,,实验室记录显示设备在标准工况下工作稳定 未发现异常告警,low,PASS,
EA-MOB-00025,train,mobile_phone,远航Pro S手机,官方翻新快,远航,Pro S,IMEI860000025,B2026-025,false,true,87,partial,,Level 2,compliant,成都电子检测中心,conditional_pass,true,true,A,true,true,基础检测通過 但报告内容较简略 建议复核附件与证书映射关系,medium,REVIEW,
EA-MOB-00026,train,mobile_phone,星河X1手机,快充旗舰手机,星河,X1,IMEI860000026,B2025-026,false,false,97,full,,Level 2,compliant,成都电子检测中心,pass,true,true,,true,,检测报告显示整机功能正常 各项安全与稳定性测试合格 可正常销售 包装、铭牌与申报信息一致。 备注：包装文字与申报信息需人工核对。,low,PASS,
EA-MOB-00027,train,mobile_phone,星河Pro S手机,快充旗舰手机,星河,Pro S,IMEI860000027,B2026-027,false,false,100,partial,,Level 2,compliant,南京消费品检测院,conditional_pass,true,true,,true,,功能测试可用 外观存在轻微磨损 建议人工确认页面说明与成色描述 封签或包装存在重新整理迹象。,medium,REVIEW,
EA-MOB-00028,train,mobile_phone,远航Ultra 7手机,长续航手机,远航,Ultra 7,IMEI860000028,B2025-028,false,false,98,partial,,Level 2,unknown,成都电子检测中心,conditional_pass,true,true,,true,,翻新记录已声明 样机功能正常 建议带翻新标识销售并人工复核详情,medium,REVIEW,
EA-MOB-00029,train,mobile_phone,云际Pro S手机,5G全网通手机,云际,Pro S,,B2026-029,false,false,96,partial,,Level 2,limited,平台复核,fail,false,false,,true,,翻新和维修痕迹明显 但未完整披露整备历史 风险较高,high,FAIL,missing_device_identifier|battery_safety_concern
EA-MOB-00030,train,mobile_phone,星河Pro S手机,高刷屏手机,星河,Pro S,IMEI860000030,B2025-030,false,false,88,full,,Level 1,compliant,苏州声学检测中心,pass,true,true,,true,,实验室记录显示设备在标准工况下工作稳定 未发现异常告警 包装、铭牌与申报信息一致。,low,PASS,
EA-MOB-00031,train,mobile_phone,澜讯Note 12手机,长续航手机,澜讯,Note 12,IMEI860000031,B2026-031,false,false,88,full,,Level 1,compliant,广州电子检验所,pass,true,true,,true,,实验室记录显示设备在标准工况下工作稳定 未发现异常告警 证书、批次和能效资料完整。,low,PASS,
EA-MOB-00032,train,mobile_phone,星河Ultra 7手机,5G全网通手机,星河,Ultra 7,IMEI860000032,B2025-032,false,false,96,full,,Level 1,compliant,成都电子检测中心,conditional_pass,true,true,,true,,已检测 基本可用 建议人工复核。 系统初判可流通，但建议人工再核验。,medium,REVIEW,
EA-MOB-00033,train,mobile_phone,曜石X1手机,影像增强手机,曜石,X1,IMEI860000033,B2026-033,false,false,96,full,,Level 1,compliant,深圳质检中心,fail,true,true,,true,,来源证明不足，包装与铭牌信息存在异常，疑似仿冒或未经授权产品。,high,FAIL,suspected_counterfeit
EA-MOB-00034,train,mobile_phone,星河Ultra 7手机,高刷屏手机,星河,Ultra 7,IMEI860000034,B2025-034,false,false,96,partial,,Level 1,limited,杭州电子检测站,pass,true,true,,true,,抽检结果为合格 性能 输出和绝缘测试均符合要求 包装、铭牌与申报信息一致。,low,PASS,
EA-MOB-00035,train,mobile_phone,澜讯M5手机,影像增强手机，卖家补充资料稍后上传,澜讯,M5,IMEI860000035,B2026-035,false,false,97,full,,Level 1,compliant,深圳质检中心,pass,true,true,,true,,实验室记录显示设备在标准工况下工作稳定 未发现异常告警 证书、批次和能效资料完整。,low,PASS,
EA-MOB-00036,train,mobile_phone,澜讯Note 12手机,二手高刷屏手机,澜讯,Note 12,IMEI860000036,B2025-036,true,false,83,partial,,Level 1,limited,苏州声学检测中心,conditional_pass,true,true,A,true,true,环境或能效信息不够完整 建议核对补充资料后再放行 系统初判可流通，但建议人工再核验。,medium,REVIEW,
EA-MOB-00037,train,mobile_phone,远航M5手机,官方翻新5G全网通手机,远航,M5,IMEI860000037,B2026-037,false,true,85,partial,,Level 2,limited,成都电子检测中心,conditional_pass,true,true,A,true,true,功能测试可用 外观存在轻微磨损 建议人 工确认页面说明与成色描述 Result: pass under normal operating conditions.,medium,REVIEW,
EA-MOB-00038,train,mobile_phone,曜石Pro S手机,长续航手机,曜石,Pro S,IMEI860000038,B2025-038,false,false,97,partial,,Level 2,compliant,平台复核,pass,true,true,,true,,抽检结果为合格 性能 输出和绝缘测试均符合要求 包装、铭牌与申报信息一致。,low,PASS,
EA-MOB-00039,train,mobile_phone,曜石K9手机,影像增强手机,曜石,K9,IMEI860000039,B2026-039,false,false,96,partial,,Level 1,compliant,广州电子检验所,conditional_pass,true,true,,true,,conditional_pass / medium / mobile_phone,medium,REVIEW,
EA-MOB-00040,train,mobile_phone,云际K9手机,高刷屏手机,云际,K9,IMEI860000040,B2025-040,false,false,94,full,,Level 1,compliant,上海质量检测院,pass,true,true,,true,,检测完成，建议复核。,low,PASS,
EA-MOB-00041,train,mobile_phone,星河Ultra 7手机,高刷屏手机,星河,Ultra 7,IMEI860000041,B2026-041,false,false,88,full,,Level 1,compliant,成都电子检测中心,conditional_pass,true,true,,true,,conditional_pass / medium / mobile_phone,medium,REVIEW,
EA-MOB-00042,train,mobile_phone,曜石K9手机,影像增强手机,曜石,K9,,B2025-042,false,false,94,partial,,Level 1,limited,东莞质量评估站,fail,true,true,,true,,关键功能测试失败 且复测结果仍异常 不满足流通要求,high,FAIL,missing_device_identifier
EA-MOB-00043,train,mobile_phone,远航K9手机,长续航手机,远航,K9,IMEI860000043,B2026-043,false,false,94,full,,Level 1,compliant,成都电子检测中心,pass,true,true,,true,,检测报告显示整机功能正常 各项安全与稳定性测试合格 可正常销售 证书、批次和能效资料完整。,low,PASS,
EA-MOB-00044,train,mobile_phone,曜石K9手机,高刷屏手机,曜石,K9,IMEI860000044,B2025-044,false,true,100,full,,Level 1,compliant,苏州声学检测中心,fail,true,true,B,true,false,高温或耐压测试未通过 存在安全隐患 应直接拦截,high,FAIL,undisclosed_refurbished_status
EA-MOB-00045,train,mobile_phone,澜讯K9手机,长续航手机,澜讯,K9,IMEI860000045,B2026-045,false,false,63,full,,Level 2,compliant,成都电子检测中心,fail,false,false,,true,,高温或耐压测试未通过 存在安全隐患 应直接拦截,high,FAIL,battery_safety_concern
EA-MOB-00046,train,mobile_phone,澜讯Note 12手机,快充旗舰手机,澜讯,Note 12,IMEI860000046,B2025-046,false,false,91,partial,,Level 3,limited,广州电子检验所,conditional_pass,true,true,,true,,检测意见为有条件合格 需人工确认备注项是否已在商品页披露,medium,REVIEW,
EA-MOB-00047,train,mobile_phone,星河M5手机,高刷屏手机,星河,M5,IMEI860000047,B2026-047,false,false,93,partial,,Level 1,compliant,南京消费品检测院,conditional_pass,true,true,,true,,翻新记录已声明 样机功能正常 建议带翻新标识销售并人工复核详情 个别备注项需人工判断是否影响销售结论。,medium,REVIEW,
EA-MOB-00048,train,mobile_phone,星河Pro S手机,高刷屏手机,星河,Pro S,IMEI860000048,B2025-048,false,false,99,full,,Level 2,compliant,南京消费品检测院,pass,true,true,,true,,连续运行测试通过 结构完好 未见异常发热和风险点,low,PASS,
EA-MOB-00049,train,mobile_phone,远航K9手机,高刷屏手机,远航,K9,IMEI860000049,B2026-049,false,false,88,partial,,Level 2,compliant,南京消费品检测院,pass,true,true,,true,,样机经检测符合标准 关键部件状态正常 可上市流通 连续运行24小时未发现掉线、死机或输出波动  Model code in report does not match seller declaration.,low,PASS,
EA-MOB-00050,train,mobile_phone,澜讯Note 12手机,快充旗舰手机,澜讯,Note 12,IMEI860000050,B2025-050,false,false,96,full,,Level 1,compliant,广州电子检验所,conditional_pass,true,true,,true,,已检测 基本可用 建议人工复核。,medium,REVIEW,
EA-MOB-00051,train,mobile_phone,星河Ultra 7手机,5G全网通手机,星河,Ultra 7,IMEI860000051,B2026-051,false,false,91,partial,,Level 1,compliant,苏州声学检测中心,pass,true,true,,true,,检测完成，建议复核。,low,PASS,
EA-MOB-00052,train,mobile_phone,星河M5手机,高刷屏手机,星河,M5,IMEI860000052,B2025-052,false,false,100,partial,,Level 2,compliant,南京消费品检测院,pass,true,true,,true,,抽检结果为合格 性能 输出和绝缘测试均符合要求 备注：包装文字与申报信息需人工核对。,low,PASS,
EA-MOB-00053,train,mobile_phone,澜讯M5手机,长续航手机,澜讯,M5,IMEI860000053,B2026-053,false,false,94,full,,Level 2,compliant,广州电子检验所,conditional_pass,true,true,,true,,基础检测通过 但报告内容较简略 建议复核附件与证书映射关系 个别备注项需人工判断是否影响销售结论。,medium,REVIEW,
EA-MOB-00054,train,mobile_phone,澜讯K9手机,高刷屏手机,澜讯,K9,IMEI860000054,B2025-054,false,false,95,partial,,Level 1,compliant,南京消费品检测院,pass,true,true,,true,,检测报告显示整机功能正常 各项安全与稳定性测试合格 可正常销售 包装、铭牌与申报信息一致。,low,PASS,
EA-MOB-00055,train,mobile_phone,云际M5手机,5G全网通手机,云际,M5,IMEI860000055,B2026-055,false,false,98,partial,,Level 2,compliant,成都电子检测中心,fail,true,true,,false,,关键功能测试失败，复测仍异常，不满足流通要求。,high,FAIL,
EA-MOB-00056,train,mobile_phone,远航Note 12手机,高刷屏手机,远航,Note 12,,B2025-056,false,false,99,partial,,Level 1,compliant,苏州声学检测中心,fail,true,true,,true,,检测中发现关键安全项未达标 不建议继续销售,high,FAIL,missing_device_identifier
EA-MOB-00057,train,mobile_phone,星河Pro S手机,5G全网通手机,星河,Pro S,IMEI860000057,B2026-057,false,false,92,partial,,Level 1,compliant,广州电子检验所,conditional_pass,true,true,,true,,功能测试可用 外观存在轻微磨损 建议人工确认页面说明与成色描述 封签或包装存在重新整理迹象。,medium,REVIEW,
EA-MOB-00058,train,mobile_phone,云际Note 12手机,5G全网通手机,云际,Note 12,IMEI860000058,B2025-058,false,true,98,partial,,Level 2,compliant,苏州声学检测中心,fail,true,true,B,true,false,见附件。,high,FAIL,undisclosed_refurbished_status
EA-MOB-00059,train,mobile_phone,远航Note 12手机,长续航手机,远航,Note 12,IMEI860000059,B2026-059,false,false,95,full,,Level 1,compliant,上海质量检测院,conditional_pass,true,true,,true,,包装封签存在重新整理痕迹 样机主要功能正常 建 议人 工抽检 个别备注项需人工判断是否影响销售结论  备注：包装文字与申报信息需人工核对,medium,REVIEW,
EA-MOB-00060,train,mobile_phone,星河Pro S手机,二手高刷屏手机,星河,Pro S,IMEI860000060,B2025-060,true,false,78,partial,,Level 1,compliant,杭州电子检测站,conditional_pass,true,true,B,true,true,包装封签存在重新整理痕迹 样机主要功能正常 建议人工抽检,medium,REVIEW,
EA-MOB-00061,train,mobile_phone,星河X1手机,影像增强手机,星河,X1,IMEI860000061,B2026-061,false,false,89,partial,,Level 1,compliant,深圳质检中心,fail,true,true,,true,,来源证明不足，包装与铭牌信息存在异常，疑似仿冒或未经授权产品。,high,FAIL,suspected_counterfeit
EA-MOB-00062,train,mobile_phone,曜石X1手机,高刷屏手机,曜石,X1,IMEI860000062,B2025-062,false,false,100,partial,,Level 2,compliant,广州电子检验所,pass,true,true,,true,,连续运行测试通过 结构完好 未见异常发热和风险点 包装、铭牌与申报信息一致。,low,PASS,
EA-MOB-00063,train,mobile_phone,曜石Note 12手机,影像增强手机,曜石,Note 12,IMEI860000063,B2026-063,false,false,95,partial,,Level 2,compliant,深圳质检中心,conditional_pass,true,true,,true,,功能测试可用 外观存在轻微磨损 建议人工确认页面说明与成色描述 封签或包 装存在重新整理迹象。,medium,REVIEW,
EA-MOB-00064,train,mobile_phone,远航Note 12手机,高刷屏手机,远航,Note 12,IMEI860000064,,false,false,89,full,,Level 3,limited,深圳质检中心,conditional_pass,true,true,,true,,功能测试可用 外观存在轻微磨损 建议人工确认页面说明与成色描述 系统初判可流通，但建议人工再核验。,medium,REVIEW,
EA-MOB-00065,train,mobile_phone,澜讯Pro S手机,高刷屏手机，卖家补充资料稍后上传,澜讯,Pro S,IMEI860000065,B2026-065,false,false,93,partial,,Level 2,limited,上海质量检测院,pass,true,true,,true,,见附件。,low,PASS,
EA-MOB-00066,train,mobile_phone,远航K9手机,影像增强手机,远航,K9,IMEI860000066,B2025-066,false,false,90,full,,Level 1,compliant,南京消费品检测院,pass,true,true,,true,,实验室记录显示设备在标准工况下工作稳定 未发现异常告警 包装、铭牌与申报信息一致。,low,PASS,
EA-MOB-00067,train,mobile_phone,曜石Pro S手机,长续航手机,曜石,Pro S,IMEI860000067,B2026-067,false,false,99,full,,Level 1,compliant,上海质量检测院,pass,true,true,,true,,检測报告显示整机功能正常 各项安全与稳定性测试合格 可正常销售 证书、批次和能效资料完整,low,PASS,
EA-MOB-00068,train,mobile_phone,远航M5手机,高刷屏手机,远航,M5,IMEI860000068,B2025-068,false,false,95,partial,,Level 1,limited,北京电子产品检测所,fail,true,true,,true,,来源证明不足，包装与铭牌信息存在异常，疑似仿冒或未经授权产品。,high,FAIL,suspected_counterfeit
EA-MOB-00069,train,mobile_phone,星河X1手机,5G全网通手机,星河,X1,IMEI860000069,B2026-069,false,false,97,full,,Level 2,limited,东莞质量评估站,pass,true,true,,true,,连续运行测试通过 结构完好 未见异常发热和风险点 连续运行24小时未发现掉线、死机或输出波动。,low,PASS,
EA-MOB-00070,train,mobile_phone,远航Pro S手机,影像增强手机,远航,Pro S,IMEI860000070,B2025-070,false,false,92,full,,Level 2,compliant,成都电子检测中心,pass,true,true,,true,,抽检结果为合格 性能 输出和绝缘测试均符合要求 包装、铭牌与申报信息一致。,low,PASS,
EA-MOB-00071,train,mobile_phone,远航Ultra 7手机,长续航手机,远航,Ultra 7,IMEI860000071,B2026-071,false,false,93,full,,Level 1,limited,上海质量检测院,conditional_pass,true,true,,true,,翻新记录已声明 样机功能正常 建议带翻新标识销售并人工复核详情 个别备注项需人工判断是否影响销售结论,medium,REVIEW,
EA-MOB-00072,train,mobile_phone,云际Ultra 7手机,影像增强手机,云际,Ultra 7,IMEI860000072,,false,false,92,partial,,Level 2,compliant,南京消费品检测院,pass,true,true,,true,,见附件。,low,PASS,
EA-MOB-00073,train,mobile_phone,云际K9手机,高刷屏手机,云际,K9,IMEI860000073,,false,false,67,full,,Level 2,limited,外部资料摘录,fail,false,false,,true,,来源证明不足 外包装与铭牌信息异常 疑似仿冒或未经授权产品,high,FAIL,battery_safety_concern
EA-MOB-00074,train,mobile_phone,云际Ultra 7手机,长续航手机,云际,Ultra 7,IMEI860000074,B2025-074,false,false,100,partial,,Level 1,compliant,东莞质量评估站,fail,true,true,,true,,报告中标注型号为X1，与申报型号Ultra 7不一致，存在套证或错报风险。,high,FAIL,report_model_mismatch
EA-MOB-00075,train,mobile_phone,远航M5手机,快充旗舰手机,远航,M5,IMEI860000075,B2026-075,false,false,94,full,,Level 2,compliant,广州电子检验所,fail,true,true,,true,,"来源证明不足, 包装与铭牌信息存在异常, 疑似仿冒或未经授权产品",high,FAIL,suspected_counterfeit
EA-MOB-00076,train,mobile_phone,星河Note 12手机,长续航手机,星河,Note 12,IMEI860000076,B2025-076,false,false,100,full,,Level 3,limited,苏州声学检测中心,conditional_pass,true,true,,true,,基础检测通过 但报告内容较简略 建议复核附件与证书映射关系,medium,REVIEW,
EA-MOB-00077,train,mobile_phone,云际X1手机,影像增强手机,云际,X1,IMEI860000077,B2026-077,false,false,89,partial,,Level 2,limited,杭州电子检测站,pass,true,true,,true,,样机经检測符合标准 关键部件状态正常 可上市流通 连续运行24小时未发现掉线、死机或输出波动,low,PASS,
EA-MOB-00078,train,mobile_phone,曜石Note 12手机,二手影像增强手机,曜石,Note 12,IMEI860000078,B2025-078,true,false,78,partial,,Level 1,compliant,苏州声学检测中心,conditional_pass,true,true,A,true,true,环境或能效信息不够完整 建议核对补充资料后再放行,medium,REVIEW,
EA-MOB-00079,train,mobile_phone,远航K9手机,快充旗舰手机,远航,K9,IMEI860000079,B2026-079,false,false,95,full,,Level 1,compliant,东莞质量评估站,pass,true,true,,true,,连续运行测试通过 结构完好 未见异常发热和风险点 证书、批次和能效资料完整。,low,PASS,
EA-MOB-00080,train,mobile_phone,云际M5手机,影像增强手机,云际,M5,IMEI860000080,B2025-080,false,false,91,partial,,Level 2,compliant,北京电子产品检测所,pass,true,true,,true,,样机经检測符合标准 关键部件状态正常 可上市流通,low,PASS,
EA-MOB-00081,train,mobile_phone,云际X1手机,5G全网,云际,X1,IMEI860000081,B2026-081,false,false,93,partial,,Level 1,compliant,东莞质量评估站,fail,true,true,,true,,报告中标注型号为Ultra 7，与申报型号X1不一致，存在套证或错报风险。,high,FAIL,report_model_mismatch
EA-MOB-00082,train,mobile_phone,星河Pro S手机,快充旗舰手机,星河,Pro S,IMEI860000082,B2025-082,false,false,100,full,,Level 3,unknown,东莞质量评估站,conditional_pass,true,true,,true,,基础检测通过 但报告内容较简略 建议复核附件与证书映射关系,medium,REVIEW,
EA-MOB-00083,train,mobile_phone,云际K9手机,5G全网,云际,K9,IMEI860000083,B2026-083,false,false,91,full,,Level 1,compliant,上海质量检测院,fail,true,true,,false,,关键功能测试失败，复测仍异常，不满足流通要求。,high,FAIL,
EA-MOB-00084,train,mobile_phone,星河Ultra 7手机,高刷屏手机,星河,Ultra 7,IMEI860000084,B2025-084,false,false,90,partial,,Level 1,compliant,北京电子产品检测所,pass,true,true,,true,,检测完成，建议复核。,low,PASS,
EA-MOB-00085,train,mobile_phone,远航X1手机,长续航手机,远航,X1,IMEI860000085,B2026-085,false,false,100,partial,,Level 1,limited,东莞质量评估站,pass,true,true,,true,,实验室记录显示设备在标准工况下工作稳定 未发现异常告警 连续运行24小时未发现掉线、死机或输出波动。,low,PASS,
EA-MOB-00086,train,mobile_phone,远航K9手机,影像增强手机,远航,K9,IMEI860000086,B2025-086,false,false,99,full,,Level 2,compliant,南京消费品检测院,pass,true,true,,true,,检测报告显示整机功能正常 各项安全与稳定性测试合格 可正常销售 包装、铭牌与申报信息一致。,low,PASS,
EA-MOB-00087,train,mobile_phone,星河X1手机,影像增强手机,星河,X1,IMEI860000087,B2026-087,false,false,88,partial,,Level 2,compliant,深圳质检中心,conditional_pass,true,true,,true,,功能测试可用 外观存在轻微磨损 建议人工确认页面说明与成色描述 封签或包装存在重新整理迹象。,medium,REVIEW,
EA-MOB-00088,train,mobile_phone,曜石Ultra 7手机,长续航手机,曜石,Ultra 7,IMEI860000088,B2025-088,false,false,98,partial,,Level 3,unknown,苏州声学检测中心,conditional_pass,true,true,,true,,功能测试可用 外观存在轻微磨损 建议人工确认页面说明与成色描述,medium,REVIEW,
EA-MOB-00089,train,mobile_phone,远航Note 12手机,5G全网通手机,远航,Note 12,IMEI860000089,B2026-089,false,false,98,partial,,Level 2,compliant,苏州声学检测中心,conditional_pass,true,true,,true,,功能测试可用 外观存在轻微磨损 建议人工确认页面说明与成色描述 个别备注项需人工判断是否影响销售结论。 系统初判可流通，但建议人工再核验。,medium,REVIEW,
EA-MOB-00090,train,mobile_phone,曜石Note 12手机,二手高刷屏手机,曜石,Note 12,IMEI860000090,B2025-090,true,false,79,partial,,Level 1,compliant,苏州声学检测中心,conditional_pass,true,true,B,true,true,基础检测通过 但报告内容较简略 建议复核附件与证书映射关系,medium,REVIEW,
EA-MOB-00091,train,mobile_phone,澜讯K9手机,快充旗舰手机,澜讯,K9,IMEI860000091,B2026-091,false,false,95,partial,,Level 1,compliant,北京电子产品检测所,pass,true,true,,true,,抽检结果为合格 性能 输出和绝缘测试均符合要求 证书、批次和能效资料完整。,low,PASS,
EA-MOB-00092,train,mobile_phone,澜讯K9手机,高刷屏手机,澜讯,K9,,B2025-092,false,false,93,full,,Level 1,compliant,东莞质量评估站,fail,false,false,,true,,来源证明不足 外包装与铭牌信息异常 疑似仿冒或未经授权产品,high,FAIL,missing_device_identifier|battery_safety_concern
EA-MOB-00093,train,mobile_phone,远航X1手机,高刷屏手机,远航,X1,IMEI860000093,B2026-093,false,false,99,full,,Level 1,compliant,东莞质量评估站,pass,true,true,,true,,见附件。,low,PASS,
EA-MOB-00094,train,mobile_phone,澜讯Note 12手机,5G全网通手机,澜讯,Note 12,IMEI860000094,B2025-094,false,false,94,full,,Level 1,compliant,苏州声学检测中心,pass,true,true,,true,,样机经检测符合标准 关键部件状态正常 可上市流通 包装、铭牌与申报信息一致。,low,PASS,
EA-MOB-00095,train,mobile_phone,曜石M5手机,5G全网通手机,曜石,M5,IMEI860000095,B2026-095,false,false,98,full,,Level 2,compliant,广州电子检验所,fail,true,true,,true,,报告中标注型号为X1，与申报型号M5不一致，存在套证或错报风险。,high,FAIL,report_model_mismatch
EA-MOB-00096,train,mobile_phone,远航Pro S手机,二手长续航手机,远航,Pro S,IMEI860000096,B2025-096,true,false,88,partial,,Level 2,limited,成都电子检测中心,conditional_pass,true,true,B,true,true,基础检测通过 但报告内容较简略 建议复核附件与证书映射关系,medium,REVIEW,
EA-MOB-00097,train,mobile_phone,曜石M5手机,快充旗舰手机,曜石,M5,IMEI860000097,B2026-097,false,false,90,partial,,Level 1,limited,成都电子检测中心,fail,true,true,,false,,关键功能测试失败，复测仍异常，不满足流通要求。,high,FAIL,
EA-MOB-00098,train,mobile_phone,云际Ultra 7手机,影像增强手机,云际,Ultra 7,IMEI860000098,B2025-098,false,false,91,partial,,Level 1,limited,深圳质检中心,pass,true,true,,true,,检测报告显示整机功能正常 各项安全与稳定性测试合格 可正常销售 包装、铭牌与申报信息一致。,low,PASS,
EA-MOB-00099,train,mobile_phone,曜石Note 12手机,快充旗舰手机,曜石,Note 12,IMEI860000099,B2026-099,false,false,96,partial,,Level 1,compliant,北京电子产品检测所,pass,true,true,,true,,实验室记录显示设备在标准工况下工作稳定 未发现异常告警 证书、批次和能效资料完整。,low,PASS,
EA-MOB-00100,train,mobile_phone,远航X1手机,快充旗舰手机,远航,X1,IMEI860000100,B2025-100,false,false,88,partial,,Level 2,unknown,成都电子检测中心,conditional_pass,true,true,,true,,基础检测通过 但报告内容较简略 建议复核附件与证书映射关系,medium,REVIEW,
EA-MOB-00101,train,mobile_phone,云际K9手机,高刷屏手机,云际,K9,IMEI860000101,B2026-101,false,false,92,partial,,Level 2,limited,成都电子检测中心,pass,true,true,,true,,检测报告显示整机功能正常 各项安全与稳定性测试合格 可正常销售 连续运行24小时未发现掉线、死机或输出波动。 Result: pass under normal operating conditions.,low,PASS,
EA-MOB-00102,train,mobile_phone,星河Note 12手机,二手影像增强手机,星河,Note 12,IMEI860000102,B2025-102,true,false,85,full,,Level 1,compliant,广州电子检验所,conditional_pass,true,true,A,true,true,环境或能效信息不够完整 建议核对补充资料后再放行,medium,REVIEW,
EA-MOB-00103,train,mobile_phone,远航Ultra 7手机,影像增强手机,远航,Ultra 7,IMEI860000103,B2026-103,false,false,89,partial,,Level 1,compliant,成都电子检测中心,pass,true,true,,true,,样机经检测符合标准 关键部件状态正常 可上市流通 证书、批次和能效资料完整。,low,PASS,
EA-MOB-00104,train,mobile_phone,星河K9手机,影像增强手机,星河,K9,IMEI860000104,B2025-104,false,false,99,full,,Level 2,compliant,东莞质量评估站,fail,true,true,,false,,关键功能测试失败，复测仍异常，不满足流通要求。,high,FAIL,
EA-MOB-00105,train,mobile_phone,远航Note 12手机,高刷屏手机,远航,Note 12,,B2026-105,false,false,96,partial,,Level 2,compliant,上海质量检测院,fail,true,true,,true,,检测中发现关键安全项未达标 不建议继续销售 初次送检摘要写为合格，复核后已修正为不合格。,high,FAIL,missing_device_identifier
EA-MOB-00106,train,mobile_phone,曜石X1手机,高刷屏手机,曜石,X1,IMEI860000106,B2025-106,false,false,93,partial,,Level 3,limited,成都电子检测中心,conditional_pass,true,true,,true,,功能测试可用 外观存在轻微磨损 建议人工确认页面说明与成色描述,medium,REVIEW,
EA-MOB-00107,train,mobile_phone,远航Note 12手机,5G全网通手机,远航,Note 12,IMEI860000107,B2026-107,false,true,100,partial,,Level 1,limited,深圳质检中心,fail,true,true,B,true,false,见附件。,high,FAIL,undisclosed_refurbished_status
EA-MOB-00108,train,mobile_phone,星河K9手机,长续航手机,星河,K9,IMEI860000108,B2025-108,false,false,88,partial,,Level 1,compliant,成都电子检测中心,pass,true,true,,true,,抽检结果为合格 性能 输出和绝缘测试均符合要求,low,PASS,
EA-MOB-00109,train,mobile_phone,云际Ultra 7手机,官方翻新高刷屏手机,云际,Ultra 7,IMEI860000109,B2026-109,false,true,84,partial,,Level 1,compliant,苏州声学检测中心,conditional_pass,true,true,B,true,true,包 装封签存在重新整理痕迹 样机主要功能正常 建 议人工抽检 系统初判可流通，但建议人工再核验。 Observed thermal issue during repeated charging cycle.,medium,REVIEW,
EA-MOB-00110,train,mobile_phone,远航Pro S手机,快充旗舰手机,远航,Pro S,IMEI860000110,B2025-110,false,false,98,full,,Level 2,compliant,深圳质检中心,pass,true,true,,true,,样机经检测符合标准 关键部件状态正常 可上市流通 包装、铭牌与申报信息一致。 备注：包装文字与申报信息需人工核对。,low,PASS,
EA-MOB-00111,train,mobile_phone,澜讯Ultra 7手机,快充旗舰手机,澜讯,Ultra 7,IMEI860000111,B2026-111,false,false,98,partial,,Level 1,compliant,杭州电子检测站,conditional_pass,true,true,,true,,环境或能效信息不够完整 建议核对补充资料后再放行 封签或包装存在重新整理迹象。,medium,REVIEW,
EA-MOB-00112,train,mobile_phone,云际K9手机,高刷屏手机,云际,K9,IMEI860000112,B2025-112,false,false,95,partial,,Level 1,compliant,东莞质量评估站,pass,true,true,,true,,连续运行测试通过 结构完好 未见异常发热和风险点,low,PASS,
EA-MOB-00113,train,mobile_phone,曜石M5手机,长续航手机,曜石,M5,IMEI860000113,B2026-113,false,false,88,partial,,Level 2,compliant,北京电子产品检测所,conditional_pass,true,true,,true,,功能测试可用 外观存在轻微磨损 建 议人 工确认页面说明与成色描述 个别备注项需人工判断是否影响销售结论,medium,REVIEW,
EA-MOB-00114,train,mobile_phone,星河M5手机,影像增强手机,星河,M5,IMEI860000114,B2025-114,false,false,93,full,,Level 2,compliant,杭州电子检测站,pass,true,true,,true,,抽检结果为合格 性能 输出和绝缘测试均符合要求 包装、铭牌与申报信息一致。,low,PASS,
EA-MOB-00115,train,mobile_phone,曜石X1手机,长续航手机,曜石,X1,IMEI860000115,B2026-115,false,false,43,partial,,Level 1,compliant,苏州声学检测中心,fail,false,false,,true,,高温或耐压测试未通过 存在安全隐患 应直接拦截,high,FAIL,battery_safety_concern
EA-MOB-00116,train,mobile_phone,星河Ultra 7手机,高刷屏手机,星河,Ultra 7,IMEI860000116,B2025-116,false,false,88,full,,Level 1,limited,东莞质量评估站,fail,true,true,,true,,报告中标注型号为K9，与申报型号Ultra 7不一致，存在套证或错报风险。,high,FAIL,report_model_mismatch
EA-MOB-00117,train,mobile_phone,远航K9手机,长续航手机,远航,K9,IMEI860000117,B2026-117,false,false,89,full,,Level 2,limited,南京消费品检测院,pass,true,true,,true,,样机经检测符合标准 关键部件状态正常 可上市流通 连续运行24小时未发现掉线、死机或输出波动。,low,PASS,
EA-MOB-00118,train,mobile_phone,云际Note 12手机,快充旗舰手机,云际,Note 12,IMEI860000118,B2025-118,false,false,91,full,,Level 1,compliant,上海质量检测院,pass,true,true,,true,,实验室记录显示设备在标准工况下工作稳定 未发现异常告警 包装、铭牌与申报信息一致。,low,PASS,
EA-MOB-00119,train,mobile_phone,星河M5手机,快充旗舰手机,星河,M5,IMEI860000119,B2026-119,false,false,93,full,,Level 1,limited,北京电子产品检测所,conditional_pass,true,true,,true,,包装封签存在重新整理痕迹 样机主要功能正常 建议人工抽检 个别备注项需人工判断是否影响销售结论。,medium,REVIEW,
EA-MOB-00120,train,mobile_phone,星河Note 12手机,二手高刷屏手机,星河,Note 12,IMEI860000120,B2025-120,true,false,79,partial,,Level 1,compliant,东莞质量评估站,conditional_pass,true,true,A,true,true,基础检测通过 但报告内容较简略 建议复核附件与证书映射关系,medium,REVIEW,
EA-MOB-00121,train,mobile_phone,星河K9手机,5G全网通手机,星河,K9,IMEI860000121,B2026-121,false,true,100,full,,Level 1,compliant,苏州声学检测中心,fail,true,true,B,true,false,关键功能测试失败 且复测结果仍异常 不满足流通要求,high,FAIL,undisclosed_refurbished_status
EA-MOB-00122,train,mobile_phone,云际Ultra 7手机,长续航手机,云际,Ultra 7,IMEI860000122,B2025-122,false,false,95,full,,Level 1,compliant,苏州声学检测中心,conditional_pass,true,true,,true,,conditional_pass / medium / mobile_phone,medium,REVIEW,
EA-MOB-00123,train,mobile_phone,远航Ultra 7手机,长续航手机,远航,Ultra 7,IMEI860000123,B2026-123,false,false,98,partial,,Level 1,compliant,杭州电子检测站,pass,true,true,,true,,实验室记录显示设备在标准工况下工作稳定 未发现异常告警 证书、批次和能效资料完整。,low,PASS,
EA-MOB-00124,train,mobile_phone,远航K9手机,快充旗舰手机,远航,K9,IMEI860000124,B2025-124,false,false,90,full,,Level 1,limited,杭州电子检测站,fail,true,true,,true,,来源证明不足，包装与铭牌信息存在异常，疑似仿冒或未经授权产品。,high,FAIL,suspected_counterfeit
EA-MOB-00125,train,mobile_phone,澜讯Pro S手机,影像增强,澜讯,Pro S,IMEI860000125,B2026-125,false,false,100,full,,Level 1,limited,北京电子产品检测所,fail,true,true,,false,,关键功能测试失败，复测仍异常，不满足流通要求。 初次送检摘要写为合格，复核后已修正为不 合 格。 Manual review is recommended before release.,high,FAIL,
EA-MOB-00126,train,mobile_phone,星河K9手机,长续航手机,星河,K9,IMEI860000126,B2025-126,false,false,99,full,,Level 1,compliant,苏州声学检测中心,pass,true,true,,true,,实验室记录显示设备在标准工况下工作稳定 未发现异常告警 包 装、铭牌与申报信息一致。 Result: pass under normal operating conditions.,low,PASS,
EA-MOB-00127,train,mobile_phone,澜讯Ultra 7手机,5G全网通手机,澜讯,Ultra 7,IMEI860000127,B2026-127,false,false,97,partial,,Level 1,compliant,东莞质量评估站,pass,true,true,,true,,见附件。,low,PASS,
EA-MOB-00128,train,mobile_phone,澜讯Ultra 7手机,高刷屏手机,澜讯,Ultra 7,IMEI860000128,B2025-128,false,true,93,full,,Level 2,compliant,南京消费品检测院,fail,true,true,C,true,false,报告中标注型号与申报型号不一致 存在套证或错报风险,high,FAIL,undisclosed_refurbished_status
EA-MOB-00129,train,mobile_phone,云际Ultra 7手机,长续航手机,云际,Ultra 7,IMEI860000129,B2026-129,false,false,92,partial,,Level 2,limited,东莞质量评估站,conditional_pass,true,true,,true,,检测完成，建议复核。,medium,REVIEW,
EA-MOB-00130,train,mobile_phone,远航Note 12手机,快充旗舰手机,远航,Note 12,IMEI860000130,B2025-130,false,false,88,full,,Level 2,compliant,广州电子检验所,pass,true,true,,true,,样机经检测符合标准 关键部件状态正常 可上市流通 包 装、铭牌与申报信息一致。 Model code in report does not match seller declaration.,low,PASS,
EA-MOB-00131,train,mobile_phone,曜石Pro S手机,快充旗舰手机,曜石,Pro S,IMEI860000131,B2026-131,false,false,95,partial,,Level 2,compliant,上海质量检测院,conditional_pass,true,true,,true,,翻新记录已声明 样机功能正常 建议带翻新标识销售并人工复核详情 个别备注项需人工判断是否影响销售结论。,medium,REVIEW,
EA-MOB-00132,train,mobile_phone,澜讯M5手机,二手5G全网通手机,澜讯,M5,IMEI860000132,B2025-132,true,false,83,full,,Level 2,compliant,南京消费品检测院,conditional_pass,true,true,B,true,true,检测完成，建议复核。,medium,REVIEW,
EA-MOB-00133,train,mobile_phone,云际Note 12手机,快充旗舰手机,云际,Note 12,IMEI860000133,B2026-133,false,false,88,partial,,Level 2,compliant,北京电子产品检测所,pass,true,true,,true,,样机经检测符合标准 关键部件状态正常 可上市流通 连续运行24小时未发现掉线、死机或输出波动。,low,PASS,
EA-MOB-00134,train,mobile_phone,云际Ultra 7手机,快充旗舰手机,云际,Ultra 7,,B2025-134,false,false,91,full,,Level 1,limited,北京电子产品检测所,fail,false,false,,true,,翻新和维修痕迹明显 但未完整披露整备历史 风险较高,high,FAIL,missing_device_identifier|battery_safety_concern
EA-MOB-00135,train,mobile_phone,云际M5手机,快充旗舰手机,云际,M5,IMEI860000135,B2026-135,false,true,92,partial,,Level 1,limited,广州电子检验所,fail,true,true,B,true,false,关键功能测试失败 且复测结果仍异常 不满足流通要求,high,FAIL,undisclosed_refurbished_status
EA-MOB-00136,train,mobile_phone,澜讯K9手机,高刷屏手机,澜讯,K9,IMEI860000136,B2025-136,false,false,66,full,,Level 2,compliant,深圳质检中心,fail,false,false,,true,,关键功能测试失败 且复测结果仍异常 不满足流通要求,high,FAIL,battery_safety_concern
EA-MOB-00137,train,mobile_phone,星河Note 12手机,快充旗舰手机,星河,Note 12,IMEI860000137,B2026-137,false,false,92,partial,,Level 1,limited,上海质量检测院,conditional_pass,true,true,,true,,功能测试可用 外观存在轻微磨损 建议人工确认页面说明与成色描述 个别备注项需人工判断是否影响销售结论。,medium,REVIEW,
EA-MOB-00138,train,mobile_phone,远航Ultra 7手机,二手影像增强手机,远航,Ultra 7,IMEI860000138,B2025-138,true,false,87,full,,Level 1,limited,上海质量检测院,conditional_pass,true,true,A,true,true,功能测试可用 外观存在轻微磨损 建议人工确认页面说明与成色描述,medium,REVIEW,
EA-MOB-00139,train,mobile_phone,澜讯K9手机,官方翻新长续航手机,澜讯,K9,IMEI860000139,B2026-139,false,true,90,partial,,Level 2,compliant,上海质量检测院,conditional_pass,true,true,B,true,true,包装封签存在重新整理痕迹 样机主要功能正常 建议人工抽检,medium,REVIEW,
EA-MOB-00140,train,mobile_phone,澜讯Pro S手机,快充旗舰手机,澜讯,Pro S,IMEI860000140,B2025-140,false,false,98,full,,Level 2,compliant,上海质量检测院,pass,true,true,,true,,抽检结果为合格 性能 输出和绝缘测试均符合要求,low,PASS,
EA-MOB-00141,train,mobile_phone,澜讯Note 12手机,长续航手机,澜讯,Note 12,,B2026-141,false,false,99,partial,,Level 2,compliant,成都电子检测中心,fail,false,false,,true,,检测完成，建议复核。,high,FAIL,missing_device_identifier|battery_safety_concern
EA-MOB-00142,train,mobile_phone,澜讯K9手机,高刷屏手机,澜讯,K9,IMEI860000142,B2025-142,false,false,88,full,,Level 3,limited,东莞质量评估站,conditional_pass,true,true,,true,,包装封签存在重新整理痕迹 样机主要功能正常 建议人工抽检,medium,REVIEW,
EA-MOB-00143,train,mobile_phone,澜讯X1手机,5G全网通手机,澜讯,X1,IMEI860000143,B2026-143,false,false,53,full,,Level 1,limited,杭州电子检测站,fail,false,false,,true,,设备身份信息无法核验 且存在异常发热记录 不应上架,high,FAIL,battery_safety_concern
EA-MOB-00144,train,mobile_phone,远航X1手机,二手高刷屏手机,远航,X1,IMEI860000144,B2025-144,true,false,76,partial,,Level 2,limited,杭州电子检测站,conditional_pass,true,true,A,true,true,检测意见为有条件合格 需人工确认备注项是否已在商品页披露,medium,REVIEW,
EA-MOB-00145,train,mobile_phone,远航X1手机,高刷屏手机,远航,X1,IMEI860000145,B2026-145,false,false,99,full,,Level 1,limited,南京消费品检测院,fail,true,true,,true,,来源证明不足，包装与铭牌信息存在异常，疑似仿冒或未经授权产品。,high,FAIL,suspected_counterfeit
EA-MOB-00146,train,mobile_phone,星河Ultra 7手机,快充旗舰手机,星河,Ultra 7,IMEI860000146,B2025-146,false,false,90,partial,,Level 2,compliant,南京消费品检测院,conditional_pass,true,true,,true,,已检测 基本可用 建议人工复核。,medium,REVIEW,
EA-MOB-00147,train,mobile_phone,星河Ultra 7手机,影像增强手机,星河,Ultra 7,IMEI860000147,B2026-147,false,false,100,full,,Level 2,limited,广州电子检验所,conditional_pass,true,true,,true,,包装封签存在重新整理痕迹 样机主要功能正常 建议人工抽检 封签或包装存在重新整理迹象。,medium,REVIEW,
EA-MOB-00148,train,mobile_phone,曜石X1手机,5G全网,曜石,X1,IMEI860000148,B2025-148,false,false,88,partial,,Level 2,unknown,南京消费品检测院,conditional_pass,true,true,,true,,环境或能效信息不够完整 建议核对补充资料后再放行 备注：包装文字与申报信息需人工核对。,medium,REVIEW,
EA-MOB-00149,train,mobile_phone,星河X1手机,长续航手机,星河,X1,IMEI860000149,B2026-149,false,false,92,full,,Level 1,compliant,苏州声学检测中心,conditional_pass,true,true,,true,,翻新记录已声明 样机功能正常 建议带翻新标识销售并人工复核详情 个别备注项需人工判断是否影响销售结论。,medium,REVIEW,
EA-MOB-00150,train,mobile_phone,星河M5手机,二手快充旗舰手机,星河,M5,IMEI860000150,B2025-150,true,false,81,partial,,Level 1,compliant,杭州电子检测站,conditional_pass,true,true,B,true,true,包装封签存在重新整理痕迹 样机主要功能正常 建议人工抽检,medium,REVIEW,
EA-MOB-00151,train,mobile_phone,曜石Note 12手机,5G全网通手机,曜石,Note 12,IMEI860000151,B2026-151,false,false,92,partial,,Level 1,compliant,北京电子产品检测所,pass,true,true,,true,,检测报告显示整机功能正常 各项安全与稳定性测试合格 可正常销售 证书、批次和能效资料完整。,low,PASS,
EA-MOB-00152,train,mobile_phone,澜讯M5手机,快充旗舰手机,澜讯,M5,IMEI860000152,B2025-152,false,false,100,full,,Level 2,compliant,南京消费品检测院,fail,true,true,,true,,来源证明不足，包装与铭牌信息存在异常，疑似仿冒或未经授权产品。,high,FAIL,suspected_counterfeit
EA-MOB-00153,train,mobile_phone,曜石X1手机,5G全网通手机,曜石,X1,IMEI860000153,B2026-153,false,false,89,full,,Level 1,limited,广州电子检验所,conditional_pass,true,true,,true,,基础检测通過 但报告内容较简略 建议复核附件与证书映射关系 封签或包装存在重新整理迹象,medium,REVIEW,
EA-MOB-00154,train,mobile_phone,云际M5手机,影像增强手机,云际,M5,,B2025-154,false,false,98,full,,Level 1,compliant,北京电子产品检测所,fail,true,true,,true,,翻新和维修痕迹明显 但未完整披露整备历史 风险较高,high,FAIL,missing_device_identifier
EA-MOB-00155,train,mobile_phone,云际Ultra 7手机,5G全网通手机,云际,Ultra 7,IMEI860000155,B2026-155,false,false,96,partial,,Level 1,compliant,深圳质检中心,pass,true,true,,true,,抽检结果为合格 性能 输出和绝缘测试均符合要求 证书、批次和能效资料完整。,low,PASS,
EA-MOB-00156,train,mobile_phone,星河Pro S手机,二手高刷屏手机,星河,Pro S,IMEI860000156,B2025-156,true,false,90,full,,Level 1,compliant,北京电子产品检测所,conditional_pass,true,true,A,true,true,功能测试可用 外观存在轻微磨损 建议人工确认页面说明与成色描述,medium,REVIEW,
EA-MOB-00157,train,mobile_phone,澜讯Note 12手机,高刷屏手机,澜讯,Note 12,IMEI860000157,B2026-157,false,false,55,full,,Level 1,limited,东莞质量评估站,fail,false,false,,true,,来源证明不足 外包装与铭牌信息异常 疑似仿冒或未经授权产品,high,FAIL,battery_safety_concern
EA-MOB-00158,train,mobile_phone,星河K9手机,高刷屏手机,星河,K9,IMEI860000158,B2025-158,false,false,89,partial,,Level 2,limited,北京电子产品检测所,conditional_pass,true,true,,true,,已检测 基本可用 建议人工复核。,medium,REVIEW,
EA-MOB-00159,train,mobile_phone,云际Note 12手机,长续航手机,云际,Note 12,IMEI860000159,B2026-159,false,false,93,partial,,Level 2,compliant,上海质量检测院,fail,true,true,,true,,见附件  Observed thermal issue during repeated charging cycle.,high,FAIL,suspected_counterfeit
EA-MOB-00160,train,mobile_phone,澜讯M5手机,快充旗舰手机,澜讯,M5,IMEI860000160,B2025-160,false,false,92,partial,,Level 2,compliant,上海质量检测院,pass,true,true,,true,,样机经检测符合标准 关键部件状态正常 可上市流通 备注：包装文字与申报信息需人工核对。,low,PASS,
EA-MOB-00161,train,mobile_phone,曜石Pro S手机,高刷屏手机,曜石,Pro S,IMEI860000161,B2026-161,false,false,90,full,,Level 1,compliant,成都电子检测中心,pass,true,true,,true,,检测报告显示整机功能正常 各项安全与稳定性测试合格 可正常销售 连续运行24小时未发现掉线、死机或输出波动。,low,PASS,
EA-MOB-00162,train,mobile_phone,云际Note 12手机,长续航手机,云际,Note 12,IMEI860000162,B2025-162,false,false,97,full,,Level 2,compliant,苏州声学检测中心,pass,true,true,,true,,样机经检测符合标准 关键部件状态正常 可上市流通 包装、铭牌与申报信息一致。,low,PASS,
EA-MOB-00163,train,mobile_phone,云际Note 12手机,高刷屏手机,云际,Note 12,IMEI860000163,B2026-163,false,false,97,full,,Level 1,compliant,成都电子检测中心,pass,true,true,,true,,检测报告显示整机功能正常 各项安全与稳定性测试合格 可正常销售 证书、批次和能效资料完整。,low,PASS,
EA-MOB-00164,train,mobile_phone,远航M5手机,高刷屏手机,远航,M5,IMEI860000164,B2025-164,false,false,47,full,,Level 2,compliant,成都电子检测中心,fail,false,false,,true,,报告中标注型号与申报型号不一致 存在套证或错报风险,high,FAIL,battery_safety_concern
EA-MOB-00165,train,mobile_phone,曜石Note 12手机,5G全网通手机,曜石,Note 12,IMEI860000165,B2026-165,false,false,93,partial,,Level 2,compliant,成都电子检测中心,conditional_pass,true,true,,true,,基础检测通过 但报告内容较简略 建议复核附件与证书映射关系 封签或包装存在重新整理迹象。,medium,REVIEW,
EA-MOB-00166,train,mobile_phone,云际Pro S手机,影像增强手机,云际,Pro S,IMEI860000166,B2025-166,false,false,98,full,,Level 2,compliant,广州电子检验所,pass,true,true,,true,,抽检结果为合格 性能 输出和绝缘测试均符合要求 包装、铭牌与申报信息一致。,low,PASS,
EA-MOB-00167,train,mobile_phone,曜石K9手机,快充旗舰手机,曜石,K9,IMEI860000167,B2026-167,false,false,96,partial,,Level 1,compliant,东莞质量评估站,pass,true,true,,true,,连续运行测试通过 结构完好 未见异常发热和风险点 证书、批次和能效资料完整。,low,PASS,
EA-MOB-00168,train,mobile_phone,星河X1手机,5G全网通手机,星河,X1,,B2025-168,false,false,93,full,,Level 1,compliant,杭州电子检测站,fail,true,true,,true,,高温或耐压测试未通过 存在安全隐患 应直接拦截,high,FAIL,missing_device_identifier
EA-MOB-00169,val,mobile_phone,澜讯X1手机,长续航手机,澜讯,X1,,B2026-169,false,false,100,partial,,Level 2,compliant,深圳质检中心,fail,false,false,,true,,关键功能测试失败 且复测结果仍异常 不满足流通要求,high,FAIL,missing_device_identifier|battery_safety_concern
EA-MOB-00170,val,mobile_phone,星河Ultra 7手机,影像增强手机,星河,Ultra 7,IMEI860000170,B2025-170,false,false,94,partial,,Level 2,compliant,成都电子检测中心,pass,true,true,,true,,样机经检测符合标准 关键部件状态正常 可上市流通 包装、铭牌与申报信息一致。,low,PASS,
EA-MOB-00171,val,mobile_phone,澜讯Note 12手机,快充旗舰手机,澜讯,Note 12,IMEI860000171,B2026-171,false,false,90,partial,,Level 1,compliant,苏州声学检测中心,conditional_pass,true,true,,true,,包装封签存在重新整理痕迹 样机主要功能正常 建议人工抽检 封签或包装存在重新整理迹象。 系统初判可流通，但建议人工再核验。,medium,REVIEW,
EA-MOB-00172,val,mobile_phone,星河Ultra 7手机,高刷屏手机,星河,Ultra 7,IMEI860000172,B2025-172,false,false,89,partial,,Level 2,compliant,东莞质量评估站,pass,true,true,,true,,连续运行测试通过 结构完好 未见异常发热和风险点,low,PASS,
EA-MOB-00173,val,mobile_phone,曜石Ultra 7手机,影像增强手机,曜石,Ultra 7,IMEI860000173,B2026-173,false,false,95,partial,,Level 1,compliant,南京消费品检测院,pass,true,true,,true,,样机经检测符合标准 关键部件状态正常 可上市流通 连续运行24小时未发现掉线、死机或输出波动。,low,PASS,
EA-MOB-00174,val,mobile_phone,云际Ultra 7手机,影像增强,云际,Ultra 7,IMEI860000174,B2025-174,false,false,91,partial,,Level 2,compliant,杭州电子检测站,fail,true,true,,false,,"关键功能测试失败, 复测仍异常, 不满足流通要求  Result: pass under normal operating conditions.",high,FAIL,
EA-MOB-00175,val,mobile_phone,曜石Pro S手机,快充旗舰手机,曜石,Pro S,IMEI860000175,B2026-175,false,false,91,partial,,Level 1,compliant,广州电子检验所,pass,true,true,,true,,抽检结果为合格 性能 输出和绝缘测试均符合要求 证书、批次和能效资料完整。,low,PASS,
EA-MOB-00176,val,mobile_phone,澜讯Note 12手机,高刷屏手机,澜讯,Note 12,,B2025-176,false,false,93,partial,,Level 2,compliant,成都电子检测中心,fail,false,false,,true,,来源证明不足 外包装与铭牌信息异常 疑似仿冒或未经授权产品,high,FAIL,missing_device_identifier|battery_safety_concern
EA-MOB-00177,val,mobile_phone,星河M5手机,影像增强手机,星河,M5,IMEI860000177,B2026-177,false,false,88,partial,,Level 2,compliant,上海质量检测院,pass,true,true,,true,,抽检结果为合格 性能 输出和绝缘测试均符合要求 连续运行24小时未发现掉线、死机或输出波动。,low,PASS,
EA-MOB-00178,val,mobile_phone,曜石Note 12手机,快充旗舰手机,曜石,Note 12,IMEI860000178,B2025-178,false,false,91,full,,Level 3,limited,杭州电子检测站,conditional_pass,true,true,,true,,基础检测通过 但报告内容较简略 建议复核附件与证书映射关系,medium,REVIEW,
EA-MOB-00179,val,mobile_phone,星河X1手机,长续航手机,星河,X1,IMEI860000179,B2026-179,false,false,95,full,,Level 2,compliant,苏州声学检测中心,fail,true,true,,true,,报告中标注型号为X1X，与申报型号X1不一致，存在套证或错报风险。,high,FAIL,report_model_mismatch
EA-MOB-00180,val,mobile_phone,星河Ultra 7手机,快充旗舰手机,星河,Ultra 7,IMEI860000180,B2025-180,false,false,98,full,,Level 2,compliant,广州电子检验所,pass,true,true,,true,,实验室记录显示设备在标准工况下工作稳定 未发现异常告警,low,PASS,
EA-MOB-00181,val,mobile_phone,星河Note 12手机,长续航手机,星河,Note 12,IMEI860000181,B2026-181,false,false,99,partial,,Level 1,limited,东莞质量评估站,pass,true,true,,true,,连续运行测试通过 结构完好 未见异常发热和风险点 连续运行24小时未发现掉线、死机或输出波动。,low,PASS,
EA-MOB-00182,val,mobile_phone,曜石Pro S手机,5G全网通手机,曜石,Pro S,IMEI860000182,B2025-182,false,false,95,full,,Level 2,compliant,广州电子检验所,conditional_pass,true,true,,true,,已检测 基本可用 建议人工复核。,medium,REVIEW,
EA-MOB-00183,val,mobile_phone,曜石Ultra 7手机,快充旗舰手机,曜石,Ultra 7,IMEI860000183,B2026-183,false,false,98,full,,Level 1,compliant,南京消费品检测院,conditional_pass,true,true,,true,,包 装封签存在重新整理痕迹 样机主要功能正常 建议人 工抽检 封签或包装存在重新整理迹象。,medium,REVIEW,
EA-MOB-00184,val,mobile_phone,远航Pro S手机,长续航手机,远航,Pro S,IMEI860000184,B2025-184,false,false,100,full,,Level 2,limited,东莞质量评估站,pass,true,true,,true,,连续运行测试通过 结构完好 未见异常发热和风险点,low,PASS,
EA-MOB-00185,val,mobile_phone,星河Ultra 7手机,长续航手机,星河,Ultra 7,IMEI860000185,B2026-185,false,false,97,full,,Level 2,compliant,南京消费品检测院,conditional_pass,true,true,,true,,包装封签存在重新整理痕迹 样机主要功能正常 建议人工抽检 个别备注项需人工判断是否影响销售结论。,medium,REVIEW,
EA-MOB-00186,val,mobile_phone,澜讯M5手机,影像增强手机,澜讯,M5,IMEI860000186,B2025-186,false,false,99,full,,Level 2,compliant,成都电子检测中心,pass,true,true,,true,,连续运行测试通过 结构完好 未见异常发热和风险点 包装、铭牌与申报信息一致。,low,PASS,
EA-MOB-00187,val,mobile_phone,远航Note 12手机,高刷屏手机,远航,Note 12,IMEI860000187,B2026-187,false,false,99,full,,Level 1,compliant,杭州电子检测站,pass,true,true,,true,,检测报告显示整机功能正常 各项安全与稳定性测试合格 可正常销售 证书、批次和能效资料完整。,low,PASS,
EA-MOB-00188,val,mobile_phone,远航X1手机,高刷屏手机,远航,X1,IMEI860000188,B2025-188,false,false,92,partial,,Level 2,compliant,上海质量检测院,conditional_pass,true,true,,true,,已检测 基本可用 建议人工复核。,medium,REVIEW,
EA-MOB-00189,val,mobile_phone,云际Note 12手机,长续航手机,云际,Note 12,IMEI8600,B2026-189,false,false,94,partial,,Level 1,limited,杭州电子检测站,conditional_pass,true,true,,true,,功能测试可用 外观存在轻微磨损 建议人工确认页面说明与成色描述 封签或包装存在重新整理迹象。 系统初判可流通，但建议人工再核验。,medium,REVIEW,
EA-MOB-00190,val,mobile_phone,星河Ultra 7手机,快充旗舰手机,星河,Ultra 7,,B2025-190,false,false,94,full,,Level 1,limited,苏州声学检测中心,fail,false,false,,true,,fail / high / mobile_phone,high,FAIL,missing_device_identifier|battery_safety_concern
EA-MOB-00191,val,mobile_phone,澜讯Ultra 7手机,影像增强手机,澜讯,Ultra 7,IMEI860000191,B2026-191,false,false,94,partial,,Level 2,compliant,第三方送检,conditional_pass,true,true,,true,,翻新记录已声明 样机功能正常 建议带翻新标识销售并人工复核详情 个别备注项需人工判断是否影响销售结论。 备注：包装文字与申报信息需人工核对。,medium,REVIEW,
EA-MOB-00192,val,mobile_phone,澜讯Ultra 7手机,二手快充旗舰手机,澜讯,Ultra 7,IMEI860000192,B2025-192,true,false,79,full,,Level 2,compliant,广州电子检验所,conditional_pass,true,true,B,true,true,基础检測通過 但报告内容较简略 建议复核附件与证书映射关系,medium,REVIEW,
EA-MOB-00193,val,mobile_phone,曜石M5手机,长续航手机,曜石,M5,IMEI860000193,B2026-193,false,false,89,full,,Level 2,compliant,广州电子检验所,pass,true,true,,true,,连续运行测试通过 结构完好 未见异常发热和风险点 连续运行24小时未发现掉线、死机或输出波动。,low,PASS,
EA-MOB-00194,val,mobile_phone,澜讯Note 12手机,高刷屏手机,澜讯,Note 12,IMEI860000194,B2025-194,false,false,90,full,,Level 2,limited,苏州声学检测中心,pass,true,true,,true,,连续运行测试通过 结构完好 未见异常发热和风险点 包装、铭牌与申报信息一致。,low,PASS,
EA-MOB-00195,val,mobile_phone,星河Ultra 7手机,5G全网通手机,星河,Ultra 7,IMEI860000195,B2026-195,false,false,97,partial,,Level 1,compliant,成都电子检测中心,conditional_pass,true,true,,true,,检測意见为有条件合格 需人工确认备注项是否已在商品页披露 封签或包 装存在重新整理迹象。 Manual review is recommended before release.,medium,REVIEW,
EA-MOB-00196,val,mobile_phone,曜石Note 12手机,快充旗舰手机,曜石,Note 12,IMEI860000196,B2025-196,false,false,91,partial,,Level 2,compliant,广州电子检验所,pass,true,true,,true,,实验室记录显示设备在标准工况下工作稳定 未发现异常告警,low,PASS,
EA-MOB-00197,val,mobile_phone,曜石Note 12手机,高刷屏手机,曜石,Note 12,IMEI860000197,B2026-197,false,false,100,full,,Level 2,limited,南京消费品检测院,conditional_pass,true,true,,true,,翻新记录已声明 样机功能正常 建 议带翻新标识销售并人 工复核详情 个别备注项需人工判断是否影响销售结论  Observed thermal issue during repeated charging cycle.,medium,REVIEW,
EA-MOB-00198,val,mobile_phone,澜讯Ultra 7手机,影像增强手机,澜讯,Ultra 7,IMEI860000198,B2025-198,false,true,100,partial,,Level 1,compliant,深圳质检中心,fail,true,true,C,true,false,翻新和维修痕迹明显 但未完整披露整备历史 风险较高,high,FAIL,undisclosed_refurbished_status
EA-MOB-00199,val,mobile_phone,澜讯X1手机,官方翻新长续航手机,澜讯,X1,IMEI860000199,B2026-199,false,true,86,full,,Level 1,limited,杭州电子检测站,conditional_pass,true,true,A,true,true,基础检测通过 但报告内容较简略 建议复核附件与证书映射关系,medium,REVIEW,
EA-MOB-00200,val,mobile_phone,云际Pro S手机,5G全网,云际,Pro S,IMEI860000200,B2025-200,false,false,92,partial,,Level 1,compliant,成都电子检测中心,conditional_pass,true,true,,true,,已检测 基本可用 建议人工复核。,medium,REVIEW,
EA-MOB-00201,val,mobile_phone,曜石K9手机,影像增强手机,曜石,K9,IMEI860000201,B2026-201,false,false,88,partial,,Level 2,limited,广州电子检验所,pass,true,true,,true,,样机经检测符合标准 关键部件状态正常 可上市流通 连续运行24小时未发现掉线、死机或输出波动。,low,PASS,
EA-MOB-00202,val,mobile_phone,远航Ultra 7手机,长续航手机,远航,Ultra 7,IMEI860000202,B2025-202,false,false,98,full,,Level 1,compliant,广州电子检验所,fail,true,true,,false,,关键功能测试失败，复测仍异常，不满足流通要求。 初次送检摘要写为合格，复核后已修正为不合格。,high,FAIL,
EA-MOB-00203,val,mobile_phone,远航Note 12手机,5G全网通手机,远航,Note 12,IMEI860000203,B2026-203,false,false,92,full,,Level 1,compliant,南京消费品检测院,pass,true,true,,true,,见附件。,low,PASS,
EA-MOB-00204,val,mobile_phone,云际K9手机,长续航手机,云际,K9,IMEI860000204,B2025-204,false,false,100,partial,,Level 1,limited,成都电子检测中心,pass,true,true,,true,,样机经检测符合标准 关键部件状态正常 可上市流通 Model code in report does not match seller declaration.,low,PASS,
EA-MOB-00205,test,mobile_phone,曜石M5手机,影像增强手机，卖家补充资料稍后上传,曜石,M5,IMEI860000205,B2026-205,false,false,100,full,,Level 2,compliant,深圳质检中心,pass,true,true,,true,,样机经检测符合标准 关键部件状态正常 可上市流通 连续运行24小时未发现掉线、死机或输出波动。,low,PASS,
EA-MOB-00206,test,mobile_phone,曜石K9手机,高刷屏手机,曜石,K9,IMEI860000206,B2025-206,false,false,98,partial,,Level 2,limited,北京电子产品检测所,pass,true,true,,true,,连续运行测试通过 结构完好 未见异常发热和风险点 包装、铭牌与申报信息一致。,low,PASS,
EA-MOB-00207,test,mobile_phone,云际Note 12手机,影像增强手机,云际,Note 12,IMEI860000207,B2026-207,false,false,100,full,,Level 1,compliant,苏州声学检测中心,conditional_pass,true,true,,true,,"环境或能效信息不够完整 建 议核对补充资料后再放行 封签或包装存在重新整理迹象  系统初判可流通, 但建议人工再核验  Manual review is recommended before release.",medium,REVIEW,
EA-MOB-00208,test,mobile_phone,曜石Pro S手机,长续航手机,曜石,Pro S,IMEI860000208,B2025-208,false,false,94,full,,Level 2,unknown,东莞质量评估站,conditional_pass,true,true,,true,,conditional_pass / medium / mobile_phone,medium,REVIEW,
EA-MOB-00209,test,mobile_phone,曜石Pro S手机,影像增强手机,曜石,Pro S,IMEI860000209,B2026-209,false,false,96,full,,Level 2,compliant,上海质量检测院,pass,true,true,,true,,检测报告显示整机功能正常 各项安全与稳定性测试合格 可正常销售 连续运行24小时未发现掉线、死机或输出波动。,low,PASS,
EA-MOB-00210,test,mobile_phone,远航Ultra 7手机,高刷屏手机,远航,Ultra 7,,B2025-210,false,false,98,partial,,Level 2,compliant,杭州电子检测站,fail,true,true,,true,,高温或耐压测试未通过 存在安全隐患 应直接拦截,high,FAIL,missing_device_identifier
EA-MOB-00211,test,mobile_phone,曜石Ultra 7手机,卖家宣称全新未拆封，5G全网通手机,曜石,Ultra 7,,B2026-211,false,false,92,partial,,Level 2,compliant,苏州声学检测中心,fail,false,false,,true,,翻新和维修痕迹明显 但未完整披露整备历史 风险较高,high,FAIL,missing_device_identifier|battery_safety_concern
EA-MOB-00212,test,mobile_phone,云际X1手机,长续航手机,云际,X1,IMEI860000212,B2025-212,false,false,100,full,,Level 2,compliant,深圳质检中心,conditional_pass,true,true,,true,,已检测 基本可用 建议人工复核。,medium,REVIEW,
EA-MOB-00213,test,mobile_phone,澜讯K9手机,长续航手机,澜讯,K9,IMEI860000213,,false,false,88,full,,Level 2,compliant,第三方送检,pass,true,true,,true,,实验室记录显示设备在标准工况下工作稳定 未发现异常告警 连续运行24小时未发现掉线、死机或输出波动。,low,PASS,
EA-MOB-00214,test,mobile_phone,云际Pro S手机,5G全网通手机,云际,Pro S,IMEI860000214,B2025-214,false,false,95,partial,,Level 2,limited,东莞质量评估站,conditional_pass,true,true,,true,,"检测完成, 建 议复核",medium,REVIEW,
EA-MOB-00215,test,mobile_phone,云际Pro S手机,5G全网通手机,云际,Pro S,IMEI860000215,B2026-215,false,false,90,full,,Level 1,compliant,上海质量检测院,fail,true,true,,true,,来源证明不足，包装与铭牌信息存在异常，疑似仿冒或未经授权产品。 初次送检摘要写为合格，复核后已修正为不合格。,high,FAIL,suspected_counterfeit
EA-MOB-00216,test,mobile_phone,澜讯M5手机,影像增强手机,澜讯,M5,IMEI860000216,B2025-216,false,false,97,partial,,Level 1,limited,北京电子产品检测所,fail,true,true,,false,,关键功能测试失败，复测仍异常，不满足流通要求。,high,FAIL,
EA-MOB-00217,test,mobile_phone,澜讯X1手机,高刷屏手机,澜讯,X1,IMEI860000217,B2026-217,false,false,94,full,,Level 1,limited,东莞质量评估站,pass,true,true,,true,,实验室记录显示设备在标准工况下工作稳定 未发现异常告警 连续运行24小时未发现掉线、死机或输出波动。,low,PASS,
EA-MOB-00218,test,mobile_phone,云际Note 12手机,快充旗舰手机，卖家补充资料稍后上传,云际,Note 12,IMEI860000218,B2025-218,false,false,96,full,,Level 1,compliant,广州电子检验所,pass,true,true,,true,,检测报告显示整机功能正常 各项安全与稳定性测试合格 可正常销售 包装、铭牌与申报信息一致。,low,PASS,
EA-MOB-00219,test,mobile_phone,曜石X1手机,快充旗舰手机,曜石,X1,IMEI860000219,B2026-219,false,true,100,partial,,Level 1,compliant,成都电子检测中心,fail,true,true,B,true,false,翻新和维修痕迹明显 但未完整披露整备历史 风险较高,high,FAIL,undisclosed_refurbished_status
EA-MOB-00220,test,mobile_phone,澜讯X1手机,5G全网通手机,澜讯,X1,IMEI860000220,B2025-220,false,false,94,partial,,Level 1,limited,苏州声学检测中心,pass,true,true,,true,,检測报告显示整机功能正常 各项安全与稳定性测试合格 可正常销售,low,PASS,
EA-MOB-00221,test,mobile_phone,曜石K9手机,快充旗舰手机,曜石,K9,IMEI860000221,B2026-221,false,false,99,partial,,Level 2,compliant,第三方送检,fail,true,true,,true,,"报告中标注型号为Ultra 7, 与申报型号K9不一致, 存在套证或错报风险",high,FAIL,report_model_mismatch
EA-MOB-00222,test,mobile_phone,云际Note 12手机,快充旗舰手机,云际,Note 12,IMEI860000222,,false,false,99,partial,,Level 1,compliant,广州电子检验所,pass,true,true,,true,,实验室记录显示设备在标准工况下工作稳定 未发现异常告警 包 装、铭牌与申报信息一致。 Observed thermal issue during repeated charging cycle.,low,PASS,
EA-MOB-00223,test,mobile_phone,云际Pro S手机,官方翻新影像增强手机,云际,Pro S,IMEI860000223,B2026-223,false,true,90,full,,Level 1,limited,深圳质检中心,conditional_pass,true,true,B,true,true,检测意见为有条件合格 需人工确认备注项是否已在商品页披露 备注：包装文字与申报信息需人工核对。,medium,REVIEW,
EA-MOB-00224,test,mobile_phone,澜讯K9手机,快充旗舰手机,澜讯,K9,IMEI860000224,B2025-224,false,false,93,partial,,Level 2,limited,广州电子检验所,conditional_pass,true,true,,true,,已检测 基本可用 建议人工复核。,medium,REVIEW,
EA-MOB-00225,test,mobile_phone,星河Note 12手机,5G全网,星河,Note 12,IMEI860000225,B2026-225,false,false,94,partial,,Level 1,compliant,苏州声学检测中心,conditional_pass,true,true,,true,,翻新记录已声明 样机功能正常 建议带翻新标识销售并人工复核详情 封签或包装存在重新整理迹象。,medium,REVIEW,
EA-MOB-00226,test,mobile_phone,星河Note 12手机,长续航手机,星河,Note 12,IMEI860000226,B2025-226,false,false,100,partial,,Level 2,unknown,成都电子检测中心,conditional_pass,true,true,,true,,检测意见为有条件合格 需人工确认备注项是否已在商品页披露,medium,REVIEW,
EA-MOB-00227,test,mobile_phone,云际X1手机,5G全网通手机,云际,X1,IMEI860000227,B2026-227,false,false,95,partial,,Level 1,compliant,第三方送检,pass,true,true,,true,,抽检结果为合格 性能 输出和绝缘测试均符合要求 证书、批次和能效资料完整  Model code in report does not match seller declaration.,low,PASS,
EA-MOB-00228,test,mobile_phone,远航Ultra 7手机,高刷屏手机,远航,Ultra 7,IMEI860000228,B2025-228,false,false,100,partial,,Level 1,limited,北京电子产品检测所,pass,true,true,,true,,pass / low / mobile_phone Model code in report does not match seller declaration.,low,PASS,
EA-MOB-00229,test,mobile_phone,云际Ultra 7手机,官方翻新5G全网通手机,云际,Ultra 7,IMEI860000229,B2026-229,false,true,84,full,,Level 2,compliant,东莞质量评估站,conditional_pass,true,true,B,true,true,功能测试可用 外观存在轻微磨损 建议人工确认页面说明与成色描述,medium,REVIEW,
EA-MOB-00230,test,mobile_phone,星河K9手机,高刷屏手机,星河,K9,IMEI860000230,B2025-230,false,false,92,full,,Level 1,compliant,东莞质量评估站,conditional_pass,true,true,,true,,"已检测 基本可用 建议人工复核  系统初判可流通, 但建议人工再核验  Result: pass under normal operating conditions.",medium,REVIEW,
EA-MOB-00231,test,mobile_phone,澜讯Pro S手机,高刷屏手机,澜讯,Pro S,,B2026-231,false,false,99,partial,,Level 1,limited,广州电子检验所,fail,true,true,,true,,报告中标注型号与申报型号不一致 存在套证或错报風险,high,FAIL,missing_device_identifier
EA-MOB-00232,test,mobile_phone,星河X1手机,快充旗舰手机,星河,X1,,B2025-232,false,false,92,partial,,Level 1,compliant,北京电子产品检测所,fail,false,false,,true,,关键功能测试失败 且复测结果仍异常 不满足流通要求,high,FAIL,missing_device_identifier|battery_safety_concern
EA-MOB-00233,test,mobile_phone,澜讯Note 12手机,长续航手机,澜讯,Note 12,IMEI860000233,B2026-233,false,false,96,partial,,Level 1,compliant,苏州声学检测中心,pass,true,true,,true,,实验室记录显示设备在标准工况下工作稳定 未发现异常告警 连续运行24小时未发现掉线、死机或输出波动。,low,PASS,
EA-MOB-00234,test,mobile_phone,澜讯X1手机,5G全网通手机,澜讯,X1,IMEI860000234,B2025-234,false,false,54,partial,,Level 2,compliant,苏州声学检测中心,fail,false,false,,true,,来源证明不足 外包装与铭牌信息异常 疑似仿冒或未经授权产品,high,FAIL,battery_safety_concern
EA-MOB-00235,test,mobile_phone,澜讯M5手机,影像增强手机,澜讯,M5,IMEI860000235,B2026-235,false,false,88,full,,Level 1,compliant,北京电子产品检测所,pass,true,true,,true,,检测报告显示整机功能正常 各项安全与稳定性测试合格 可正常销售 证书、批次和能效资料完整。,low,PASS,
EA-MOB-00236,test,mobile_phone,曜石Note 12手机,影像增强手机,曜石,Note 12,IMEI860000236,,false,false,93,full,,Level 2,compliant,苏州声学检测中心,conditional_pass,true,true,,true,,已检测 基本可用 建议人工复核。,medium,REVIEW,
EA-MOB-00237,test,mobile_phone,云际Note 12手机,长续航手机,云际,Note 12,IMEI860000237,B2026-237,false,false,92,partial,,Level 1,limited,苏州声学检测中心,pass,true,true,,true,,抽检结果为合格 性能 输出和绝缘测试均符合要求 连续运行24小时未发现掉线、死机或输出波动。,low,PASS,
EA-MOB-00238,test,mobile_phone,星河Note 12手机,5G全网通手机,星河,Note 12,IMEI860000238,B2025-238,false,false,88,partial,,Level 2,unknown,深圳质检中心,conditional_pass,true,true,,true,,检测意见为有条件合格 需人工确认备注项是否已在商品页披露,medium,REVIEW,
EA-MOB-00239,test,mobile_phone,澜讯X1手机,影像增强手机,澜讯,X1,IMEI860000239,B2026-239,false,false,93,partial,,Level 1,compliant,南京消费品检测院,pass,true,true,,true,,样机经检测符合标准 关键部件状态正常 可上市流通 证书、批次和能效资料完整。,low,PASS,
EA-MOB-00240,test,mobile_phone,澜讯Ultra 7手机,快充旗舰手机，卖家补充资料稍后上传,澜讯,Ultra 7,IMEI860000240,B2025-240,false,false,98,full,,Level 2,limited,上海质量检测院,pass,true,true,,true,,连续运行测试通过 结构完好 未见异常发热和风险点,low,PASS,
EA-LAP-00241,train,laptop,云锋Office 15笔记本,长续航笔记本,云锋,Office 15,SN-LAP-000241,B2026-241,false,false,67,partial,,Level 2,limited,东莞质量评估站,fail,false,false,,true,,翻新和维修痕迹明显 但未完整披露整备历史 风险较高,high,FAIL,battery_safety_concern
EA-LAP-00242,train,laptop,云锋Creator 16笔记本,长续航笔记本,云锋,Creator 16,SN-LAP-000242,B2025-242,false,false,99,partial,,Level 2,limited,南京消费品检测院,conditional_pass,true,true,,true,,已检测 基本可用 建议人工复核。,medium,REVIEW,
EA-LAP-00243,train,laptop,灵曜Slim 13笔记本,独显性能笔记本,灵曜,Slim 13,SN-LAP-000243,B2026-243,false,false,95,partial,,Level 1,compliant,苏州声学检测中心,conditional_pass,true,true,,true,,基础检测通过 但报告内容较简略 建议复核附件与证书映射关系 封签或包装存在重新整理迹象。,medium,REVIEW,
EA-LAP-00244,train,laptop,云锋Creator 16笔记本,轻薄办公笔记本,云锋,Creator 16,SN-LAP-000244,B2025-244,false,false,90,full,,Level 2,compliant,杭州电子检测站,pass,true,true,,true,,抽检结果为合格 性能 输出和绝缘测试均符合要求,low,PASS,
EA-LAP-00245,train,laptop,铭创Slim 13笔记本,独显性能笔记本,铭创,Slim 13,SN-LAP-000245,B2026-245,false,false,91,full,,Level 1,compliant,杭州电子检测站,pass,true,true,,true,,检测报告显示整机功能正常 各项安全与稳定性测试合格 可正常销售 连续运行24小时未发现掉线、死机或输出波动。 备注：包装文字与申报信息需人工核对。,low,PASS,
EA-LAP-00246,train,laptop,云锋Air14笔记本,独显性能笔记本,云锋,Air14,,B2025-246,false,false,90,full,,Level 1,compliant,南京消费品检测院,fail,true,true,,true,,设备身份信息无法核验 且存在异常发热记录 不应上架,high,FAIL,missing_device_identifier
EA-LAP-00247,train,laptop,灵曜Slim 13笔记本,轻薄办公笔记本,灵曜,Slim 13,SN-LAP-000247,B2026-247,false,false,94,partial,,Level 1,compliant,东莞质量评估站,pass,true,true,,true,,连续运行测试通过 结构完好 未见异常发热和风险点 证书、批次和能效资料完整。,low,PASS,
EA-LAP-00248,train,laptop,曜越Creator 16笔记本,独显性能笔记本,曜越,Creator 16,SN-LAP-000248,B2025-248,false,false,92,partial,,Level 2,limited,东莞质量评估站,conditional_pass,true,true,,true,,已检测 基本可用 建议人工复核。,medium,REVIEW,
EA-LAP-00249,train,laptop,极光Creator 16笔记本,独显性能笔记本,极光,Creator 16,SN-LAP-000249,B2026-249,false,false,89,full,,Level 2,limited,上海质量检测院,pass,true,true,,true,,样机经检测符合标准 关键部件状态正常 可上市流通 连续运行24小时未发现掉线、死机或输出波动。 备注：包装文字与申报信息需人工核对。,low,PASS,
EA-LAP-00250,train,laptop,极光Creator 16笔记本,商务便携笔记本,极光,Creator 16,SN-LAP-000250,B2025-250,false,false,93,full,,Level 1,compliant,杭州电子检测站,pass,true,true,,true,,样机经检测符合标准 关键部件状态正常 可上市流通 包装、铭牌与申报信息一致。,low,PASS,
EA-LAP-00251,train,laptop,铭创Slim 13笔记本,独显性能笔记本,铭创,Slim 13,SN-LAP-000251,B2026-251,false,false,94,partial,,Level 1,compliant,南京消费品检测院,pass,true,true,,true,,样机经检测符合标准 关键部件状态正常 可上市流通 证书、批次和能效资料完整。,low,PASS,
EA-LAP-00252,train,laptop,极光Creator 16笔记本,金属机身笔记本,极光,Creator 16,SN-LAP-000252,B2025-252,false,false,92,partial,,Level 1,limited,广州电子检验所,pass,true,true,,true,,实验室记录显示设备在标准工况下工作稳定 未发现异常告警,low,PASS,
EA-LAP-00253,train,laptop,铭创Air14笔记本,官方翻新长续航笔记本,铭创,Air14,SN-LAP-000253,B2026-253,false,true,86,partial,,Level 1,compliant,苏州声学检测中心,conditional_pass,true,true,A,true,true,翻新记录已声明 样机功能正常 建议带翻新标识销售并人工复核详情,medium,REVIEW,
EA-LAP-00254,train,laptop,曜越Creator 16笔记本,金属机身笔记本,曜越,Creator 16,SN-LAP-000254,B2025-254,false,false,99,partial,,Level 1,compliant,南京消费品检测院,pass,true,true,,true,,样机经检测符合标准 关键部件状态正常 可上市流通 包装、铭牌与申报信息一致。,low,PASS,
EA-LAP-00255,train,laptop,灵曜Game15笔记本,轻薄办公笔记本,灵曜,Game15,SN-LAP-000255,B2026-255,false,false,69,full,,Level 1,limited,广州电子检验所,fail,false,false,,true,,检測中发现关键安全项未达标 不建议继续销售,high,FAIL,battery_safety_concern
EA-LAP-00256,train,laptop,灵曜Slim 13笔记本,独显性能笔记本,灵曜,Slim 13,SN-LAP-000256,B2025-256,false,false,95,full,,Level 2,limited,成都电子检测中心,conditional_pass,true,true,,true,,见附件,medium,REVIEW,
EA-LAP-00257,train,laptop,极光Air14笔记本,金属机身笔记本,极光,Air14,SN-LAP-000257,B2026-257,false,false,98,full,,Level 1,compliant,成都电子检测中心,pass,true,true,,true,,抽检结果为合格 性能 输出和绝缘测试均符合要求 连续运行24小时未发现掉线、死机或输出波动。,low,PASS,
EA-LAP-00258,train,laptop,极光Game15笔记本,二手商务便携笔记本,极光,Game15,SN-LAP-000258,B2025-258,true,false,76,partial,,Level 2,compliant,外部资料摘录,conditional_pass,true,true,A,true,true,检测意见为有条件合格 需人工确认备注项是否已在商品页披露,medium,REVIEW,
EA-LAP-00259,train,laptop,云锋Slim 13笔记本,长续航笔记本,云锋,Slim 13,,B2026-259,false,false,97,partial,,Level 1,limited,南京消费品检测院,fail,true,true,,true,,来源证明不足 外包装与铭牌信息异常 疑似仿冒或未经授权产品 初次送检摘要写为合格，复核后已修正为不合格。,high,FAIL,missing_device_identifier
EA-LAP-00260,train,laptop,铭创ProBook笔记本,金属机身笔记本,铭创,ProBook,SN-LAP-000260,B2025-260,false,false,94,partial,,Level 2,compliant,北京电子产品检测所,pass,true,true,,true,,连续运行测试通过 结构完好 未见异常发热和风险点,low,PASS,
EA-LAP-00261,train,laptop,曜越Air14笔记本,金属机身笔记本,曜越,Air14,SN-LAP-000261,B2026-261,false,false,91,partial,,Level 2,compliant,深圳质检中心,pass,true,true,,true,,连续运行测试通过 结构完好 未见异常发热和风险点 连续运行24小时未发现掉线、死机或输出波动。,low,PASS,
EA-LAP-00262,train,laptop,曜越Creator 16笔记本,金属机身笔记本,曜越,Creator 16,SN-LAP-000262,B2025-262,false,false,96,partial,,Level 1,compliant,南京消费品检测院,pass,true,true,,true,,检测报告显示整机功能正常 各项安全与稳定性测试合格 可正常销售 包装、铭牌与申报信息一致。,low,PASS,
EA-LAP-00263,train,laptop,曜越Air14笔记本,长续航笔记本,曜越,Air14,SN-LAP-000263,B2026-263,false,false,100,partial,,Level 1,compliant,杭州电子检测站,pass,true,true,,true,,实验室记录显示设备在标准工况下工作稳定 未发现异常告警 证书、批次和能效资料完整。,low,PASS,
EA-LAP-00264,train,laptop,铭创Creator 16笔记本,二手长续,铭创,Creator 16,SN-LAP-000264,B2025-264,true,false,85,partial,,Level 1,compliant,成都电子检测中心,conditional_pass,true,true,A,true,true,包装封签存在重新整理痕迹 样机主要功能正常 建议人工抽检,medium,REVIEW,
EA-LAP-00265,train,laptop,灵曜Game15笔记本,官方翻新长续航笔记本,灵曜,Game15,SN-LAP-000265,B2026-265,false,true,82,partial,,Level 1,compliant,成都电子检测中心,conditional_pass,true,true,B,true,true,功能测试可用 外观存在轻微磨损 建议人工确认页面说明与成色描述 系统初判可流通，但建议人工再核验。,medium,REVIEW,
EA-LAP-00266,train,laptop,灵曜Game15笔记本,独显性能笔记本,灵曜,Game15,,B2025-266,false,false,89,full,,Level 1,compliant,杭州电子检测站,fail,true,true,,true,,高温或耐压测试未通过 存在安全隐患 应直接拦截,high,FAIL,missing_device_identifier
EA-LAP-00267,train,laptop,云锋Game15笔记本,轻薄办公笔记本,云锋,Game15,SN-LAP-000267,B2026-267,false,false,90,full,,Level 1,compliant,广州电子检验所,pass,true,true,,true,,样机经检测符合标准 关键部件状态正常 可上市流通 证书、批次和能效资料完整。,low,PASS,
EA-LAP-00268,train,laptop,云锋Office 15笔记本,轻薄办公笔记本,云锋,Office 15,SN-LAP-000268,B2025-268,false,false,97,full,,Level 2,unknown,深圳质检中心,conditional_pass,true,true,,true,,环境或能效信息不够完整 建议核对补充资料后再放行,medium,REVIEW,
EA-LAP-00269,train,laptop,云锋Game15笔记本,金属机身笔记本,云锋,Game15,SN-LAP-000269,B2026-269,false,false,94,full,,Level 1,limited,广州电子检验所,pass,true,true,,true,,抽检结果为合格 性能 输出和绝缘测试均符合要求 连续运行24小时未发现掉线、死机或输出波动。,low,PASS,
EA-LAP-00270,train,laptop,铭创Slim 13笔记本,二手商务便携笔记本,铭创,Slim 13,SN-LAP-000270,B2025-270,true,false,77,partial,,Level 1,limited,深圳质检中心,conditional_pass,true,true,B,true,true,功能测试可用 外观存在轻微磨损 建 议人工确认页面说明与成色描述 Model code in report does not match seller declaration.,medium,REVIEW,
EA-LAP-00271,train,laptop,铭创ProBook笔记本,官方翻新长续航笔记本,铭创,ProBook,SN-LAP-000271,B2026-271,false,true,84,partial,,Level 1,limited,杭州电子检测站,conditional_pass,true,true,A,true,true,基础检測通過 但报告内容较简略 建议复核附件与证书映射关系 Result: pass under normal operating conditions.,medium,REVIEW,
EA-LAP-00272,train,laptop,云锋Slim 13笔记本,金属机身笔记本,云锋,Slim 13,SN-LAP-000272,B2025-272,false,false,90,full,,Level 2,compliant,东莞质量评估站,conditional_pass,true,true,,true,,已检测 基本可用 建议人工复核。,medium,REVIEW,
EA-LAP-00273,train,laptop,曜越ProBook笔记本,商务便携笔记本,曜越,ProBook,SN-LAP-000273,B2026-273,false,false,97,full,,Level 1,compliant,杭州电子检测站,conditional_pass,true,true,,true,,检测意见为有条件合格 需人工确认备注项是否已在商品页披露 封签或包装存在重新整理迹象。,medium,REVIEW,
EA-LAP-00274,train,laptop,灵曜Office 15笔记本,长续航笔记本,灵曜,Office 15,SN-LAP-000274,B2025-274,false,false,100,partial,,Level 2,unknown,上海质量检测院,conditional_pass,true,true,,true,,翻新记录已声明 样机功能正常 建议带翻新标识销售并人工复核详情 系统初判可流通，但建议人工再核验。,medium,REVIEW,
EA-LAP-00275,train,laptop,云锋Air14笔记本,卖家宣称全新未拆封，长续航笔记本,云锋,Air14,SN-LAP-000275,B2026-275,false,true,93,full,,Level 1,compliant,东莞质量评估站,fail,true,true,C,true,false,检测中发现关键安全项未达标 不建 议继续销售,high,FAIL,undisclosed_refurbished_status
EA-LAP-00276,train,laptop,极光Office 15笔记本,二手长续航笔记本,极光,Office 15,SN-LAP-000276,B2025-276,true,false,78,full,,Level 1,compliant,广州电子检验所,conditional_pass,true,true,A,true,true,基础检测通过 但报告内容较简略 建议复核附件与证书映射关系,medium,REVIEW,
EA-LAP-00277,train,laptop,曜越Office 15笔记本,官方翻新轻薄办公笔记本,曜越,Office 15,SN-LAP-000277,B2026-277,false,true,87,full,,Level 2,compliant,南京消费品检测院,conditional_pass,true,true,B,true,true,检测意见为有条件合格 需人工确认备注项是否已在商品页披露,medium,REVIEW,
EA-LAP-00278,train,laptop,云锋ProBook笔记本,轻薄办公笔记本,云锋,ProBook,SN-LAP-000278,B2025-278,false,false,91,full,,Level 1,compliant,上海质量检测院,fail,true,true,,true,,来源证明不足，包装与铭牌信息存在异常，疑似仿冒或未经授权产品。,high,FAIL,suspected_counterfeit
EA-LAP-00279,train,laptop,云锋Air14笔记本,轻薄办公笔记本,云锋,Air14,SN-LAP-000279,B2026-279,false,false,99,partial,,Level 1,compliant,深圳质检中心,conditional_pass,true,true,,true,,功能测试可用 外观存在轻微磨损 建议人工确认页面说明与成色描述 封签或包装存在重新整理迹象。,medium,REVIEW,
EA-LAP-00280,train,laptop,曜越Office 15笔记本,长续航笔,曜越,Office 15,,B2025-280,false,false,93,full,,Level 1,compliant,杭州电子检测站,fail,true,true,,true,,翻新和维修痕迹明显 但未完整披露整备历史 风险较高,high,FAIL,missing_device_identifier
EA-LAP-00281,train,laptop,云锋ProBook笔记本,商务便携笔记本,云锋,ProBook,SN-LAP-000281,B2026-281,false,false,97,full,,Level 1,limited,北京电子产品检测所,conditional_pass,true,true,,true,,功能测试可用 外观存在轻微磨损 建议人工确认页面说明与成色描述 个别备注项需人工判断是否影响销售结论。,medium,REVIEW,
EA-LAP-00282,train,laptop,灵曜Slim 13笔记本,金属机身笔记本,灵曜,Slim 13,SN-LAP-000282,B2025-282,false,true,93,partial,,Level 1,compliant,北京电子产品检测所,fail,true,true,B,true,false,来源证明不足 外包装与铭牌信息异常 疑似仿冒或未经授权产品,high,FAIL,undisclosed_refurbished_status
EA-LAP-00283,train,laptop,极光Office 15笔记本,官方翻新轻薄办公笔记本,极光,Office 15,SN-LAP-000283,B2026-283,false,true,92,full,,Level 1,limited,杭州电子检测站,conditional_pass,true,true,A,true,true,检测完成，建议复核。,medium,REVIEW,
EA-LAP-00284,train,laptop,铭创Slim 13笔记本,长续航笔记本,铭创,Slim 13,SN-LAP-000284,B2025-284,false,false,98,full,,Level 2,compliant,南京消费品检测院,pass,true,true,,true,,pass / low / laptop,low,PASS,
EA-LAP-00285,train,laptop,极光Creator 16笔记本,轻薄办公笔记本,极光,Creator 16,SN-LAP-000285,B2026-285,false,false,96,full,,Level 2,compliant,杭州电子检测站,conditional_pass,true,true,,true,,基础检测通过 但报告内容较简略 建议复核附件与证书映射关系 封签或包装存在重新整理迹象。,medium,REVIEW,
EA-LAP-00286,train,laptop,云锋Office 15笔记本,轻薄办公笔记本,云锋,Office 15,SN-LAP-000286,B2025-286,false,false,100,full,,Level 1,compliant,广州电子检验所,pass,true,true,,true,,样机经检测符合标准 关键部件状态正常 可上市流通 包装、铭牌与申报信息一致。,low,PASS,
EA-LAP-00287,train,laptop,灵曜Slim 13笔记本,卖家宣称全新未拆封，独显性能笔记本,灵曜,Slim 13,,B2026-287,false,false,89,full,,Level 1,compliant,上海质量检测院,fail,true,true,,true,,高温或耐压测试未通过 存在安全隐患 应直接拦截,high,FAIL,missing_device_identifier
EA-LAP-00288,train,laptop,云锋Office 15笔记本,二手商务便携笔记本,云锋,Office 15,SN-LAP-000288,B2025-288,true,false,80,partial,,Level 2,compliant,广州电子检验所,conditional_pass,true,true,B,true,true,环境或能效信息不够完整 建 议核对补充资料后再放行,medium,REVIEW,
EA-LAP-00289,train,laptop,极光ProBook笔记本,官方翻新独显性能笔记本,极光,ProBook,SN-LAP-000289,B2026-289,false,true,87,full,,Level 1,compliant,广州电子检验所,conditional_pass,true,true,B,true,true,检测意见为有条件合格 需人工确认备注项是否已在商品页披露,medium,REVIEW,
EA-LAP-00290,train,laptop,铭创Air14笔记本,金属机身笔记本,铭创,Air14,SN-LAP-000290,B2025-290,false,false,96,full,,Level 2,compliant,广州电子检验所,pass,true,true,,true,,见附件。,low,PASS,
EA-LAP-00291,train,laptop,极光Air14笔记本,独显性能笔记本,极光,Air14,SN-LAP-000291,B2026-291,false,false,92,full,,Level 1,compliant,北京电子产品检测所,fail,true,true,,true,,"报告中标注型号为ProBook, 与申报型号Air14不一致, 存在套证或错报风险",high,FAIL,report_model_mismatch
EA-LAP-00292,train,laptop,云锋Game15笔记本,轻薄办公笔记本,云锋,Game15,SN-LAP-000292,B2025-292,false,false,94,full,,Level 2,limited,上海质量检测院,conditional_pass,true,true,,true,,检测完成，建议复核。,medium,REVIEW,
EA-LAP-00293,train,laptop,灵曜Slim 13笔记本,长续航笔记本,灵曜,Slim 13,SN-LAP-000293,B2026-293,false,false,100,partial,,Level 2,compliant,广州电子检验所,pass,true,true,,true,,连续运行测试通过 结构完好 未见异常发热和风险点 连续运行24小时未发现掉线、死机或输出波动。,low,PASS,
EA-LAP-00294,train,laptop,曜越Slim 13笔记本,二手商务便携笔记本,曜越,Slim 13,SN-LAP-000294,B2025-294,true,false,83,partial,,Level 1,compliant,深圳质检中心,conditional_pass,true,true,B,true,true,包装封签存在重新整理痕迹 样机主要功能正常 建议人工抽检,medium,REVIEW,
EA-LAP-00295,train,laptop,极光Slim 13笔记本,长续航笔记本,极光,Slim 13,SN-LAP-000295,B2026-295,false,false,93,partial,,Level 1,compliant,苏州声学检测中心,pass,true,true,,true,,实验室记录显示设备在标准工况下工作稳定 未发现异常告警 证书、批次和能效资料完整  Observed thermal issue during repeated charging cycle.,low,PASS,
EA-LAP-00296,train,laptop,曜越Slim 13笔记本,独显性能笔记本,曜越,Slim 13,SN-LAP-000296,B2025-296,false,false,97,partial,,Level 1,limited,杭州电子检测站,pass,true,true,,true,,样机经检测符合标准 关键部件状态正常 可上市流通,low,PASS,
EA-LAP-00297,train,laptop,云锋Air14笔记本,独显性能笔记本,云锋,Air14,SN-LAP-000297,B2026-297,false,false,50,partial,,Level 1,limited,苏州声学检测中心,fail,false,false,,true,,检测中发现关键安全项未达标 不建议继续销售,high,FAIL,battery_safety_concern
EA-LAP-00298,train,laptop,极光Slim 13笔记本,商务便携笔记本,极光,Slim 13,SN-LAP-000298,B2025-298,false,false,90,full,,Level 1,limited,东莞质量评估站,pass,true,true,,true,,样机经检测符合标准 关键部件状态正常 可上市流通 包装、铭牌与申报信息一致。,low,PASS,
EA-LAP-00299,train,laptop,灵曜Air14笔记本,轻薄办公笔记本,灵曜,Air14,SN-LAP-000299,B2026-299,false,false,93,partial,,Level 1,compliant,成都电子检测中心,pass,true,true,,true,,样机经检测符合标准 关键部件状态正常 可上市流通 证书、批次和能效资料完整。,low,PASS,
EA-LAP-00300,train,laptop,曜越Office 15笔记本,独显性能笔记本,曜越,Office 15,SN-LAP-000300,B2025-300,false,false,96,full,,Level 2,compliant,深圳质检中心,fail,true,true,,false,,关键功能测试失败，复测仍异常，不满足流通要求。 初次送检摘要写为合格，复核后已修正为不合格。,high,FAIL,
EA-LAP-00301,train,laptop,极光Creator 16笔记本,官方翻新金属机身笔记本,极光,Creator 16,SN-LAP-000301,B2026-301,false,true,81,full,,Level 2,compliant,杭州电子检测站,conditional_pass,true,true,A,true,true,包装封签存在重新整理痕迹 样机主要功能正常 建议人工抽检,medium,REVIEW,
EA-LAP-00302,train,laptop,云锋Slim 13笔记本,金属机身笔记本,云锋,Slim 13,SN-LAP-000302,B2025-302,false,false,99,partial,,Level 1,limited,南京消费品检测院,conditional_pass,true,true,,true,,已检测 基本可用 建议人工复核。,medium,REVIEW,
EA-LAP-00303,train,laptop,云锋Creator 16笔记本,卖家宣称全新未拆封，长续航笔记本,云锋,Creator 16,SN-LAP-000303,B2026-303,false,true,94,partial,,Level 2,compliant,深圳质检中心,fail,true,true,C,true,false,高温或耐压测试未通过 存在安全隐患 应直接拦截,high,FAIL,undisclosed_refurbished_status
EA-LAP-00304,train,laptop,极光Slim 13笔记本,长续航笔记本，卖家补充资料稍后上传,极光,Slim 13,SN-LAP-000304,B2025-304,false,false,94,full,,Level 1,compliant,杭州电子检测站,pass,true,true,,true,,抽检结果为合格 性能 输出和绝缘测试均符合要求,low,PASS,
EA-LAP-00305,train,laptop,极光ProBook笔记本,商务便携笔记本,极光,ProBook,SN-LAP-000305,B2026-305,false,false,94,partial,,Level 2,limited,上海质量检测院,pass,true,true,,true,,检測报告显示整机功能正常 各项安全与稳定性测试合格 可正常销售 连续运行24小时未发现掉线、死机或输出波动。,low,PASS,
EA-LAP-00306,train,laptop,云锋Game15笔记本,二手长续航笔记本,云锋,Game15,SN-LAP-000306,B2025-306,true,false,85,partial,,Level 2,compliant,东莞质量评估站,conditional_pass,true,true,B,true,true,检测意见为有条件合格 需人工确认备注项是否已在商品页披露,medium,REVIEW,
EA-LAP-00307,train,laptop,铭创Game15笔记本,官方翻新商务便携笔记本,铭创,Game15,SN-LAP-000307,B2026-307,false,true,86,partial,,Level 2,limited,东莞质量评估站,conditional_pass,true,true,A,true,true,环境或能效信息不够完整 建议核对补充资料后再放行,medium,REVIEW,
EA-LAP-00308,train,laptop,曜越Air14笔记本,商务便携笔记本,曜越,Air14,,B2025-308,false,false,90,partial,,Level 2,compliant,南京消费品检测院,fail,true,true,,true,,设备身份信息无法核验 且存在异常发热记录 不应上架,high,FAIL,missing_device_identifier
EA-LAP-00309,train,laptop,极光Slim 13笔记本,商务便携笔记本,极光,Slim 13,SN-LAP-000309,B2026-309,false,false,99,full,,Level 1,compliant,苏州声学检测中心,pass,true,true,,true,,检测报告显示整机功能正常 各项安全与稳定性测试合格 可正常销售 连续运行24小时未发现掉线、死机或输出波动。,low,PASS,
EA-LAP-00310,train,laptop,极光Creator 16笔记本,金属机身笔记本,极光,Creator 16,SN-LAP-000310,B2025-310,false,true,97,partial,,Level 1,compliant,广州电子检验所,fail,true,true,B,true,false,高温或耐压测试未通过 存在安全隐患 应直接拦截,high,FAIL,undisclosed_refurbished_status
EA-LAP-00311,train,laptop,曜越Creator 16笔记本,独显性能笔记本,曜越,Creator 16,SN-LAP-000311,B2026-311,false,false,99,full,,Level 1,compliant,成都电子检测中心,conditional_pass,true,true,,true,,检测意见为有条件合格 需人工确认备注项是否已在商品页披露 个别备注项需人工判断是否影响销售结论。,medium,REVIEW,
EA-LAP-00312,train,laptop,灵曜Air14笔记本,长续航笔记本,灵曜,Air14,SN-LAP-000312,B2025-312,false,false,92,partial,,Level 2,limited,广州电子检验所,fail,true,true,,true,,报告中标注型号为Air14X，与申报型号Air14不一致，存在套证或错报风险。,high,FAIL,report_model_mismatch
EA-LAP-00313,train,laptop,铭创Air14笔记本,官方翻新独显性能笔记本,铭创,Air14,SN-LAP-000313,B2026-313,false,true,89,full,,Level 1,compliant,深圳质检中心,conditional_pass,true,true,B,true,true,功能测试可用 外观存在轻微磨损 建议人工确认页面说明与成色描述,medium,REVIEW,
EA-LAP-00314,train,laptop,灵曜Air14笔记本,商务便携笔记本,灵曜,Air14,SN-LAP-000314,B2025-314,false,false,93,partial,,Level 2,compliant,苏州声学检测中心,conditional_pass,true,true,,true,,已检测 基本可用 建议人工复核。,medium,REVIEW,
EA-LAP-00315,train,laptop,云锋Slim 13笔记本,独显性能笔记本,云锋,Slim 13,,B2026-315,false,false,100,partial,,Level 1,compliant,苏州声学检测中心,fail,true,true,,true,,报告中标注型号与申报型号不一致 存在套证或错报风险,high,FAIL,missing_device_identifier
EA-LAP-00316,train,laptop,云锋Slim 13笔记本,金属机身笔记本,云锋,Slim 13,SN-LAP-000316,B2025-316,false,false,88,full,,Level 1,limited,南京消费品检测院,pass,true,true,,true,,检测报告显示整机功能正常 各项安全与稳定性测试合格 可正常销售,low,PASS,
EA-LAP-00317,train,laptop,曜越Air14笔记本,卖家宣称全新未拆封，轻薄办公笔记本,曜越,Air14,SN-LAP-000317,B2026-317,false,true,94,partial,,Level 2,compliant,广州电子检验所,fail,true,true,C,true,false,检测中发现关键安全项未达标 不建议继续销售,high,FAIL,undisclosed_refurbished_status
EA-LAP-00318,train,laptop,极光Game15笔记本,长续航笔记本,极光,Game15,SN-LAP-000318,B2025-318,false,false,95,full,,Level 1,compliant,深圳质检中心,pass,true,true,,true,,pass / low / laptop,low,PASS,
EA-LAP-00319,train,laptop,铭创ProBook笔记本,独显性能笔记本,铭创,ProBook,SN-LAP-000319,B2026-319,false,false,88,full,,Level 1,compliant,苏州声学检测中心,pass,true,true,,true,,样机经检测符合标准 关键部件状态正常 可上市流通 证书、批次和能效资料完整。,low,PASS,
EA-LAP-00320,train,laptop,曜越ProBook笔记本,轻薄办公笔记本,曜越,ProBook,SN-LAP-000320,B2025-320,false,false,95,full,,Level 1,compliant,南京消费品检测院,pass,true,true,,true,,样机经检测符合标准 关键部件状态正常 可上市流通,low,PASS,
EA-LAP-00321,train,laptop,极光Air14笔记本,商务便携笔记本,极光,Air14,SN-LAP-000321,B2026-321,false,false,99,full,,Level 1,compliant,北京电子产品检测所,conditional_pass,true,true,,true,,环境或能效信息不够完整 建议核对补充资料后再放行 封签或包装存在重新整理迹象。,medium,REVIEW,
EA-LAP-00322,train,laptop,极光Air14笔记本,独显性能笔记本,极光,Air14,,B2025-322,false,false,90,full,,Level 1,limited,成都电子检测中心,fail,true,true,,true,,高温或耐压测试未通过 存在安全隐患 应直接拦截,high,FAIL,missing_device_identifier
EA-LAP-00323,train,laptop,极光Creator 16笔记本,独显性能笔记本,极光,Creator 16,SN-LAP-000323,B2026-323,false,false,100,full,,Level 1,compliant,苏州声学检测中心,conditional_pass,true,true,,true,,功能测试可用 外观存在轻微磨损 建议人工确认页面说明与成色描述 个别备注项需人工判断是否影响销售结论。 系统初判可流通，但建议人工再核验。,medium,REVIEW,
EA-LAP-00324,train,laptop,灵曜ProBook笔记本,独显性能笔记本,灵曜,ProBook,SN-LAP-000324,B2025-324,false,false,97,full,,Level 1,compliant,成都电子检测中心,pass,true,true,,true,,实验室记录显示设备在标准工况下工作稳定 未发现异常告警,low,PASS,
EA-LAP-00325,train,laptop,极光Game15笔记本,独显性能笔记本,极光,Game15,SN-LAP-000325,B2026-325,false,false,92,full,,Level 1,limited,深圳质检中心,pass,true,true,,true,,检测报告显示整机功能正常 各项安全与稳定性测试合格 可正常销售 连续运行24小时未发现掉线、死机或输出波动。,low,PASS,
EA-LAP-00326,train,laptop,灵曜Office 15笔记本,轻薄办公笔记本，卖家补充资料稍后上传,灵曜,Office 15,SN-LAP-000326,B2025-326,false,false,99,full,,Level 1,compliant,南京消费品检测院,pass,true,true,,true,,实验室记录显示设备在标准工况下工作稳定 未发现异常告警 包装、铭牌与申报信息一致。,low,PASS,
EA-LAP-00327,train,laptop,极光Air14笔记本,长续航笔记本,极光,Air14,SN-LAP-000327,B2026-327,false,false,88,partial,,Level 1,compliant,杭州电子检测站,conditional_pass,true,true,,true,,翻新记录已声明 样机功能正常 建议带翻新标识销售并人工复核详情 封签或包装存在重新整理迹象。,medium,REVIEW,
EA-LAP-00328,train,laptop,曜越Creator 16笔记本,金属机身笔记本,曜越,Creator 16,SN-LAP-000328,B2025-328,false,false,97,full,,Level 2,limited,苏州声学检测中心,fail,true,true,,false,,关键功能测试失败，复测仍异常，不满足流通要求。,high,FAIL,
EA-LAP-00329,train,laptop,云锋Air14笔记本,轻薄办公笔记本,云锋,Air14,,B2026-329,false,false,90,partial,,Level 2,limited,成都电子检测中心,fail,true,true,,true,,来源证明不足 外包装与铭牌信息异常 疑似仿冒或未经授权产品,high,FAIL,missing_device_identifier
EA-LAP-00330,train,laptop,铭创ProBook笔记本,长续航笔记本,铭创,ProBook,SN-LAP-000330,B2025-330,false,false,93,full,,Level 1,compliant,广州电子检验所,pass,true,true,,true,,检测报告显示整机功能正常 各项安全与稳定性测试合格 可正常销售 包装、铭牌与申报信息一致。,low,PASS,
EA-LAP-00331,train,laptop,曜越Office 15笔记本,卖家宣称全新未拆封，轻薄办公笔记本,曜越,Office 15,SN-LAP-000331,B2026-331,false,true,97,full,,Level 2,compliant,杭州电子检测站,fail,true,true,C,true,false,报告中标注型号与申报型号不一致 存在套证或错报风险,high,FAIL,undisclosed_refurbished_status
EA-LAP-00332,train,laptop,灵曜Slim 13笔记本,轻薄办公笔记本,灵曜,Slim 13,SN-LAP-000332,B2025-332,false,false,97,partial,,Level 2,compliant,苏州声学检测中心,pass,true,true,,true,,检测报告显示整机功能正常 各项安全与稳定性测试合格 可正常销售,low,PASS,
EA-LAP-00333,train,laptop,云锋Slim 13笔记本,独显性能笔记本,云锋,Slim 13,SN-LAP-000333,B2026-333,false,false,94,full,,Level 1,compliant,杭州电子检测站,conditional_pass,true,true,,true,,环境或能效信息不够完整 建议核对补充资料后再放行 封签或包装存在重新整理迹象。,medium,REVIEW,
EA-LAP-00334,train,laptop,曜越Creator 16笔记本,独显性能,曜越,Creator 16,SN-LAP-000334,B2025-334,false,false,94,full,,Level 2,limited,深圳质检中心,conditional_pass,true,true,,true,,翻新记录已声明 样机功能正常 建议带翻新标识销售并人工复核详情,medium,REVIEW,
EA-LAP-00335,train,laptop,铭创Game15笔记本,长续航笔记本,铭创,Game15,SN-LAP-000335,B2026-335,false,false,99,full,,Level 1,compliant,成都电子检测中心,pass,true,true,,true,,检测报告显示整机功能正常 各项安全与稳定性测试合格 可正常销售 证书、批次和能效资料完整  Observed thermal issue during repeated charging cycle.,low,PASS,
EA-LAP-00336,train,laptop,灵曜ProBook笔记本,轻薄办公笔记本,灵曜,ProBook,SN-LAP-000336,B2025-336,false,false,96,full,,Level 1,compliant,北京电子产品检测所,pass,true,true,,true,,样机经检测符合标准 关键部件状态正常 可上市流通,low,PASS,
EA-LAP-00337,train,laptop,铭创ProBook笔记本,官方翻新轻薄办公笔记本,铭创,ProBook,SN-LAP-000337,B2026-337,false,true,85,full,,Level 1,limited,深圳质检中心,conditional_pass,true,true,A,true,true,基础检测通过 但报告内容较简略 建议复核附件与证书映射关系 备注：包装文字与申报信息需人工核对。,medium,REVIEW,
EA-LAP-00338,train,laptop,铭创ProBook笔记本,长续航笔记本,铭创,ProBook,SN-LAP-000338,B2025-338,false,true,93,full,,Level 1,limited,上海质量检测院,fail,true,true,C,true,false,检測中发现关键安全项未达标 不建 议继续销售,high,FAIL,undisclosed_refurbished_status
EA-LAP-00339,train,laptop,灵曜Slim 13笔记本,商务便携笔记本,灵曜,Slim 13,SN-LAP-000339,,false,false,92,full,,Level 1,compliant,南京消费品检测院,pass,true,true,,true,,实验室记录显示设备在标准工况下工作稳定 未发现异常告警 证书、批次和能效资料完整。,low,PASS,
EA-LAP-00340,train,laptop,云锋Office 15笔记本,长续航笔记本,云锋,Office 15,SN-LAP-000340,B2025-340,false,false,89,partial,,Level 2,limited,深圳质检中心,fail,true,true,,true,,fail / high / laptop,high,FAIL,report_model_mismatch
EA-LAP-00341,train,laptop,云锋Office 15笔记本,独显性能笔记本,云锋,Office 15,SN-LAP-000341,B2026-341,false,false,89,partial,,Level 2,limited,成都电子检测中心,fail,true,true,,true,,来源证明不足，包装与铭牌信息存在异常，疑似仿冒或未经授权产品。,high,FAIL,suspected_counterfeit
EA-LAP-00342,train,laptop,灵曜Air14笔记本,二手独显性能笔记本,灵曜,Air14,SN-LAP-000342,B2025-342,true,false,76,full,,Level 1,limited,深圳质检中心,conditional_pass,true,true,A,true,true,检测意见为有条件合格 需人工确认备注项是否已在商品页披露,medium,REVIEW,
EA-LAP-00343,train,laptop,灵曜Slim 13笔记本,长续航笔记本,灵曜,Slim 13,SN-LAP-000343,B2026-343,false,false,91,full,,Level 1,compliant,杭州电子检测站,pass,true,true,,true,,抽检结果为合格 性能 输出和绝缘测试均符合要求 证书、批次和能效资料完整,low,PASS,
EA-LAP-00344,train,laptop,极光ProBook笔记本,长续航笔记本,极光,ProBook,,B2025-344,false,false,89,full,,Level 1,compliant,深圳质检中心,fail,true,true,,true,,fail / high / laptop,high,FAIL,missing_device_identifier
EA-LAP-00345,train,laptop,极光Slim 13笔记本,独显性能笔记本,极光,Slim 13,SN-LAP-000345,B2026-345,false,false,89,partial,,Level 2,compliant,苏州声学检测中心,pass,true,true,,true,,实验室记录显示设备在标准工况下工作稳定 未发现异常告警 连续运行24小时未发现掉线、死机或输出波动。,low,PASS,
EA-LAP-00346,train,laptop,灵曜Office 15笔记本,金属机身笔记本,灵曜,Office 15,SN-LAP-000346,B2025-346,false,false,92,full,,Level 1,compliant,外部资料摘录,pass,true,true,,true,,实验室记录显示设备在标准工况下工作稳定 未发现异常告警 包装、铭牌与申报信息一致。,low,PASS,
EA-LAP-00347,train,laptop,灵曜Game15笔记本,长续航笔记本,灵曜,Game15,SN-LAP-000347,B2026-347,false,false,92,full,,Level 1,compliant,杭州电子检测站,pass,true,true,,true,,连续运行测试通過 结构完好 未见异常发热和風险点 证书、批次和能效资料完整。 备注：包装文字与申报信息需人 工核对。,low,PASS,
EA-LAP-00348,train,laptop,铭创Office 15笔记本,独显性能笔记本,铭创,Office 15,SN-LAP-000348,B2025-348,false,false,96,partial,,Level 1,limited,上海质量检测院,fail,true,true,,true,,来源证明不足，包装与铭牌信息存在异常，疑似仿冒或未经授权产品。,high,FAIL,suspected_counterfeit
EA-LAP-00349,train,laptop,曜越ProBook笔记本,独显性能笔记本,曜越,ProBook,SN-LAP-000349,B2026-349,false,false,99,full,,Level 2,compliant,东莞质量评估站,pass,true,true,,true,,检测报告显示整机功能正常 各项安全与稳定性测试合格 可正常销售 连续运行24小时未发现掉线、死机或输出波动。,low,PASS,
EA-LAP-00350,train,laptop,极光Creator 16笔记本,长续航笔记本,极光,Creator 16,SN-LAP-000350,B2025-350,false,false,95,full,,Level 2,compliant,苏州声学检测中心,pass,true,true,,true,,连续运行测试通过 结构完好 未见异常发热和风险点 包装、铭牌与申报信息一致。,low,PASS,
EA-LAP-00351,train,laptop,极光Game15笔记本,独显性能笔记本,极光,Game15,SN-LAP-000351,B2026-351,false,false,99,partial,,Level 1,compliant,东莞质量评估站,pass,true,true,,true,,实验室记录显示设备在标准工况下工作稳定 未发现异常告警 证书、批次和能效资料完整。,low,PASS,
EA-LAP-00352,train,laptop,铭创Air14笔记本,独显性能笔记本,铭创,Air14,SN-LAP-000352,B2025-352,false,false,93,partial,,Level 1,limited,深圳质检中心,pass,true,true,,true,,检测报告显示整机功能正常 各项安全与稳定性测试合格 可正常销售,low,PASS,
EA-LAP-00353,train,laptop,极光Creator 16笔记本,金属机身笔记本,极光,Creator 16,SN-LAP-000353,B2026-353,false,false,47,full,,Level 1,limited,北京电子产品检测所,fail,false,false,,true,,检测中发现关键安全项未达标 不建议继续销售,high,FAIL,battery_safety_concern
EA-LAP-00354,train,laptop,灵曜Game15笔记本,二手商务便携笔记本,灵曜,Game15,SN-LAP-000354,B2025-354,true,false,85,full,,Level 1,limited,苏州声学检测中心,conditional_pass,true,true,B,true,true,功能测试可用 外观存在轻微磨损 建议人工确认页面说明与成色描述,medium,REVIEW,
EA-LAP-00355,train,laptop,灵曜ProBook笔记本,官方翻新独显性能笔记本,灵曜,ProBook,SN-LAP-000355,B2026-355,false,true,83,full,,Level 2,compliant,苏州声学检测中心,conditional_pass,true,true,B,true,true,见附件。,medium,REVIEW,
EA-LAP-00356,train,laptop,极光Creator 16笔记本,轻薄办公,极光,Creator 16,SN-LAP-000356,B2025-356,false,false,96,partial,,Level 2,compliant,杭州电子检测站,fail,true,true,,false,,关键功能测试失败，复测仍异常，不满足流通要求。,high,FAIL,
EA-LAP-00357,train,laptop,灵曜ProBook笔记本,商务便携笔记本,灵曜,ProBook,SN-LAP-000357,B2026-357,false,false,88,full,,Level 1,compliant,南京消费品检测院,conditional_pass,true,true,,true,,检测意见为有条件合格 需人工确认备注项是否已在商品页披露 封签或包装存在重新整理迹象。,medium,REVIEW,
EA-LAP-00358,train,laptop,极光Air14笔记本,金属机身笔记本,极光,Air14,SN-LAP-000358,B2025-358,false,false,90,partial,,Level 3,limited,北京电子产品检测所,conditional_pass,true,true,,true,,功能测试可用 外观存在轻微磨损 建议人工确认页面说明与成色描述,medium,REVIEW,
EA-LAP-00359,train,laptop,曜越Office 15笔记本,商务便携笔记本,曜越,Office 15,SN-LAP-000359,B2026-359,false,true,93,full,,Level 1,compliant,南京消费品检测院,fail,true,true,B,true,false,检测中发现关键安全项未达标 不建议继续销售,high,FAIL,undisclosed_refurbished_status
EA-LAP-00360,train,laptop,灵曜Creator 16笔记本,独显性能笔记本,灵曜,Creator 16,SN-LAP-000360,B2025-360,false,false,97,partial,,Level 1,compliant,广州电子检验所,pass,true,true,,true,,抽检结果为合格 性能 输出和绝缘测试均符合要求,low,PASS,
EA-LAP-00361,train,laptop,极光Air14笔记本,商务便携笔记本,极光,Air14,SN-LAP-000361,B2026-361,false,false,97,partial,,Level 2,compliant,南京消费品检测院,pass,true,true,,true,,抽检结果为合格 性能 输出和绝缘测试均符合要求 连续运行24小时未发现掉线、死机或输出波动。,low,PASS,
EA-LAP-00362,train,laptop,灵曜ProBook笔记本,独显性能笔记本,灵曜,ProBook,SN-LAP-000362,B2025-362,false,false,96,full,,Level 1,compliant,深圳质检中心,pass,true,true,,true,,检测报告显示整机功能正常 各项安全与稳定性测试合格 可正常销售 包装、铭牌与申报信息一致。,low,PASS,
EA-LAP-00363,train,laptop,铭创Office 15笔记本,商务便携笔记本,铭创,Office 15,SN-LAP-000363,B2026-363,false,false,98,full,,Level 1,compliant,深圳质检中心,pass,true,true,,true,,见附件。,low,PASS,
EA-LAP-00364,train,laptop,灵曜Office 15笔记本,商务便携笔记本,灵曜,Office 15,SN-LAP-000364,B2025-364,false,false,93,partial,,Level 3,unknown,广州电子检验所,conditional_pass,true,true,,true,,基础检测通过 但报告内容较简略 建议复核附件与证书映射关系,medium,REVIEW,
EA-LAP-00365,train,laptop,曜越Creator 16笔记本,商务便携笔记本,曜越,Creator 16,SN-LAP-000365,B2026-365,false,false,98,full,,Level 1,compliant,苏州声学检测中心,pass,true,true,,true,,实验室记录显示设备在标准工况下工作稳定 未发现异常告警 连续运行24小时未发现掉线、死机或输出波动。,low,PASS,
EA-LAP-00366,train,laptop,铭创Air14笔记本,商务便携笔记本,铭创,Air14,SN-LAP-000366,B2025-366,false,false,93,full,,Level 1,limited,东莞质量评估站,pass,true,true,,true,,pass / low / laptop,low,PASS,
EA-LAP-00367,train,laptop,云锋Air14笔记本,商务便携笔记本,云锋,Air14,SN-LAP-000367,B2026-367,false,false,88,full,,Level 1,compliant,成都电子检测中心,pass,true,true,,true,,样机经检测符合标准 关键部件状态正常 可上市流通 证书、批次和能效资料完整。,low,PASS,
EA-LAP-00368,train,laptop,云锋Office 15笔记本,轻薄办公笔记本,云锋,Office 15,SN-LAP-000368,B2025-368,false,false,93,full,,Level 1,compliant,东莞质量评估站,fail,true,true,,true,,"报告中标注型号为Game15, 与申报型号Office 15不一致, 存在套证或错报風险",high,FAIL,report_model_mismatch
EA-LAP-00369,train,laptop,铭创Creator 16笔记本,金属机身笔记本,铭创,Creator 16,SN-LAP-000369,B2026-369,false,false,90,partial,,Level 1,limited,东莞质量评估站,conditional_pass,true,true,,true,,基础检测通过 但报告内容较简略 建议复核附件与证书映射关系 封签或包装存在重新整理迹象。,medium,REVIEW,
EA-LAP-00370,train,laptop,灵曜ProBook笔记本,金属机身笔记本,灵曜,ProBook,SN-LAP-000370,B2025-370,false,false,90,partial,,Level 2,unknown,广州电子检验所,conditional_pass,true,true,,true,,功能测试可用 外观存在轻微磨损 建议人工确认页面说明与成色描述,medium,REVIEW,
EA-LAP-00371,train,laptop,云锋Office 15笔记本,独显性能笔记本,云锋,Office 15,SN-LAP-000371,B2026-371,false,false,93,partial,,Level 1,compliant,南京消费品检测院,pass,true,true,,true,,实验室记录显示设备在标准工况下工作稳定 未发现异常告警 证书、批次和能效资料完整,low,PASS,
EA-LAP-00372,train,laptop,极光Air14笔记本,商务便携笔记本,极光,Air14,,B2025-372,false,false,88,full,,Level 1,compliant,东莞质量评估站,fail,true,true,,true,,检测中发现关键安全项未达标 不建议继续销售,high,FAIL,missing_device_identifier
EA-LAP-00373,train,laptop,铭创ProBook笔记本,独显性能笔记本,铭创,ProBook,SN-LAP-000373,B2026-373,false,false,97,partial,,Level 2,compliant,外部资料摘录,pass,true,true,,true,,样机经检测符合标准 关键部件状态正常 可上市流通 连续运行24小时未发现掉线、死机或输出波动。,low,PASS,
EA-LAP-00374,train,laptop,极光Slim 13笔记本,轻薄办公笔记本,极光,Slim 13,SN-LAP-000374,B2025-374,false,false,46,partial,,Level 1,limited,北京电子产品检测所,fail,false,false,,true,,检测中发现关键安全项未达标 不建议继续销售,high,FAIL,battery_safety_concern
EA-LAP-00375,train,laptop,云锋Air14笔记本,商务便携笔记本,云锋,Air14,SN-LAP-000375,B2026-375,false,false,96,partial,,Level 2,compliant,广州电子检验所,conditional_pass,true,true,,true,,包装封签存在重新整理痕迹 样机主要功能正常 建 议人工抽检 封签或包装存在重新整理迹象。 Manual review is recommended before release.,medium,REVIEW,
EA-LAP-00376,train,laptop,灵曜Creator 16笔记本,长续航笔记本,灵曜,Creator 16,SN-LAP-000376,B2025-376,false,false,91,full,,Level 2,compliant,广州电子检验所,fail,true,true,,true,,来源证明不足，包装与铭牌信息存在异常，疑似仿冒或未经授权产品。,high,FAIL,suspected_counterfeit
EA-LAP-00377,train,laptop,铭创Office 15笔记本,金属机身笔记本,铭创,Office 15,SN-LAP-000377,B2026-377,false,false,89,full,,Level 2,limited,深圳质检中心,fail,true,true,,false,,见附件。,high,FAIL,
EA-LAP-00378,train,laptop,铭创Creator 16笔记本,二手金属机身笔记本,铭创,Creator 16,SN-LAP-000378,B2025-378,true,false,88,partial,,Level 2,compliant,成都电子检测中心,conditional_pass,true,true,A,true,true,检测意见为有条件合格 需人工确认备注项是否已在商品页披露,medium,REVIEW,
EA-LAP-00379,train,laptop,铭创ProBook笔记本,官方翻新长续航笔记本,铭创,ProBook,SN-LAP-000379,B2026-379,false,true,90,partial,,Level 2,limited,广州电子检验所,conditional_pass,true,true,B,true,true,翻新记录已声明 样机功能正常 建议带翻新标识销售并人工复核详情,medium,REVIEW,
EA-LAP-00380,train,laptop,极光Game15笔记本,长续航笔记本,极光,Game15,SN-LAP-000380,B2025-380,false,false,100,partial,,Level 1,limited,平台复核,conditional_pass,true,true,,true,,已检测 基本可用 建议人工复核。,medium,REVIEW,
EA-LAP-00381,train,laptop,极光Game15笔记本,独显性能笔记本,极光,Game15,SN-LAP-000381,B2026-381,false,false,96,partial,,Level 1,limited,东莞质量评估站,pass,true,true,,true,,样机经检测符合标准 关键部件状态正常 可上市流通 连续运行24小时未发现掉线、死机或输出波动。,low,PASS,
EA-LAP-00382,train,laptop,曜越Air14笔记本,长续航笔记本,曜越,Air14,SN-LAP-000382,B2025-382,false,false,89,partial,,Level 3,limited,苏州声学检测中心,conditional_pass,true,true,,true,,检测完成，建 议复核。,medium,REVIEW,
EA-LAP-00383,train,laptop,铭创Air14笔记本,独显性能笔记本,铭创,Air14,SN-LAP-000383,B2026-383,false,false,98,full,,Level 2,compliant,广州电子检验所,fail,true,true,,true,,来源证明不足，包装与铭牌信息存在异常，疑似仿冒或未经授权产品。,high,FAIL,suspected_counterfeit
EA-LAP-00384,train,laptop,灵曜Game15笔记本,商务便携笔记本,灵曜,Game15,SN-LAP-000384,B2025-384,false,false,91,full,,Level 2,compliant,第三方送检,pass,true,true,,true,,检测报告显示整机功能正常 各项安全与稳定性测试合格 可正常销售,low,PASS,
EA-LAP-00385,train,laptop,铭创Slim 13笔记本,金属机身笔记本,铭创,Slim 13,SN-LAP-000385,B2026-385,false,false,92,partial,,Level 1,compliant,成都电子检测中心,pass,true,true,,true,,实验室记录显示设备在标准工况下工作稳定 未发现异常告警 连续运行24小时未发现掉线、死机或输出波动。,low,PASS,
EA-LAP-00386,train,laptop,曜越Air14笔记本,轻薄办公,曜越,Air14,SN-LAP-000386,B2025-386,false,false,90,full,,Level 2,compliant,深圳质检中心,pass,true,true,,true,,连续运行测试通过 结构完好 未见异常发热和风险点 包装、铭牌与申报信息一致。,low,PASS,
EA-LAP-00387,train,laptop,极光Game15笔记本,金属机身笔记本,极光,Game15,SN-LAP-000387,B2026-387,false,false,96,full,,Level 2,limited,杭州电子检测站,conditional_pass,true,true,,true,,检测意见为有条件合格 需人工确认备注项是否已在商品页披露 封签或包装存在重新整理迹象。,medium,REVIEW,
EA-LAP-00388,train,laptop,极光Slim 13笔记本,独显性能笔记本,极光,Slim 13,SN-LAP-000388,B2025-388,false,false,52,partial,,Level 2,compliant,南京消费品检测院,fail,false,false,,true,,翻新和维修痕迹明显 但未完整披露整备历史 风险较高,high,FAIL,battery_safety_concern
EA-LAP-00389,train,laptop,灵曜Creator 16笔记本,金属机身笔记本,灵曜,Creator 16,SN-LAP-000389,B2026-389,false,false,90,partial,,Level 1,compliant,杭州电子检测站,fail,true,true,,true,,报告中标注型号为ProBook，与申报型号Creator 16不一致，存在套证或错报风险。 初次送检摘要写为合格，复核后已修正为不合格。,high,FAIL,report_model_mismatch
EA-LAP-00390,train,laptop,铭创Office 15笔记本,轻薄办公笔记本,铭创,Office 15,SN-LAP-000390,B2025-390,false,false,93,full,,Level 1,compliant,东莞质量评估站,pass,true,true,,true,,实验室记录显示设备在标准工况下工作稳定 未发现异常告警 包装、铭牌与申报信息一致。,low,PASS,
EA-LAP-00391,train,laptop,铭创Game15笔记本,独显性能笔记本,铭创,Game15,SN-LAP-000391,B2026-391,false,false,90,partial,,Level 1,compliant,东莞质量评估站,pass,true,true,,true,,实验室记录显示设备在标准工况下工作稳定 未发现异常告警 证书、批次和能效资料完整。,low,PASS,
EA-LAP-00392,train,laptop,云锋Slim 13笔记本,长续航笔记本,云锋,Slim 13,,B2025-392,false,false,94,full,,Level 2,compliant,南京消费品检测院,fail,true,true,,true,,检测完成，建议复核。,high,FAIL,missing_device_identifier
EA-LAP-00393,train,laptop,铭创Creator 16笔记本,金属机身笔记本,铭创,Creator 16,,B2026-393,false,false,97,partial,,Level 1,compliant,杭州电子检测站,fail,true,true,,true,,设备身份信息无法核验 且存在异常发热记录 不应上架,high,FAIL,missing_device_identifier
EA-LAP-00394,train,laptop,灵曜Slim 13笔记本,商务便携笔记本,灵曜,Slim 13,SN-LAP-000394,B2025-394,false,true,98,full,,Level 2,compliant,深圳质检中心,fail,true,true,C,true,false,翻新和维修痕迹明显 但未完整披露整备历史 风险较高,high,FAIL,undisclosed_refurbished_status
EA-LAP-00395,train,laptop,铭创Game15笔记本,长续航笔记本,铭创,Game15,SN-LAP-000395,B2026-395,false,false,68,partial,,Level 1,limited,上海质量检测院,fail,false,false,,true,,报告中标注型号与申报型号不一致 存在套证或错报风险,high,FAIL,battery_safety_concern
EA-LAP-00396,train,laptop,灵曜ProBook笔记本,二手金属机身笔记本,灵曜,ProBook,SN-LAP-000396,B2025-396,true,false,87,partial,,Level 1,limited,南京消费品检测院,conditional_pass,true,true,B,true,true,基础检测通過 但报告内容较简略 建议复核附件与证书映射关系 Result: pass under normal operating conditions.,medium,REVIEW,
EA-LAP-00397,train,laptop,铭创Game15笔记本,独显性能笔记本,铭创,Game15,SN-LAP-000397,B2026-397,false,false,92,partial,,Level 2,compliant,成都电子检测中心,pass,true,true,,true,,抽检结果为合格 性能 输出和绝缘测试均符合要求 连续运行24小时未发现掉线、死机或输出波动。,low,PASS,
EA-LAP-00398,train,laptop,灵曜ProBook笔记本,金属机身笔记本,灵曜,ProBook,SN-LAP-000398,B2025-398,false,false,97,full,,Level 1,limited,苏州声学检测中心,conditional_pass,true,true,,true,,已检测 基本可用 建议人工复核。,medium,REVIEW,
EA-LAP-00399,train,laptop,极光Slim 13笔记本,金属机身笔记本,极光,Slim 13,SN-LAP-000399,B2026-399,false,false,100,full,,Level 1,compliant,成都电子检测中心,conditional_pass,true,true,,true,,检測意见为有条件合格 需人工确认备注项是否已在商品页披露 封签或包装存在重新整理迹象  Model code in report does not match seller declaration.,medium,REVIEW,
EA-LAP-00400,train,laptop,云锋ProBook笔记本,商务便携笔记本,云锋,ProBook,SN-LAP-000400,B2025-400,false,false,97,partial,,Level 2,limited,成都电子检测中心,conditional_pass,true,true,,true,,检测完成，建议复核。,medium,REVIEW,
EA-LAP-00401,train,laptop,极光Air14笔记本,独显性能笔记本,极光,Air14,SN-LAP-000401,B2026-401,false,true,97,partial,,Level 1,limited,成都电子检测中心,fail,true,true,C,true,false,高温或耐压测试未通过 存在安全隐患 应直接拦截,high,FAIL,undisclosed_refurbished_status
EA-LAP-00402,train,laptop,铭创Air14笔记本,二手独显性能笔记本,铭创,Air14,SN-LAP-000402,B2025-402,true,false,84,full,,Level 2,compliant,苏州声学检测中心,conditional_pass,true,true,B,true,true,包 装封签存在重新整理痕迹 样机主要功能正常 建议人工抽检,medium,REVIEW,
EA-LAP-00403,train,laptop,铭创ProBook笔记本,长续航笔记本,铭创,ProBook,SN-LAP-000403,B2026-403,false,false,96,partial,,Level 1,compliant,北京电子产品检测所,pass,true,true,,true,,检测报告显示整机功能正常 各项安全与稳定性测试合格 可正常销售 证书、批次和能效资料完整。,low,PASS,
EA-LAP-00404,train,laptop,曜越Office 15笔记本,独显性能笔记本,曜越,Office 15,SN-LAP-000404,B2025-404,false,false,95,partial,,Level 2,compliant,平台复核,conditional_pass,true,true,,true,,已检测 基本可用 建议人工复核。,medium,REVIEW,
EA-LAP-00405,train,laptop,灵曜Game15笔记本,独显性能笔记本,灵曜,Game15,SN-LAP-000405,B2026-405,false,false,90,partial,,Level 2,compliant,深圳质检中心,pass,true,true,,true,,实验室记录显示设备在标准工况下工作稳定 未发现异常告警 连续运行24小时未发现掉线、死机或输出波动。,low,PASS,
EA-LAP-00406,train,laptop,极光ProBook笔记本,金属机身笔记本,极光,ProBook,SN-LAP-000406,B2025-406,false,false,95,partial,,Level 1,compliant,北京电子产品检测所,pass,true,true,,true,,实验室记录显示设备在标准工况下工作稳定 未发现异常告警 包 装、铭牌与申报信息一致,low,PASS,
EA-LAP-00407,train,laptop,云锋Office 15笔记本,独显性能笔记本,云锋,Office 15,SN-LAP-000407,B2026-407,false,false,95,full,,Level 1,compliant,上海质量检测院,pass,true,true,,true,,抽检结果为合格 性能 输出和绝缘测试均符合要求 证书、批次和能效资料完整。 备注：包装文字与申报信息需人工核对。,low,PASS,
EA-LAP-00408,train,laptop,曜越Office 15笔记本,独显性能笔记本,曜越,Office 15,SN-LAP-000408,B2025-408,false,false,90,full,,Level 1,limited,南京消费品检测院,pass,true,true,,true,,检测报告显示整机功能正常 各项安全与稳定性测试合格 可正常销售,low,PASS,
EA-LAP-00409,val,laptop,灵曜Air14笔记本,官方翻新金属机身笔记本,灵曜,Air14,SN-LAP-000409,B2026-409,false,true,86,partial,,Level 2,compliant,深圳质检中心,conditional_pass,true,true,B,true,true,环境或能效信息不够完整 建议核对补充资料后再放行,medium,REVIEW,
EA-LAP-00410,val,laptop,曜越Office 15笔记本,金属机身笔记本,曜越,Office 15,SN-LAP-000410,B2025-410,false,false,89,full,,Level 1,compliant,上海质量检测院,pass,true,true,,true,,连续运行测试通过 结构完好 未见异常发热和风险点 包装、铭牌与申报信息一致。,low,PASS,
EA-LAP-00411,val,laptop,铭创Office 15笔记本,独显性能笔记本,铭创,Office 15,SN-LAP-000411,B2026-411,false,false,99,full,,Level 2,compliant,杭州电子检测站,conditional_pass,true,true,,true,,功能测试可用 外观存在轻微磨损 建议人工确认页面说明与成色描述 封签或包装存在重新整理迹象。 备注：包装文字与申报信息需人工核对。,medium,REVIEW,
EA-LAP-00412,val,laptop,曜越Creator 16笔记本,独显性能笔记本,曜越,Creator 16,SN-LAP-000412,B2025-412,false,false,90,partial,,Level 3,limited,杭州电子检测站,conditional_pass,true,true,,true,,"检測完成, 建议复核  Model code in report does not match seller declaration.",medium,REVIEW,
EA-LAP-00413,val,laptop,铭创ProBook笔记本,商务便携笔记本,铭创,ProBook,SN-LAP-000413,B2026-413,false,false,98,partial,,Level 2,compliant,上海质量检测院,pass,true,true,,true,,抽检结果为合格 性能 输出和绝缘测试均符合要求 连续运行24小时未发现掉线、死机或输出波动。,low,PASS,
EA-LAP-00414,val,laptop,铭创Slim 13笔记本,金属机身笔记本，卖家补充资料稍后上传,铭创,Slim 13,SN-LAP-000414,B2025-414,false,false,90,full,,Level 2,compliant,第三方送检,pass,true,true,,true,,检测报告显示整机功能正常 各项安全与稳定性测试合格 可正常销售 包装、铭牌与申报信息一致。,low,PASS,
EA-LAP-00415,val,laptop,云锋Slim 13笔记本,官方翻新金属机身笔记本,云锋,Slim 13,SN-LAP-000415,B2026-415,false,true,84,full,,Level 1,limited,苏州声学检测中心,conditional_pass,true,true,B,true,true,功能测试可用 外观存在轻微磨损 建议人工确认页面说明与成色描述,medium,REVIEW,
EA-LAP-00416,val,laptop,极光Air14笔记本,独显性能笔记本,极光,Air14,SN-LAP-000416,B2025-416,false,false,99,full,,Level 2,compliant,东莞质量评估站,pass,true,true,,true,,抽检结果为合格 性能 输出和绝缘测试均符合要求,low,PASS,
EA-LAP-00417,val,laptop,曜越Game15笔记本,长续航笔记本,曜越,Game15,SN-LAP-000417,B2026-417,false,false,96,partial,,Level 1,compliant,成都电子检测中心,conditional_pass,true,true,,true,,包装封签存在重新整理痕迹 样机主要功能正常 建议人工抽检 封签或包装存在重新整理迹象。,medium,REVIEW,
EA-LAP-00418,val,laptop,灵曜ProBook笔记本,长续航笔记本,灵曜,ProBook,SN-LAP-000418,,false,false,92,full,,Level 2,compliant,广州电子检验所,pass,true,true,,true,,检测报告显示整机功能正常 各项安全与稳定性测试合格 可正常销售 包装、铭牌与申报信息一致。,low,PASS,
EA-LAP-00419,val,laptop,曜越Office 15笔记本,轻薄办公笔记本,曜越,Office 15,SN-LAP-000419,B2026-419,false,false,94,partial,,Level 1,compliant,北京电子产品检测所,fail,true,true,,false,,关键功能测试失败，复测仍异常，不满足流通要求。,high,FAIL,
EA-LAP-00420,val,laptop,云锋Air14笔记本,独显性能笔记本,云锋,Air14,SN-LAP-000420,B2025-420,false,false,88,partial,,Level 2,limited,上海质量检测院,pass,true,true,,true,,pass / low / laptop,low,PASS,
EA-LAP-00421,val,laptop,极光Air14笔记本,轻薄办公笔记本,极光,Air14,SN-LAP-000421,B2026-421,false,false,94,partial,,Level 2,limited,杭州电子检测站,pass,true,true,,true,,实验室记录显示设备在标准工况下工作稳定 未发现异常告警 连续运行24小时未发现掉线、死机或输出波动。,low,PASS,
EA-LAP-00422,val,laptop,铭创Creator 16笔记本,独显性能笔记本,铭创,Creator 16,SN-LAP-000422,B2025-422,false,false,88,full,,Level 1,compliant,北京电子产品检测所,conditional_pass,true,true,,true,,已检测 基本可用 建议人工复核。,medium,REVIEW,
EA-LAP-00423,val,laptop,曜越Office 15笔记本,独显性能笔记本,曜越,Office 15,SN-LAP-000423,B2026-423,false,false,96,partial,,Level 1,compliant,南京消费品检测院,conditional_pass,true,true,,true,,包装封签存在重新整理痕迹 样机主要功能正常 建议人工抽检 封签或包装存在重新整理迹象。,medium,REVIEW,
EA-LAP-00424,val,laptop,极光Game15笔记本,长续航笔记本,极光,Game15,SN-LAP-000424,B2025-424,false,false,99,full,,Level 2,limited,南京消费品检测院,pass,true,true,,true,,见附件。,low,PASS,
EA-LAP-00425,val,laptop,曜越Game15笔记本,轻薄办公笔记本,曜越,Game15,SN-LAP-000425,B2026-425,false,false,99,partial,,Level 1,compliant,广州电子检验所,conditional_pass,true,true,,true,,检测意见为有条件合格 需人工确认备注项是否已在商品页披露 个别备注项需人工判断是否影响销售结论。,medium,REVIEW,
EA-LAP-00426,val,laptop,灵曜ProBook笔记本,商务便携笔记本,灵曜,ProBook,SN-LAP-000426,B2025-426,false,false,92,full,,Level 1,compliant,苏州声学检测中心,pass,true,true,,true,,抽检结果为合格 性能 输出和绝缘测试均符合要求 包装、铭牌与申报信息一致。,low,PASS,
EA-LAP-00427,val,laptop,灵曜Game15笔记本,商务便携,灵曜,Game15,,,false,false,93,full,,Level 2,limited,成都电子检测中心,fail,true,true,,true,,关键功能测试失败 且复测结果仍异常 不满足流通要求,high,FAIL,missing_device_identifier
EA-LAP-00428,val,laptop,灵曜Game15笔记本,商务便携笔记本,灵曜,Game15,SN-LAP-000428,B2025-428,false,false,94,partial,,Level 1,compliant,苏州声学检测中心,conditional_pass,true,true,,true,,conditional_pass / medium / laptop,medium,REVIEW,
EA-LAP-00429,val,laptop,极光Slim 13笔记本,独显性能笔记本,极光,Slim 13,SN-LAP-000429,B2026-429,false,false,91,full,,Level 2,compliant,南京消费品检测院,conditional_pass,true,true,,true,,见附件。,medium,REVIEW,
EA-LAP-00430,val,laptop,曜越Air14笔记本,长续航笔记本，卖家补充资料稍后上传,曜越,Air14,SN-LAP-000430,B2025-430,false,false,98,partial,,Level 1,limited,东莞质量评估站,pass,true,true,,true,,样机经检测符合标准 关键部件状态正常 可上市流通 包装、铭牌与申报信息一致。,low,PASS,
EA-LAP-00431,val,laptop,灵曜Office 15笔记本,独显性能笔记本,灵曜,Office 15,SN-LAP-000431,B2026-431,false,false,94,partial,,Level 1,compliant,南京消费品检测院,conditional_pass,true,true,,true,,检测意见为有条件合格 需人工确认备注项是否已在商品页披露 个别备注项需人工判断是否影响销售结论。,medium,REVIEW,
EA-LAP-00432,val,laptop,曜越Slim 13笔记本,二手金属机身笔记本,曜越,Slim 13,SN-LAP-000432,B2025-432,true,false,76,full,,Level 1,compliant,深圳质检中心,conditional_pass,true,true,B,true,true,翻新记录已声明 样机功能正常 建议带翻新标识销售并人工复核详情,medium,REVIEW,
EA-LAP-00433,val,laptop,曜越Office 15笔记本,长续航笔记本,曜越,Office 15,SN-LAP-000433,B2026-433,false,false,89,full,,Level 2,limited,南京消费品检测院,pass,true,true,,true,,样机经检测符合标准 关键部件状态正常 可上市流通 连续运行24小时未发现掉线、死机或输出波动。 备注：包装文字与申报信息需人工核对。,low,PASS,
EA-LAP-00434,val,laptop,云锋Air14笔记本,独显性能笔记本,云锋,Air14,,B2025-434,false,false,99,partial,,Level 1,limited,北京电子产品检测所,fail,true,true,,true,,报告中标注型号与申报型号不一致 存在套证或错报风险,high,FAIL,missing_device_identifier
EA-LAP-00435,val,laptop,曜越ProBook笔记本,长续航笔记本,曜越,ProBook,SN-LAP-000435,B2026-435,false,false,96,partial,,Level 1,compliant,广州电子检验所,pass,true,true,,true,,检测报告显示整机功能正常 各项安全与稳定性测试合格 可正常销售 证书、批次和能效资料完整。,low,PASS,
EA-LAP-00436,val,laptop,曜越Air14笔记本,商务便携笔记本,曜越,Air14,SN-LAP-000436,B2025-436,false,false,89,full,,Level 3,limited,广州电子检验所,conditional_pass,true,true,,true,,基础检测通过 但报告内容较简略 建议复核附件与证书映射关系,medium,REVIEW,
EA-LAP-00437,val,laptop,铭创Slim 13笔记本,商务便携笔记本,铭创,Slim 13,SN-LAP-000437,B2026-437,false,false,88,partial,,Level 1,compliant,杭州电子检测站,pass,true,true,,true,,抽检结果为合格 性能 输出和绝缘测试均符合要求 连续运行24小时未发现掉线、死机或输出波动。,low,PASS,
EA-LAP-00438,val,laptop,曜越Office 15笔记本,二手独显性能笔记本,曜越,Office 15,SN-LAP-000438,B2025-438,true,false,84,partial,,Level 1,compliant,东莞质量评估站,conditional_pass,true,true,A,true,true,检测意见为有条件合格 需人工确认备注项是否已在商品页披露,medium,REVIEW,
EA-LAP-00439,val,laptop,灵曜Creator 16笔记本,轻薄办公笔记本,灵曜,Creator 16,SN-LAP-000439,B2026-439,false,false,91,partial,,Level 1,compliant,苏州声学检测中心,pass,true,true,,true,,连续运行测试通过 结构完好 未见异常发热和风险点 证书、批次和能效资料完整。,low,PASS,
EA-LAP-00440,val,laptop,铭创Office 15笔记本,商务便携笔记本,铭创,Office 15,SN-LAP-000440,B2025-440,false,false,95,full,,Level 1,compliant,深圳质检中心,fail,true,true,,false,,关键功能测试失败，复测仍异常，不满足流通要求。,high,FAIL,
EA-LAP-00441,val,laptop,铭创Creator 16笔记本,商务便携笔记本,铭创,Creator 16,SN-LAP-000441,B2026-441,false,false,88,partial,,Level 1,compliant,深圳质检中心,pass,true,true,,true,,样机经检测符合标准 关键部件状态正常 可上市流通 连续运行24小时未发现掉线、死机或输出波动。,low,PASS,
EA-LAP-00442,val,laptop,极光Slim 13笔记本,金属机身笔记本,极光,Slim 13,SN-LAP-000442,B2025-442,false,false,91,full,,Level 3,unknown,北京电子产品检测所,conditional_pass,true,true,,true,,包装封签存在重新整理痕迹 样机主要功能正常 建议人工抽检,medium,REVIEW,
EA-LAP-00443,val,laptop,铭创Game15笔记本,长续航笔记本,铭创,Game15,SN-LAP-000443,B2026-443,false,true,88,partial,,Level 1,compliant,杭州电子检测站,fail,true,true,B,true,false,翻新和维修痕迹明显 但未完整披露整备历史 风险较高,high,FAIL,undisclosed_refurbished_status
EA-LAP-00444,val,laptop,灵曜ProBook笔记本,二手独显性能笔记本,灵曜,ProBook,SN-LAP-000444,B2025-444,true,false,88,partial,,Level 1,limited,杭州电子检测站,conditional_pass,true,true,B,true,true,环境或能效信息不够完整 建议核对补充资料后再放行,medium,REVIEW,
EA-LAP-00445,test,laptop,铭创Slim 13笔记本,官方翻新轻薄办公笔记本,铭创,Slim 13,SN-LAP-000445,B2026-445,false,true,89,partial,,Level 1,compliant,南京消费品检测院,conditional_pass,true,true,A,true,true,检测意见为有条件合格 需人工确认备注项是否已在商品页披露,medium,REVIEW,
EA-LAP-00446,test,laptop,灵曜Creator 16笔记本,轻薄办公笔记本,灵曜,Creator 16,SN-LAP-000446,B2025-446,false,false,91,full,,Level 2,compliant,上海质量检测院,pass,true,true,,true,,连续运行测试通过 结构完好 未见异常发热和风险点 包装、铭牌与申报信息一致。,low,PASS,
EA-LAP-00447,test,laptop,灵曜Creator 16笔记本,独显性能笔记本,灵曜,Creator 16,SN-LAP-000447,B2026-447,false,false,98,full,,Level 2,limited,杭州电子检测站,conditional_pass,true,true,,true,,检测意见为有条件合格 需人工确认备注项是否已在商品页披露 封签或包装存在重新整理迹象。,medium,REVIEW,
EA-LAP-00448,test,laptop,极光ProBook笔记本,轻薄办公笔记本,极光,ProBook,,B2025-448,false,false,91,partial,,Level 1,compliant,上海质量检测院,fail,true,true,,true,,来源证明不足 外包装与铭牌信息异常 疑似仿冒或未经授权产品,high,FAIL,missing_device_identifier
EA-LAP-00449,test,laptop,极光Creator 16笔记本,轻薄办公笔记本,极光,Creator 16,SN-LAP-000449,B2026-449,false,false,91,partial,,Level 1,compliant,北京电子产品检测所,conditional_pass,true,true,,true,,环境或能效信息不够完整 建议核对补充资料后再放行 个别备注项需人工判断是否影响销售结论。,medium,REVIEW,
EA-LAP-00450,test,laptop,极光Office 15笔记本,长续航笔记本,极光,Office 15,SN-LAP-000450,B2025-450,false,true,93,full,,Level 2,compliant,苏州声学检测中心,fail,true,true,C,true,false,来源证明不足 外包装与铭牌信息异常 疑似仿冒或未经授权产品,high,FAIL,undisclosed_refurbished_status
EA-LAP-00451,test,laptop,极光Air14笔记本,官方翻新长续航笔记本,极光,Air14,SN-LAP-000451,B2026-451,false,true,80,partial,,Level 1,limited,成都电子检测中心,conditional_pass,true,true,B,true,true,功能测试可用 外观存在轻微磨损 建议人 工确认页面说明与成色描述 Model code in report does not match seller declaration.,medium,REVIEW,
EA-LAP-00452,test,laptop,极光ProBook笔记本,独显性能笔记本,极光,ProBook,SN-LAP-000452,B2025-452,false,false,94,full,,Level 2,compliant,上海质量检测院,pass,true,true,,true,,检测报告显示整机功能正常 各项安全与稳定性测试合格 可正常销售,low,PASS,
EA-LAP-00453,test,laptop,云锋Game15笔记本,金属机身笔记本,云锋,Game15,SN-LAP-000453,B2026-453,false,false,88,partial,,Level 1,limited,东莞质量评估站,pass,true,true,,true,,连续运行测试通过 结构完好 未见异常发热和风险点 连续运行24小时未发现掉线、死机或输出波动。,low,PASS,
EA-LAP-00454,test,laptop,铭创Slim 13笔记本,轻薄办公笔记本,铭创,Slim 13,SN-LAP-000454,B2025-454,false,false,93,full,,Level 1,compliant,广州电子检验所,fail,true,true,,false,,关键功能测试失败，复测仍异常，不满足流通要求。,high,FAIL,
EA-LAP-00455,test,laptop,铭创Game15笔记本,商务便携笔记本,铭创,Game15,SN-LAP-000455,B2026-455,false,false,94,partial,,Level 1,compliant,成都电子检测中心,pass,true,true,,true,,抽检结果为合格 性能 输出和绝缘测试均符合要求 证书、批次和能效资料完整。 Model code in report does not match seller declaration.,low,PASS,
EA-LAP-00456,test,laptop,云锋Air14笔记本,轻薄办公笔记本,云锋,Air14,,B2025-456,false,false,98,partial,,Level 2,compliant,深圳质检中心,fail,true,true,,true,,来源证明不足 外包装与铭牌信息异常 疑似仿冒或未经授权产品,high,FAIL,missing_device_identifier
EA-LAP-00457,test,laptop,灵曜Office 15笔记本,独显性能笔记本,灵曜,Office 15,SN-LAP-000457,B2026-457,false,false,93,full,,Level 2,compliant,上海质量检测院,pass,true,true,,true,,抽检结果为合格 性能 输出和绝缘测试均符合要求 连续运行24小时未发现掉线、死机或输出波动。,low,PASS,
EA-LAP-00458,test,laptop,云锋Slim 13笔记本,轻薄办公笔记本,云锋,Slim 13,SN-LAP-000458,B2025-458,false,false,73,full,,Level 1,compliant,苏州声学检测中心,fail,false,false,,true,,高温或耐压测试未通过 存在安全隐患 应直接拦截,high,FAIL,battery_safety_concern
EA-LAP-00459,test,laptop,极光ProBook笔记本,金属机身笔记本,极光,ProBook,SN-LAP-000459,B2026-459,false,false,98,full,,Level 1,compliant,苏州声学检测中心,pass,true,true,,true,,抽检结果为合格 性能 输出和绝缘测试均符合要求 证书、批次和能效资料完整。,low,PASS,
EA-LAP-00460,test,laptop,灵曜Game15笔记本,商务便携笔记本,灵曜,Game15,SN-LAP-000460,B2025-460,false,false,96,full,,Level 3,unknown,广州电子检验所,conditional_pass,true,true,,true,,基础检测通过 但报告内容较简略 建议复核附件与证书映射关系,medium,REVIEW,
EA-LAP-00461,test,laptop,云锋ProBook笔记本,金属机身笔记本,云锋,ProBook,SN-LAP-000461,B2026-461,false,false,94,full,,Level 2,compliant,上海质量检测院,pass,true,true,,true,,抽检结果为合格 性能 输出和绝缘测试均符合要求 连续运行24小时未发现掉线、死机或输出波动。,low,PASS,
EA-LAP-00462,test,laptop,曜越Slim 13笔记本,二手长续航笔记本,曜越,Slim 13,SN-LAP-000462,B2025-462,true,false,76,partial,,Level 1,compliant,广州电子检验所,conditional_pass,true,true,A,true,true,检测完成，建议复核。,medium,REVIEW,
EA-LAP-00463,test,laptop,曜越Creator 16笔记本,官方翻新商务便携笔记本,曜越,Creator 16,SN-LAP-000463,B2026-463,false,true,81,full,,Level 1,compliant,杭州电子检测站,conditional_pass,true,true,A,true,true,基础检测通过 但报告内容较简略 建议复核附件与证书映射关系,medium,REVIEW,
EA-LAP-00464,test,laptop,铭创Office 15笔记本,长续航笔记本,铭创,Office 15,SN-LAP-000464,B2025-464,false,true,92,full,,Level 2,compliant,上海质量检测院,fail,true,true,B,true,false,关键功能测试失败 且复测结果仍异常 不满足流通要求 Result: pass under normal operating conditions.,high,FAIL,undisclosed_refurbished_status
EA-LAP-00465,test,laptop,云锋Game15笔记本,轻薄办公笔记本,云锋,Game15,SN-LAP-000465,B2026-465,false,false,92,full,,Level 2,limited,东莞质量评估站,pass,true,true,,true,,连续运行测试通过 结构完好 未见异常发热和风险点 连续运行24小时未发现掉线、死机或输出波动。,low,PASS,
EA-LAP-00466,test,laptop,灵曜ProBook笔记本,金属机身笔记本,灵曜,ProBook,SN-LAP-000466,B2025-466,false,false,93,partial,,Level 2,compliant,东莞质量评估站,pass,true,true,,true,,连续运行测试通过 结构完好 未见异常发热和风险点 包装、铭牌与申报信息一致。,low,PASS,
EA-LAP-00467,test,laptop,灵曜Creator 16笔记本,长续航笔记本,灵曜,Creator 16,SN-LAP-000467,B2026-467,false,false,88,full,,Level 1,compliant,南京消费品检测院,pass,true,true,,true,,样机经检测符合标准 关键部件状态正常 可上市流通 证书、批次和能效资料完整。,low,PASS,
EA-LAP-00468,test,laptop,极光Office 15笔记本,二手长续航笔记本,极光,Office 15,SN-LAP-000468,B2025-468,true,false,81,partial,,Level 1,compliant,东莞质量评估站,conditional_pass,true,true,B,true,true,基础检测通过 但报告内容较简略 建议复核附件与证书映射关系,medium,REVIEW,
EA-LAP-00469,test,laptop,灵曜Air14笔记本,轻薄办公笔记本,灵曜,Air14,,B2026-469,false,false,100,full,,Level 1,compliant,苏州声学检测中心,fail,true,true,,true,,设备身份信息无法核验 且存在异常发热记录 不应上架,high,FAIL,missing_device_identifier
EA-LAP-00470,test,laptop,曜越Creator 16笔记本,商务便携笔记本,曜越,Creator 16,SN-LAP-000470,B2025-470,false,false,100,full,,Level 2,compliant,广州电子检验所,pass,true,true,,true,,样机经检测符合标准 关键部件状态正常 可上市流通 包装、铭牌与申报信息一致。,low,PASS,
EA-LAP-00471,test,laptop,云锋Creator 16笔记本,金属机身笔记本,云锋,Creator 16,SN-LAP-000471,B2026-471,false,true,88,full,,Level 1,compliant,东莞质量评估站,fail,true,true,C,true,false,检测完成，建议复核。,high,FAIL,undisclosed_refurbished_status
EA-LAP-00472,test,laptop,曜越Slim 13笔记本,商务便携笔记本,曜越,Slim 13,SN-LAP-000472,B2025-472,false,false,95,full,,Level 1,compliant,东莞质量评估站,pass,true,true,,true,,连续运行测试通过 结构完好 未见异常发热和风险点,low,PASS,
EA-LAP-00473,test,laptop,曜越ProBook笔记本,轻薄办公笔记本,曜越,ProBook,SN-LAP-000473,B2026-473,false,false,100,full,,Level 2,compliant,深圳质检中心,pass,true,true,,true,,见附件。,low,PASS,
EA-LAP-00474,test,laptop,极光Slim 13笔记本,金属机身笔记本,极光,Slim 13,SN-LAP-000474,B2025-474,false,false,95,full,,Level 2,limited,深圳质检中心,fail,true,true,,true,,来源证明不足，包装与铭牌信息存在异常，疑似仿冒或未经授权产品。,high,FAIL,suspected_counterfeit
EA-LAP-00475,test,laptop,云锋ProBook笔记本,金属机身笔记本,云锋,ProBook,SN-LAP-000475,B2026-475,false,false,96,full,,Level 1,compliant,东莞质量评估站,pass,true,true,,true,,检测完成，建议复核。,low,PASS,
EA-LAP-00476,test,laptop,云锋Slim 13笔记本,长续航笔记本,云锋,Slim 13,,B2025-476,false,false,94,partial,,Level 1,compliant,上海质量检测院,fail,true,true,,true,,关键功能测试失败 且复测结果仍异常 不满足流通要求,high,FAIL,missing_device_identifier
EA-LAP-00477,test,laptop,云锋Slim 13笔记本,金属机身笔记本,云锋,Slim 13,SN-LAP-000477,B2026-477,false,false,89,full,,Level 2,compliant,杭州电子检测站,conditional_pass,true,true,,true,,基础检测通过 但报告内容较简略 建议复核附件与证书映射关系 封签或包装存在重新整理迹象。,medium,REVIEW,
EA-LAP-00478,test,laptop,极光ProBook笔记本,卖家宣称全新未拆封，轻薄办公笔记本,极光,ProBook,SN-LAP-000478,B2025-478,false,true,92,full,,Level 2,compliant,北京电子产品检测所,fail,true,true,C,true,false,关键功能测试失败 且复测结果仍异常 不满足流通要求,high,FAIL,undisclosed_refurbished_status
EA-LAP-00479,test,laptop,曜越Creator 16笔记本,轻薄办公笔记本,曜越,Creator 16,SN-LAP-000479,B2026-479,false,false,96,full,,Level 2,limited,成都电子检测中心,conditional_pass,true,true,,true,,翻新记录已声明 样机功能正常 建议带翻新标识销售并人工复核详情 个别备注项需人工判断是否影响销售结论。,medium,REVIEW,
EA-LAP-00480,test,laptop,铭创Creator 16笔记本,二手长续航笔记本,铭创,Creator 16,SN-LAP-000480,B2025-480,true,false,80,partial,,Level 1,compliant,东莞质量评估站,conditional_pass,true,true,A,true,true,包装封签存在重新整理痕迹 样机主要功能正常 建议人工抽检,medium,REVIEW,
EA-TAB-00481,train,tablet,星阅Tab11平板,学习办公平板,星阅,Tab11,SN-TAB-000481,B2026-481,false,false,100,partial,,Level 2,limited,苏州声学检测中心,fail,true,true,,true,,来源证明不足，包装与铭牌信息存在异常，疑似仿冒或未经授权产品。,high,FAIL,suspected_counterfeit
EA-TAB-00482,train,tablet,曜板S12平板,护眼屏平板,曜板,S12,SN-TAB-000482,B2025-482,false,false,100,partial,,Level 2,limited,上海质量检测院,pass,true,true,,true,,样机经检測符合标准 关键部件状态正常 可上市流通 包装、铭牌与申报信息一致  备注：包装文字与申报信息需人工核对,low,PASS,
EA-TAB-00483,train,tablet,云图T8平板,学习办公平板,云图,T8,,B2026-483,false,false,98,full,,Level 1,limited,广州电子检验所,fail,true,true,,true,,来源证明不足 外包装与铭牌信息异常 疑似仿冒或未经授权产品,high,FAIL,missing_device_identifier
EA-TAB-00484,train,tablet,曜板Tab11平板,学习办公平板,曜板,Tab11,SN-TAB-000484,B2025-484,false,false,91,partial,,Level 3,limited,东莞质量评估站,conditional_pass,true,true,,true,,检测意见为有条件合格 需人工确认备注项是否已在商品页披露,medium,REVIEW,
EA-TAB-00485,train,tablet,学伴Max 12平板,护眼屏平板,学伴,Max 12,SN-TAB-000485,B2026-485,false,true,94,partial,,Level 1,compliant,杭州电子检测站,fail,true,true,C,true,false,关键功能测试失败 且复测结果仍异常 不满足流通要求,high,FAIL,undisclosed_refurbished_status
EA-TAB-00486,train,tablet,星阅S12平板,二手轻薄便携平板,星阅,S12,SN-TAB-000486,B2025-486,true,false,90,partial,,Level 1,limited,南京消费品检测院,conditional_pass,true,true,A,true,true,功能测试可用 外观存在轻微磨损 建议人工确认页面说明与成色描述 系统初判可流通，但建议人工再核验。,medium,REVIEW,
EA-TAB-00487,train,tablet,曜板Max 12平板,大电池平板,曜板,Max 12,SN-TAB-000487,B2026-487,false,false,90,full,,Level 2,compliant,苏州声学检测中心,fail,true,true,,true,,"报告中标注型号为Tab11, 与申报型号Max 12不一致, 存在套证或错报风险  Observed thermal issue during repeated charging cycle.",high,FAIL,report_model_mismatch
EA-TAB-00488,train,tablet,学伴T8平板,学习办公平板,学伴,T8,SN-TAB-000488,B2025-488,false,false,89,full,,Level 2,limited,南京消费品检测院,fail,true,true,,true,,来源证明不足，包装与铭牌信息存在异常，疑似仿冒或未经授权产品。,high,FAIL,suspected_counterfeit
EA-TAB-00489,train,tablet,学伴Max 12平板,轻薄便携平板,学伴,Max 12,SN-TAB-000489,B2026-489,false,false,93,full,,Level 2,compliant,东莞质量评估站,fail,true,true,,false,,关键功能测试失败，复测仍异常，不满足流通要求。,high,FAIL,
EA-TAB-00490,train,tablet,云图S12平板,大电池平板,云图,S12,SN-TAB-000490,B2025-490,false,false,100,full,,Level 2,compliant,深圳质检中心,pass,true,true,,true,,抽检结果为合格 性能 输出和绝缘测试均符合要求 包装、铭牌与申报信息一致。,low,PASS,
EA-TAB-00491,train,tablet,智画Edu 10平板,学习办公平板,智画,Edu 10,SN-TAB-000491,B2026-491,false,false,100,partial,,Level 1,limited,苏州声学检测中心,conditional_pass,true,true,,true,,检测意见为有条件合格 需人工确认备注项是否已在商品页披露 个别备注项需人工判断是否影响销售结论。,medium,REVIEW,
EA-TAB-00492,train,tablet,学伴T8平板,大电池平板,学伴,T8,SN-TAB-000492,B2025-492,false,false,100,partial,,Level 2,limited,上海质量检测院,pass,true,true,,true,,抽检结果为合格 性能 输出和绝缘测试均符合要求,low,PASS,
EA-TAB-00493,train,tablet,学伴Edu 10平板,学习办公平板,学伴,Edu 10,SN-TAB-000493,B2026-493,false,false,96,full,,Level 2,limited,杭州电子检测站,pass,true,true,,true,,抽检结果为合格 性能 输出和绝缘测试均符合要求 连续运行24小时未发现掉线、死机或输出波动。,low,PASS,
EA-TAB-00494,train,tablet,学伴Max 12平板,护眼屏平,学伴,Max 12,SN-TAB-000494,B2025-494,false,false,88,full,,Level 2,compliant,杭州电子检测站,conditional_pass,true,true,,true,,已检测 基本可用 建议人工复核。,medium,REVIEW,
EA-TAB-00495,train,tablet,星阅Tab11平板,轻薄便携平板,星阅,Tab11,SN-TAB-000495,B2026-495,false,false,90,full,,Level 1,compliant,北京电子产品检测所,pass,true,true,,true,,样机经检测符合标准 关键部件状态正常 可上市流通 证书、批次和能效资料完整。,low,PASS,
EA-TAB-00496,train,tablet,云图Tab11平板,轻薄便携平板,云图,Tab11,SN-TAB-000496,B2025-496,false,false,100,partial,,Level 1,compliant,北京电子产品检测所,fail,true,true,,false,,"关键功能测试失败, 复测仍异常, 不满足流通要求  Model code in report does not match seller declaration.",high,FAIL,
EA-TAB-00497,train,tablet,智画Max 12平板,学习办公平板,智画,Max 12,SN-TAB-000497,B2026-497,false,false,96,full,,Level 2,compliant,苏州声学检测中心,pass,true,true,,true,,抽检结果为合格 性能 输出和绝缘测试均符合要求 连续运行24小时未发现掉线、死机或输出波动  Model code in report does not match seller declaration.,low,PASS,
EA-TAB-00498,train,tablet,智画Pad Air平板,学习办公平板,智画,Pad Air,SN-TAB-000498,B2025-498,false,false,88,full,,Level 2,limited,东莞质量评估站,pass,true,true,,true,,连续运行测试通过 结构完好 未见异常发热和风险点 包装、铭牌与申报信息一致。 备注：包装文字与申报信息需人工核对。,low,PASS,
EA-TAB-00499,train,tablet,曜板Max 12平板,护眼屏平板,曜板,Max 12,SN-TAB-000499,B2026-499,false,true,100,partial,,Level 2,limited,广州电子检验所,fail,true,true,B,true,false,高温或耐压测试未通過 存在安全隐患 应直接拦截 Model code in report does not match seller declaration.,high,FAIL,undisclosed_refurbished_status
EA-TAB-00500,train,tablet,曜板S12平板,护眼屏平板,曜板,S12,SN-TAB-000500,B2025-500,false,false,90,partial,,Level 1,compliant,深圳质检中心,pass,true,true,,true,,见附件。 Result: pass under normal operating conditions.,low,PASS,
EA-TAB-00501,train,tablet,学伴Pad Air平板,学习办公平板,学伴,Pad Air,SN-TAB-000501,B2026-501,false,false,89,full,,Level 1,limited,南京消费品检测院,pass,true,true,,true,,检测报告显示整机功能正常 各项安全与稳定性测试合格 可正常销售 连续运行24小时未发现掉线、死机或输出波动。,low,PASS,
EA-TAB-00502,train,tablet,学伴T8平板,大电池平,学伴,T8,SN-TAB-000502,B2025-502,false,false,99,partial,,Level 1,compliant,苏州声学检测中心,fail,true,true,,true,,"来源证明不足, 包 装与铭牌信息存在异常, 疑似仿冒或未经授权产品  Manual review is recommended before release.",high,FAIL,suspected_counterfeit
EA-TAB-00503,train,tablet,云图Tab11平板,手写笔支持平板,云图,Tab11,SN-TAB-000503,B2026-503,false,false,92,full,,Level 1,limited,北京电子产品检测所,conditional_pass,true,true,,true,,基础检测通过 但报告内容较简略 建议复核附件与证书映射关系 个别备注项需人工判断是否影响销售结论。,medium,REVIEW,
EA-TAB-00504,train,tablet,智画Edu 10平板,学习办公平板,智画,Edu 10,SN-TAB-000504,B2025-504,false,false,92,full,,Level 1,compliant,东莞质量评估站,pass,true,true,,true,,实验室记录显示设备在标准工况下工作稳定 未发现异常告警,low,PASS,
EA-TAB-00505,train,tablet,智画T8平板,手写笔支持平板,智画,T8,,B2026-505,false,false,93,partial,,Level 1,compliant,成都电子检测中心,fail,false,false,,true,,翻新和维修痕迹明显 但未完整披露整备历史 风险较高,high,FAIL,missing_device_identifier|battery_safety_concern
EA-TAB-00506,train,tablet,云图Pad Air平板,学习办公平板,云图,Pad Air,SN-TAB-000506,B2025-506,false,false,98,full,,Level 2,limited,东莞质量评估站,pass,true,true,,true,,检测报告显示整机功能正常 各项安全与稳定性测试合格 可正常销售 包装、铭牌与申报信息一致。,low,PASS,
EA-TAB-00507,train,tablet,智画Max 12平板,大电池平板,智画,Max 12,SN-TAB-000507,B2026-507,false,false,97,full,,Level 1,limited,杭州电子检测站,conditional_pass,true,true,,true,,见附件。,medium,REVIEW,
EA-TAB-00508,train,tablet,学伴Edu 10平板,轻薄便携平板,学伴,Edu 10,SN-TAB-000508,B2025-508,false,false,93,partial,,Level 2,compliant,上海质量检测院,pass,true,true,,true,,样机经检测符合标准 关键部件状态正常 可上市流通 备注：包装文字与申报信息需人工核对。,low,PASS,
EA-TAB-00509,train,tablet,云图Edu 10平板,轻薄便携平板,云图,Edu 10,SN-TAB-000509,B2026-509,false,false,90,partial,,Level 2,limited,南京消费品检测院,pass,true,true,,true,,样机经检测符合标准 关键部件状态正常 可上市流通 连续运行24小时未发现掉线、死机或输出波动。,low,PASS,
EA-TAB-00510,train,tablet,星阅Tab11平板,大电池平板,星阅,Tab11,SN-TAB-000510,B2025-510,false,false,95,partial,,Level 2,compliant,北京电子产品检测所,pass,true,true,,true,,样机经检测符合标准 关键部件状态正常 可上市流通 包装、铭牌与申报信息一致。 备注：包装文字与申报信息需人工核对。,low,PASS,
EA-TAB-00511,train,tablet,曜板Tab11平板,学习办公平板,曜板,Tab11,,B2026-511,false,false,92,partial,,Level 2,compliant,北京电子产品检测所,fail,true,true,,true,,检测中发现关键安全项未达标 不建议继续销售,high,FAIL,missing_device_identifier
EA-TAB-00512,train,tablet,智画S12平板,护眼屏平板,智画,S12,SN-TAB-000512,B2025-512,false,false,98,full,,Level 2,limited,苏州声学检测中心,pass,true,true,,true,,连续运行测试通过 结构完好 未见异常发热和风险点,low,PASS,
EA-TAB-00513,train,tablet,星阅Tab11平板,学习办公平板,星阅,Tab11,SN-TAB-000513,B2026-513,false,false,94,partial,,Level 2,compliant,北京电子产品检测所,conditional_pass,true,true,,true,,包装封签存在重新整理痕迹 样机主要功能正常 建议人工抽检 封签或包装存在重新整理迹象。,medium,REVIEW,
EA-TAB-00514,train,tablet,云图Edu 10平板,护眼屏平板,云图,Edu 10,SN-TAB-000514,B2025-514,false,false,88,full,,Level 3,limited,东莞质量评估站,conditional_pass,true,true,,true,,基础检测通过 但报告内容较简略 建议复核附件与证书映射关系,medium,REVIEW,
EA-TAB-00515,train,tablet,星阅Edu 10平板,学习办公平板,星阅,Edu 10,SN-TAB-000515,B2026-515,false,false,98,partial,,Level 1,compliant,南京消费品检测院,fail,true,true,,true,,"报告中标注型号为Edu 10X, 与申报型号Edu 10不一致, 存在套证或错报风险",high,FAIL,report_model_mismatch
EA-TAB-00516,train,tablet,云图Tab11平板,轻薄便携平板,云图,Tab11,SN-TAB-000516,B2025-516,false,false,93,full,,Level 1,limited,苏州声学检测中心,fail,true,true,,true,,来源证明不足，包 装与铭牌信息存在异常，疑似仿冒或未经授权产品。,high,FAIL,suspected_counterfeit
EA-TAB-00517,train,tablet,学伴Tab11平板,官方翻新轻薄便携平板,学伴,Tab11,SN-TAB-000517,B2026-517,false,true,88,partial,,Level 1,compliant,南京消费品检测院,conditional_pass,true,true,B,true,true,包装封签存在重新整理痕迹 样机主要功能正常 建议人工抽检,medium,REVIEW,
EA-TAB-00518,train,tablet,云图T8平板,手写笔支持平板,云图,T8,SN-TAB-000518,B2025-518,false,false,91,partial,,Level 1,compliant,第三方送检,pass,true,true,,true,,抽检结果为合格 性能 输出和绝缘测试均符合要求 包装、铭牌与申报信息一致。,low,PASS,
EA-TAB-00519,train,tablet,星阅Max 12平板,护眼屏平板,星阅,Max 12,,B2026-519,false,false,91,full,,Level 2,compliant,广州电子检验所,fail,false,false,,true,,来源证明不足 外包装与铭牌信息异常 疑似仿冒或未经授权产品 Model code in report does not match seller declaration.,high,FAIL,missing_device_identifier|battery_safety_concern
EA-TAB-00520,train,tablet,曜板Edu 10平板,手写笔支持平板,曜板,Edu 10,SN-TAB-000520,B2025-520,false,false,95,partial,,Level 3,unknown,成都电子检测中心,conditional_pass,true,true,,true,,环境或能效信息不够完整 建议核对补充资料后再放行,medium,REVIEW,
EA-TAB-00521,train,tablet,星阅Edu 10平板,护眼屏平板,星阅,Edu 10,SN-TAB-000521,B2026-521,false,false,98,partial,,Level 1,compliant,深圳质检中心,pass,true,true,,true,,实验室记录显示设备在标准工况下工作稳定 未发现异常告警 连续运行24小时未发现掉线、死机或输出波动。,low,PASS,
EA-TAB-00522,train,tablet,曜板T8平板,二手学习办公平板,曜板,T8,SN-TAB-000522,B2025-522,true,false,86,partial,,Level 2,limited,广州电子检验所,conditional_pass,true,true,A,true,true,基础检测通过 但报告内容较简略 建议复核附件与证书映射关系,medium,REVIEW,
EA-TAB-00523,train,tablet,曜板Tab11平板,学习办公平板,曜板,Tab11,SN-TAB-000523,B2026-523,false,false,92,partial,,Level 1,compliant,深圳质检中心,pass,true,true,,true,,实验室记录显示设备在标准工况下工作稳定 未发现异常告警 证书、批次和能效资料完整。,low,PASS,
EA-TAB-00524,train,tablet,星阅Tab11平板,护眼屏平板,星阅,Tab11,SN-TAB-000524,B2025-524,false,false,94,full,,Level 1,compliant,杭州电子检测站,pass,true,true,,true,,连续运行测试通过 结构完好 未见异常发热和风险点,low,PASS,
EA-TAB-00525,train,tablet,云图Edu 10平板,护眼屏平板,云图,Edu 10,SN-TAB-000525,B2026-525,false,false,100,partial,,Level 2,limited,上海质量检测院,conditional_pass,true,true,,true,,功能测试可用 外观存在轻微磨损 建议人 工确认页面说明与成色描述 封签或包 装存在重新整理迹象。 Result: pass under normal operating conditions.,medium,REVIEW,
EA-TAB-00526,train,tablet,星阅S12平板,轻薄便携平板,星阅,S12,,B2025-526,false,false,93,full,,Level 2,compliant,成都电子检测中心,fail,false,false,,true,,翻新和维修痕迹明显 但未完整披露整备历史 风险较高 Manual review is recommended before release.,high,FAIL,missing_device_identifier|battery_safety_concern
EA-TAB-00527,train,tablet,智画T8平板,学习办公平板,智画,T8,SN-TAB-000527,B2026-527,false,false,94,full,,Level 1,compliant,东莞质量评估站,conditional_pass,true,true,,true,,功能测试可用 外观存在轻微磨损 建议人工确认页面说明与成色描述 个别备注项需人工判断是否影响销售结论,medium,REVIEW,
EA-TAB-00528,train,tablet,星阅Edu 10平板,二手护眼屏平板,星阅,Edu 10,SN-TAB-000528,B2025-528,true,false,76,partial,,Level 1,compliant,苏州声学检测中心,conditional_pass,true,true,A,true,true,环境或能效信息不够完整 建议核对补充资料后再放行,medium,REVIEW,
EA-TAB-00529,train,tablet,学伴Pad Air平板,护眼屏平板,学伴,Pad Air,SN-TAB-000529,B2026-529,false,false,90,full,,Level 2,compliant,深圳质检中心,pass,true,true,,true,,见附件。,low,PASS,
EA-TAB-00530,train,tablet,学伴Tab11平板,学习办公平板,学伴,Tab11,SN-TAB-000530,B2025-530,false,false,89,full,,Level 2,compliant,广州电子检验所,pass,true,true,,true,,连续运行测试通过 结构完好 未见异常发热和风险点 包装、铭牌与申报信息一致。,low,PASS,
EA-TAB-00531,train,tablet,智画Max 12平板,学习办公平板,智画,Max 12,SN-TAB-000531,B2026-531,false,false,91,partial,,Level 1,compliant,成都电子检测中心,conditional_pass,true,true,,true,,功能测试可用 外观存在轻微磨损 建议人工确认页面说明与成色描述 封签或包装存在重新整理迹象。,medium,REVIEW,
EA-TAB-00532,train,tablet,智画S12平板,手写笔支持平板,智画,S12,,B2025-532,false,false,90,partial,,Level 2,limited,广州电子检验所,fail,true,true,,true,,设备身份信息无法核验 且存在异常发热记录 不应上架,high,FAIL,missing_device_identifier
EA-TAB-00533,train,tablet,学伴T8平板,护眼屏平板,学伴,T8,SN-TAB-000533,B2026-533,false,false,97,full,,Level 2,limited,上海质量检测院,conditional_pass,true,true,,true,,基础检测通过 但报告内容较简略 建议复核附件与证书映射关系 个别备注项需人工判断是否影响销售结论。,medium,REVIEW,
EA-TAB-00534,train,tablet,星阅T8平板,大电池平,星阅,T8,SN-TAB-000534,B2025-534,false,false,89,full,,Level 2,compliant,北京电子产品检测所,pass,true,true,,true,,检测报告显示整机功能正常 各项安全与稳定性测试合格 可正常销售 包装、铭牌与申报信息一致。,low,PASS,
EA-TAB-00535,train,tablet,星阅Pad Air平板,护眼屏平板,星阅,Pad Air,SN-TAB-000535,B2026-535,false,false,94,full,,Level 1,compliant,上海质量检测院,pass,true,true,,true,,见附件。,low,PASS,
EA-TAB-00536,train,tablet,曜板Max 12平板,轻薄便携平板,曜板,Max 12,SN-TAB-000536,B2025-536,false,false,100,partial,,Level 2,compliant,南京消费品检测院,pass,true,true,,true,,检测报告显示整机功能正常 各项安全与稳定性测试合格 可正常销售 Result: pass under normal operating conditions.,low,PASS,
EA-TAB-00537,train,tablet,学伴S12平板,手写笔支持平板,学伴,S12,SN-TAB-000537,B2026-537,false,false,98,full,,Level 2,compliant,外部资料摘录,conditional_pass,true,true,,true,,基础检測通過 但报告内容较简略 建议复核附件与证书映射关系 封签或包装存在重新整理迹象。,medium,REVIEW,
EA-TAB-00538,train,tablet,学伴Max 12平板,护眼屏平板,学伴,Max 12,SN-TAB-000538,B2025-538,false,false,94,partial,,Level 2,limited,东莞质量评估站,pass,true,true,,true,,检测报告显示整机功能正常 各项安全与稳定性测试合格 可正常销售 包装、铭牌与申报信息一致。,low,PASS,
EA-TAB-00539,train,tablet,曜板T8平板,学习办公平板,曜板,T8,,B2026-539,false,false,89,full,,Level 1,compliant,苏州声学检测中心,fail,true,true,,true,,设备身份信息无法核验 且存在异常发热记录 不应上架,high,FAIL,missing_device_identifier
EA-TAB-00540,train,tablet,云图S12平板,手写笔支持平板,云图,S12,SN-TAB-000540,B2025-540,false,false,96,partial,,Level 2,compliant,广州电子检验所,pass,true,true,,true,,连续运行测试通过 结构完好 未见异常发热和风险点,low,PASS,
EA-TAB-00541,train,tablet,学伴Pad Air平板,学习办公平板,学伴,Pad Air,SN-TAB-000541,B2026-541,false,true,95,full,,Level 1,limited,成都电子检测中心,fail,true,true,B,true,false,fail / high / tablet,high,FAIL,undisclosed_refurbished_status
EA-TAB-00542,train,tablet,星阅Max 12平板,轻薄便携平板,星阅,Max 12,SN-TAB-000542,B2025-542,false,false,88,partial,,Level 1,limited,广州电子检验所,pass,true,true,,true,,样机经检测符合标准 关键部件状态正常 可上市流通 包装、铭牌与申报信息一致。,low,PASS,
EA-TAB-00543,train,tablet,曜板Pad Air平板,大电池平板,曜板,Pad Air,SN-TAB-000543,B2026-543,false,false,91,partial,,Level 1,compliant,广州电子检验所,pass,true,true,,true,,检测报告显示整机功能正常 各项安全与稳定性测试合格 可正常销售 证书、批次和能效资料完整。,low,PASS,
EA-TAB-00544,train,tablet,学伴Tab11平板,轻薄便携平板,学伴,Tab11,SN-TAB-000544,B2025-544,false,false,99,partial,,Level 2,compliant,成都电子检测中心,pass,true,true,,true,,pass / low / tablet,low,PASS,
EA-TAB-00545,train,tablet,云图Max 12平板,手写笔支持平板,云图,Max 12,SN-TAB-000545,B2026-545,false,false,90,full,,Level 1,limited,上海质量检测院,fail,true,true,,false,,关键功能测试失败，复测仍异常，不满足流通要求。,high,FAIL,
EA-TAB-00546,train,tablet,云图Tab11平板,轻薄便携平板,云图,Tab11,SN-TAB-000546,B2025-546,false,false,88,full,,Level 1,compliant,上海质量检测院,pass,true,true,,true,,连续运行测试通過 结构完好 未见异常发热和风险点 包 装、铭牌与申报信息一致,low,PASS,
EA-TAB-00547,train,tablet,智画Edu 10平板,官方翻新护眼屏平板,智画,Edu 10,SN-TAB-000547,B2026-547,false,true,80,partial,,Level 1,compliant,南京消费品检测院,conditional_pass,true,true,A,true,true,翻新记录已声明 样机功能正常 建议带翻新标识销售并人 工复核详情 备注：包装文字与申报信息需人工核对,medium,REVIEW,
EA-TAB-00548,train,tablet,学伴Max 12平板,轻薄便携平板,学伴,Max 12,SN-TAB-000548,B2025-548,false,true,97,full,,Level 2,limited,东莞质量评估站,fail,true,true,C,true,false,设备身份信息无法核验 且存在异常发热记录 不应上架,high,FAIL,undisclosed_refurbished_status
EA-TAB-00549,train,tablet,云图Pad Air平板,轻薄便携平板,云图,Pad Air,SN-TAB-000549,B2026-549,false,false,88,full,,Level 2,limited,杭州电子检测站,pass,true,true,,true,,检测报告显示整机功能正常 各项安全与稳定性测试合格 可正常销售 连续运行24小时未发现掉线、死机或输出波动。,low,PASS,
EA-TAB-00550,train,tablet,曜板T8平板,手写笔支持平板,曜板,T8,SN-TAB-000550,B2025-550,false,false,95,partial,,Level 3,unknown,苏州声学检测中心,conditional_pass,true,true,,true,,基础检测通过 但报告内容较简略 建议复核附件与证书映射关系,medium,REVIEW,
EA-TAB-00551,train,tablet,智画S12平板,学习办公平板，卖家补充资料稍后上传,智画,S12,SN-TAB-000551,B2026-551,false,false,97,full,,Level 1,compliant,深圳质检中心,pass,true,true,,true,,样机经检测符合标准 关键部件状态正常 可上市流通 证书、批次和能效资料完整。,low,PASS,
EA-TAB-00552,train,tablet,智画T8平板,二手护眼屏平板,智画,T8,SN-TAB-000552,B2025-552,true,false,85,full,,Level 2,compliant,广州电子检验所,conditional_pass,true,true,A,true,true,检测完成，建议复核。,medium,REVIEW,
EA-TAB-00553,train,tablet,云图S12平板,学习办公平板,云图,S12,,B2026-553,false,false,88,partial,,Level 1,compliant,南京消费品检测院,fail,true,true,,true,,检测完成，建议复核。,high,FAIL,missing_device_identifier
EA-TAB-00554,train,tablet,云图Max 12平板,轻薄便携平板,云图,Max 12,SN-TAB-000554,B2025-554,false,false,91,full,,Level 2,compliant,上海质量检测院,conditional_pass,true,true,,true,,已检测 基本可用 建议人工复核。,medium,REVIEW,
EA-TAB-00555,train,tablet,智画Edu 10平板,学习办公平板,智画,Edu 10,SN-TAB-000555,B2026-555,false,false,89,partial,,Level 1,compliant,广州电子检验所,conditional_pass,true,true,,true,,翻新记录已声明 样机功能正常 建议带翻新标识销售并人工复核详情 封签或包装存在重新整理迹象。,medium,REVIEW,
EA-TAB-00556,train,tablet,云图Edu 10平板,大电池平板,云图,Edu 10,SN-TAB-000556,B2025-556,false,false,96,partial,,Level 3,limited,成都电子检测中心,conditional_pass,true,true,,true,,功能测试可用 外观存在轻微磨损 建议人工确认页面说明与成色描述,medium,REVIEW,
EA-TAB-00557,train,tablet,学伴Max 12平板,护眼屏平板,学伴,Max 12,SN-TAB-000557,B2026-557,false,false,88,partial,,Level 2,compliant,东莞质量评估站,fail,true,true,,true,,报告中标注型号为Edu 10，与申报型号Max 12不一致，存在套证或错报风险。,high,FAIL,report_model_mismatch
EA-TAB-00558,train,tablet,智画Pad Air平板,大电池平板,智画,Pad Air,SN-TAB-000558,B2025-558,false,false,99,full,,Level 1,compliant,广州电子检验所,pass,true,true,,true,,样机经检測符合标准 关键部件状态正常 可上市流通 包 装、铭牌与申报信息一致  Result: pass under normal operating conditions.,low,PASS,
EA-TAB-00559,train,tablet,智画Edu 10平板,护眼屏平,智画,Edu 10,SN-TAB-000559,B2026-559,false,false,100,partial,,Level 1,compliant,苏州声学检测中心,pass,true,true,,true,,连续运行测试通过 结构完好 未见异常发热和风险点 证书、批次和能效资料完整。,low,PASS,
EA-TAB-00560,train,tablet,云图S12平板,大电池平板,云图,S12,,B2025-560,false,false,89,full,,Level 2,compliant,东莞质量评估站,fail,true,true,,true,,来源证明不足 外包装与铭牌信息异常 疑似仿冒或未经授权产品,high,FAIL,missing_device_identifier
EA-TAB-00561,train,tablet,学伴Max 12平板,大电池平板,学伴,Max 12,SN-TAB-000561,B2026-561,false,false,91,full,,Level 2,compliant,杭州电子检测站,conditional_pass,true,true,,true,,包装封签存在重新整理痕迹 样机主要功能正常 建议人工抽检 封签或包装存在重新整理迹象。,medium,REVIEW,
EA-TAB-00562,train,tablet,学伴Edu 10平板,轻薄便携平板,学伴,Edu 10,SN-TAB-000562,B2025-562,false,false,98,full,,Level 2,compliant,北京电子产品检测所,pass,true,true,,true,,抽检结果为合格 性能 输出和绝缘测试均符合要求 包装、铭牌与申报信息一致。,low,PASS,
EA-TAB-00563,train,tablet,曜板Pad Air平板,学习办公平板,曜板,Pad Air,SN-TAB-000563,B2026-563,false,false,89,full,,Level 1,compliant,杭州电子检测站,conditional_pass,true,true,,true,,功能测试可用 外观存在轻微磨损 建议人工确认页面说明与成色描述 个别备注项需人工判断是否影响销售结论。,medium,REVIEW,
EA-TAB-00564,train,tablet,智画Pad Air平板,学习办公平板,智画,Pad Air,SN-TAB-000564,B2025-564,false,false,95,partial,,Level 1,compliant,广州电子检验所,fail,true,true,,true,,报告中标注型号为Max 12，与申报型号Pad Air不一致，存在套证或错报风险。,high,FAIL,report_model_mismatch
EA-TAB-00565,train,tablet,智画Tab11平板,护眼屏平板,智画,Tab11,SN-TAB-000565,B2026-565,false,false,96,full,,Level 1,compliant,苏州声学检测中心,pass,true,true,,true,,检测报告显示整机功能正常 各项安全与稳定性测试合格 可正常销售 连续运行24小时未发现掉线、死机或输出波动。,low,PASS,
EA-TAB-00566,train,tablet,星阅Edu 10平板,轻薄便携平板,星阅,Edu 10,SN-TAB-000566,B2025-566,false,false,91,partial,,Level 1,compliant,成都电子检测中心,pass,true,true,,true,,检测报告显示整机功能正常 各项安全与稳定性测试合格 可正常销售 包装、铭牌与申报信息一致。,low,PASS,
EA-TAB-00567,train,tablet,星阅Max 12平板,手写笔支持平板,星阅,Max 12,,B2026-567,false,false,89,full,,Level 1,limited,广州电子检验所,fail,true,true,,true,,关键功能测试失败 且复测结果仍异常 不满足流通要求,high,FAIL,missing_device_identifier
EA-TAB-00568,train,tablet,智画S12平板,学习办公平板,智画,S12,SN-TAB-000568,B2025-568,false,false,99,full,,Level 3,unknown,杭州电子检测站,conditional_pass,true,true,,true,,检测意见为有条件合格 需人工确认备注项是否已在商品页披露,medium,REVIEW,
EA-TAB-00569,train,tablet,云图T8平板,轻薄便携平板,云图,T8,SN-TAB-000569,B2026-569,false,false,88,full,,Level 2,compliant,上海质量检测院,pass,true,true,,true,,检测完成，建 议复核。,low,PASS,
EA-TAB-00570,train,tablet,智画Pad Air平板,护眼屏平板,智画,Pad Air,SN-TAB-000570,B2025-570,false,false,100,full,,Level 1,compliant,杭州电子检测站,pass,true,true,,true,,实验室记录显示设备在标准工况下工作稳定 未发现异常告警 包装、铭牌与申报信息一致。,low,PASS,
EA-TAB-00571,train,tablet,曜板Max 12平板,大电池平板,曜板,Max 12,SN-TAB-000571,B2026-571,false,false,90,partial,,Level 2,compliant,深圳质检中心,fail,true,true,,true,,报告中标注型号为Pad Air，与申报型号Max 12不一致，存在套证或错报风险。,high,FAIL,report_model_mismatch
EA-TAB-00572,train,tablet,曜板Pad Air平板,学习办公平板,曜板,Pad Air,SN-TAB-000572,B2025-572,false,false,88,full,,Level 2,limited,杭州电子检测站,pass,true,true,,true,,抽检结果为合格 性能 输出和绝缘测试均符合要求,low,PASS,
EA-TAB-00573,train,tablet,曜板Pad Air平板,学习办公平板,曜板,Pad Air,SN-TAB-000573,B2026-573,false,false,91,partial,,Level 2,compliant,苏州声学检测中心,conditional_pass,true,true,,true,,检测意见为有条件合格 需人工确认备注项是否已在商品页披露 封签或包 装存在重新整理迹象,medium,REVIEW,
EA-TAB-00574,train,tablet,星阅Max 12平板,大电池平板,星阅,Max 12,,B2025-574,false,false,95,partial,,Level 1,limited,东莞质量评估站,fail,true,true,,true,,关键功能测试失败 且复测结果仍异常 不满足流通要求,high,FAIL,missing_device_identifier
EA-TAB-00575,train,tablet,学伴Tab11平板,护眼屏平板,学伴,Tab11,,B2026-575,false,false,97,partial,,Level 2,compliant,深圳质检中心,fail,false,false,,true,,报告中标注型号与申报型号不一致 存在套证或错报风险,high,FAIL,missing_device_identifier|battery_safety_concern
EA-TAB-00576,train,tablet,智画Pad Air平板,大电池平板,智画,Pad Air,SN-TAB-000576,B2025-576,false,false,96,full,,Level 1,compliant,深圳质检中心,pass,true,true,,true,,连续运行测试通过 结构完好 未见异常发热和风险点,low,PASS,
EA-TAB-00577,train,tablet,星阅Pad Air平板,手写笔支持平板,星阅,Pad Air,SN-TAB-000577,B2026-577,false,false,89,full,,Level 2,limited,苏州声学检测中心,pass,true,true,,true,,抽检结果为合格 性能 输出和绝缘测试均符合要求 连续运行24小时未发现掉线、死机或输出波动。,low,PASS,
EA-TAB-00578,train,tablet,云图S12平板,护眼屏平板,云图,S12,SN-TAB-000578,,false,false,97,full,,Level 2,limited,杭州电子检测站,conditional_pass,true,true,,true,,检测完成，建议复核。,medium,REVIEW,
EA-TAB-00579,train,tablet,曜板Edu 10平板,轻薄便携平板,曜板,Edu 10,SN-TAB-000579,B2026-579,false,false,94,partial,,Level 2,limited,上海质量检测院,conditional_pass,true,true,,true,,检测意见为有条件合格 需人工确认备注项是否已在商品页披露 封签或包装存在重新整理迹象。,medium,REVIEW,
EA-TAB-00580,train,tablet,学伴Edu 10平板,护眼屏平板,学伴,Edu 10,SN-TAB-000580,B2025-580,false,false,91,full,,Level 2,limited,北京电子产品检测所,pass,true,true,,true,,检测报告显示整机功能正常 各项安全与稳定性测试合格 可正常销售,low,PASS,
EA-TAB-00581,train,tablet,星阅Tab11平板,轻薄便携平板,星阅,Tab11,,B2026-581,false,false,96,full,,Level 1,compliant,成都电子检测中心,fail,true,true,,true,,来源证明不足 外包装与铭牌信息异常 疑似仿冒或未经授权产品,high,FAIL,missing_device_identifier
EA-TAB-00582,train,tablet,曜板T8平板,二手学习办公平板,曜板,T8,SN-TAB-000582,B2025-582,true,false,88,full,,Level 2,limited,苏州声学检测中心,conditional_pass,true,true,B,true,true,包装封签存在重新整理痕迹 样机主要功能正常 建议人工抽检,medium,REVIEW,
EA-TAB-00583,train,tablet,曜板Edu 10平板,大电池平板,曜板,Edu 10,SN-TAB-000583,B2026-583,false,false,89,partial,,Level 1,compliant,成都电子检测中心,pass,true,true,,true,,抽检结果为合格 性能 输出和绝缘测试均符合要求 证书、批次和能效资料完整。,low,PASS,
EA-TAB-00584,train,tablet,智画Tab11平板,护眼屏平板,智画,Tab11,SN-TAB-000584,B2025-584,false,false,99,full,,Level 2,compliant,上海质量检测院,pass,true,true,,true,,抽检结果为合格 性能 输出和绝缘测试均符合要求,low,PASS,
EA-TAB-00585,train,tablet,星阅Tab11平板,大电池平板,星阅,Tab11,SN-TAB-000585,B2026-585,false,false,99,partial,,Level 2,compliant,上海质量检测院,fail,true,true,,true,,报告中标注型号为Tab11X，与申报型号Tab11不一致，存在套证或错报风险。,high,FAIL,report_model_mismatch
EA-TAB-00586,train,tablet,星阅Edu 10平板,护眼屏平板,星阅,Edu 10,SN-TAB-000586,B2025-586,false,false,91,partial,,Level 3,unknown,上海质量检测院,conditional_pass,true,true,,true,,功能测试可用 外观存在轻微磨损 建议人工确认页面说明与成色描述,medium,REVIEW,
EA-TAB-00587,train,tablet,曜板Max 12平板,卖家宣称全新未拆封，手写笔支持平板,曜板,Max 12,SN-TAB-000587,,false,false,99,full,,Level 2,compliant,东莞质量评估站,fail,true,true,,false,,关键功能测试失败，复测仍异常，不满足流通要求。,high,FAIL,
EA-TAB-00588,train,tablet,曜板Pad Air平板,手写笔支持平板,曜板,Pad Air,,B2025-588,false,false,98,partial,,Level 1,limited,上海质量检测院,fail,true,true,,true,,设备身份信息无法核验 且存在异常发热记录 不应上架,high,FAIL,missing_device_identifier
EA-TAB-00589,train,tablet,曜板Tab11平板,大电池平板,曜板,Tab11,,B2026-589,false,false,97,full,,Level 2,compliant,南京消费品检测院,fail,false,false,,true,,关键功能测试失败 且复测结果仍异常 不满足流通要求,high,FAIL,missing_device_identifier|battery_safety_concern
EA-TAB-00590,train,tablet,云图S12平板,轻薄便携平板,云图,S12,SN-TAB-000590,B2025-590,false,false,95,full,,Level 2,limited,东莞质量评估站,conditional_pass,true,true,,true,,已检测 基本可用 建议人工复核。,medium,REVIEW,
EA-TAB-00591,train,tablet,星阅Pad Air平板,大电池平板,星阅,Pad Air,SN-TAB-000591,,false,false,95,partial,,Level 2,limited,东莞质量评估站,conditional_pass,true,true,,true,,环境或能效信息不够完整 建议核对补充资料后再放行 封签或包装存在重新整理迹象。,medium,REVIEW,
EA-TAB-00592,train,tablet,曜板S12平板,手写笔支持平板,曜板,S12,SN-TAB-000592,B2025-592,false,false,100,full,,Level 2,limited,东莞质量评估站,conditional_pass,true,true,,true,,检测意见为有条件合格 需人工确认备注项是否已在商品页披露 Manual review is recommended before release.,medium,REVIEW,
EA-TAB-00593,train,tablet,智画Pad Air平板,大电池平板,智画,Pad Air,SN-TAB-000593,,false,false,96,full,,Level 2,limited,东莞质量评估站,pass,true,true,,true,,连续运行测试通过 结构完好 未见异常发热和风险点 连续运行24小时未发现掉线、死机或输出波动。,low,PASS,
EA-TAB-00594,train,tablet,曜板Edu 10平板,二手大电池平板,曜板,Edu 10,SN-TAB-000594,B2025-594,true,false,79,full,,Level 2,compliant,广州电子检验所,conditional_pass,true,true,B,true,true,检测意见为有条件合格 需人工确认备注项是否已在商品页披露 系统初判可流通，但建议人工再核验。,medium,REVIEW,
EA-TAB-00595,train,tablet,智画Edu 10平板,护眼屏平板,智画,Edu 10,,B2026-595,false,false,93,partial,,Level 2,compliant,上海质量检测院,fail,true,true,,true,,高温或耐压测试未通过 存在安全隐患 应直接拦截,high,FAIL,missing_device_identifier
EA-TAB-00596,train,tablet,学伴Tab11平板,护眼屏平板,学伴,Tab11,SN-TAB-000596,B2025-596,false,false,95,partial,,Level 2,limited,杭州电子检测站,pass,true,true,,true,,连续运行测试通过 结构完好 未见异常发热和風险点 备注：包 装文字与申报信息需人 工核对  Result: pass under normal operating conditions.,low,PASS,
EA-TAB-00597,train,tablet,曜板Tab11平板,学习办公平板,曜板,Tab11,SN-TAB-000597,,false,false,92,full,,Level 2,limited,北京电子产品检测所,pass,true,true,,true,,检測报告显示整机功能正常 各项安全与稳定性测试合格 可正常销售 连续运行24小时未发现掉线、死机或输出波动,low,PASS,
EA-TAB-00598,train,tablet,曜板Max 12平板,手写笔支持平板,曜板,Max 12,SN-TAB-000598,B2025-598,false,false,47,full,,Level 1,compliant,广州电子检验所,fail,false,false,,true,,"翻新和维修痕迹明显 但未完整披露整备历史 风险较高 初次送检摘要写为合格, 复核后已修正为不合格",high,FAIL,battery_safety_concern
EA-TAB-00599,train,tablet,学伴T8平板,护眼屏平板,学伴,T8,SN-TAB-000599,B2026-599,false,false,100,full,,Level 1,compliant,成都电子检测中心,pass,true,true,,true,,连续运行测试通过 结构完好 未见异常发热和风险点 证书、批次和能效资料完整。,low,PASS,
EA-TAB-00600,train,tablet,学伴S12平板,护眼屏平板,学伴,S12,SN-TAB-000600,B2025-600,false,false,88,partial,,Level 2,compliant,东莞质量评估站,pass,true,true,,true,,实验室记录显示设备在标准工况下工作稳定 未发现异常告警,low,PASS,
EA-TAB-00601,train,tablet,学伴T8平板,手写笔支持平板,学伴,T8,SN-TAB-000601,B2026-601,false,false,91,full,,Level 1,compliant,南京消费品检测院,pass,true,true,,true,,抽检结果为合格 性能 输出和绝缘测试均符合要求 连续运行24小时未发现掉线、死机或输出波动。,low,PASS,
EA-TAB-00602,train,tablet,云图T8平板,轻薄便携平板,云图,T8,SN-TAB-000602,B2025-602,false,false,92,partial,,Level 2,limited,南京消费品检测院,conditional_pass,true,true,,true,,已检测 基本可用 建议人工复核。 备注：包装文字与申报信息需人工核对。,medium,REVIEW,
EA-TAB-00603,train,tablet,云图Max 12平板,轻薄便携平板,云图,Max 12,,B2026-603,false,false,90,full,,Level 1,compliant,上海质量检测院,fail,false,false,,true,,来源证明不足 外包装与铭牌信息异常 疑似仿冒或未经授权产品,high,FAIL,missing_device_identifier|battery_safety_concern
EA-TAB-00604,train,tablet,云图Tab11平板,大电池平板,云图,Tab11,SN-TAB-000604,B2025-604,false,true,94,full,,Level 2,compliant,成都电子检测中心,fail,true,true,C,true,false,翻新和维修痕迹明显 但未完整披露整备历史 风险较高,high,FAIL,undisclosed_refurbished_status
EA-TAB-00605,train,tablet,智画T8平板,护眼屏平板,智画,T8,SN-TAB-000605,B2026-605,false,false,89,partial,,Level 1,compliant,上海质量检测院,conditional_pass,true,true,,true,,检测意见为有条件合格 需人工确认备注项是否已在商品页披露 个别备注项需人工判断是否影响销售结论。,medium,REVIEW,
EA-TAB-00606,train,tablet,曜板Pad Air平板,轻薄便携平板，卖家补充资料稍后上传,曜板,Pad Air,SN-TAB-000606,B2025-606,false,false,99,full,,Level 2,compliant,北京电子产品检测所,pass,true,true,,true,,检测报告显示整机功能正常 各项安全与稳定性测试合格 可正常销售 包装、铭牌与申报信息一致。,low,PASS,
EA-TAB-00607,train,tablet,智画T8平板,官方翻新轻薄便携平板,智画,T8,SN-TAB-000607,B2026-607,false,true,92,full,,Level 1,limited,北京电子产品检测所,conditional_pass,true,true,B,true,true,基础检测通过 但报告内容较简略 建议复核附件与证书映射关系,medium,REVIEW,
EA-TAB-00608,train,tablet,学伴Tab11平板,护眼屏平,学伴,Tab11,SN-TAB-000608,,false,false,100,full,,Level 1,compliant,深圳质检中心,conditional_pass,true,true,,true,,已检测 基本可用 建议人工复核。,medium,REVIEW,
EA-TAB-00609,train,tablet,曜板Edu 10平板,学习办公平板,曜板,Edu 10,SN-TAB-000609,B2026-609,false,false,91,full,,Level 1,compliant,北京电子产品检测所,conditional_pass,true,true,,true,,conditional_pass / medium / tablet,medium,REVIEW,
EA-TAB-00610,train,tablet,学伴Pad Air平板,轻薄便携平板,学伴,Pad Air,,B2025-610,false,false,92,partial,,Level 2,compliant,北京电子产品检测所,fail,false,false,,true,,设备身份信息无法核验 且存在异常发热记录 不应上架,high,FAIL,missing_device_identifier|battery_safety_concern
EA-TAB-00611,train,tablet,曜板T8平板,大电池平板,曜板,T8,SN-TAB-000611,B2026-611,false,false,94,full,,Level 1,compliant,杭州电子检测站,pass,true,true,,true,,抽检结果为合格 性能 输出和绝缘测试均符合要求 证书、批次和能效资料完整。,low,PASS,
EA-TAB-00612,train,tablet,智画S12平板,二手手写笔支持平板,智画,S12,SN-TAB-000612,B2025-612,true,false,90,partial,,Level 2,limited,广州电子检验所,conditional_pass,true,true,A,true,true,基础检测通过 但报告内容较简略 建议复核附件与证书映射关系,medium,REVIEW,
EA-TAB-00613,train,tablet,学伴Edu 10平板,官方翻新护眼屏平板,学伴,Edu 10,SN-TAB-000613,B2026-613,false,true,87,partial,,Level 2,compliant,深圳质检中心,conditional_pass,true,true,B,true,true,功能测试可用 外观存在轻微磨损 建议人工确认页面说明与成色描述,medium,REVIEW,
EA-TAB-00614,train,tablet,学伴Pad Air平板,学习办公平板,学伴,Pad Air,SN-TAB-000614,,false,false,92,partial,,Level 2,compliant,第三方送检,conditional_pass,true,true,,true,,已检測 基本可用 建 议人 工复核,medium,REVIEW,
EA-TAB-00615,train,tablet,智画Edu 10平板,手写笔支持平板,智画,Edu 10,SN-TAB-000615,B2026-615,false,false,99,full,,Level 1,compliant,上海质量检测院,pass,true,true,,true,,检测报告显示整机功能正常 各项安全与稳定性测试合格 可正常销售 证书、批次和能效资料完整。,low,PASS,
EA-TAB-00616,train,tablet,智画T8平板,轻薄便携平板,智画,T8,SN-TAB-000616,B2025-616,false,false,88,full,,Level 2,limited,成都电子检测中心,conditional_pass,true,true,,true,,基础检测通过 但报告内容较简略 建议复核附件与证书映射关系,medium,REVIEW,
EA-TAB-00617,train,tablet,星阅T8平板,轻薄便携平板,星阅,T8,SN-TAB-000617,B2026-617,false,false,91,full,,Level 1,compliant,深圳质检中心,conditional_pass,true,true,,true,,功能测试可用 外观存在轻微磨损 建议人工确认页面说明与成色描述 个别备注项需人工判断是否影响销售结论。,medium,REVIEW,
EA-TAB-00618,train,tablet,曜板S12平板,学习办公平板,曜板,S12,SN-TAB-000618,B2025-618,false,true,97,full,,Level 2,compliant,东莞质量评估站,fail,true,true,C,true,false,检测中发现关键安全项未达标 不建议继续销售,high,FAIL,undisclosed_refurbished_status
EA-TAB-00619,train,tablet,曜板S12平板,大电池平板,曜板,S12,SN-TAB-000619,B2026-619,false,false,54,partial,,Level 1,limited,北京电子产品检测所,fail,false,false,,true,,来源证明不足 外包装与铭牌信息异常 疑似仿冒或未经授权产品,high,FAIL,battery_safety_concern
EA-TAB-00620,train,tablet,星阅Edu 10平板,学习办公平板,星阅,Edu 10,SN-TAB-000620,B2025-620,false,false,88,full,,Level 1,limited,北京电子产品检测所,fail,true,true,,true,,报告中标注型号为Pad Air，与申报型号Edu 10不一致，存在套证或错报风险。 初次送检摘要写为合格，复核后已修正为不合格。,high,FAIL,report_model_mismatch
EA-TAB-00621,train,tablet,云图Pad Air平板,轻薄便携平板,云图,Pad Air,SN-TAB-000621,B2026-621,false,false,98,full,,Level 2,limited,广州电子检验所,fail,true,true,,true,,来源证明不足，包装与铭牌信息存在异常，疑似仿冒或未经授权产品。 初次送检摘要写为合格，复核后已修正为不合格。,high,FAIL,suspected_counterfeit
EA-TAB-00622,train,tablet,曜板Tab11平板,轻薄便携平板,曜板,Tab11,SN-TAB-000622,,false,false,89,partial,,Level 1,limited,东莞质量评估站,pass,true,true,,true,,样机经检測符合标准 关键部件状态正常 可上市流通 包 装、铭牌与申报信息一致  Observed thermal issue during repeated charging cycle.,low,PASS,
EA-TAB-00623,train,tablet,学伴T8平板,大电池平板,学伴,T8,,B2026-623,false,false,100,partial,,Level 1,limited,成都电子检测中心,fail,true,true,,true,,高温或耐压测试未通过 存在安全隐患 应直接拦截,high,FAIL,missing_device_identifier
EA-TAB-00624,train,tablet,曜板S12平板,轻薄便携平板,曜板,S12,,B2025-624,false,false,90,full,,Level 1,compliant,苏州声学检测中心,fail,false,false,,true,,来源证明不足 外包装与铭牌信息异常 疑似仿冒或未经授权产品,high,FAIL,missing_device_identifier|battery_safety_concern
EA-TAB-00625,train,tablet,星阅Pad Air平板,官方翻新学习办公平板,星阅,Pad Air,SN-TAB-000625,B2026-625,false,true,89,partial,,Level 1,compliant,苏州声学检测中心,conditional_pass,true,true,A,true,true,检测意见为有条件合格 需人工确认备注项是否已在商品页披露,medium,REVIEW,
EA-TAB-00626,train,tablet,云图Max 12平板,学习办公平板,云图,Max 12,SN-TAB-000626,B2025-626,false,false,97,full,,Level 1,compliant,第三方送检,conditional_pass,true,true,,true,,已检测 基本可用 建议人工复核,medium,REVIEW,
EA-TAB-00627,train,tablet,曜板Pad Air平板,学习办公平板,曜板,Pad Air,SN-TAB-000627,B2026-627,false,false,92,partial,,Level 1,compliant,苏州声学检测中心,pass,true,true,,true,,连续运行测试通过 结构完好 未见异常发热和风险点 证书、批次和能效资料完整。,low,PASS,
EA-TAB-00628,train,tablet,学伴Pad Air平板,手写笔支持平板,学伴,Pad Air,SN-TAB-000628,B2025-628,false,false,91,partial,,Level 3,unknown,广州电子检验所,conditional_pass,true,true,,true,,检测意见为有条件合格 需人工确认备注项是否已在商品页披露,medium,REVIEW,
EA-TAB-00629,train,tablet,星阅Edu 10平板,手写笔支持平板,星阅,Edu 10,SN-TAB-000629,B2026-629,false,false,95,partial,,Level 1,compliant,北京电子产品检测所,conditional_pass,true,true,,true,,功能测试可用 外观存在轻微磨损 建议人工确认页面说明与成色描述 个别备注项需人工判断是否影响销售结论。,medium,REVIEW,
EA-TAB-00630,train,tablet,学伴S12平板,手写笔支持平板,学伴,S12,SN-TAB-000630,B2025-630,false,false,93,full,,Level 1,compliant,深圳质检中心,pass,true,true,,true,,抽检结果为合格 性能 输出和绝缘测试均符合要求 包装、铭牌与申报信息一致。 Result: pass under normal operating conditions.,low,PASS,
EA-TAB-00631,train,tablet,曜板Max 12平板,官方翻新护眼屏平板,曜板,Max 12,SN-TAB-000631,B2026-631,false,true,87,partial,,Level 1,limited,上海质量检测院,conditional_pass,true,true,B,true,true,翻新记录已声明 样机功能正常 建议带翻新标识销售并人工复核详情,medium,REVIEW,
EA-TAB-00632,train,tablet,学伴S12平板,手写笔支持平板,学伴,S12,SN-TAB-000632,B2025-632,false,false,97,full,,Level 1,limited,上海质量检测院,pass,true,true,,true,,实验室记录显示设备在标准工况下工作稳定 未发现异常告警,low,PASS,
EA-TAB-00633,train,tablet,学伴Pad Air平板,大电池平板,学伴,Pad Air,SN-TAB-000633,B2026-633,false,false,70,partial,,Level 2,compliant,上海质量检测院,fail,false,false,,true,,翻新和维修痕迹明显 但未完整披露整备历史 风险较高,high,FAIL,battery_safety_concern
EA-TAB-00634,train,tablet,曜板S12平板,护眼屏平板,曜板,S12,SN-TAB-000634,B2025-634,false,false,100,partial,,Level 1,compliant,苏州声学检测中心,pass,true,true,,true,,实验室记录显示设备在标准工况下工作稳定 未发现异常告警 包装、铭牌与申报信息一致。,low,PASS,
EA-TAB-00635,train,tablet,学伴Edu 10平板,手写笔支持平板,学伴,Edu 10,SN-TAB-000635,B2026-635,false,false,99,full,,Level 1,compliant,深圳质检中心,pass,true,true,,true,,实验室记录显示设备在标准工况下工作稳定 未发现异常告警 证书、批次和能效资料完整。,low,PASS,
EA-TAB-00636,train,tablet,曜板S12平板,大电池平板,曜板,S12,SN-TAB-000636,B2025-636,false,false,92,full,,Level 2,compliant,平台复核,pass,true,true,,true,,检测报告显示整机功能正常 各项安全与稳定性测试合格 可正常销售,low,PASS,
EA-TAB-00637,train,tablet,智画Tab11平板,学习办公平板,智画,Tab11,SN-TAB-000637,B2026-637,false,false,96,partial,,Level 1,compliant,苏州声学检测中心,pass,true,true,,true,,样机经检测符合标准 关键部件状态正常 可上市流通 连续运行24小时未发现掉线、死机或输出波动。,low,PASS,
EA-TAB-00638,train,tablet,曜板Max 12平板,护眼屏平板,曜板,Max 12,SN-TAB-000638,B2025-638,false,false,91,partial,,Level 2,compliant,北京电子产品检测所,conditional_pass,true,true,,true,,已检测 基本可用 建议人工复核。,medium,REVIEW,
EA-TAB-00639,train,tablet,曜板Tab11平板,护眼屏平板，卖家补充资料稍后上传,曜板,Tab11,SN-TAB-000639,B2026-639,false,false,88,full,,Level 1,compliant,上海质量检测院,pass,true,true,,true,,检测报告显示整机功能正常 各项安全与稳定性测试合格 可正常销售 证书、批次和能效资料完整。,low,PASS,
EA-TAB-00640,train,tablet,星阅S12平板,轻薄便携平板,星阅,S12,SN-TAB-0,B2025-640,false,false,97,full,,Level 2,unknown,上海质量检测院,conditional_pass,true,true,,true,,翻新记录已声明 样机功能正常 建议带翻新标识销售并人工复核详情,medium,REVIEW,
EA-TAB-00641,train,tablet,云图Pad Air平板,轻薄便携平板,云图,Pad Air,SN-TAB-000641,B2026-641,false,false,92,partial,,Level 2,compliant,深圳质检中心,pass,true,true,,true,,实验室记录显示设备在标准工况下工作稳定 未发现异常告警 连续运行24小时未发现掉线、死机或输出波动。,low,PASS,
EA-TAB-00642,train,tablet,云图S12平板,手写笔支持平板,云图,S12,SN-TAB-000642,B2025-642,false,false,90,full,,Level 1,compliant,成都电子检测中心,pass,true,true,,true,,样机经检测符合标准 关键部件状态正常 可上市流通 包装、铭牌与申报信息一致。,low,PASS,
EA-TAB-00643,train,tablet,曜板Max 12平板,官方翻新护眼屏平板,曜板,Max 12,SN-TAB-000643,B2026-643,false,true,84,partial,,Level 1,limited,深圳质检中心,conditional_pass,true,true,A,true,true,环境或能效信息不够完整 建议核对补充资料后再放行,medium,REVIEW,
EA-TAB-00644,train,tablet,星阅Max 12平板,大电池平板,星阅,Max 12,SN-TAB-0,B2025-644,false,false,100,full,,Level 2,compliant,深圳质检中心,conditional_pass,true,true,,true,,见附件。,medium,REVIEW,
EA-TAB-00645,train,tablet,曜板Pad Air平板,手写笔支持平板,曜板,Pad Air,SN-TAB-000645,B2026-645,false,false,92,full,,Level 2,compliant,广州电子检验所,pass,true,true,,true,,检测报告显示整机功能正常 各项安全与稳定性测试合格 可正常销售 连续运行24小时未发现掉线、死机或输出波动。,low,PASS,
EA-TAB-00646,train,tablet,曜板Tab11平板,护眼屏平板,曜板,Tab11,SN-TAB-000646,B2025-646,false,false,89,full,,Level 3,limited,深圳质检中心,conditional_pass,true,true,,true,,检测完成，建议复核。,medium,REVIEW,
EA-TAB-00647,train,tablet,学伴Edu 10平板,大电池平板,学伴,Edu 10,SN-TAB-000647,B2026-647,false,false,96,full,,Level 2,compliant,北京电子产品检测所,conditional_pass,true,true,,true,,翻新记录已声明 样机功能正常 建议带翻新标识销售并人工复核详情 个别备注项需人工判断是否影响销售结论。,medium,REVIEW,
EA-TAB-00648,train,tablet,曜板Edu 10平板,二手护眼屏平板,曜板,Edu 10,SN-TAB-000648,B2025-648,true,false,78,full,,Level 2,compliant,北京电子产品检测所,conditional_pass,true,true,B,true,true,功能测试可用 外观存在轻微磨损 建议人工确认页面说明与成色描述,medium,REVIEW,
EA-TAB-00649,val,tablet,曜板Max 12平板,轻薄便携平板,曜板,Max 12,SN-TAB-000649,B2026-649,false,false,100,full,,Level 2,compliant,深圳质检中心,pass,true,true,,true,,检测报告显示整机功能正常 各项安全与稳定性测试合格 可正常销售 连续运行24小时未发现掉线、死机或输出波动。 备注：包装文字与申报信息需人工核对。,low,PASS,
EA-TAB-00650,val,tablet,学伴T8平板,护眼屏平板,学伴,T8,SN-TAB-000650,B2025-650,false,false,97,full,,Level 2,limited,上海质量检测院,pass,true,true,,true,,连续运行测试通过 结构完好 未见异常发热和风险点 包装、铭牌与申报信息一致。,low,PASS,
EA-TAB-00651,val,tablet,曜板Pad Air平板,学习办公平板,曜板,Pad Air,SN-TAB-000651,B2026-651,false,false,90,partial,,Level 1,compliant,广州电子检验所,pass,true,true,,true,,连续运行测试通过 结构完好 未见异常发热和风险点 证书、批次和能效资料完整。,low,PASS,
EA-TAB-00652,val,tablet,学伴T8平板,护眼屏平板,学伴,T8,SN-TAB-000652,B2025-652,false,false,94,partial,,Level 1,compliant,广州电子检验所,pass,true,true,,true,,样机经检测符合标准 关键部件状态正常 可上市流通,low,PASS,
EA-TAB-00653,val,tablet,学伴Pad Air平板,护眼屏平板,学伴,Pad Air,SN-TAB-000653,B2026-653,false,false,96,partial,,Level 2,compliant,广州电子检验所,conditional_pass,true,true,,true,,检测完成，建议复核。,medium,REVIEW,
EA-TAB-00654,val,tablet,学伴Pad Air平板,二手手写笔支持平板,学伴,Pad Air,SN-TAB-000654,B2025-654,true,false,88,full,,Level 1,compliant,杭州电子检测站,conditional_pass,true,true,B,true,true,功能测试可用 外观存在轻微磨损 建议人 工确认页面说明与成色描述 Result: pass under normal operating conditions.,medium,REVIEW,
EA-TAB-00655,val,tablet,曜板S12平板,官方翻新学习办公平板,曜板,S12,SN-TAB-000655,B2026-655,false,true,90,partial,,Level 2,compliant,杭州电子检测站,conditional_pass,true,true,A,true,true,基础检测通过 但报告内容较简略 建议复核附件与证书映射关系,medium,REVIEW,
EA-TAB-00656,val,tablet,智画Edu 10平板,大电池平板,智画,Edu 10,SN-TAB-000656,B2025-656,false,false,93,partial,,Level 1,compliant,南京消费品检测院,conditional_pass,true,true,,true,,已检测 基本可用 建议人工复核。,medium,REVIEW,
EA-TAB-00657,val,tablet,云图Max 12平板,大电池平板,云图,Max 12,SN-TAB-000657,B2026-657,false,false,92,partial,,Level 2,compliant,南京消费品检测院,pass,true,true,,true,,样机经检测符合标准 关键部件状态正常 可上市流通 连续运行24小时未发现掉线、死机或输出波动。 备注：包装文字与申报信息需人工核对。,low,PASS,
EA-TAB-00658,val,tablet,云图Max 12平板,轻薄便携平板,云图,Max 12,SN-TAB-000658,B2025-658,false,false,94,full,,Level 2,limited,东莞质量评估站,pass,true,true,,true,,检测报告显示整机功能正常 各项安全与稳定性测试合格 可正常销售 包装、铭牌与申报信息一致。,low,PASS,
EA-TAB-00659,val,tablet,云图Pad Air平板,轻薄便携平板,云图,Pad Air,SN-TAB-000659,B2026-659,false,false,90,partial,,Level 1,compliant,北京电子产品检测所,pass,true,true,,true,,抽检结果为合格 性能 输出和绝缘测试均符合要求 证书、批次和能效资料完整。,low,PASS,
EA-TAB-00660,val,tablet,智画Max 12平板,护眼屏平板,智画,Max 12,SN-TAB-000660,B2025-660,false,true,93,full,,Level 1,compliant,南京消费品检测院,fail,true,true,B,true,false,翻新和维修痕迹明显 但未完整披露整备历史 风险较高 初次送检摘要写为合格，复核后已修正为不合格。,high,FAIL,undisclosed_refurbished_status
EA-TAB-00661,val,tablet,曜板S12平板,手写笔支持平板,曜板,S12,SN-TAB-000661,B2026-661,false,false,91,full,,Level 2,limited,广州电子检验所,pass,true,true,,true,,连续运行测试通过 结构完好 未见异常发热和风险点 连续运行24小时未发现掉线、死机或输出波动。,low,PASS,
EA-TAB-00662,val,tablet,星阅Max 12平板,护眼屏平板,星阅,Max 12,SN-TAB-000662,B2025-662,false,false,100,full,,Level 1,compliant,东莞质量评估站,fail,true,true,,true,,报告中标注型号为Max 12X，与申报型号Max 12不一致，存在套证或错报风险。,high,FAIL,report_model_mismatch
EA-TAB-00663,val,tablet,学伴Pad Air平板,手写笔支持平板,学伴,Pad Air,SN-TAB-000663,B2026-663,false,false,90,full,,Level 2,limited,广州电子检验所,conditional_pass,true,true,,true,,功能测试可用 外观存在轻微磨损 建议人 工确认页面说明与成色描述 封签或包装存在重新整理迹象  Model code in report does not match seller declaration.,medium,REVIEW,
EA-TAB-00664,val,tablet,星阅T8平板,大电池平板,星阅,T8,SN-TAB-000664,B2025-664,false,false,92,partial,,Level 2,limited,广州电子检验所,conditional_pass,true,true,,true,,检測意见为有条件合格 需人工确认备注项是否已在商品页披露,medium,REVIEW,
EA-TAB-00665,val,tablet,云图Tab11平板,大电池平板,云图,Tab11,,B2026-665,false,false,100,full,,Level 1,limited,广州电子检验所,fail,true,true,,true,,关键功能测试失败 且复测结果仍异常 不满足流通要求,high,FAIL,missing_device_identifier
EA-TAB-00666,val,tablet,曜板Pad Air平板,二手大电池平板,曜板,Pad Air,SN-TAB-000666,B2025-666,true,false,83,partial,,Level 1,compliant,上海质量检测院,conditional_pass,true,true,A,true,true,基础检测通过 但报告内容较简略 建议复核附件与证书映射关系,medium,REVIEW,
EA-TAB-00667,val,tablet,智画T8平板,手写笔支持平板,智画,T8,SN-TAB-000667,B2026-667,false,false,94,full,,Level 1,compliant,广州电子检验所,pass,true,true,,true,,样机经检测符合标准 关键部件状态正常 可上市流通 证书、批次和能效资料完整。,low,PASS,
EA-TAB-00668,val,tablet,云图Max 12平板,学习办公平板,云图,Max 12,SN-TAB-000668,B2025-668,false,false,100,full,,Level 2,compliant,杭州电子检测站,pass,true,true,,true,,样机经检测符合标准 关键部件状态正常 可上市流通,low,PASS,
EA-TAB-00669,val,tablet,学伴Tab11平板,学习办公平板,学伴,Tab11,SN-TAB-000669,B2026-669,false,false,91,full,,Level 1,limited,东莞质量评估站,pass,true,true,,true,,实验室记录显示设备在标准工况下工作稳定 未发现异常告警 连续运行24小时未发现掉线、死机或输出波动。,low,PASS,
EA-TAB-00670,val,tablet,星阅T8平板,轻薄便携,星阅,T8,SN-TAB-0,,false,false,98,full,,Level 3,limited,杭州电子检测站,conditional_pass,true,true,,true,,环境或能效信息不够完整 建议核对补充资料后再放行 系统初判可流通，但建议人工再核验。,medium,REVIEW,
EA-TAB-00671,val,tablet,云图Edu 10平板,大电池平板,云图,Edu 10,SN-TAB-000671,B2026-671,false,false,100,full,,Level 1,compliant,深圳质检中心,pass,true,true,,true,,检测报告显示整机功能正常 各项安全与稳定性测试合格 可正常销售 证书、批次和能效资料完整。,low,PASS,
EA-TAB-00672,val,tablet,智画T8平板,手写笔支持平板,智画,T8,,B2025-672,false,false,94,full,,Level 1,limited,北京电子产品检测所,fail,true,true,,true,,翻新和维修痕迹明显 但未完整披露整备历史 风险较高 初次送检摘要写为合格，复核后已修正为不合格。,high,FAIL,missing_device_identifier
EA-TAB-00673,val,tablet,曜板Pad Air平板,官方翻新学习办公平板,曜板,Pad Air,SN-TAB-000673,B2026-673,false,true,89,full,,Level 2,compliant,南京消费品检测院,conditional_pass,true,true,B,true,true,conditional_pass / medium / tablet,medium,REVIEW,
EA-TAB-00674,val,tablet,云图S12平板,学习办公平板,云图,S12,SN-TAB-000674,B2025-674,false,true,92,partial,,Level 1,compliant,深圳质检中心,fail,true,true,C,true,false,检测中发现关键安全项未达标 不建议继续销售,high,FAIL,undisclosed_refurbished_status
EA-TAB-00675,val,tablet,学伴Max 12平板,学习办公平板,学伴,Max 12,SN-TAB-000675,B2026-675,false,false,100,partial,,Level 2,limited,苏州声学检测中心,conditional_pass,true,true,,true,,功能测试可用 外观存在轻微磨损 建议人 工确认页面说明与成色描述 封签或包 装存在重新整理迹象,medium,REVIEW,
EA-TAB-00676,val,tablet,智画Edu 10平板,护眼屏平板,智画,Edu 10,SN-TAB-000676,B2025-676,false,false,96,full,,Level 1,compliant,深圳质检中心,pass,true,true,,true,,连续运行测试通过 结构完好 未见异常发热和风险点 备注：包装文字与申报信息需人工核对。,low,PASS,
EA-TAB-00677,val,tablet,曜板S12平板,学习办公平板,曜板,S12,SN-TAB-000677,B2026-677,false,false,90,full,,Level 1,compliant,南京消费品检测院,conditional_pass,true,true,,true,,功能测试可用 外观存在轻微磨损 建议人工确认页面说明与成色描述 个别备注项需人工判断是否影响销售结论。,medium,REVIEW,
EA-TAB-00678,val,tablet,云图Max 12平板,二手手写笔支持平板,云图,Max 12,SN-TAB-000678,B2025-678,true,false,88,full,,Level 2,compliant,南京消费品检测院,conditional_pass,true,true,B,true,true,基础检测通过 但报告内容较简略 建议复核附件与证书映射关系,medium,REVIEW,
EA-TAB-00679,val,tablet,云图Tab11平板,护眼屏平板,云图,Tab11,SN-TAB-000679,B2026-679,false,false,97,full,,Level 1,compliant,深圳质检中心,pass,true,true,,true,,抽检结果为合格 性能 输出和绝缘测试均符合要求 证书、批次和能效资料完整。 备注：包装文字与申报信息需人工核对。,low,PASS,
EA-TAB-00680,val,tablet,星阅Edu 10平板,护眼屏平板,星阅,Edu 10,SN-TAB-000680,B2025-680,false,false,94,full,,Level 1,compliant,广州电子检验所,conditional_pass,true,true,,true,,已检测 基本可用 建议人工复核。,medium,REVIEW,
EA-TAB-00681,val,tablet,曜板Max 12平板,护眼屏平,曜板,Max 12,SN-TAB-000681,B2026-681,false,true,88,partial,,Level 2,compliant,成都电子检测中心,fail,true,true,C,true,false,高温或耐压测试未通過 存在安全隐患 应直接拦截 Observed thermal issue during repeated charging cycle.,high,FAIL,undisclosed_refurbished_status
EA-TAB-00682,val,tablet,星阅Tab11平板,大电池平板,星阅,Tab11,SN-TAB-000682,B2025-682,false,false,57,full,,Level 1,compliant,北京电子产品检测所,fail,false,false,,true,,检测中发现关键安全项未达标 不建议继续销售,high,FAIL,battery_safety_concern
EA-TAB-00683,val,tablet,曜板Pad Air平板,轻薄便携平板,曜板,Pad Air,SN-TAB-000683,B2026-683,false,false,90,partial,,Level 1,compliant,深圳质检中心,fail,true,true,,true,,报告中标注型号为Max 12，与申报型号Pad Air不一致，存在套证或错报风险。,high,FAIL,report_model_mismatch
EA-TAB-00684,val,tablet,智画Tab11平板,大电池平板,智画,Tab11,SN-TAB-000684,B2025-684,false,false,90,full,,Level 2,compliant,广州电子检验所,pass,true,true,,true,,检测报告显示整机功能正常 各项安全与稳定性测试合格 可正常销售,low,PASS,
EA-TAB-00685,test,tablet,学伴Max 12平板,官方翻新轻薄便携平板,学伴,Max 12,SN-TAB-000685,B2026-685,false,true,84,full,,Level 1,compliant,杭州电子检测站,conditional_pass,true,true,A,true,true,见附件。,medium,REVIEW,
EA-TAB-00686,test,tablet,星阅Pad Air平板,大电池平板,星阅,Pad Air,SN-TAB-000686,B2025-686,false,false,97,full,,Level 2,limited,苏州声学检测中心,pass,true,true,,true,,样机经检测符合标准 关键部件状态正常 可上市流通 包装、铭牌与申报信息一致。,low,PASS,
EA-TAB-00687,test,tablet,学伴Edu 10平板,轻薄便携平板,学伴,Edu 10,SN-TAB-000687,B2026-687,false,false,97,partial,,Level 2,compliant,北京电子产品检测所,conditional_pass,true,true,,true,,检测意见为有条件合格 需人工确认备注项是否已在商品页披露 封签或包装存在重新整理迹象。,medium,REVIEW,
EA-TAB-00688,test,tablet,智画S12平板,手写笔支持平板,智画,S12,SN-TAB-000688,B2025-688,false,true,92,full,,Level 1,compliant,上海质量检测院,fail,true,true,C,true,false,来源证明不足 外包装与铭牌信息异常 疑似仿冒或未经授权产品,high,FAIL,undisclosed_refurbished_status
EA-TAB-00689,test,tablet,云图Tab11平板,手写笔支持平板,云图,Tab11,SN-TAB-000689,B2026-689,false,false,89,full,,Level 2,compliant,成都电子检测中心,conditional_pass,true,true,,true,,检测完成，建议复核。,medium,REVIEW,
EA-TAB-00690,test,tablet,曜板T8平板,大电池平板,曜板,T8,SN-TAB-000690,B2025-690,false,false,99,full,,Level 1,compliant,深圳质检中心,fail,true,true,,true,,报告中标注型号为Max 12，与申报型号T8不一致，存在套证或错报风险。,high,FAIL,report_model_mismatch
EA-TAB-00691,test,tablet,曜板Tab11平板,手写笔支持平板,曜板,Tab11,SN-TAB-000691,B2026-691,false,false,94,partial,,Level 1,compliant,深圳质检中心,pass,true,true,,true,,检测完成，建议复核。,low,PASS,
EA-TAB-00692,test,tablet,星阅T8平板,轻薄便携平板,星阅,T8,SN-TAB-000692,B2025-692,false,false,97,partial,,Level 2,compliant,成都电子检测中心,conditional_pass,true,true,,true,,已检测 基本可用 建议人工复核。,medium,REVIEW,
EA-TAB-00693,test,tablet,星阅Tab11平板,轻薄便携平板,星阅,Tab11,SN-TAB-000693,B2026-693,false,false,88,full,,Level 1,compliant,成都电子检测中心,pass,true,true,,true,,抽检结果为合格 性能 输出和绝缘测试均符合要求 连续运行24小时未发现掉线、死机或输出波动  Manual review is recommended before release.,low,PASS,
EA-TAB-00694,test,tablet,星阅Max 12平板,手写笔支持平板,星阅,Max 12,SN-TAB-000694,B2025-694,false,false,95,partial,,Level 2,unknown,杭州电子检测站,conditional_pass,true,true,,true,,翻新记录已声明 样机功能正常 建 议带翻新标识销售并人工复核详情,medium,REVIEW,
EA-TAB-00695,test,tablet,曜板Tab11平板,护眼屏平板,曜板,Tab11,SN-TAB-000695,B2026-695,false,false,92,partial,,Level 1,compliant,上海质量检测院,pass,true,true,,true,,实验室记录显示设备在标准工况下工作稳定 未发现异常告警 证书、批次和能效资料完整。 备注：包装文字与申报信息需人工核对。,low,PASS,
EA-TAB-00696,test,tablet,智画Edu 10平板,手写笔支持平板,智画,Edu 10,SN-TAB-000696,B2025-696,false,false,92,full,,Level 1,compliant,北京电子产品检测所,pass,true,true,,true,,样机经检测符合标准 关键部件状态正常 可上市流通,low,PASS,
EA-TAB-00697,test,tablet,智画Tab11平板,官方翻新轻薄便携平板,智画,Tab11,SN-TAB-000697,B2026-697,false,true,81,partial,,Level 1,compliant,东莞质量评估站,conditional_pass,true,true,A,true,true,基础检测通过 但报告内容较简略 建议复核附件与证书映射关系,medium,REVIEW,
EA-TAB-00698,test,tablet,学伴S12平板,护眼屏平板,学伴,S12,SN-TAB-000698,B2025-698,false,false,96,full,,Level 1,limited,成都电子检测中心,conditional_pass,true,true,,true,,已检测 基本可用 建议人工复核。,medium,REVIEW,
EA-TAB-00699,test,tablet,学伴T8平板,大电池平板,学伴,T8,SN-TAB-000699,B2026-699,false,false,93,partial,,Level 1,compliant,杭州电子检测站,pass,true,true,,true,,pass / low / tablet,low,PASS,
EA-TAB-00700,test,tablet,学伴Tab11平板,大电池平板,学伴,Tab11,SN-TAB-000700,B2025-700,false,false,97,partial,,Level 1,compliant,北京电子产品检测所,pass,true,true,,true,,实验室记录显示设备在标准工况下工作稳定 未发现异常告警,low,PASS,
EA-TAB-00701,test,tablet,云图Pad Air平板,护眼屏平板,云图,Pad Air,SN-TAB-000701,B2026-701,false,false,94,partial,,Level 2,limited,上海质量检测院,conditional_pass,true,true,,true,,环境或能效信息不够完整 建议核对补充资料后再放行 个别备注项需人工判断是否影响销售结论。,medium,REVIEW,
EA-TAB-00702,test,tablet,星阅T8平板,学习办公平板,星阅,T8,SN-TAB-000702,B2025-702,false,false,95,full,,Level 1,compliant,广州电子检验所,pass,true,true,,true,,实验室记录显示设备在标准工况下工作稳定 未发现异常告警 包装、铭牌与申报信息一致。,low,PASS,
EA-TAB-00703,test,tablet,学伴Tab11平板,手写笔支持平板,学伴,Tab11,SN-TAB-000703,B2026-703,false,false,93,partial,,Level 1,compliant,成都电子检测中心,pass,true,true,,true,,抽检结果为合格 性能 输出和绝缘测试均符合要求 证书、批次和能效资料完整。,low,PASS,
EA-TAB-00704,test,tablet,云图S12平板,大电池平板,云图,S12,SN-TAB-000704,B2025-704,false,false,90,full,,Level 1,compliant,南京消费品检测院,pass,true,true,,true,,抽检结果为合格 性能 输出和绝缘测试均符合要求,low,PASS,
EA-TAB-00705,test,tablet,云图T8平板,轻薄便携平板,云图,T8,SN-TAB-000705,B2026-705,false,false,89,full,,Level 1,limited,杭州电子检测站,fail,true,true,,true,,来源证明不足，包装与铭牌信息存在异常，疑似仿冒或未经授权产品。,high,FAIL,suspected_counterfeit
EA-TAB-00706,test,tablet,星阅Tab11平板,学习办公平板,星阅,Tab11,SN-TAB-000706,B2025-706,false,false,94,partial,,Level 1,compliant,苏州声学检测中心,fail,true,true,,false,,关键功能测试失败，复测仍异常，不满足流通要求。,high,FAIL,
EA-TAB-00707,test,tablet,云图Max 12平板,护眼屏平板,云图,Max 12,,B2026-707,false,false,99,partial,,Level 1,compliant,南京消费品检测院,fail,true,true,,true,,见附件。,high,FAIL,missing_device_identifier
EA-TAB-00708,test,tablet,智画Pad Air平板,轻薄便携平板,智画,Pad Air,,B2025-708,false,false,90,partial,,Level 1,compliant,成都电子检测中心,fail,false,false,,true,,翻新和维修痕迹明显 但未完整披露整备历史 風险较高,high,FAIL,missing_device_identifier|battery_safety_concern
EA-TAB-00709,test,tablet,云图T8平板,官方翻新学习办公平板,云图,T8,SN-TAB-000709,B2026-709,false,true,81,full,,Level 2,compliant,上海质量检测院,conditional_pass,true,true,A,true,true,功能测试可用 外观存在轻微磨损 建议人工确认页面说明与成色描述,medium,REVIEW,
EA-TAB-00710,test,tablet,学伴T8平板,护眼屏平板,学伴,T8,SN-TAB-000710,B2025-710,false,false,97,full,,Level 1,compliant,上海质量检测院,pass,true,true,,true,,连续运行测试通过 结构完好 未见异常发热和風险点 包装、铭牌与申报信息一致,low,PASS,
EA-TAB-00711,test,tablet,智画Tab11平板,护眼屏平板,智画,Tab11,SN-TAB-000711,B2026-711,false,false,99,partial,,Level 1,compliant,上海质量检测院,pass,true,true,,true,,实验室记录显示设备在标准工况下工作稳定 未发现异常告警 证书、批次和能效资料完整。,low,PASS,
EA-TAB-00712,test,tablet,曜板Pad Air平板,学习办公平板,曜板,Pad Air,SN-TAB-000712,B2025-712,false,false,97,partial,,Level 3,unknown,苏州声学检测中心,conditional_pass,true,true,,true,,翻新记录已声明 样机功能正常 建 议带翻新标识销售并人工复核详情,medium,REVIEW,
EA-TAB-00713,test,tablet,云图Tab11平板,手写笔支持平板,云图,Tab11,SN-TAB-000713,B2026-713,false,false,99,partial,,Level 2,compliant,苏州声学检测中心,conditional_pass,true,true,,true,,检测意见为有条件合格 需人工确认备注项是否已在商品页披露 个别备注项需人工判断是否影响销售结论。 备注：包装文字与申报信息需人工核对。,medium,REVIEW,
EA-TAB-00714,test,tablet,曜板T8平板,二手大电池平板,曜板,T8,SN-TAB-000714,B2025-714,true,false,77,partial,,Level 2,compliant,北京电子产品检测所,conditional_pass,true,true,A,true,true,"检测意见为有条件合格 需人 工确认备注项是否已在商品页披露 系统初判可流通, 但建 议人工再核验  Manual review is recommended before release.",medium,REVIEW,
EA-TAB-00715,test,tablet,曜板Tab11平板,官方翻新学习办公平板,曜板,Tab11,SN-TAB-000715,B2026-715,false,true,92,full,,Level 1,compliant,南京消费品检测院,conditional_pass,true,true,B,true,true,conditional_pass / medium / tablet Manual review is recommended before release.,medium,REVIEW,
EA-TAB-00716,test,tablet,学伴Edu 10平板,轻薄便携平板,学伴,Edu 10,SN-TAB-000716,B2025-716,false,false,98,partial,,Level 1,compliant,杭州电子检测站,conditional_pass,true,true,,true,,已检测 基本可用 建议人工复核。,medium,REVIEW,
EA-TAB-00717,test,tablet,星阅Max 12平板,学习办公平板，卖家补充资料稍后上传,星阅,Max 12,SN-TAB-000717,B2026-717,false,false,100,full,,Level 2,limited,北京电子产品检测所,pass,true,true,,true,,检测报告显示整机功能正常 各项安全与稳定性测试合格 可正常销售 连续运行24小时未发现掉线、死机或输出波动。,low,PASS,
EA-TAB-00718,test,tablet,学伴Edu 10平板,护眼屏平板,学伴,Edu 10,SN-TAB-000718,B2025-718,false,false,92,full,,Level 1,limited,深圳质检中心,pass,true,true,,true,,检测报告显示整机功能正常 各项安全与稳定性测试合格 可正常销售 包装、铭牌与申报信息一致。,low,PASS,
EA-TAB-00719,test,tablet,学伴S12平板,轻薄便携,学伴,S12,SN-TAB-000719,B2026-719,false,false,90,partial,,Level 2,compliant,杭州电子检测站,fail,true,true,,true,,来源证明不足，包装与铭牌信息存在异常，疑似仿冒或未经授权产品。,high,FAIL,suspected_counterfeit
EA-TAB-00720,test,tablet,学伴Tab11平板,护眼屏平板,学伴,Tab11,SN-TAB-000720,B2025-720,false,false,88,full,,Level 1,limited,第三方送检,pass,true,true,,true,,连续运行测试通过 结构完好 未见异常发热和风险点,low,PASS,
EA-EAR-00721,train,earphone,律动Pods X耳机,运动佩戴耳机,律动,Pods X,,B2026-721,false,false,93,partial,,Level 2,limited,北京电子产品检测所,pass,true,true,,true,,样机经检测符合标准 关键部件状态正常 可上市流通 连续运行24小时未发现掉线、死机或输出波动。,low,PASS,
EA-EAR-00722,train,earphone,音幕Lite耳机,原装包装耳机,音幕,Lite,,B2025-722,false,false,88,full,,Level 1,compliant,上海质量检测院,conditional_pass,true,true,,true,,已检测 基本可用 建议人工复核。,medium,REVIEW,
EA-EAR-00723,train,earphone,律动Pods X耳机,运动佩戴耳机,律动,Pods X,,B2026-723,false,false,92,full,,Level 1,compliant,苏州声学检测中心,pass,true,true,,true,,检测报告显示整机功能正常 各项安全与稳定性测试合格 可正常销售 证书、批次和能效资料完整。,low,PASS,
EA-EAR-00724,train,earphone,律动Pods X耳机,降噪蓝牙耳机,律动,Pods X,,B2025-724,false,false,99,full,,Level 2,limited,深圳质检中心,conditional_pass,true,true,,true,,环境或能效信息不够完整 建议核对补充资料后再放行,medium,REVIEW,
EA-EAR-00725,train,earphone,云声Lite耳机,降噪蓝牙耳机,云声,Lite,,B2026-725,false,false,100,full,,Level 2,limited,杭州电子检测站,conditional_pass,true,true,,true,,基础检测通過 但报告内容较简略 建 议复核附件与证书映射关系 个别备注项需人工判断是否影响销售结论。 Result: pass under normal operating conditions.,medium,REVIEW,
EA-EAR-00726,train,earphone,静听Lite耳机,二手降噪蓝牙耳机,静听,Lite,,B2025-726,true,false,83,full,,Level 2,compliant,北京电子产品检测所,conditional_pass,true,true,A,true,true,包装封签存在重新整理痕迹 样机主要功能正常 建议人 工抽检 备注：包装文字与申报信息需人工核对。 Manual review is recommended before release.,medium,REVIEW,
EA-EAR-00727,train,earphone,律动Max耳机,官方翻新降噪蓝牙耳机,律动,Max,,B2026-727,false,true,82,partial,,Level 2,compliant,深圳质检中心,conditional_pass,true,true,B,true,true,翻新记录已声明 样机功能正常 建议带翻新标识销售并人工复核详情,medium,REVIEW,
EA-EAR-00728,train,earphone,律动Pods X耳机,降噪蓝牙耳机,律动,Pods X,,B2025-728,false,false,94,full,,Level 1,limited,杭州电子检测站,pass,true,true,,true,,抽检结果为合格 性能 输出和绝缘测试均符合要求,low,PASS,
EA-EAR-00729,train,earphone,声澜Pro2耳机,降噪蓝牙耳机,声澜,Pro2,,B2026-729,false,false,98,full,,Level 2,limited,深圳质检中心,fail,true,true,,true,,报告中标注型號与申报型号不一致 存在套证或错报風险 Model code in report does not match seller declaration.,high,FAIL,missing_device_identifier
EA-EAR-00730,train,earphone,静听Pods X耳机,原装包装耳机,静听,Pods X,,B2025-730,false,false,94,full,,Level 1,compliant,成都电子检测中心,pass,true,true,,true,,实验室记录显示设备在标准工况下工作稳定 未发现异常告警 包装、铭牌与申报信息一致。,low,PASS,
EA-EAR-00731,train,earphone,律动Pro2耳机,低延迟耳机,律动,Pro2,,B2026-731,false,false,94,full,,Level 1,compliant,北京电子产品检测所,pass,true,true,,true,,实验室记录显示设备在标准工况下工作稳定 未发现异常告警 证书、批次和能效资料完整。 Model code in report does not match seller declaration.,low,PASS,
EA-EAR-00732,train,earphone,静听Lite耳机,原装包装耳机,静听,Lite,,B2025-732,false,false,89,partial,,Level 2,limited,上海质量检测院,pass,true,true,,true,,连续运行测试通过 结构完好 未见异常发热和风险点,low,PASS,
EA-EAR-00733,train,earphone,静听Pods X耳机,运动佩戴耳机,静听,Pods X,,B2026-733,false,false,98,full,,Level 2,compliant,南京消费品检测院,pass,true,true,,true,,见附件。,low,PASS,
EA-EAR-00734,train,earphone,声澜Max耳机,运动佩戴耳机,声澜,Max,,B2025-734,false,false,95,partial,,Level 2,compliant,成都电子检测中心,fail,true,true,,false,,见附件。,high,FAIL,
EA-EAR-00735,train,earphone,律动Air耳机,降噪蓝牙耳机，卖家补充资料稍后上传,律动,Air,,B2026-735,false,false,94,partial,,Level 1,compliant,成都电子检测中心,pass,true,true,,true,,检测完成，建议复核。,low,PASS,
EA-EAR-00736,train,earphone,云声Go耳机,低延迟耳机,云声,Go,,B2025-736,false,false,95,partial,,Level 2,limited,苏州声学检测中心,conditional_pass,true,true,,true,,检测意见为有条件合格 需人工确认备注项是否已在商品页披露,medium,REVIEW,
EA-EAR-00737,train,earphone,声澜Max耳机,降噪蓝牙耳机,声澜,Max,,B2026-737,false,true,90,full,,Level 1,limited,广州电子检验所,fail,true,true,C,true,false,关键功能测试失败 且复测结果仍异常 不满足流通要求,high,FAIL,undisclosed_refurbished_status
EA-EAR-00738,train,earphone,云声Air耳机,降噪蓝牙耳机,云声,Air,,B2025-738,false,false,88,full,,Level 1,compliant,广州电子检验所,pass,true,true,,true,,实验室记录显示设备在标准工况下工作稳定 未发现异常告警 包装、铭牌与申报信息一致。,low,PASS,
EA-EAR-00739,train,earphone,静听Air耳机,长续航耳机,静听,Air,,B2026-739,false,false,92,full,,Level 1,compliant,深圳质检中心,pass,true,true,,true,,抽检结果为合格 性能 输出和绝缘测试均符合要求 证书、批次和能效资料完整,low,PASS,
EA-EAR-00740,train,earphone,静听Go耳机,长续航耳机,静听,Go,,B2025-740,false,false,97,full,,Level 2,compliant,杭州电子检测站,pass,true,true,,true,,抽检结果为合格 性能 输出和绝缘测试均符合要求 备注：包装文字与申报信息需人工核对。,low,PASS,
EA-EAR-00741,train,earphone,声澜Air耳机,运动佩戴耳机,声澜,Air,,B2026-741,false,false,92,partial,,Level 1,limited,广州电子检验所,pass,true,true,,true,,样机经检测符合标准 关键部件状态正常 可上市流通 连续运行24小时未发现掉线、死机或输出波动。,low,PASS,
EA-EAR-00742,train,earphone,静听Go耳机,降噪蓝牙耳机,静听,Go,,B2025-742,false,false,97,partial,,Level 2,limited,成都电子检测中心,pass,true,true,,true,,检测报告显示整机功能正常 各项安全与稳定性测试合格 可正常销售 包装、铭牌与申报信息一致。,low,PASS,
EA-EAR-00743,train,earphone,音幕Go耳机,低延迟耳机,音幕,Go,,B2026-743,false,false,92,full,,Level 1,compliant,杭州电子检测站,pass,true,true,,true,,检测报告显示整机功能正常 各项安全与稳定性测试合格 可正常销售 证书、批次和能效资料完整。,low,PASS,
EA-EAR-00744,train,earphone,云声Max耳机,运动佩戴耳机,云声,Max,,B2025-744,false,false,95,full,,Level 2,compliant,北京电子产品检测所,pass,true,true,,true,,pass / low / earphone,low,PASS,
EA-EAR-00745,train,earphone,静听Pods X耳机,原装包装耳机,静听,Pods X,,B2026-745,false,false,93,partial,,Level 2,compliant,成都电子检测中心,pass,true,true,,true,,抽检结果为合格 性能 输出和绝缘测试均符合要求 连续运行24小时未发现掉线、死机或输出波动,low,PASS,
EA-EAR-00746,train,earphone,云声Max耳机,运动佩戴耳机,云声,Max,,B2025-746,false,false,92,full,,Level 1,limited,杭州电子检测站,pass,true,true,,true,,检测完成，建议复核。,low,PASS,
EA-EAR-00747,train,earphone,音幕Go耳机,降噪蓝牙耳机,音幕,Go,,B2026-747,false,false,98,partial,,Level 1,compliant,深圳质检中心,pass,true,true,,true,,实验室记录显示设备在标准工况下工作稳定 未发现异常告警 证书、批次和能效资料完整  Result: pass under normal operating conditions.,low,PASS,
EA-EAR-00748,train,earphone,云声Go耳机,原装包装耳机,云声,Go,,B2025-748,false,false,97,full,,Level 1,compliant,成都电子检测中心,pass,true,true,,true,,检测报告显示整机功能正常 各项安全与稳定性测试合格 可正常销售,low,PASS,
EA-EAR-00749,train,earphone,静听Go耳机,低延迟耳机,静听,Go,,B2026-749,false,false,92,partial,,Level 1,compliant,成都电子检测中心,conditional_pass,true,true,,true,,检测意见为有条件合格 需人工确认备注项是否已在商品页披露 个别备注项需人工判断是否影响销售结论。,medium,REVIEW,
EA-EAR-00750,train,earphone,声澜Pods X耳机,低延迟耳机,声澜,Pods X,,B2025-750,false,false,91,partial,,Level 1,compliant,南京消费品检测院,fail,true,true,,true,,关键功能测试失败 且复测结果仍异常 不满足流通要求,high,FAIL,missing_device_identifier
EA-EAR-00751,train,earphone,律动Air耳机,长续航耳机,律动,Air,,B2026-751,false,false,100,full,,Level 1,compliant,南京消费品检测院,pass,true,true,,true,,样机经检测符合标准 关键部件状态正常 可上市流通 证书、批次和能效资料完整。,low,PASS,
EA-EAR-00752,train,earphone,声澜Go耳机,长续航耳机,声澜,Go,,B2025-752,false,false,73,full,,Level 2,compliant,上海质量检测院,fail,false,false,,true,,高温或耐压测试未通过 存在安全隐患 应直接拦截,high,FAIL,battery_safety_concern
EA-EAR-00753,train,earphone,声澜Pods X耳机,原装包装耳机,声澜,Pods X,,B2026-753,false,false,91,partial,,Level 1,compliant,成都电子检测中心,pass,true,true,,true,,抽检结果为合格 性能 输出和绝缘测试均符合要求 连续运行24小时未发现掉线、死机或输出波动。,low,PASS,
EA-EAR-00754,train,earphone,声澜Pro2耳机,原装包装耳机,声澜,Pro2,,B2025-754,false,false,94,full,,Level 2,limited,上海质量检测院,pass,true,true,,true,,pass / low / earphone,low,PASS,
EA-EAR-00755,train,earphone,静听Pods X耳机,原装包装耳机,静听,Pods X,,,false,false,89,partial,,Level 2,limited,南京消费品检测院,conditional_pass,true,true,,true,,基础检测通过 但报告内容较简略 建议复核附件与证书映射关系 个别备注项需人工判断是否影响销售结论。 备注：包装文字与申报信息需人工核对。,medium,REVIEW,
EA-EAR-00756,train,earphone,云声Max耳机,二手原装,云声,Max,,B2025-756,true,false,86,partial,,Level 2,compliant,杭州电子检测站,conditional_pass,true,true,B,true,true,包装封签存在重新整理痕迹 样机主要功能正常 建议人工抽检,medium,REVIEW,
EA-EAR-00757,train,earphone,音幕Go耳机,官方翻新运动佩戴耳机,音幕,Go,,B2026-757,false,true,87,partial,,Level 2,compliant,广州电子检验所,conditional_pass,true,true,B,true,true,包装封签存在重新整理痕迹 样机主要功能正常 建议人工抽检,medium,REVIEW,
EA-EAR-00758,train,earphone,静听Pods X耳机,原装包装耳机,静听,Pods X,,B2025-758,false,false,96,partial,,Level 1,limited,成都电子检测中心,pass,true,true,,true,,样机经检测符合标准 关键部件状态正常 可上市流通 包装、铭牌与申报信息一致,low,PASS,
EA-EAR-00759,train,earphone,律动Lite耳机,运动佩戴耳机,律动,Lite,,B2026-759,false,false,54,partial,,Level 2,limited,南京消费品检测院,fail,false,false,,true,,翻新和维修痕迹明显 但未完整披露整备历史 風险较高,high,FAIL,battery_safety_concern
EA-EAR-00760,train,earphone,云声Pro2耳机,长续航耳机,云声,Pro2,,B2025-760,false,false,100,full,,Level 1,limited,北京电子产品检测所,fail,true,true,,true,,报告中标注型号为Lite，与申报型号Pro2不一致，存在套证或错报风险。,high,FAIL,report_model_mismatch
EA-EAR-00761,train,earphone,声澜Air耳机,低延迟耳机,声澜,Air,,B2026-761,false,false,96,full,,Level 2,compliant,南京消费品检测院,conditional_pass,true,true,,true,,基础检测通过 但报告内容较简略 建 议复核附件与证书映射关系 个别备注项需人工判断是否影响销售结论。 Result: pass under normal operating conditions.,medium,REVIEW,
EA-EAR-00762,train,earphone,静听Lite耳机,降噪蓝牙耳机,静听,Lite,,B2025-762,false,false,89,full,,Level 2,compliant,杭州电子检测站,pass,true,true,,true,,抽检结果为合格 性能 输出和绝缘测试均符合要求 包装、铭牌与申报信息一致。,low,PASS,
EA-EAR-00763,train,earphone,音幕Lite耳机,官方翻新低延迟耳机,音幕,Lite,,B2026-763,false,true,80,partial,,Level 2,compliant,北京电子产品检测所,conditional_pass,true,true,A,true,true,环境或能效信息不够完整 建议核对补充资料后再放行,medium,REVIEW,
EA-EAR-00764,train,earphone,静听Pro2耳机,原装包装耳机,静听,Pro2,,B2025-764,false,false,88,full,,Level 1,compliant,东莞质量评估站,conditional_pass,true,true,,true,,已检测 基本可用 建议人工复核。,medium,REVIEW,
EA-EAR-00765,train,earphone,声澜Go耳机,降噪蓝牙耳机,声澜,Go,,B2026-765,false,false,92,partial,,Level 1,compliant,深圳质检中心,conditional_pass,true,true,,true,,包装封签存在重新整理痕迹 样机主要功能正常 建议人工抽检 封签或包装存在重新整理迹象。,medium,REVIEW,
EA-EAR-00766,train,earphone,声澜Air耳机,长续航耳机,声澜,Air,,B2025-766,false,false,95,full,,Level 2,compliant,杭州电子检测站,pass,true,true,,true,,连续运行测试通过 结构完好 未见异常发热和风险点 包装、铭牌与申报信息一致。,low,PASS,
EA-EAR-00767,train,earphone,云声Max耳机,降噪蓝牙耳机,云声,Max,,B2026-767,false,false,98,full,,Level 2,compliant,深圳质检中心,conditional_pass,true,true,,true,,基础检测通过 但报告内容较简略 建议复核附件与证书映射关系 个别备注项需人工判断是否影响销售结论。,medium,REVIEW,
EA-EAR-00768,train,earphone,律动Pods X耳机,原装包装耳机,律动,Pods X,,B2025-768,false,false,93,full,,Level 2,limited,苏州声学检测中心,fail,true,true,,true,,来源证明不足，包装与铭牌信息存在异常，疑似仿冒或未经授权产品。,high,FAIL,suspected_counterfeit
EA-EAR-00769,train,earphone,声澜Pro2耳机,官方翻新降噪蓝牙耳机,声澜,Pro2,,B2026-769,false,true,87,partial,,Level 1,limited,广州电子检验所,conditional_pass,true,true,A,true,true,功能测试可用 外观存在轻微磨损 建议人工确认页面说明与成色描述,medium,REVIEW,
EA-EAR-00770,train,earphone,声澜Pods X耳机,原装包装耳机,声澜,Pods X,,B2025-770,false,false,97,partial,,Level 1,limited,东莞质量评估站,fail,true,true,,true,,翻新和维修痕迹明显 但未完整披露整备历史 风险较高,high,FAIL,missing_device_identifier
EA-EAR-00771,train,earphone,静听Lite耳机,降噪蓝牙耳机,静听,Lite,,B2026-771,false,false,96,full,,Level 1,compliant,广州电子检验所,pass,true,true,,true,,抽检结果为合格 性能 输出和绝缘测试均符合要求 证书、批次和能效资料完整,low,PASS,
EA-EAR-00772,train,earphone,静听Go耳机,运动佩戴耳机,静听,Go,,B2025-772,false,false,97,full,,Level 1,compliant,成都电子检测中心,pass,true,true,,true,,检测报告显示整机功能正常 各项安全与稳定性测试合格 可正常销售,low,PASS,
EA-EAR-00773,train,earphone,律动Go耳机,原装包装,律动,Go,,B2026-773,false,false,98,partial,,Level 2,compliant,东莞质量评估站,pass,true,true,,true,,样机经检测符合标准 关键部件状态正常 可上市流通 连续运行24小时未发现掉线、死机或输出波动。,low,PASS,
EA-EAR-00774,train,earphone,声澜Lite耳机,低延迟耳机,声澜,Lite,,B2025-774,false,false,97,full,,Level 1,limited,南京消费品检测院,pass,true,true,,true,,样机经检测符合标准 关键部件状态正常 可上市流通 包装、铭牌与申报信息一致。,low,PASS,
EA-EAR-00775,train,earphone,律动Pods X耳机,运动佩戴耳机,律动,Pods X,,B2026-775,false,false,100,partial,,Level 1,compliant,杭州电子检测站,pass,true,true,,true,,检测报告显示整机功能正常 各项安全与稳定性测试合格 可正常销售 证书、批次和能效资料完整。,low,PASS,
EA-EAR-00776,train,earphone,律动Max耳机,低延迟耳机,律动,Max,,B2025-776,false,false,100,full,,Level 1,compliant,南京消费品检测院,fail,true,true,,false,,关键功能测试失败，复测仍异常，不满足流通要求。,high,FAIL,
EA-EAR-00777,train,earphone,静听Go耳机,运动佩戴耳机,静听,Go,,B2026-777,false,false,98,partial,,Level 2,compliant,东莞质量评估站,conditional_pass,true,true,,true,,翻新记录已声明 样机功能正常 建议带翻新标识销售并人工复核详情 封签或包装存在重新整理迹象。,medium,REVIEW,
EA-EAR-00778,train,earphone,云声Pods X耳机,低延迟耳机,云声,Pods X,,B2025-778,false,false,97,full,,Level 2,unknown,北京电子产品检测所,conditional_pass,true,true,,true,,检测完成，建议复核。,medium,REVIEW,
EA-EAR-00779,train,earphone,声澜Air耳机,低延迟耳机,声澜,Air,,B2026-779,false,false,89,partial,,Level 1,compliant,上海质量检测院,pass,true,true,,true,,抽检结果为合格 性能 输出和绝缘测试均符合要求 证书、批次和能效资料完整。 Result: pass under normal operating conditions.,low,PASS,
EA-EAR-00780,train,earphone,音幕Max耳机,二手降噪蓝牙耳机,音幕,Max,,B2025-780,true,false,88,full,,Level 1,compliant,上海质量检测院,conditional_pass,true,true,A,true,true,基础检测通过 但报告内容较简略 建议复核附件与证书映射关系,medium,REVIEW,
EA-EAR-00781,train,earphone,音幕Max耳机,官方翻新降噪蓝牙耳机,音幕,Max,,B2026-781,false,true,86,partial,,Level 1,limited,上海质量检测院,conditional_pass,true,true,B,true,true,包装封签存在重新整理痕迹 样机主要功能正常 建议人工抽检,medium,REVIEW,
EA-EAR-00782,train,earphone,律动Pro2耳机,长续航耳机,律动,Pro2,,B2025-782,false,false,94,full,,Level 2,limited,苏州声学检测中心,pass,true,true,,true,,实验室记录显示设备在标准工况下工作稳定 未发现异常告警 包装、铭牌与申报信息一致。,low,PASS,
EA-EAR-00783,train,earphone,云声Pro2耳机,低延迟耳机,云声,Pro2,,B2026-783,false,false,91,full,,Level 1,compliant,成都电子检测中心,conditional_pass,true,true,,true,,功能测试可用 外观存在轻微磨损 建议人工确认页面说明与成色描述 封签或包装存在重新整理迹象。,medium,REVIEW,
EA-EAR-00784,train,earphone,律动Lite耳机,原装包装耳机,律动,Lite,,B2025-784,false,false,99,full,,Level 1,limited,杭州电子检测站,pass,true,true,,true,,样机经检测符合标准 关键部件状态正常 可上市流通,low,PASS,
EA-EAR-00785,train,earphone,云声Lite耳机,低延迟耳机,云声,Lite,,B2026-785,false,false,91,partial,,Level 1,compliant,广州电子检验所,conditional_pass,true,true,,true,,功能测试可用 外观存在轻微磨损 建议人工确认页面说明与成色描述 个别备注项需人工判断是否影响销售结论。 备注：包装文字与申报信息需人工核对。,medium,REVIEW,
EA-EAR-00786,train,earphone,律动Go耳机,原装包装耳机,律动,Go,,B2025-786,false,false,96,partial,,Level 2,limited,南京消费品检测院,pass,true,true,,true,,连续运行测试通过 结构完好 未见异常发热和风险点 包装、铭牌与申报信息一致。,low,PASS,
EA-EAR-00787,train,earphone,静听Pods X耳机,运动佩戴耳机,静听,Pods X,,B2026-787,false,false,66,full,,Level 2,limited,东莞质量评估站,fail,false,false,,true,,设备身份信息无法核验 且存在异常发热记录 不应上架,high,FAIL,battery_safety_concern
EA-EAR-00788,train,earphone,音幕Pods X耳机,原装包装耳机,音幕,Pods X,,B2025-788,false,false,96,partial,,Level 2,compliant,成都电子检测中心,pass,true,true,,true,,检测报告显示整机功能正常 各项安全与稳定性测试合格 可正常销售,low,PASS,
EA-EAR-00789,train,earphone,云声Max耳机,原装包装耳机,云声,Max,,B2026-789,false,false,94,partial,,Level 1,limited,东莞质量评估站,pass,true,true,,true,,样机经检测符合标准 关键部件状态正常 可上市流通 连续运行24小时未发现掉线、死机或输出波动。,low,PASS,
EA-EAR-00790,train,earphone,云声Pro2耳机,降噪蓝牙耳机,云声,Pro2,,B2025-790,false,false,92,partial,,Level 2,unknown,北京电子产品检测所,conditional_pass,true,true,,true,,包装封签存在重新整理痕迹 样机主要功能正常 建议人工抽检,medium,REVIEW,
EA-EAR-00791,train,earphone,律动Air耳机,长续航耳,律动,Air,,B2026-791,false,false,99,partial,,Level 2,compliant,深圳质检中心,fail,true,true,,true,,高温或耐压测试未通过 存在安全隐患 应直接拦截,high,FAIL,missing_device_identifier
EA-EAR-00792,train,earphone,静听Pods X耳机,二手长续航耳机,静听,Pods X,,B2025-792,true,false,86,partial,,Level 1,compliant,苏州声学检测中心,conditional_pass,true,true,A,true,true,conditional_pass / medium / earphone,medium,REVIEW,
EA-EAR-00793,train,earphone,声澜Max耳机,官方翻新低延迟耳机,声澜,Max,,B2026-793,false,true,81,full,,Level 2,compliant,深圳质检中心,conditional_pass,true,true,A,true,true,检测意见为有条件合格 需人工确认备注项是否已在商品页披露,medium,REVIEW,
EA-EAR-00794,train,earphone,声澜Pro2耳机,原装包装耳机,声澜,Pro2,,B2025-794,false,false,90,full,,Level 2,compliant,杭州电子检测站,conditional_pass,true,true,,true,,已检测 基本可用 建议人工复核。,medium,REVIEW,
EA-EAR-00795,train,earphone,静听Pro2耳机,降噪蓝牙耳机,静听,Pro2,,B2026-795,false,false,93,partial,,Level 1,compliant,南京消费品检测院,fail,true,true,,true,,报告中标注型号为Max，与申报型号Pro2不一致，存在套证或错报风险。 Model code in report does not match seller declaration.,high,FAIL,report_model_mismatch
EA-EAR-00796,train,earphone,律动Pods X耳机,低延迟耳机,律动,Pods X,,B2025-796,false,false,97,partial,,Level 2,compliant,南京消费品检测院,pass,true,true,,true,,检测报告显示整机功能正常 各项安全与稳定性测试合格 可正常销售,low,PASS,
EA-EAR-00797,train,earphone,律动Lite耳机,运动佩戴耳机,律动,Lite,,B2026-797,false,false,98,full,,Level 2,compliant,上海质量检测院,conditional_pass,true,true,,true,,见附件,medium,REVIEW,
EA-EAR-00798,train,earphone,云声Pro2耳机,二手运动佩戴耳机,云声,Pro2,,B2025-798,true,false,89,partial,,Level 1,compliant,深圳质检中心,conditional_pass,true,true,A,true,true,翻新记录已声明 样机功能正常 建议带翻新标识销售并人 工复核详情 Manual review is recommended before release.,medium,REVIEW,
EA-EAR-00799,train,earphone,静听Max耳机,运动佩戴耳机,静听,Max,,B2026-799,false,false,96,full,,Level 1,limited,成都电子检测中心,fail,true,true,,true,,检测中发现关键安全项未达标 不建议继续销售,high,FAIL,missing_device_identifier
EA-EAR-00800,train,earphone,声澜Pods X耳机,长续航耳机,声澜,Pods X,,B2025-800,false,false,99,partial,,Level 2,limited,成都电子检测中心,conditional_pass,true,true,,true,,已检测 基本可用 建议人工复核。,medium,REVIEW,
EA-EAR-00801,train,earphone,音幕Air耳机,原装包装耳机,音幕,Air,,B2026-801,false,false,90,full,,Level 1,limited,北京电子产品检测所,pass,true,true,,true,,连续运行测试通过 结构完好 未见异常发热和风险点 连续运行24小时未发现掉线、死机或输出波动。,low,PASS,
EA-EAR-00802,train,earphone,静听Pods X耳机,长续航耳机,静听,Pods X,,B2025-802,false,false,92,partial,,Level 2,unknown,北京电子产品检测所,conditional_pass,true,true,,true,,包装封签存在重新整理痕迹 样机主要功能正常 建议人工抽检,medium,REVIEW,
EA-EAR-00803,train,earphone,云声Pro2耳机,运动佩戴耳机,云声,Pro2,,B2026-803,false,false,96,partial,,Level 2,compliant,北京电子产品检测所,conditional_pass,true,true,,true,,翻新记录已声明 样机功能正常 建议带翻新标识销售并人工复核详情 个别备注项需人工判断是否影响销售结论。,medium,REVIEW,
EA-EAR-00804,train,earphone,声澜Max耳机,二手运动佩戴耳机,声澜,Max,,B2025-804,true,false,78,partial,,Level 2,compliant,广州电子检验所,conditional_pass,true,true,B,true,true,检测完成，建议复核。,medium,REVIEW,
EA-EAR-00805,train,earphone,云声Max耳机,原装包装耳机,云声,Max,,B2026-805,false,false,90,full,,Level 1,compliant,外部资料摘录,fail,true,true,,true,,关键功能测试失败 且复测结果仍异常 不满足流通要求,high,FAIL,missing_device_identifier
EA-EAR-00806,train,earphone,声澜Pods X耳机,低延迟耳机,声澜,Pods X,,B2025-806,false,false,90,partial,,Level 2,limited,上海质量检测院,pass,true,true,,true,,连续运行测试通过 结构完好 未见异常发热和风险点 包装、铭牌与申报信息一致。,low,PASS,
EA-EAR-00807,train,earphone,云声Air耳机,低延迟耳机,云声,Air,,B2026-807,false,false,92,full,,Level 1,compliant,成都电子检测中心,pass,true,true,,true,,样机经检测符合标准 关键部件状态正常 可上市流通 证书、批次和能效资料完整。,low,PASS,
EA-EAR-00808,train,earphone,声澜Pro2耳机,长续航耳机,声澜,Pro2,,B2025-808,false,false,99,partial,,Level 1,compliant,东莞质量评估站,pass,true,true,,true,,连续运行测试通過 结构完好 未见异常发热和風险点,low,PASS,
EA-EAR-00809,train,earphone,静听Pro2耳机,长续航耳机，卖家补充资料稍后上传,静听,Pro2,,B2026-809,false,false,91,partial,,Level 1,compliant,苏州声学检测中心,pass,true,true,,true,,连续运行测试通過 结构完好 未见异常发热和风险点 连续运行24小时未发现掉线、死机或输出波动。 Manual review is recommended before release.,low,PASS,
EA-EAR-00810,train,earphone,律动Air耳机,二手原装包装耳机,律动,Air,,B2025-810,true,false,76,partial,,Level 1,compliant,苏州声学检测中心,conditional_pass,true,true,A,true,true,检测意见为有条件合格 需人工确认备注项是否已在商品页披露,medium,REVIEW,
EA-EAR-00811,train,earphone,律动Air耳机,低延迟耳机,律动,Air,,B2026-811,false,false,88,full,,Level 1,compliant,深圳质检中心,pass,true,true,,true,,连续运行测试通过 结构完好 未见异常发热和风险点 证书、批次和能效资料完整。,low,PASS,
EA-EAR-00812,train,earphone,静听Pods X耳机,原装包装耳机,静听,Pods X,,B2025-812,false,false,88,partial,,Level 2,compliant,深圳质检中心,conditional_pass,true,true,,true,,已检测 基本可用 建议人工复核。,medium,REVIEW,
EA-EAR-00813,train,earphone,云声Pods X耳机,运动佩戴耳机,云声,Pods X,,B2026-813,false,false,93,full,,Level 1,limited,南京消费品检测院,fail,true,true,,true,,报告中标注型号与申报型号不一致 存在套证或错报风险,high,FAIL,missing_device_identifier
EA-EAR-00814,train,earphone,静听Go耳机,长续航耳机,静听,Go,,B2025-814,false,false,92,full,,Level 1,compliant,北京电子产品检测所,pass,true,true,,true,,连续运行测试通过 结构完好 未见异常发热和风险点 包装、铭牌与申报信息一致。,low,PASS,
EA-EAR-00815,train,earphone,声澜Lite耳机,降噪蓝牙耳机,声澜,Lite,,B2026-815,false,false,94,partial,,Level 2,limited,广州电子检验所,conditional_pass,true,true,,true,,功能测试可用 外观存在轻微磨损 建议人工确认页面说明与成色描述 个别备注项需人工判断是否影响销售结论。,medium,REVIEW,
EA-EAR-00816,train,earphone,音幕Air耳机,运动佩戴耳机,音幕,Air,,B2025-816,false,false,98,partial,,Level 1,compliant,上海质量检测院,pass,true,true,,true,,实验室记录显示设备在标准工况下工作稳定 未发现异常告警 Model code in report does not match seller declaration.,low,PASS,
EA-EAR-00817,train,earphone,云声Go耳机,原装包装耳机,云声,Go,,B2026-817,false,false,95,full,,Level 2,limited,第三方送检,fail,true,true,,true,,来源证明不足，包装与铭牌信息存在异常，疑似仿冒或未经授权产品。,high,FAIL,suspected_counterfeit
EA-EAR-00818,train,earphone,静听Air耳机,长续航耳机,静听,Air,,B2025-818,false,false,90,full,,Level 2,limited,东莞质量评估站,conditional_pass,true,true,,true,,已检测 基本可用 建议人工复核。,medium,REVIEW,
EA-EAR-00819,train,earphone,声澜Go耳机,运动佩戴,声澜,Go,,B2026-819,false,false,93,full,,Level 2,compliant,苏州声学检测中心,conditional_pass,true,true,,true,,功能测试可用 外观存在轻微磨损 建议人工确认页面说明与成色描述 封签或包装存在重新整理迹象。,medium,REVIEW,
EA-EAR-00820,train,earphone,声澜Go耳机,原装包装耳机,声澜,Go,,B2025-820,false,false,90,full,,Level 2,limited,北京电子产品检测所,pass,true,true,,true,,抽检结果为合格 性能 输出和绝缘测试均符合要求,low,PASS,
EA-EAR-00821,train,earphone,静听Max耳机,长续航耳机,静听,Max,,B2026-821,false,false,96,partial,,Level 2,compliant,广州电子检验所,conditional_pass,true,true,,true,,包 装封签存在重新整理痕迹 样机主要功能正常 建议人工抽检 个别备注项需人工判断是否影响销售结论,medium,REVIEW,
EA-EAR-00822,train,earphone,音幕Go耳机,二手运动佩戴耳机,音幕,Go,,B2025-822,true,false,76,full,,Level 1,compliant,南京消费品检测院,conditional_pass,true,true,A,true,true,功能测试可用 外观存在轻微磨损 建议人工确认页面说明与成色描述,medium,REVIEW,
EA-EAR-00823,train,earphone,云声Pods X耳机,运动佩戴耳机,云声,Pods X,,B2026-823,false,false,91,partial,,Level 2,compliant,上海质量检测院,fail,true,true,,true,,"报告中标注型號为Lite, 与申报型号Pods X不一致, 存在套证或错报風险",high,FAIL,report_model_mismatch
EA-EAR-00824,train,earphone,静听Max耳机,低延迟耳机,静听,Max,,B2025-824,false,false,90,partial,,Level 1,compliant,东莞质量评估站,conditional_pass,true,true,,true,,已检测 基本可用 建议人工复核。,medium,REVIEW,
EA-EAR-00825,train,earphone,律动Pods X耳机,运动佩戴耳机,律动,Pods X,,B2026-825,false,false,88,full,,Level 2,limited,成都电子检测中心,fail,true,true,,false,,关键功能测试失败，复测仍异常，不满足流通要求。,high,FAIL,
EA-EAR-00826,train,earphone,云声Pods X耳机,低延迟耳机,云声,Pods X,,B2025-826,false,false,100,partial,,Level 2,compliant,深圳质检中心,fail,true,true,,true,,设备身份信息无法核验 且存在异常发热记录 不应上架,high,FAIL,missing_device_identifier
EA-EAR-00827,train,earphone,静听Lite耳机,原装包装耳机,静听,Lite,,B2026-827,false,false,91,partial,,Level 1,compliant,苏州声学检测中心,pass,true,true,,true,,抽检结果为合格 性能 输出和绝缘测试均符合要求 证书、批次和能效资料完整。,low,PASS,
EA-EAR-00828,train,earphone,音幕Go耳机,长续航耳机,音幕,Go,,B2025-828,false,false,91,partial,,Level 2,compliant,广州电子检验所,pass,true,true,,true,,抽检结果为合格 性能 输出和绝缘测试均符合要求,low,PASS,
EA-EAR-00829,train,earphone,静听Go耳机,官方翻新原装包装耳机,静听,Go,,B2026-829,false,true,81,full,,Level 2,compliant,杭州电子检测站,conditional_pass,true,true,B,true,true,环境或能效信息不够完整 建议核对补充资料后再放行,medium,REVIEW,
EA-EAR-00830,train,earphone,云声Lite耳机,长续航耳机,云声,Lite,,B2025-830,false,false,92,partial,,Level 2,compliant,南京消费品检测院,fail,true,true,,true,,报告中标注型号为LiteX，与申报型号Lite不一致，存在套证或错报风险。,high,FAIL,report_model_mismatch
EA-EAR-00831,train,earphone,声澜Go耳机,降噪蓝牙耳机,声澜,Go,,B2026-831,false,false,100,full,,Level 2,compliant,上海质量检测院,conditional_pass,true,true,,true,,基础检测通过 但报告内容较简略 建议复核附件与证书映射关系 封签或包装存在重新整理迹象。,medium,REVIEW,
EA-EAR-00832,train,earphone,律动Go耳机,长续航耳机,律动,Go,,B2025-832,false,false,99,full,,Level 2,limited,杭州电子检测站,conditional_pass,true,true,,true,,检测完成，建议复核。,medium,REVIEW,
EA-EAR-00833,train,earphone,云声Max耳机,运动佩戴耳机,云声,Max,,B2026-833,false,false,90,full,,Level 2,compliant,苏州声学检测中心,conditional_pass,true,true,,true,,检测意见为有条件合格 需人工确认备注项是否已在商品页披露 个别备注项需人工判断是否影响销售结论。,medium,REVIEW,
EA-EAR-00834,train,earphone,声澜Air耳机,二手降噪蓝牙耳机,声澜,Air,,B2025-834,true,false,80,partial,,Level 1,limited,苏州声学检测中心,conditional_pass,true,true,B,true,true,翻新记录已声明 样机功能正常 建议带翻新标识销售并人工复核详情,medium,REVIEW,
EA-EAR-00835,train,earphone,静听Pods X耳机,运动佩戴耳机,静听,Pods X,,B2026-835,false,false,94,full,,Level 1,compliant,外部资料摘录,pass,true,true,,true,,实验室记录显示设备在标准工况下工作稳定 未发现异常告警 证书、批次和能效资料完整。,low,PASS,
EA-EAR-00836,train,earphone,云声Pods X耳机,低延迟耳机,云声,Pods X,,B2025-836,false,false,95,full,,Level 1,compliant,杭州电子检测站,pass,true,true,,true,,实验室记录显示设备在标准工况下工作稳定 未发现异常告警,low,PASS,
EA-EAR-00837,train,earphone,音幕Pods X耳机,降噪蓝牙耳机,音幕,Pods X,,B2026-837,false,false,88,partial,,Level 1,compliant,上海质量检测院,fail,true,true,,true,,报告中标注型号为Max，与申报型号Pods X不一致，存在套证或错报风险。,high,FAIL,report_model_mismatch
EA-EAR-00838,train,earphone,音幕Go耳机,低延迟耳机,音幕,Go,,B2025-838,false,false,88,partial,,Level 2,compliant,第三方送检,fail,true,true,,true,,来源证明不足，包装与铭牌信息存在异常，疑似仿冒或未经授权产品。 初次送检摘要写为合格，复核后已修正为不合格。,high,FAIL,suspected_counterfeit
EA-EAR-00839,train,earphone,声澜Max耳机,原装包装耳机,声澜,Max,,B2026-839,false,false,98,partial,,Level 1,compliant,上海质量检测院,fail,true,true,,false,,关键功能测试失败，复测仍异常，不满足流通要求。,high,FAIL,
EA-EAR-00840,train,earphone,云声Lite耳机,卖家宣称全新未拆封，原装包装耳机,云声,Lite,,B2025-840,false,false,100,partial,,Level 2,limited,杭州电子检测站,fail,true,true,,true,,高温或耐压测试未通过 存在安全隐患 应直接拦截,high,FAIL,missing_device_identifier
EA-EAR-00841,train,earphone,律动Lite耳机,降噪蓝牙耳机,律动,Lite,,B2026-841,false,false,97,partial,,Level 2,compliant,东莞质量评估站,fail,true,true,,true,,翻新和维修痕迹明显 但未完整披露整备历史 風险较高,high,FAIL,missing_device_identifier
EA-EAR-00842,train,earphone,静听Max耳机,降噪蓝牙耳机,静听,Max,,B2025-842,false,false,88,full,,Level 2,compliant,外部资料摘录,pass,true,true,,true,,见附件。,low,PASS,
EA-EAR-00843,train,earphone,律动Pro2耳机,长续航耳机,律动,Pro2,,B2026-843,false,false,96,full,,Level 1,compliant,外部资料摘录,pass,true,true,,true,,抽检结果为合格 性能 输出和绝缘测试均符合要求 证书、批次和能效资料完整。,low,PASS,
EA-EAR-00844,train,earphone,律动Air耳机,低延迟耳机,律动,Air,,B2025-844,false,false,92,full,,Level 2,compliant,上海质量检测院,pass,true,true,,true,,见附件。,low,PASS,
EA-EAR-00845,train,earphone,声澜Pro2耳机,低延迟耳机,声澜,Pro2,,B2026-845,false,false,100,partial,,Level 2,compliant,东莞质量评估站,pass,true,true,,true,,样机经检测符合标准 关键部件状态正常 可上市流通 连续运行24小时未发现掉线、死机或输出波动。 备注：包装文字与申报信息需人工核对。,low,PASS,
EA-EAR-00846,train,earphone,律动Go耳机,低延迟耳机,律动,Go,,B2025-846,false,false,96,partial,,Level 2,limited,广州电子检验所,pass,true,true,,true,,连续运行测试通过 结构完好 未见异常发热和风险点 包装、铭牌与申报信息一致。,low,PASS,
EA-EAR-00847,train,earphone,声澜Go耳机,低延迟耳机,声澜,Go,,B2026-847,false,false,96,partial,,Level 1,limited,深圳质检中心,fail,true,true,,true,,设备身份信息无法核验 且存在异常发热记录 不应上架 初次送检摘要写为合格，复核后已修正为不合格。,high,FAIL,missing_device_identifier
EA-EAR-00848,train,earphone,律动Lite耳机,长续航耳机,律动,Lite,,B2025-848,false,false,95,partial,,Level 1,compliant,杭州电子检测站,pass,true,true,,true,,检测报告显示整机功能正常 各项安全与稳定性测试合格 可正常销售,low,PASS,
EA-EAR-00849,train,earphone,云声Pro2耳机,低延迟耳机,云声,Pro2,,B2026-849,false,false,88,partial,,Level 1,compliant,广州电子检验所,pass,true,true,,true,,见附件,low,PASS,
EA-EAR-00850,train,earphone,律动Go耳机,降噪蓝牙耳机,律动,Go,,B2025-850,false,false,99,partial,,Level 1,compliant,深圳质检中心,pass,true,true,,true,,检测报告显示整机功能正常 各项安全与稳定性测试合格 可正常销售 包装、铭牌与申报信息一致  Observed thermal issue during repeated charging cycle.,low,PASS,
EA-EAR-00851,train,earphone,静听Lite耳机,运动佩戴耳机,静听,Lite,,B2026-851,false,false,92,full,,Level 1,compliant,广州电子检验所,pass,true,true,,true,,样机经检测符合标准 关键部件状态正常 可上市流通 证书、批次和能效资料完整。,low,PASS,
EA-EAR-00852,train,earphone,云声Go耳机,二手降噪蓝牙耳机,云声,Go,,B2025-852,true,false,87,partial,,Level 2,compliant,北京电子产品检测所,conditional_pass,true,true,B,true,true,基础检测通过 但报告内容较简略 建议复核附件与证书映射关系,medium,REVIEW,
EA-EAR-00853,train,earphone,音幕Lite耳机,原装包装耳机,音幕,Lite,,B2026-853,false,false,95,partial,,Level 2,compliant,上海质量检测院,fail,true,true,,false,,关键功能测试失败，复测仍异常，不满足流通要求。,high,FAIL,
EA-EAR-00854,train,earphone,静听Go耳机,原装包装耳机,静听,Go,,B2025-854,false,false,92,partial,,Level 2,compliant,成都电子检测中心,pass,true,true,,true,,抽检结果为合格 性能 输出和绝缘测试均符合要求 包装、铭牌与申报信息一致。 备注：包装文字与申报信息需人工核对。,low,PASS,
EA-EAR-00855,train,earphone,声澜Pods X耳机,运动佩戴耳机,声澜,Pods X,,B2026-855,false,false,96,partial,,Level 2,limited,深圳质检中心,fail,true,true,,true,,翻新和维修痕迹明显 但未完整披露整备历史 风险较高,high,FAIL,missing_device_identifier
EA-EAR-00856,train,earphone,云声Lite耳机,运动佩戴耳机,云声,Lite,,B2025-856,false,false,99,full,,Level 2,compliant,苏州声学检测中心,pass,true,true,,true,,实验室记录显示设备在标准工况下工作稳定 未发现异常告警 Model code in report does not match seller declaration.,low,PASS,
EA-EAR-00857,train,earphone,云声Lite耳机,原装包装耳机,云声,Lite,,B2026-857,false,false,95,partial,,Level 1,limited,成都电子检测中心,conditional_pass,true,true,,true,,翻新记录已声明 样机功能正常 建议带翻新标识销售并人工复核详情 个别备注项需人工判断是否影响销售结论。 备注：包装文字与申报信息需人工核对。,medium,REVIEW,
EA-EAR-00858,train,earphone,静听Air耳机,二手长续航耳机,静听,Air,,B2025-858,true,false,78,full,,Level 2,compliant,成都电子检测中心,conditional_pass,true,true,A,true,true,conditional_pass / medium / earphone,medium,REVIEW,
EA-EAR-00859,train,earphone,静听Max耳机,运动佩戴耳机，卖家补充资料稍后上传,静听,Max,,B2026-859,false,false,100,full,,Level 1,compliant,东莞质量评估站,pass,true,true,,true,,实验室记录显示设备在标准工况下工作稳定 未发现异常告警 证书、批次和能效资料完整。,low,PASS,
EA-EAR-00860,train,earphone,云声Lite耳机,原装包装耳机,云声,Lite,,B2025-860,false,false,100,partial,,Level 1,compliant,南京消费品检测院,pass,true,true,,true,,连续运行测试通过 结构完好 未见异常发热和风险点,low,PASS,
EA-EAR-00861,train,earphone,音幕Max耳机,低延迟耳机,音幕,Max,,B2026-861,false,false,95,full,,Level 2,limited,东莞质量评估站,pass,true,true,,true,,抽检结果为合格 性能 输出和绝缘测试均符合要求 连续运行24小时未发现掉线、死机或输出波动。,low,PASS,
EA-EAR-00862,train,earphone,律动Go耳机,降噪蓝牙耳机,律动,Go,,B2025-862,false,false,99,full,,Level 2,compliant,南京消费品检测院,pass,true,true,,true,,实验室记录显示设备在标准工况下工作稳定 未发现异常告警 包装、铭牌与申报信息一致。,low,PASS,
EA-EAR-00863,train,earphone,音幕Pods X耳机,长续航耳,音幕,Pods X,,B2026-863,false,false,88,full,,Level 1,compliant,广州电子检验所,conditional_pass,true,true,,true,,功能测试可用 外观存在轻微磨损 建议人工确认页面说明与成色描述 个别备注项需人工判断是否影响销售结论。,medium,REVIEW,
EA-EAR-00864,train,earphone,静听Lite耳机,原装包装耳机,静听,Lite,,B2025-864,false,false,98,partial,,Level 1,limited,北京电子产品检测所,pass,true,true,,true,,抽检结果为合格 性能 输出和绝缘测试均符合要求,low,PASS,
EA-EAR-00865,train,earphone,律动Air耳机,官方翻新运动佩戴耳机,律动,Air,,B2026-865,false,true,88,full,,Level 1,compliant,杭州电子检测站,conditional_pass,true,true,A,true,true,翻新记录已声明 样机功能正常 建议带翻新标识销售并人工复核详情,medium,REVIEW,
EA-EAR-00866,train,earphone,声澜Air耳机,低延迟耳机,声澜,Air,,B2025-866,false,false,92,partial,,Level 1,compliant,广州电子检验所,fail,true,true,,true,,来源证明不足，包装与铭牌信息存在异常，疑似仿冒或未经授权产品。,high,FAIL,suspected_counterfeit
EA-EAR-00867,train,earphone,音幕Lite耳机,降噪蓝牙耳机,音幕,Lite,,B2026-867,false,false,95,partial,,Level 2,compliant,上海质量检测院,conditional_pass,true,true,,true,,基础检测通过 但报告内容较简略 建议复核附件与证书映射关系 封签或包装存在重新整理迹象。 备注：包装文字与申报信息需人工核对。,medium,REVIEW,
EA-EAR-00868,train,earphone,声澜Lite耳机,运动佩戴耳机,声澜,Lite,,B2025-868,false,false,92,full,,Level 2,unknown,深圳质检中心,conditional_pass,true,true,,true,,包装封签存在重新整理痕迹 样机主要功能正常 建议人工抽检,medium,REVIEW,
EA-EAR-00869,train,earphone,静听Go耳机,低延迟耳机,静听,Go,,B2026-869,false,false,95,partial,,Level 1,compliant,杭州电子检测站,conditional_pass,true,true,,true,,检测意见为有条件合格 需人工确认备注项是否已在商品页披露 个别备注项需人工判断是否影响销售结论。,medium,REVIEW,
EA-EAR-00870,train,earphone,云声Lite耳机,二手运动佩戴耳机,云声,Lite,,B2025-870,true,false,81,partial,,Level 1,compliant,杭州电子检测站,conditional_pass,true,true,B,true,true,功能测试可用 外观存在轻微磨损 建 议人工确认页面说明与成色描述 Model code in report does not match seller declaration.,medium,REVIEW,
EA-EAR-00871,train,earphone,静听Air耳机,长续航耳机,静听,Air,,B2026-871,false,false,60,partial,,Level 2,compliant,广州电子检验所,fail,false,false,,true,,报告中标注型号与申报型号不一致 存在套证或错报风险,high,FAIL,battery_safety_concern
EA-EAR-00872,train,earphone,静听Go耳机,原装包装耳机,静听,Go,,B2025-872,false,false,93,full,,Level 1,compliant,上海质量检测院,pass,true,true,,true,,检测报告显示整机功能正常 各项安全与稳定性测试合格 可正常销售,low,PASS,
EA-EAR-00873,train,earphone,静听Lite耳机,原装包装耳机,静听,Lite,,B2026-873,false,false,96,full,,Level 1,compliant,深圳质检中心,pass,true,true,,true,,抽检结果为合格 性能 输出和绝缘测试均符合要求 连续运行24小时未发现掉线、死机或输出波动。,low,PASS,
EA-EAR-00874,train,earphone,音幕Go耳机,长续航耳机,音幕,Go,,B2025-874,false,false,94,partial,,Level 2,compliant,苏州声学检测中心,fail,true,true,,false,,关键功能测试失败，复测仍异常，不满足流通要求。,high,FAIL,
EA-EAR-00875,train,earphone,律动Pro2耳机,原装包装耳机,律动,Pro2,,B2026-875,false,false,88,full,,Level 1,compliant,苏州声学检测中心,fail,true,true,,true,,检测中发现关键安全项未达标 不建 议继续销售,high,FAIL,missing_device_identifier
EA-EAR-00876,train,earphone,声澜Lite耳机,运动佩戴耳机,声澜,Lite,,B2025-876,false,false,96,full,,Level 1,limited,东莞质量评估站,pass,true,true,,true,,样机经检測符合标准 关键部件状态正常 可上市流通,low,PASS,
EA-EAR-00877,train,earphone,声澜Go耳机,运动佩戴耳机,声澜,Go,,B2026-877,false,true,88,full,,Level 2,limited,东莞质量评估站,fail,true,true,B,true,false,高温或耐压测试未通过 存在安全隐患 应直接拦截,high,FAIL,undisclosed_refurbished_status
EA-EAR-00878,train,earphone,静听Pro2耳机,长续航耳机,静听,Pro2,,B2025-878,false,false,90,full,,Level 2,limited,成都电子检测中心,conditional_pass,true,true,,true,,已检测 基本可用 建议人工复核。,medium,REVIEW,
EA-EAR-00879,train,earphone,音幕Go耳机,降噪蓝牙耳机,音幕,Go,,B2026-879,false,false,94,partial,,Level 1,compliant,广州电子检验所,fail,true,true,,true,,报告中标注型号为Air，与申报型号Go不一致，存在套证或错报风险。 初次送检摘要写为合格，复核后已修正为不合格。,high,FAIL,report_model_mismatch
EA-EAR-00880,train,earphone,音幕Max耳机,降噪蓝牙耳机,音幕,Max,,B2025-880,false,false,93,partial,,Level 3,unknown,南京消费品检测院,conditional_pass,true,true,,true,,功能测试可用 外观存在轻微磨损 建议人工确认页面说明与成色描述,medium,REVIEW,
EA-EAR-00881,train,earphone,音幕Pro2耳机,低延迟耳机,音幕,Pro2,,B2026-881,false,false,99,partial,,Level 1,limited,杭州电子检测站,pass,true,true,,true,,见附件。,low,PASS,
EA-EAR-00882,train,earphone,音幕Pods X耳机,长续航耳机,音幕,Pods X,,B2025-882,false,false,99,full,,Level 2,compliant,杭州电子检测站,fail,true,true,,true,,来源证明不足 外包装与铭牌信息异常 疑似仿冒或未经授权产品,high,FAIL,missing_device_identifier
EA-EAR-00883,train,earphone,律动Pods X耳机,官方翻新低延迟耳机,律动,Pods X,,B2026-883,false,true,87,full,,Level 2,limited,东莞质量评估站,conditional_pass,true,true,B,true,true,翻新记录已声明 样机功能正常 建议带翻新标识销售并人工复核详情,medium,REVIEW,
EA-EAR-00884,train,earphone,声澜Max耳机,降噪蓝牙耳机,声澜,Max,,B2025-884,false,false,94,partial,,Level 2,compliant,广州电子检验所,conditional_pass,true,true,,true,,已检测 基本可用 建议人工复核。,medium,REVIEW,
EA-EAR-00885,train,earphone,静听Go耳机,低延迟耳机,静听,Go,,B2026-885,false,false,100,full,,Level 2,compliant,南京消费品检测院,pass,true,true,,true,,连续运行测试通过 结构完好 未见异常发热和风险点 连续运行24小时未发现掉线、死机或输出波动。,low,PASS,
EA-EAR-00886,train,earphone,静听Pro2耳机,长续航耳机,静听,Pro2,,B2025-886,false,false,96,full,,Level 2,limited,深圳质检中心,conditional_pass,true,true,,true,,检测意见为有条件合格 需人工确认备注项是否已在商品页披露,medium,REVIEW,
EA-EAR-00887,train,earphone,声澜Max耳机,长续航耳机,声澜,Max,,B2026-887,false,false,99,full,,Level 2,compliant,苏州声学检测中心,fail,true,true,,true,,"来源证明不足, 包 装与铭牌信息存在异常, 疑似仿冒或未经授权产品",high,FAIL,suspected_counterfeit
EA-EAR-00888,train,earphone,音幕Go耳机,低延迟耳机,音幕,Go,,B2025-888,false,false,99,full,,Level 2,compliant,外部资料摘录,fail,true,true,,false,,关键功能测试失败，复测仍异常，不满足流通要求。,high,FAIL,
EA-EAR-00889,val,earphone,声澜Air耳机,运动佩戴耳机,声澜,Air,,B2026-889,false,false,93,full,,Level 2,limited,上海质量检测院,fail,true,true,,true,,翻新和维修痕迹明显 但未完整披露整备历史 風险较高,high,FAIL,missing_device_identifier
EA-EAR-00890,val,earphone,律动Lite耳机,运动佩戴耳机,律动,Lite,,B2025-890,false,false,96,partial,,Level 1,compliant,成都电子检测中心,pass,true,true,,true,,样机经检测符合标准 关键部件状态正常 可上市流通 包装、铭牌与申报信息一致。,low,PASS,
EA-EAR-00891,val,earphone,音幕Lite耳机,降噪蓝牙耳机,音幕,Lite,,B2026-891,false,false,91,partial,,Level 1,compliant,北京电子产品检测所,pass,true,true,,true,,样机经检测符合标准 关键部件状态正常 可上市流通 证书、批次和能效资料完整。 备注：包装文字与申报信息需人工核对。,low,PASS,
EA-EAR-00892,val,earphone,音幕Max耳机,运动佩戴耳机,音幕,Max,,B2025-892,false,false,57,full,,Level 2,compliant,苏州声学检测中心,fail,false,false,,true,,检测中发现关键安全项未达标 不建议继续销售,high,FAIL,battery_safety_concern
EA-EAR-00893,val,earphone,云声Lite耳机,降噪蓝牙耳机,云声,Lite,,B2026-893,false,false,88,partial,,Level 2,compliant,南京消费品检测院,conditional_pass,true,true,,true,,环境或能效信息不够完整 建议核对补充资料后再放行 个别备注项需人工判断是否影响销售结论  Result: pass under normal operating conditions.,medium,REVIEW,
EA-EAR-00894,val,earphone,音幕Air耳机,原装包装耳机,音幕,Air,,B2025-894,false,false,95,partial,,Level 1,compliant,上海质量检测院,fail,true,true,,true,,来源证明不足，包装与铭牌信息存在异常，疑似仿冒或未经授权产品。,high,FAIL,suspected_counterfeit
EA-EAR-00895,val,earphone,律动Air耳机,原装包装耳机,律动,Air,,B2026-895,false,false,99,partial,,Level 1,compliant,杭州电子检测站,pass,true,true,,true,,检测报告显示整机功能正常 各项安全与稳定性测试合格 可正常销售 证书、批次和能效资料完整。,low,PASS,
EA-EAR-00896,val,earphone,音幕Go耳机,运动佩戴耳机,音幕,Go,,B2025-896,false,false,95,full,,Level 2,limited,成都电子检测中心,fail,true,true,,true,,关键功能测试失败 且复测结果仍异常 不满足流通要求,high,FAIL,missing_device_identifier
EA-EAR-00897,val,earphone,律动Pro2耳机,降噪蓝牙耳机,律动,Pro2,,B2026-897,false,false,98,partial,,Level 2,limited,成都电子检测中心,fail,true,true,,true,,报告中标注型號与申报型号不一致 存在套证或错报风险,high,FAIL,missing_device_identifier
EA-EAR-00898,val,earphone,声澜Lite耳机,低延迟耳机,声澜,Lite,,B2025-898,false,true,100,partial,,Level 1,limited,北京电子产品检测所,fail,true,true,B,true,false,翻新和维修痕迹明显 但未完整披露整备历史 风险较高,high,FAIL,undisclosed_refurbished_status
EA-EAR-00899,val,earphone,律动Pro2耳机,降噪蓝牙耳机,律动,Pro2,,B2026-899,false,false,95,full,,Level 1,compliant,广州电子检验所,pass,true,true,,true,,样机经检測符合标准 关键部件状态正常 可上市流通 证书、批次和能效资料完整,low,PASS,
EA-EAR-00900,val,earphone,云声Max耳机,原装包装耳机,云声,Max,,B2025-900,false,false,97,full,,Level 1,compliant,南京消费品检测院,fail,true,true,,true,,报告中标注型号为MaxX，与申报型号Max不一致，存在套证或错报风险。,high,FAIL,report_model_mismatch
EA-EAR-00901,val,earphone,音幕Pods X耳机,运动佩戴耳机,音幕,Pods X,,B2026-901,false,false,98,partial,,Level 2,compliant,成都电子检测中心,pass,true,true,,true,,抽检结果为合格 性能 输出和绝缘测试均符合要求 连续运行24小时未发现掉线、死机或输出波动。,low,PASS,
EA-EAR-00902,val,earphone,律动Air耳机,降噪蓝牙耳机,律动,Air,,B2025-902,false,false,98,full,,Level 2,limited,东莞质量评估站,pass,true,true,,true,,抽检结果为合格 性能 输出和绝缘测试均符合要求 包装、铭牌与申报信息一致。,low,PASS,
EA-EAR-00903,val,earphone,律动Go耳机,运动佩戴耳机,律动,Go,,B2026-903,false,false,89,partial,,Level 1,compliant,广州电子检验所,conditional_pass,true,true,,true,,基础检测通过 但报告内容较简略 建议复核附件与证书映射关系 封签或包装存在重新整理迹象。,medium,REVIEW,
EA-EAR-00904,val,earphone,静听Lite耳机,运动佩戴,静听,Lite,,B2025-904,false,false,89,full,,Level 2,unknown,杭州电子检测站,conditional_pass,true,true,,true,,翻新记录已声明 样机功能正常 建议带翻新标识销售并人工复核详情,medium,REVIEW,
EA-EAR-00905,val,earphone,律动Pods X耳机,低延迟耳机,律动,Pods X,,B2026-905,false,false,96,partial,,Level 1,limited,平台复核,conditional_pass,true,true,,true,,功能测试可用 外观存在轻微磨损 建议人工确认页面说明与成色描述 个别备注项需人工判断是否影响销售结论。,medium,REVIEW,
EA-EAR-00906,val,earphone,静听Air耳机,二手原装包装耳机,静听,Air,,B2025-906,true,false,78,full,,Level 1,compliant,杭州电子检测站,conditional_pass,true,true,A,true,true,conditional_pass / medium / earphone,medium,REVIEW,
EA-EAR-00907,val,earphone,云声Go耳机,低延迟耳机,云声,Go,,B2026-907,false,false,96,partial,,Level 2,compliant,上海质量检测院,fail,true,true,,true,,"报告中标注型号为Pro2, 与申报型号Go不一致, 存在套证或错报風险  Model code in report does not match seller declaration.",high,FAIL,report_model_mismatch
EA-EAR-00908,val,earphone,云声Pods X耳机,低延迟耳机,云声,Pods X,,B2025-908,false,false,89,full,,Level 1,limited,杭州电子检测站,fail,true,true,,true,,来源证明不足，包装与铭牌信息存在异常，疑似仿冒或未经授权产品。,high,FAIL,suspected_counterfeit
EA-EAR-00909,val,earphone,律动Pods X耳机,低延迟耳机,律动,Pods X,,B2026-909,false,false,94,full,,Level 1,compliant,上海质量检测院,pass,true,true,,true,,抽检结果为合格 性能 输出和绝缘测试均符合要求 连续运行24小时未发现掉线、死机或输出波动。,low,PASS,
EA-EAR-00910,val,earphone,律动Air耳机,运动佩戴耳机,律动,Air,,B2025-910,false,false,97,partial,,Level 2,limited,杭州电子检测站,conditional_pass,true,true,,true,,环境或能效信息不够完整 建议核对补充资料后再放行,medium,REVIEW,
EA-EAR-00911,val,earphone,律动Max耳机,原装包装耳机,律动,Max,,B2026-911,false,false,94,full,,Level 1,compliant,苏州声学检测中心,conditional_pass,true,true,,true,,功能测试可用 外观存在轻微磨损 建议人工确认页面说明与成色描述 个别备注项需人工判断是否影响销售结论。,medium,REVIEW,
EA-EAR-00912,val,earphone,云声Air耳机,二手低延迟耳机,云声,Air,,B2025-912,true,false,77,full,,Level 2,limited,北京电子产品检测所,conditional_pass,true,true,B,true,true,基础检测通过 但报告内容较简略 建 议复核附件与证书映射关系,medium,REVIEW,
EA-EAR-00913,val,earphone,声澜Pro2耳机,官方翻新降噪蓝牙耳机,声澜,Pro2,,B2026-913,false,true,86,full,,Level 2,limited,深圳质检中心,conditional_pass,true,true,B,true,true,翻新记录已声明 样机功能正常 建议带翻新标识销售并人工复核详情,medium,REVIEW,
EA-EAR-00914,val,earphone,静听Lite耳机,原装包装耳机,静听,Lite,,B2025-914,false,false,88,full,,Level 2,compliant,成都电子检测中心,pass,true,true,,true,,样机经检测符合标准 关键部件状态正常 可上市流通 包装、铭牌与申报信息一致。,low,PASS,
EA-EAR-00915,val,earphone,云声Air耳机,降噪蓝牙耳机,云声,Air,,B2026-915,false,false,100,partial,,Level 1,compliant,杭州电子检测站,pass,true,true,,true,,样机经检测符合标准 关键部件状态正常 可上市流通 证书、批次和能效资料完整。,low,PASS,
EA-EAR-00916,val,earphone,云声Max耳机,运动佩戴耳机,云声,Max,,B2025-916,false,false,94,partial,,Level 1,compliant,南京消费品检测院,fail,true,true,,false,,关键功能测试失败，复测仍异常，不满足流通要求。,high,FAIL,
EA-EAR-00917,val,earphone,静听Pods X耳机,原装包装耳机,静听,Pods X,,B2026-917,false,false,91,full,,Level 2,compliant,苏州声学检测中心,conditional_pass,true,true,,true,,翻新记录已声明 样机功能正常 建议带翻新标识销售并人工复核详情 个别备注项需人工判断是否影响销售结论。,medium,REVIEW,
EA-EAR-00918,val,earphone,声澜Air耳机,运动佩戴耳机,声澜,Air,,B2025-918,false,false,98,partial,,Level 2,compliant,广州电子检验所,fail,true,true,,true,,报告中标注型号与申报型号不一致 存在套证或错报风险,high,FAIL,missing_device_identifier
EA-EAR-00919,val,earphone,云声Go耳机,官方翻新长续航耳机,云声,Go,,B2026-919,false,true,91,full,,Level 1,compliant,北京电子产品检测所,conditional_pass,true,true,A,true,true,基础检测通过 但报告内容较简略 建议复核附件与证书映射关系,medium,REVIEW,
EA-EAR-00920,val,earphone,律动Pods X耳机,运动佩戴耳机,律动,Pods X,,B2025-920,false,false,88,full,,Level 2,compliant,北京电子产品检测所,pass,true,true,,true,,pass / low / earphone,low,PASS,
EA-EAR-00921,val,earphone,音幕Air耳机,运动佩戴耳机,音幕,Air,,B2026-921,false,false,94,partial,,Level 1,compliant,上海质量检测院,conditional_pass,true,true,,true,,翻新记录已声明 样机功能正常 建议带翻新标识销售并人工复核详情 封签或包装存在重新整理迹象。,medium,REVIEW,
EA-EAR-00922,val,earphone,声澜Max耳机,降噪蓝牙耳机,声澜,Max,,B2025-922,false,false,90,full,,Level 1,compliant,北京电子产品检测所,pass,true,true,,true,,连续运行测试通过 结构完好 未见异常发热和风险点 包装、铭牌与申报信息一致。,low,PASS,
EA-EAR-00923,val,earphone,声澜Pods X耳机,运动佩戴耳机,声澜,Pods X,,B2026-923,false,false,98,partial,,Level 1,limited,深圳质检中心,conditional_pass,true,true,,true,,"翻新记录已声明 样机功能正常 建 议带翻新标识销售并人 工复核详情 个别备注项需人工判断是否影响销售结论  系统初判可流通, 但建议人工再核验",medium,REVIEW,
EA-EAR-00924,val,earphone,音幕Pods X耳机,原装包装,音幕,Pods X,,B2025-924,false,false,94,partial,,Level 2,compliant,北京电子产品检测所,pass,true,true,,true,,连续运行测试通过 结构完好 未见异常发热和风险点,low,PASS,
EA-EAR-00925,test,earphone,云声Max耳机,降噪蓝牙耳机,云声,Max,,B2026-925,false,false,96,partial,,Level 1,compliant,广州电子检验所,pass,true,true,,true,,连续运行测试通过 结构完好 未见异常发热和风险点 连续运行24小时未发现掉线、死机或输出波动。,low,PASS,
EA-EAR-00926,test,earphone,静听Max耳机,降噪蓝牙耳机,静听,Max,,B2025-926,false,false,96,full,,Level 1,compliant,广州电子检验所,conditional_pass,true,true,,true,,已检测 基本可用 建议人工复核。,medium,REVIEW,
EA-EAR-00927,test,earphone,云声Air耳机,长续航耳机,云声,Air,,B2026-927,false,false,62,full,,Level 1,limited,苏州声学检测中心,fail,false,false,,true,,关键功能测试失败 且复测结果仍异常 不满足流通要求 Model code in report does not match seller declaration.,high,FAIL,battery_safety_concern
EA-EAR-00928,test,earphone,声澜Max耳机,低延迟耳机,声澜,Max,,B2025-928,false,false,94,full,,Level 2,limited,东莞质量评估站,pass,true,true,,true,,抽检结果为合格 性能 输出和绝缘测试均符合要求 备注：包装文字与申报信息需人工核对。,low,PASS,
EA-EAR-00929,test,earphone,声澜Pro2耳机,运动佩戴,声澜,Pro2,,B2026-929,false,false,99,full,,Level 1,compliant,成都电子检测中心,pass,true,true,,true,,抽检结果为合格 性能 输出和绝缘测试均符合要求 连续运行24小时未发现掉线、死机或输出波动。,low,PASS,
EA-EAR-00930,test,earphone,声澜Air耳机,二手低延迟耳机,声澜,Air,,B2025-930,true,false,81,full,,Level 2,compliant,杭州电子检测站,conditional_pass,true,true,A,true,true,检测完成，建议复核。,medium,REVIEW,
EA-EAR-00931,test,earphone,律动Pro2耳机,运动佩戴耳机,律动,Pro2,,B2026-931,false,false,88,full,,Level 2,compliant,杭州电子检测站,fail,true,true,,true,,关键功能测试失败 且复测结果仍异常 不满足流通要求,high,FAIL,missing_device_identifier
EA-EAR-00932,test,earphone,音幕Go耳机,原装包装耳机,音幕,Go,,B2025-932,false,false,98,full,,Level 1,compliant,南京消费品检测院,fail,true,true,,true,,高温或耐压测试未通过 存在安全隐患 应直接拦截,high,FAIL,missing_device_identifier
EA-EAR-00933,test,earphone,音幕Pro2耳机,低延迟耳机,音幕,Pro2,,B2026-933,false,true,96,partial,,Level 2,compliant,上海质量检测院,fail,true,true,C,true,false,高温或耐压测试未通过 存在安全隐患 应直接拦截,high,FAIL,undisclosed_refurbished_status
EA-EAR-00934,test,earphone,声澜Go耳机,低延迟耳机,声澜,Go,,B2025-934,false,false,98,partial,,Level 1,limited,广州电子检验所,pass,true,true,,true,,检测报告显示整机功能正常 各项安全与稳定性测试合格 可正常销售 包装、铭牌与申报信息一致。,low,PASS,
EA-EAR-00935,test,earphone,律动Lite耳机,原装包装耳机,律动,Lite,,B2026-935,false,false,96,partial,,Level 1,compliant,苏州声学检测中心,pass,true,true,,true,,样机经检测符合标准 关键部件状态正常 可上市流通 证书、批次和能效资料完整。,low,PASS,
EA-EAR-00936,test,earphone,律动Air耳机,二手运动佩戴耳机,律动,Air,,B2025-936,true,false,90,full,,Level 1,compliant,成都电子检测中心,conditional_pass,true,true,A,true,true,见附件。,medium,REVIEW,
EA-EAR-00937,test,earphone,云声Lite耳机,官方翻新运动佩戴耳机,云声,Lite,,B2026-937,false,true,80,partial,,Level 2,limited,成都电子检测中心,conditional_pass,true,true,B,true,true,环境或能效信息不够完整 建议核对补充资料后再放行,medium,REVIEW,
EA-EAR-00938,test,earphone,云声Max耳机,低延迟耳机,云声,Max,,B2025-938,false,false,89,partial,,Level 1,compliant,北京电子产品检测所,pass,true,true,,true,,抽检结果为合格 性能 输出和绝缘测试均符合要求 包装、铭牌与申报信息一致。,low,PASS,
EA-EAR-00939,test,earphone,静听Max耳机,运动佩戴耳机,静听,Max,,B2026-939,false,false,89,partial,,Level 1,compliant,广州电子检验所,conditional_pass,true,true,,true,,包装封签存在重新整理痕迹 样机主要功能正常 建议人工抽检 封签或包装存在重新整理迹象。,medium,REVIEW,
EA-EAR-00940,test,earphone,音幕Max耳机,运动佩戴,音幕,Max,,B2025-940,false,false,89,partial,,Level 1,limited,深圳质检中心,pass,true,true,,true,,实验室记录显示设备在标准工况下工作稳定 未发现异常告警,low,PASS,
EA-EAR-00941,test,earphone,云声Go耳机,降噪蓝牙耳机,云声,Go,,B2026-941,false,false,98,full,,Level 1,compliant,深圳质检中心,pass,true,true,,true,,pass / low / earphone,low,PASS,
EA-EAR-00942,test,earphone,音幕Max耳机,运动佩戴耳机,音幕,Max,,B2025-942,false,false,92,full,,Level 2,compliant,广州电子检验所,pass,true,true,,true,,抽检结果为合格 性能 输出和绝缘测试均符合要求 包装、铭牌与申报信息一致。,low,PASS,
EA-EAR-00943,test,earphone,云声Max耳机,官方翻新原装包装耳机,云声,Max,,B2026-943,false,true,91,full,,Level 1,compliant,苏州声学检测中心,conditional_pass,true,true,A,true,true,环境或能效信息不够完整 建 议核对补充资料后再放行 备注：包装文字与申报信息需人工核对。,medium,REVIEW,
EA-EAR-00944,test,earphone,声澜Max耳机,长续航耳机,声澜,Max,,B2025-944,false,false,98,full,,Level 1,compliant,苏州声学检测中心,pass,true,true,,true,,检测报告显示整机功能正常 各项安全与稳定性测试合格 可正常销售,low,PASS,
EA-EAR-00945,test,earphone,静听Pods X耳机,原装包装耳机,静听,Pods X,,B2026-945,false,false,100,partial,,Level 1,compliant,东莞质量评估站,conditional_pass,true,true,,true,,包装封签存在重新整理痕迹 样机主要功能正常 建 议人工抽检 封签或包装存在重新整理迹象。,medium,REVIEW,
EA-EAR-00946,test,earphone,静听Pro2耳机,原装包装耳机，卖家补充资料稍后上传,静听,Pro2,,B2025-946,false,false,92,full,,Level 1,limited,广州电子检验所,pass,true,true,,true,,连续运行测试通過 结构完好 未见异常发热和风险点 包装、铭牌与申报信息一致  Manual review is recommended before release.,low,PASS,
EA-EAR-00947,test,earphone,音幕Pods X耳机,运动佩戴耳机,音幕,Pods X,,B2026-947,false,true,88,partial,,Level 1,compliant,成都电子检测中心,fail,true,true,C,true,false,检测中发现关键安全项未达标 不建议继续销售,high,FAIL,undisclosed_refurbished_status
EA-EAR-00948,test,earphone,静听Air耳机,二手长续航耳机,静听,Air,,B2025-948,true,false,82,partial,,Level 1,compliant,杭州电子检测站,conditional_pass,true,true,A,true,true,环境或能效信息不够完整 建议核对补充资料后再放行,medium,REVIEW,
EA-EAR-00949,test,earphone,云声Pods X耳机,长续航耳机,云声,Pods X,,B2026-949,false,false,91,partial,,Level 2,compliant,苏州声学检测中心,fail,true,true,,true,,报告中标注型号为Lite，与申报型号Pods X不一致，存在套证或错报风险。,high,FAIL,report_model_mismatch
EA-EAR-00950,test,earphone,律动Lite耳机,降噪蓝牙耳机,律动,Lite,,B2025-950,false,false,91,partial,,Level 1,compliant,成都电子检测中心,fail,true,true,,true,,来源证明不足，包装与铭牌信息存在异常，疑似仿冒或未经授权产品。,high,FAIL,suspected_counterfeit
EA-EAR-00951,test,earphone,音幕Air耳机,长续航耳机,音幕,Air,,B2026-951,false,false,94,full,,Level 2,compliant,南京消费品检测院,fail,true,true,,false,,关键功能测试失败，复测仍异常，不满足流通要求。,high,FAIL,
EA-EAR-00952,test,earphone,云声Pro2耳机,运动佩戴耳机,云声,Pro2,,B2025-952,false,false,100,full,,Level 3,limited,深圳质检中心,conditional_pass,true,true,,true,,基础检测通过 但报告内容较简略 建 议复核附件与证书映射关系,medium,REVIEW,
EA-EAR-00953,test,earphone,律动Pods X耳机,长续航耳机,律动,Pods X,,B2026-953,false,false,97,partial,,Level 1,compliant,成都电子检测中心,pass,true,true,,true,,抽检结果为合格 性能 输出和绝缘测试均符合要求 连续运行24小时未发现掉线、死机或输出波动。,low,PASS,
EA-EAR-00954,test,earphone,静听Pods X耳机,运动佩戴耳机,静听,Pods X,,B2025-954,false,true,95,partial,,Level 1,limited,杭州电子检测站,fail,true,true,C,true,false,翻新和维修痕迹明显 但未完整披露整备历史 风险较高,high,FAIL,undisclosed_refurbished_status
EA-EAR-00955,test,earphone,音幕Max耳机,原装包装耳机,音幕,Max,,B2026-955,false,false,69,partial,,Level 1,limited,杭州电子检测站,fail,false,false,,true,,高温或耐压测试未通过 存在安全隐患 应直接拦截,high,FAIL,battery_safety_concern
EA-EAR-00956,test,earphone,律动Go耳机,低延迟耳机,律动,Go,,B2025-956,false,false,98,partial,,Level 2,limited,东莞质量评估站,fail,true,true,,true,,报告中标注型号为GoX，与申报型号Go不一致，存在套证或错报风险。,high,FAIL,report_model_mismatch
EA-EAR-00957,test,earphone,声澜Air耳机,运动佩戴耳机,声澜,Air,,B2026-957,false,false,88,partial,,Level 1,compliant,上海质量检测院,conditional_pass,true,true,,true,,功能测试可用 外观存在轻微磨损 建议人工确认页面说明与成色描述 封签或包装存在重新整理迹象。,medium,REVIEW,
EA-EAR-00958,test,earphone,律动Max耳机,低延迟耳,律动,Max,,B2025-958,false,false,100,partial,,Level 3,limited,成都电子检测中心,conditional_pass,true,true,,true,,翻新记录已声明 样机功能正常 建 议带翻新标识销售并人 工复核详情 Manual review is recommended before release.,medium,REVIEW,
EA-EAR-00959,test,earphone,律动Pods X耳机,运动佩戴耳机,律动,Pods X,,B2026-959,false,false,92,full,,Level 1,compliant,上海质量检测院,pass,true,true,,true,,检测报告显示整机功能正常 各项安全与稳定性测试合格 可正常销售 证书、批次和能效资料完整。,low,PASS,
EA-EAR-00960,test,earphone,律动Go耳机,二手原装包装耳机,律动,Go,,B2025-960,true,false,76,partial,,Level 2,compliant,上海质量检测院,conditional_pass,true,true,A,true,true,基础检测通过 但报告内容较简略 建议复核附件与证书映射关系 系统初判可流通，但建议人工再核验。,medium,REVIEW,
EA-CHA-00961,train,charger,稳电FC65充电器,多协议兼容充电器,稳电,FC65,,B2026-961,false,false,,full,CCC-CH-00961,Level 2,compliant,东莞质量评估站,pass,,true,,true,,样机经检测符合标准 关键部件状态正常 可上市流通 连续运行24小时未发现掉线、死机或输出波动。,low,PASS,
EA-CHA-00962,train,charger,能核C20充电器,高功率输出充电器,能核,C20,,B2025-962,false,false,,partial,CCC-CH-00962,Level 1,compliant,深圳质检中心,conditional_pass,,true,,true,,已检测 基本可用 建议人工复核。,medium,REVIEW,
EA-CHA-00963,train,charger,随配Mini 33充电器,多协议兼容充电器,随配,Mini 33,,B2026-963,false,false,,partial,CCC-CH-00963,Level 1,compliant,成都电子检测中心,pass,,true,,true,,实验室记录显示设备在标准工况下工作稳定 未发现异常告警 证书、批次和能效资料完整。,low,PASS,
EA-CHA-00964,train,charger,能核GaN 100充电器,多协议兼容充电器,能核,GaN 100,,B2025-964,false,false,,full,CCC-CH-00964,Level 1,compliant,广州电子检验所,fail,,true,,true,,来源证明不足，包装与铭牌信息存在异常，疑似仿冒或未经授权产品。,high,FAIL,suspected_counterfeit
EA-CHA-00965,train,charger,闪擎Fast 67充电器,便携小巧充电器,闪擎,Fast 67,,B2026-965,false,false,,partial,CCC-CH-00965,Level 2,compliant,杭州电子检测站,pass,,true,,true,,检测完成，建议复核。,low,PASS,
EA-CHA-00966,train,charger,稳电FC65充电器,二手便携小巧充电器,稳电,FC65,,B2025-966,true,false,,full,CCC-CH-00966,Level 2,limited,杭州电子检测站,conditional_pass,,true,A,true,true,功能测试可用 外观存在轻微磨损 建议人工确认页面说明与成色描述,medium,REVIEW,
EA-CHA-00967,train,charger,闪擎GaN 100充电器,官方翻新多协议兼容充电器,闪擎,GaN 100,,B2026-967,false,true,,partial,CCC-CH-00967,Level 1,compliant,东莞质量评估站,conditional_pass,,true,B,true,true,功能测试可用 外观存在轻微磨损 建议人工确认页面说明与成色描述,medium,REVIEW,
EA-CHA-00968,train,charger,闪擎Mini 33充电器,原装适配充电器,闪擎,Mini 33,,B2025-968,false,false,,full,CCC-CH-00968,Level 2,compliant,第三方送检,conditional_pass,,true,,true,,conditional_pass / medium / charger,medium,REVIEW,
EA-CHA-00969,train,charger,随配Mini 33充电器,原装适配充电器,随配,Mini 33,,B2026-969,false,false,,partial,CCC-CH-00969,Level 2,compliant,深圳质检中心,conditional_pass,,true,,true,,功能测试可用 外观存在轻微磨损 建议人工确认页面说明与成色描述 封签或包装存在重新整理迹象。 系统初判可流通，但建议人工再核验。,medium,REVIEW,
EA-CHA-00970,train,charger,能核Fast 67充电器,多协议兼容充电器,能核,Fast 67,,B2025-970,false,false,,partial,CCC-CH-00970,Level 2,limited,东莞质量评估站,conditional_pass,,true,,true,,环境或能效信息不够完整 建议核对补充资料后再放行,medium,REVIEW,
EA-CHA-00971,train,charger,稳电Mini 33充电器,便携小巧充电器,稳电,Mini 33,,B2026-971,false,false,,partial,CCC-CH-00971,Level 1,compliant,苏州声学检测中心,pass,,true,,true,,样机经检测符合标准 关键部件状态正常 可上市流通 证书、批次和能效资料完整。,low,PASS,
EA-CHA-00972,train,charger,闪擎W45充电器,便携小巧充电器,闪擎,W45,,B2025-972,false,false,,full,CCC-CH-00972,Level 1,compliant,杭州电子检测站,fail,,true,,false,,关键功能测试失败，复测仍异常，不满足流通要求。,high,FAIL,
EA-CHA-00973,train,charger,稳电W45充电器,官方翻新高功率输出充电器,稳电,W45,,B2026-973,false,true,,full,CCC-CH-00973,Level 2,limited,东莞质量评估站,conditional_pass,,true,A,true,true,翻新记录已声明 样机功能正常 建议带翻新标识销售并人工复核详情,medium,REVIEW,
EA-CHA-00974,train,charger,能核GaN 100充电器,氮化镓快充充电器,能核,GaN 100,,B2025-974,false,false,,full,CCC-CH-00974,Level 1,compliant,深圳质检中心,conditional_pass,,true,,true,,已检测 基本可用 建议人工复核。,medium,REVIEW,
EA-CHA-00975,train,charger,稳电Fast 67充电器,氮化镓快充充电器,稳电,Fast 67,,B2026-975,false,true,,partial,CCC-CH-00975,Level 2,limited,苏州声学检测中心,fail,,true,C,true,false,翻新和维修痕迹明显 但未完整披露整备历史 風险较高,high,FAIL,undisclosed_refurbished_status
EA-CHA-00976,train,charger,随配C20充电器,便携小巧充电器,随配,C20,,B2025-976,false,false,,partial,CCC-CH-00976,Level 2,compliant,深圳质检中心,pass,,true,,true,,抽检结果为合格 性能 输出和绝缘测试均符合要求 Model code in report does not match seller declaration.,low,PASS,
EA-CHA-00977,train,charger,闪擎FC65充电器,便携小巧充电器,闪擎,FC65,,B2026-977,false,false,,full,CCC-CH-00977,Level 2,limited,苏州声学检测中心,pass,,true,,true,,见附件。,low,PASS,
EA-CHA-00978,train,charger,闪擎W45充电器,便携小巧充电器,闪擎,W45,,B2025-978,false,false,,partial,CCC-CH-00978,Level 2,limited,苏州声学检测中心,fail,,true,,true,,来源证明不足，包装与铭牌信息存在异常，疑似仿冒或未经授权产品。,high,FAIL,suspected_counterfeit
EA-CHA-00979,train,charger,能核C20充电器,官方翻新高功率输出充电器,能核,C20,,B2026-979,false,true,,partial,CCC-CH-00979,Level 1,compliant,上海质量检测院,conditional_pass,,true,B,true,true,检测意见为有条件合格 需人工确认备注项是否已在商品页披露,medium,REVIEW,
EA-CHA-00980,train,charger,速充Mini 33充电器,卖家宣称全新未拆封，原装适配充电器,速充,Mini 33,,B2025-980,false,false,,full,,Level 2,limited,南京消费品检测院,fail,,false,,true,,关键功能测试失败 且复测结果仍异常 不满足流通要求,high,FAIL,missing_ccc_information|battery_safety_concern
EA-CHA-00981,train,charger,速充GaN 100充电器,高功率输出充电器,速充,GaN 100,,B2026-981,false,false,,partial,,Level 2,compliant,成都电子检测中心,fail,,true,,true,,翻新和维修痕迹明显 但未完整披露整备历史 风险较高 初次送检摘要写为合格，复核后已修正为不合格。,high,FAIL,missing_ccc_information
EA-CHA-00982,train,charger,能核C20充电器,氮化镓快充充电器,能核,C20,,B2025-982,false,true,,partial,CCC-CH-00982,Level 2,compliant,东莞质量评估站,fail,,true,B,true,false,关键功能测试失败 且复测结果仍异常 不满足流通要求,high,FAIL,undisclosed_refurbished_status
EA-CHA-00983,train,charger,闪擎FC65充电器,便携小巧充电器,闪擎,FC65,,B2026-983,false,false,,partial,CCC-CH-00983,Level 1,compliant,深圳质检中心,pass,,true,,true,,检测报告显示整机功能正常 各项安全与稳定性测试合格 可正常销售 证书、批次和能效资料完整。 Observed thermal issue during repeated charging cycle.,low,PASS,
EA-CHA-00984,train,charger,能核GaN 100充电器,原装适配充电器,能核,GaN 100,,B2025-984,false,false,,partial,CCC-CH-00984,Level 2,compliant,南京消费品检测院,pass,,true,,true,,实验室记录显示设备在标准工况下工作稳定 未发现异常告警,low,PASS,
EA-CHA-00985,train,charger,能核Fast 67充电器,官方翻新多协议兼容充电器,能核,Fast 67,,B2026-985,false,true,,full,CCC-CH-00985,Level 1,compliant,上海质量检测院,conditional_pass,,true,B,true,true,基础检测通過 但报告内容较简略 建 议复核附件与证书映射关系,medium,REVIEW,
EA-CHA-00986,train,charger,闪擎FC65充电器,高功率输出充电器,闪擎,FC65,,B2025-986,false,false,,full,CCC-CH-00986,Level 1,compliant,深圳质检中心,conditional_pass,,true,,true,,已检測 基本可用 建议人工复核,medium,REVIEW,
EA-CHA-00987,train,charger,稳电C20充电器,原装适配充电器,稳电,C20,,B2026-987,false,false,,full,CCC-CH-00987,Level 1,compliant,南京消费品检测院,pass,,true,,true,,抽检结果为合格 性能 输出和绝缘测试均符合要求 证书、批次和能效资料完整。,low,PASS,
EA-CHA-00988,train,charger,闪擎Fast 67充电器,高功率输出充电器,闪擎,Fast 67,,B2025-988,false,false,,full,CCC-CH-00988,Level 2,limited,东莞质量评估站,conditional_pass,,true,,true,,检测意见为有条件合格 需人工确认备注项是否已在商品页披露,medium,REVIEW,
EA-CHA-00989,train,charger,随配C20充电器,便携小巧充电器,随配,C20,,B2026-989,false,true,,partial,CCC-CH-00989,Level 2,compliant,上海质量检测院,fail,,true,B,true,false,高温或耐压测试未通过 存在安全隐患 应直接拦截,high,FAIL,undisclosed_refurbished_status
EA-CHA-00990,train,charger,能核FC65充电器,原装适配充电器,能核,FC65,,B2025-990,false,false,,full,CCC-CH-00990,Level 1,compliant,杭州电子检测站,pass,,true,,true,,抽检结果为合格 性能 输出和绝缘测试均符合要求 包装、铭牌与申报信息一致。,low,PASS,
EA-CHA-00991,train,charger,闪擎Mini 33充电器,多协议兼容充电器,闪擎,Mini 33,,B2026-991,false,false,,partial,CCC-CH-00991,Level 1,compliant,广州电子检验所,pass,,true,,true,,实验室记录显示设备在标准工况下工作稳定 未发现异常告警 证书、批次和能效资料完整。,low,PASS,
EA-CHA-00992,train,charger,速充C20充电器,原装适配充电器,速充,C20,,B2025-992,false,false,,partial,CCC-CH-00992,Level 1,compliant,苏州声学检测中心,pass,,true,,true,,检测报告显示整机功能正常 各项安全与稳定性测试合格 可正常销售,low,PASS,
EA-CHA-00993,train,charger,随配Mini 33充电器,高功率输出充电器,随配,Mini 33,,B2026-993,false,false,,partial,CCC-CH-00993,Level 2,compliant,东莞质量评估站,fail,,true,,false,,"关键功能测试失败, 复测仍异常, 不满足流通要求",high,FAIL,
EA-CHA-00994,train,charger,稳电W45充电器,氮化镓快充充电器,稳电,W45,,B2025-994,false,false,,full,,Level 2,compliant,杭州电子检测站,fail,,false,,true,,翻新和维修痕迹明显 但未完整披露整备历史 风险较高,high,FAIL,missing_ccc_information|battery_safety_concern
EA-CHA-00995,train,charger,稳电Mini 33充电器,氮化镓快充充电器,稳电,Mini 33,,B2026-995,false,false,,partial,CCC-CH-00995,Level 1,compliant,苏州声学检测中心,conditional_pass,,true,,true,,包装封签存在重新整理痕迹 样机主要功能正常 建议人工抽检 个别备注项需人工判断是否影响销售结论。,medium,REVIEW,
EA-CHA-00996,train,charger,稳电W45充电器,原装适配充电器，卖家补充资料稍后上传,稳电,W45,,B2025-996,false,false,,full,CCC-CH-00996,Level 1,compliant,成都电子检测中心,pass,,true,,true,,检测报告显示整机功能正常 各项安全与稳定性测试合格 可正常销售,low,PASS,
EA-CHA-00997,train,charger,稳电GaN 100充电器,便携小巧充电器,稳电,GaN 100,,B2026-997,false,false,,full,CCC-CH-00997,Level 2,compliant,苏州声学检测中心,pass,,true,,true,,抽检结果为合格 性能 输出和绝缘测试均符合要求 连续运行24小时未发现掉线、死机或输出波动。,low,PASS,
EA-CHA-00998,train,charger,稳电W45充电器,高功率输出充电器,稳电,W45,,B2025-998,false,false,,full,CCC-CH-00998,Level 1,limited,杭州电子检测站,pass,,true,,true,,实验室记录显示设备在标准工况下工作稳定 未发现异常告警 包装、铭牌与申报信息一致。,low,PASS,
EA-CHA-00999,train,charger,随配C20充电器,多协议兼容充电器,随配,C20,,B2026-999,false,false,,partial,CCC-CH-00999,Level 2,compliant,南京消费品检测院,conditional_pass,,true,,true,,翻新记录已声明 样机功能正常 建议带翻新标识销售并人工复核详情 封签或包装存在重新整理迹象。,medium,REVIEW,
EA-CHA-01000,train,charger,能核C20充电器,卖家宣称全新未拆封，便携小巧充电器,能核,C20,,B2025-000,false,false,,full,CCC-CH-01000,Level 1,compliant,上海质量检测院,fail,,true,,false,,关键功能测试失败，复测仍异常，不满足流通要求。,high,FAIL,
EA-CHA-01001,train,charger,稳电GaN 100充电器,氮化镓快充充电器,稳电,GaN 100,,B2026-001,false,false,,full,CCC-CH-01001,Level 1,compliant,成都电子检测中心,conditional_pass,,true,,true,,检测意见为有条件合格 需人工确认备注项是否已在商品页披露 个别备注项需人工判断是否影响销售结论。,medium,REVIEW,
EA-CHA-01002,train,charger,随配Mini 33充电器,便携小巧充电器,随配,Mini 33,,B2025-002,false,false,,full,,Level 1,compliant,东莞质量评估站,fail,,true,,true,,翻新和维修痕迹明显 但未完整披露整备历史 风险较高,high,FAIL,missing_ccc_information
EA-CHA-01003,train,charger,随配GaN 100充电器,原装适配充电器,随配,GaN 100,,B2026-003,false,true,,full,CCC-CH-01003,Level 1,compliant,东莞质量评估站,fail,,true,C,true,false,报告中标注型号与申报型号不一致 存在套证或错报风险,high,FAIL,undisclosed_refurbished_status
EA-CHA-01004,train,charger,能核GaN 100充电器,便携小巧充电器,能核,GaN 100,,B2025-004,false,false,,partial,CCC-CH-01004,Level 1,compliant,东莞质量评估站,pass,,true,,true,,抽检结果为合格 性能 输出和绝缘测试均符合要求,low,PASS,
EA-CHA-01005,train,charger,速充GaN 100充电器,氮化镓快充充电器,速充,GaN 100,,B2026-005,false,false,,partial,CCC-CH-01005,Level 2,compliant,苏州声学检测中心,conditional_pass,,true,,true,,检测意见为有条件合格 需人 工确认备注项是否已在商品页披露 封签或包装存在重新整理迹象。,medium,REVIEW,
EA-CHA-01006,train,charger,能核GaN 100充电器,高功率输出充电器,能核,GaN 100,,B2025-006,false,false,,partial,CCC-CH-01006,Level 1,compliant,上海质量检测院,pass,,true,,true,,样机经检测符合标准 关键部件状态正常 可上市流通 包装、铭牌与申报信息一致。,low,PASS,
EA-CHA-01007,train,charger,速充C20充电器,高功率输出充电器,速充,C20,,B2026-007,false,false,,full,CCC-CH-01007,Level 1,compliant,上海质量检测院,pass,,true,,true,,抽检结果为合格 性能 输出和绝缘测试均符合要求 证书、批次和能效资料完整。,low,PASS,
EA-CHA-01008,train,charger,稳电W45充电器,氮化镓快充充电器,稳电,W45,,B2025-008,false,false,,full,,Level 1,compliant,北京电子产品检测所,fail,,false,,true,,fail / high / charger,high,FAIL,missing_ccc_information|battery_safety_concern
EA-CHA-01009,train,charger,随配C20充电器,便携小巧充电器,随配,C20,,B2026-009,false,false,,full,CCC-CH-01009,Level 1,compliant,上海质量检测院,pass,,true,,true,,样机经检测符合标准 关键部件状态正常 可上市流通 连续运行24小时未发现掉线、死机或输出波动。,low,PASS,
EA-CHA-01010,train,charger,速充W45充电器,多协议兼容充电器,速充,W45,,B2025-010,false,true,,partial,CCC-CH-01010,Level 1,compliant,南京消费品检测院,fail,,true,B,true,false,设备身份信息无法核验 且存在异常发热记录 不应上架 初次送检摘要写为合格，复核后已修正为不 合 格。,high,FAIL,undisclosed_refurbished_status
EA-CHA-01011,train,charger,稳电Fast 67充电器,多协议兼容充电器,稳电,Fast 67,,B2026-011,false,false,,full,CCC-CH-01011,Level 1,limited,杭州电子检测站,conditional_pass,,true,,true,,检测完成，建议复核。,medium,REVIEW,
EA-CHA-01012,train,charger,闪擎C20充电器,氮化镓快充充电器,闪擎,C20,,B2025-012,false,false,,partial,CCC-CH-01012,Level 2,compliant,南京消费品检测院,fail,,true,,true,,报告中标注型号为GaN 100，与申报型号C20不一致，存在套证或错报风险。,high,FAIL,report_model_mismatch
EA-CHA-01013,train,charger,随配Mini 33充电器,便携小巧充电器,随配,Mini 33,,B2026-013,false,false,,full,CCC-CH-01013,Level 1,compliant,北京电子产品检测所,fail,,true,,true,,来源证明不足，包装与铭牌信息存在异常，疑似仿冒或未经授权产品。,high,FAIL,suspected_counterfeit
EA-CHA-01014,train,charger,闪擎Mini 33充电器,氮化镓快充充电器,闪擎,Mini 33,,B2025-014,false,false,,partial,CCC-CH-01014,Level 2,compliant,第三方送检,fail,,true,,false,,关键功能测试失败，复测仍异常，不满足流通要求。,high,FAIL,
EA-CHA-01015,train,charger,能核W45充电器,官方翻新高功率输出充电器,能核,W45,,B2026-015,false,true,,partial,CCC-CH-01015,Level 2,compliant,南京消费品检测院,conditional_pass,,true,B,true,true,翻新记录已声明 样机功能正常 建议带翻新标识销售并人工复核详情,medium,REVIEW,
EA-CHA-01016,train,charger,随配Mini 33充电器,便携小巧充电器,随配,Mini 33,,B2025-016,false,false,,partial,CCC-CH-01016,Level 2,limited,杭州电子检测站,pass,,true,,true,,连续运行测试通过 结构完好 未见异常发热和风险点,low,PASS,
EA-CHA-01017,train,charger,稳电GaN 100充电器,原装适配,稳电,GaN 100,,B2026-017,false,false,,partial,CCC-CH-01017,Level 1,limited,上海质量检测院,conditional_pass,,true,,true,,检测意见为有条件合格 需人工确认备注项是否已在商品页披露 封签或包装存在重新整理迹象。,medium,REVIEW,
EA-CHA-01018,train,charger,随配W45充电器,原装适配充电器,随配,W45,,B2025-018,false,false,,partial,CCC-CH-01018,Level 3,limited,苏州声学检测中心,conditional_pass,,true,,true,,基础检测通过 但报告内容较简略 建议复核附件与证书映射关系 系统初判可流通，但建议人工再核验。,medium,REVIEW,
EA-CHA-01019,train,charger,能核FC65充电器,高功率输出充电器,能核,FC65,,B2026-019,false,false,,partial,CCC-CH-01019,Level 1,compliant,北京电子产品检测所,pass,,true,,true,,实验室记录显示设备在标准工况下工作稳定 未发现异常告警 证书、批次和能效资料完整。,low,PASS,
EA-CHA-01020,train,charger,闪擎GaN 100充电器,原装适配充电器,闪擎,GaN 100,,,false,false,,partial,CCC-CH-01020,Level 1,limited,成都电子检测中心,pass,,true,,true,,检测报告显示整机功能正常 各项安全与稳定性测试合格 可正常销售,low,PASS,
EA-CHA-01021,train,charger,随配Fast 67充电器,便携小巧充电器,随配,Fast 67,,B2026-021,false,false,,partial,CCC-CH-01021,Level 1,compliant,上海质量检测院,fail,,true,,false,,关键功能测试失败，复测仍异常，不满足流通要求。,high,FAIL,
EA-CHA-01022,train,charger,闪擎FC65充电器,原装适配充电器，卖家补充资料稍后上传,闪擎,FC65,,B2025-022,false,false,,full,CCC-CH-01022,Level 1,compliant,苏州声学检测中心,pass,,true,,true,,连续运行测试通過 结构完好 未见异常发热和风险点 包装、铭牌与申报信息一致,low,PASS,
EA-CHA-01023,train,charger,速充GaN 100充电器,原装适配充电器,速充,GaN 100,,B2026-023,false,false,,full,CCC-CH-01023,Level 1,compliant,杭州电子检测站,pass,,true,,true,,抽检结果为合格 性能 输出和绝缘测试均符合要求 证书、批次和能效资料完整。,low,PASS,
EA-CHA-01024,train,charger,随配C20充电器,氮化镓快充充电器,随配,C20,,B2025-024,false,true,,full,CCC-CH-01024,Level 1,limited,成都电子检测中心,fail,,true,C,true,false,翻新和维修痕迹明显 但未完整披露整备历史 风险较高,high,FAIL,undisclosed_refurbished_status
EA-CHA-01025,train,charger,随配FC65充电器,多协议兼容充电器,随配,FC65,,B2026-025,false,false,,full,CCC-CH-01025,Level 2,limited,深圳质检中心,fail,,false,,true,,设备身份信息无法核验 且存在异常发热记录 不应上架,high,FAIL,battery_safety_concern
EA-CHA-01026,train,charger,随配C20充电器,多协议兼容充电器,随配,C20,,B2025-026,false,false,,full,CCC-CH-01026,Level 2,limited,北京电子产品检测所,pass,,true,,true,,连续运行测试通过 结构完好 未见异常发热和风险点 包装、铭牌与申报信息一致。,low,PASS,
EA-CHA-01027,train,charger,稳电Mini 33充电器,官方翻新氮化镓快充充电器,稳电,Mini 33,,B2026-027,false,true,,full,CCC-CH-01027,Level 2,limited,深圳质检中心,conditional_pass,,true,B,true,true,翻新记录已声明 样机功能正常 建议带翻新标识销售并人工复核详情,medium,REVIEW,
EA-CHA-01028,train,charger,能核W45充电器,原装适配充电器,能核,W45,,B2025-028,false,false,,full,CCC-CH-01028,Level 2,compliant,苏州声学检测中心,conditional_pass,,true,,true,,已检测 基本可用 建议人工复核。,medium,REVIEW,
EA-CHA-01029,train,charger,闪擎W45充电器,便携小巧充电器,闪擎,W45,,B2026-029,false,false,,partial,CCC-CH-01029,Level 2,limited,杭州电子检测站,pass,,true,,true,,见附件。,low,PASS,
EA-CHA-01030,train,charger,速充C20充电器,高功率输出充电器,速充,C20,,B2025-030,false,false,,full,CCC-CH-01030,Level 2,limited,成都电子检测中心,pass,,true,,true,,抽检结果为合格 性能 输出和绝缘测试均符合要求 包装、铭牌与申报信息一致。 Model code in report does not match seller declaration.,low,PASS,
EA-CHA-01031,train,charger,稳电C20充电器,便携小巧充电器,稳电,C20,,B2026-031,false,false,,full,CCC-CH-01031,Level 1,compliant,北京电子产品检测所,pass,,true,,true,,连续运行测试通过 结构完好 未见异常发热和风险点 证书、批次和能效资料完整。,low,PASS,
EA-CHA-01032,train,charger,闪擎W45充电器,氮化镓快充充电器,闪擎,W45,,B2025-032,false,false,,partial,CCC-CH-01032,Level 2,limited,北京电子产品检测所,pass,,true,,true,,样机经检测符合标准 关键部件状态正常 可上市流通,low,PASS,
EA-CHA-01033,train,charger,闪擎W45充电器,便携小巧充电器,闪擎,W45,,B2026-033,false,false,,full,CCC-CH-01033,Level 2,limited,上海质量检测院,pass,,true,,true,,抽检结果为合格 性能 输出和绝缘测试均符合要求 连续运行24小时未发现掉线、死机或输出波动。,low,PASS,
EA-CHA-01034,train,charger,随配FC65充电器,原装适配充电器,随配,FC65,,B2025-034,false,false,,partial,CCC-CH-01034,Level 1,compliant,成都电子检测中心,conditional_pass,,true,,true,,已检测 基本可用 建议人工复核。,medium,REVIEW,
EA-CHA-01035,train,charger,随配Mini 33充电器,高功率输出充电器,随配,Mini 33,,B2026-035,false,false,,partial,CCC-CH-01035,Level 1,compliant,南京消费品检测院,conditional_pass,,true,,true,,包装封签存在重新整理痕迹 样机主要功能正常 建议人工抽检 封签或包装存在重新整理迹象。 备注：包装文字与申报信息需人工核对。,medium,REVIEW,
EA-CHA-01036,train,charger,速充FC65充电器,原装适配充电器,速充,FC65,,B2025-036,false,false,,full,CCC-CH-01036,Level 2,limited,成都电子检测中心,conditional_pass,,true,,true,,检测意见为有条件合格 需人工确认备注项是否已在商品页披露,medium,REVIEW,
EA-CHA-01037,train,charger,能核Mini 33充电器,便携小巧充电器,能核,Mini 33,,B2026-037,false,false,,partial,CCC-CH-01037,Level 2,compliant,深圳质检中心,pass,,true,,true,,连续运行测试通過 结构完好 未见异常发热和风险点 连续运行24小时未发现掉线、死机或输出波动。,low,PASS,
EA-CHA-01038,train,charger,稳电FC65充电器,高功率输出充电器,稳电,FC65,,B2025-038,false,false,,full,CCC-CH-01038,Level 1,compliant,深圳质检中心,pass,,true,,true,,样机经检測符合标准 关键部件状态正常 可上市流通 包 装、铭牌与申报信息一致,low,PASS,
EA-CHA-01039,train,charger,闪擎Mini 33充电器,便携小巧充电器,闪擎,Mini 33,,B2026-039,false,false,,full,CCC-CH-01039,Level 1,compliant,深圳质检中心,pass,,true,,true,,检测报告显示整机功能正常 各项安全与稳定性测试合格 可正常销售 证书、批次和能效资料完整。,low,PASS,
EA-CHA-01040,train,charger,随配GaN 100充电器,高功率输出充电器,随配,GaN 100,,B2025-040,false,false,,partial,CCC-CH-01040,Level 1,compliant,广州电子检验所,conditional_pass,,true,,true,,已检测 基本可用 建议人工复核。,medium,REVIEW,
EA-CHA-01041,train,charger,闪擎C20充电器,高功率输出充电器,闪擎,C20,,B2026-041,false,false,,full,CCC-CH-01041,Level 2,compliant,东莞质量评估站,fail,,true,,true,,来源证明不足，包装与铭牌信息存在异常，疑似仿冒或未经授权产品。,high,FAIL,suspected_counterfeit
EA-CHA-01042,train,charger,闪擎C20充电器,便携小巧充电器,闪擎,C20,,B2025-042,false,false,,full,CCC-CH-01042,Level 1,compliant,北京电子产品检测所,pass,,true,,true,,检测报告显示整机功能正常 各项安全与稳定性测试合格 可正常销售 包装、铭牌与申报信息一致。,low,PASS,
EA-CHA-01043,train,charger,速充FC65充电器,便携小巧充电器,速充,FC65,,B2026-043,false,false,,partial,,Level 1,compliant,上海质量检测院,fail,,false,,true,,翻新和维修痕迹明显 但未完整披露整备历史 风险较高,high,FAIL,missing_ccc_information|battery_safety_concern
EA-CHA-01044,train,charger,速充W45充电器,二手便携小巧充电器,速充,W45,,B2025-044,true,false,,partial,CCC-CH-01044,Level 2,limited,上海质量检测院,conditional_pass,,true,A,true,true,翻新记录已声明 样机功能正常 建议带翻新标识销售并人工复核详情 备注：包 装文字与申报信息需人工核对  Manual review is recommended before release.,medium,REVIEW,
EA-CHA-01045,train,charger,闪擎C20充电器,官方翻新原装适配充电器,闪擎,C20,,B2026-045,false,true,,full,CCC-CH-01045,Level 1,compliant,北京电子产品检测所,conditional_pass,,true,B,true,true,包装封签存在重新整理痕迹 样机主要功能正常 建议人工抽检,medium,REVIEW,
EA-CHA-01046,train,charger,速充GaN 100充电器,高功率输出充电器,速充,GaN 100,,B2025-046,false,false,,partial,CCC-CH-01046,Level 2,compliant,南京消费品检测院,pass,,true,,true,,抽检结果为合格 性能 输出和绝缘测试均符合要求 包装、铭牌与申报信息一致。,low,PASS,
EA-CHA-01047,train,charger,速充Fast 67充电器,氮化镓快充充电器,速充,Fast 67,,B2026-047,false,false,,partial,CCC-CH-01047,Level 1,compliant,上海质量检测院,pass,,true,,true,,检测报告显示整机功能正常 各项安全与稳定性测试合格 可正常销售 证书、批次和能效资料完整。,low,PASS,
EA-CHA-01048,train,charger,速充GaN 100充电器,高功率输出充电器,速充,GaN 100,,B2025-048,false,false,,full,CCC-CH-01048,Level 2,unknown,成都电子检测中心,conditional_pass,,true,,true,,翻新记录已声明 样机功能正常 建议带翻新标识销售并人工复核详情,medium,REVIEW,
EA-CHA-01049,train,charger,速充Mini 33充电器,原装适配充电器,速充,Mini 33,,B2026-049,false,false,,full,CCC-CH-01049,Level 1,compliant,南京消费品检测院,fail,,true,,false,,关键功能测试失败，复测仍异常，不满足流通要求。 初次送检摘要写为合格，复核后已修正为不合格。,high,FAIL,
EA-CHA-01050,train,charger,随配C20充电器,便携小巧充电器,随配,C20,,B2025-050,false,false,,full,CCC-CH-01050,Level 1,compliant,苏州声学检测中心,pass,,true,,true,,实验室记录显示设备在标准工况下工作稳定 未发现异常告警 包装、铭牌与申报信息一致。,low,PASS,
EA-CHA-01051,train,charger,闪擎Mini 33充电器,多协议兼,闪擎,Mini 33,,B2026-051,false,false,,full,CCC-CH-01051,Level 1,compliant,南京消费品检测院,pass,,true,,true,,抽检结果为合格 性能 输出和绝缘测试均符合要求 证书、批次和能效资料完整。,low,PASS,
EA-CHA-01052,train,charger,随配Mini 33充电器,原装适配充电器,随配,Mini 33,,B2025-052,false,false,,full,CCC-CH-01052,Level 1,compliant,深圳质检中心,pass,,true,,true,,检测报告显示整机功能正常 各项安全与稳定性测试合格 可正常销售,low,PASS,
EA-CHA-01053,train,charger,闪擎GaN 100充电器,高功率输出充电器,闪擎,GaN 100,,B2026-053,false,false,,partial,CCC-CH-01053,Level 1,limited,北京电子产品检测所,conditional_pass,,true,,true,,翻新记录已声明 样机功能正常 建议带翻新标识销售并人工复核详情 封签或包装存在重新整理迹象。,medium,REVIEW,
EA-CHA-01054,train,charger,稳电GaN 100充电器,多协议兼容充电器,稳电,GaN 100,,B2025-054,false,false,,full,CCC-CH-01054,Level 1,compliant,上海质量检测院,pass,,true,,true,,实验室记录显示设备在标准工况下工作稳定 未发现异常告警 包装、铭牌与申报信息一致。,low,PASS,
EA-CHA-01055,train,charger,稳电C20充电器,高功率输出充电器,稳电,C20,,B2026-055,false,false,,full,CCC-CH-01055,Level 1,limited,深圳质检中心,conditional_pass,,true,,true,,翻新记录已声明 样机功能正常 建议带翻新标识销售并人工复核详情 个别备注项需人工判断是否影响销售结论。,medium,REVIEW,
EA-CHA-01056,train,charger,速充FC65充电器,二手原装适配充电器,速充,FC65,,B2025-056,true,false,,full,CCC-CH-01056,Level 2,compliant,苏州声学检测中心,conditional_pass,,true,A,true,true,翻新记录已声明 样机功能正常 建议带翻新标识销售并人工复核详情 系统初判可流通，但建议人工再核验。,medium,REVIEW,
EA-CHA-01057,train,charger,速充W45充电器,便携小巧充电器,速充,W45,,B2026-057,false,false,,partial,CCC-CH-01057,Level 2,limited,杭州电子检测站,pass,,true,,true,,样机经检测符合标准 关键部件状态正常 可上市流通 连续运行24小时未发现掉线、死机或输出波动。,low,PASS,
EA-CHA-01058,train,charger,速充Fast 67充电器,多协议兼容充电器,速充,Fast 67,,B2025-058,false,false,,full,CCC-CH-01058,Level 1,limited,杭州电子检测站,pass,,true,,true,,样机经检测符合标准 关键部件状态正常 可上市流通 包装、铭牌与申报信息一致。,low,PASS,
EA-CHA-01059,train,charger,速充Fast 67充电器,氮化镓快充充电器,速充,Fast 67,,B2026-059,false,false,,partial,CCC-CH-01059,Level 2,limited,北京电子产品检测所,conditional_pass,,true,,true,,检测意见为有条件合格 需人工确认备注项是否已在商品页披露 封签或包装存在重新整理迹象。,medium,REVIEW,
EA-CHA-01060,train,charger,随配Fast 67充电器,多协议兼容充电器,随配,Fast 67,,B2025-060,false,false,,full,CCC-CH-01060,Level 3,unknown,广州电子检验所,conditional_pass,,true,,true,,检测意见为有条件合格 需人工确认备注项是否已在商品页披露,medium,REVIEW,
EA-CHA-01061,train,charger,闪擎FC65充电器,高功率输出充电器,闪擎,FC65,,B2026-061,false,false,,full,CCC-CH-01061,Level 2,limited,外部资料摘录,fail,,true,,true,,报告中标注型号为C20，与申报型号FC65不一致，存在套证或错报风险。,high,FAIL,report_model_mismatch
EA-CHA-01062,train,charger,能核Mini 33充电器,原装适配,能核,Mini 33,,B2025-062,false,false,,full,CCC-CH-01062,Level 1,compliant,南京消费品检测院,fail,,true,,true,,来源证明不足，包 装与铭牌信息存在异常，疑似仿冒或未经授权产品。,high,FAIL,suspected_counterfeit
EA-CHA-01063,train,charger,稳电GaN 100充电器,氮化镓快充充电器,稳电,GaN 100,,B2026-063,false,false,,full,CCC-CH-01063,Level 1,compliant,东莞质量评估站,pass,,true,,true,,连续运行测试通过 结构完好 未见异常发热和风险点 证书、批次和能效资料完整。 备注：包装文字与申报信息需人工核对。,low,PASS,
EA-CHA-01064,train,charger,能核W45充电器,原装适配充电器,能核,W45,,B2025-064,false,false,,partial,CCC-CH-01064,Level 1,compliant,广州电子检验所,pass,,true,,true,,连续运行测试通过 结构完好 未见异常发热和风险点,low,PASS,
EA-CHA-01065,train,charger,闪擎GaN 100充电器,原装适配充电器,闪擎,GaN 100,,B2026-065,false,false,,full,CCC-CH-01065,Level 1,compliant,成都电子检测中心,conditional_pass,,true,,true,,环境或能效信息不够完整 建议核对补充资料后再放行 封签或包装存在重新整理迹象。,medium,REVIEW,
EA-CHA-01066,train,charger,速充C20充电器,多协议兼容充电器,速充,C20,,B2025-066,false,true,,full,CCC-CH-01066,Level 2,limited,南京消费品检测院,fail,,true,B,true,false,高温或耐压测试未通过 存在安全隐患 应直接拦截,high,FAIL,undisclosed_refurbished_status
EA-CHA-01067,train,charger,速充C20充电器,多协议兼容充电器,速充,C20,,B2026-067,false,false,,full,CCC-CH-01067,Level 1,compliant,北京电子产品检测所,conditional_pass,,true,,true,,检测意见为有条件合格 需人工确认备注项是否已在商品页披露 个别备注项需人工判断是否影响销售结论。,medium,REVIEW,
EA-CHA-01068,train,charger,稳电FC65充电器,便携小巧充电器,稳电,FC65,,B2025-068,false,false,,partial,CCC-CH-01068,Level 1,limited,杭州电子检测站,fail,,true,,true,,报告中标注型号为GaN 100，与申报型号FC65不一致，存在套证或错报风险。,high,FAIL,report_model_mismatch
EA-CHA-01069,train,charger,随配FC65充电器,官方翻新氮化镓快充充电器,随配,FC65,,B2026-069,false,true,,partial,CCC-CH-01069,Level 2,compliant,上海质量检测院,conditional_pass,,true,B,true,true,基础检测通过 但报告内容较简略 建议复核附件与证书映射关系,medium,REVIEW,
EA-CHA-01070,train,charger,随配Mini 33充电器,便携小巧充电器,随配,Mini 33,,B2025-070,false,false,,full,CCC-CH-01070,Level 1,compliant,上海质量检测院,pass,,true,,true,,连续运行测试通过 结构完好 未见异常发热和风险点 包装、铭牌与申报信息一致。,low,PASS,
EA-CHA-01071,train,charger,稳电Mini 33充电器,氮化镓快充充电器,稳电,Mini 33,,B2026-071,false,false,,full,,Level 2,limited,深圳质检中心,fail,,false,,true,,翻新和维修痕迹明显 但未完整披露整备历史 风险较高,high,FAIL,missing_ccc_information|battery_safety_concern
EA-CHA-01072,train,charger,能核W45充电器,便携小巧充电器,能核,W45,,B2025-072,false,false,,partial,,Level 2,compliant,北京电子产品检测所,fail,,true,,true,,关键功能测试失败 且复测结果仍异常 不满足流通要求,high,FAIL,missing_ccc_information
EA-CHA-01073,train,charger,稳电GaN 100充电器,多协议兼容充电器,稳电,GaN 100,,B2026-073,false,false,,partial,CCC-CH-01073,Level 1,compliant,成都电子检测中心,pass,,true,,true,,抽检结果为合格 性能 输出和绝缘测试均符合要求 连续运行24小时未发现掉线、死机或输出波动。 备注：包装文字与申报信息需人工核对。,low,PASS,
EA-CHA-01074,train,charger,速充GaN 100充电器,二手高功率输出充电器,速充,GaN 100,,B2025-074,true,false,,full,CCC-CH-01074,Level 1,compliant,东莞质量评估站,conditional_pass,,true,B,true,true,基础检测通过 但报告内容较简略 建议复核附件与证书映射关系,medium,REVIEW,
EA-CHA-01075,train,charger,速充GaN 100充电器,官方翻新便携小巧充电器,速充,GaN 100,,B2026-075,false,true,,partial,CCC-CH-01075,Level 2,compliant,东莞质量评估站,conditional_pass,,true,A,true,true,检测意见为有条件合格 需人工确认备注项是否已在商品页披露,medium,REVIEW,
EA-CHA-01076,train,charger,闪擎GaN 100充电器,多协议兼容充电器,闪擎,GaN 100,,B2025-076,false,false,,full,CCC-CH-01076,Level 1,compliant,南京消费品检测院,pass,,true,,true,,检测完成，建议复核。,low,PASS,
EA-CHA-01077,train,charger,闪擎GaN 100充电器,便携小巧充电器，卖家补充资料稍后上传,闪擎,GaN 100,,B2026-077,false,false,,partial,CCC-CH-01077,Level 1,limited,成都电子检测中心,pass,,true,,true,,抽检结果为合格 性能 输出和绝缘测试均符合要求 连续运行24小时未发现掉线、死机或输出波动。,low,PASS,
EA-CHA-01078,train,charger,能核Fast 67充电器,便携小巧充电器,能核,Fast 67,,B2025-078,false,false,,partial,CCC-CH-01078,Level 2,compliant,南京消费品检测院,pass,,true,,true,,pass / low / charger,low,PASS,
EA-CHA-01079,train,charger,稳电Mini 33充电器,便携小巧充电器,稳电,Mini 33,,B2026-079,false,false,,partial,CCC-CH-01079,Level 1,compliant,上海质量检测院,pass,,true,,true,,连续运行测试通過 结构完好 未见异常发热和风险点 证书、批次和能效资料完整。 Model code in report does not match seller declaration.,low,PASS,
EA-CHA-01080,train,charger,能核GaN 100充电器,高功率输出充电器,能核,GaN 100,,B2025-080,false,false,,partial,CCC-CH-01080,Level 2,compliant,广州电子检验所,pass,,true,,true,,实验室记录显示设备在标准工况下工作稳定 未发现异常告警,low,PASS,
EA-CHA-01081,train,charger,能核Fast 67充电器,官方翻新多协议兼容充电器,能核,Fast 67,,B2026-081,false,true,,full,CCC-CH-01081,Level 1,limited,深圳质检中心,conditional_pass,,true,A,true,true,包装封签存在重新整理痕迹 样机主要功能正常 建议人工抽检,medium,REVIEW,
EA-CHA-01082,train,charger,速充Mini 33充电器,便携小巧充电器，卖家补充资料稍后上传,速充,Mini 33,,B2025-082,false,false,,partial,CCC-CH-01082,Level 1,compliant,成都电子检测中心,pass,,true,,true,,抽检结果为合格 性能 输出和绝缘测试均符合要求 包装、铭牌与申报信息一致。,low,PASS,
EA-CHA-01083,train,charger,随配Mini 33充电器,便携小巧充电器,随配,Mini 33,,B2026-083,false,false,,full,CCC-CH-01083,Level 2,compliant,第三方送检,fail,,true,,true,,来源证明不足，包装与铭牌信息存在异常，疑似仿冒或未经授权产品。,high,FAIL,suspected_counterfeit
EA-CHA-01084,train,charger,随配C20充电器,高功率输出充电器,随配,C20,,B2025-084,false,false,,full,CCC-CH-01084,Level 1,compliant,苏州声学检测中心,pass,,true,,true,,连续运行测试通过 结构完好 未见异常发热和风险点,low,PASS,
EA-CHA-01085,train,charger,闪擎Fast 67充电器,原装适配充电器,闪擎,Fast 67,,B2026-085,false,false,,partial,,Level 2,compliant,成都电子检测中心,fail,,false,,true,,翻新和维修痕迹明显 但未完整披露整备历史 風险较高,high,FAIL,missing_ccc_information|battery_safety_concern
EA-CHA-01086,train,charger,稳电Mini 33充电器,高功率输,稳电,Mini 33,,B2025-086,false,false,,partial,,Level 2,compliant,东莞质量评估站,fail,,true,,true,,检测中发现关键安全项未达标 不建议继续销售,high,FAIL,missing_ccc_information
EA-CHA-01087,train,charger,随配Fast 67充电器,官方翻新氮化镓快充充电器,随配,Fast 67,,B2026-087,false,true,,partial,CCC-CH-01087,Level 1,compliant,东莞质量评估站,conditional_pass,,true,A,true,true,环境或能效信息不够完整 建议核对补充资料后再放行,medium,REVIEW,
EA-CHA-01088,train,charger,速充C20充电器,高功率输出充电器,速充,C20,,B2025-088,false,false,,full,CCC-CH-01088,Level 1,compliant,杭州电子检测站,fail,,false,,true,,检测中发现关键安全项未达标 不建议继续销售,high,FAIL,battery_safety_concern
EA-CHA-01089,train,charger,闪擎C20充电器,便携小巧充电器,闪擎,C20,,B2026-089,false,false,,partial,CCC-CH-01089,Level 2,compliant,苏州声学检测中心,pass,,true,,true,,连续运行测试通过 结构完好 未见异常发热和风险点 连续运行24小时未发现掉线、死机或输出波动。,low,PASS,
EA-CHA-01090,train,charger,能核GaN 100充电器,多协议兼容充电器,能核,GaN 100,,B2025-090,false,false,,full,CCC-CH-01090,Level 3,unknown,苏州声学检测中心,conditional_pass,,true,,true,,conditional_pass / medium / charger,medium,REVIEW,
EA-CHA-01091,train,charger,能核Fast 67充电器,多协议兼容充电器，卖家补充资料稍后上传,能核,Fast 67,,B2026-091,false,false,,full,CCC-CH-01091,Level 1,compliant,广州电子检验所,pass,,true,,true,,实验室记录显示设备在标准工况下工作稳定 未发现异常告警 证书、批次和能效资料完整。,low,PASS,
EA-CHA-01092,train,charger,能核W45充电器,二手便携小巧充电器,能核,W45,,B2025-092,true,false,,partial,CCC-CH-01092,Level 2,limited,成都电子检测中心,conditional_pass,,true,A,true,true,环境或能效信息不够完整 建议核对补充资料后再放行,medium,REVIEW,
EA-CHA-01093,train,charger,能核Mini 33充电器,便携小巧,能核,Mini 33,,B2026-093,false,false,,full,CCC-CH-01093,Level 2,compliant,杭州电子检测站,pass,,true,,true,,检测报告显示整机功能正常 各项安全与稳定性测试合格 可正常销售 连续运行24小时未发现掉线、死机或输出波动。,low,PASS,
EA-CHA-01094,train,charger,能核Fast 67充电器,多协议兼容充电器,能核,Fast 67,,B2025-094,false,false,,full,CCC-CH-01094,Level 1,limited,东莞质量评估站,pass,,true,,true,,样机经检测符合标准 关键部件状态正常 可上市流通 包 装、铭牌与申报信息一致。 Observed thermal issue during repeated charging cycle.,low,PASS,
EA-CHA-01095,train,charger,闪擎FC65充电器,多协议兼容充电器,闪擎,FC65,,B2026-095,false,false,,partial,CCC-CH-01095,Level 1,compliant,南京消费品检测院,fail,,false,,true,,报告中标注型号与申报型号不一致 存在套证或错报风险,high,FAIL,battery_safety_concern
EA-CHA-01096,train,charger,闪擎W45充电器,高功率输,闪擎,W45,,B2025-096,false,false,,full,CCC-CH-01096,Level 3,unknown,东莞质量评估站,conditional_pass,,true,,true,,基础检測通过 但报告内容较简略 建议复核附件与证书映射关系 Result: pass under normal operating conditions.,medium,REVIEW,
EA-CHA-01097,train,charger,稳电GaN 100充电器,原装适配充电器,稳电,GaN 100,,B2026-097,false,false,,partial,CCC-CH-01097,Level 1,limited,北京电子产品检测所,fail,,true,,true,,来源证明不足，包装与铭牌信息存在异常，疑似仿冒或未经授权产品。,high,FAIL,suspected_counterfeit
EA-CHA-01098,train,charger,稳电FC65充电器,二手便携小巧充电器,稳电,FC65,,B2025-098,true,false,,partial,CCC-CH-01098,Level 1,limited,成都电子检测中心,conditional_pass,,true,B,true,true,翻新记录已声明 样机功能正常 建议带翻新标识销售并人工复核详情 系统初判可流通，但建议人工再核验。,medium,REVIEW,
EA-CHA-01099,train,charger,能核Mini 33充电器,官方翻新便携小巧充电器,能核,Mini 33,,B2026-099,false,true,,full,CCC-CH-01099,Level 2,compliant,杭州电子检测站,conditional_pass,,true,A,true,true,包装封签存在重新整理痕迹 样机主要功能正常 建议人工抽检,medium,REVIEW,
EA-CHA-01100,train,charger,稳电FC65充电器,便携小巧充电器,稳电,FC65,,B2025-100,false,false,,partial,CCC-CH-01100,Level 2,compliant,东莞质量评估站,conditional_pass,,true,,true,,检测完成，建议复核。,medium,REVIEW,
EA-CHA-01101,train,charger,稳电FC65充电器,氮化镓快充充电器,稳电,FC65,,B2026-101,false,false,,full,CCC-CH-01101,Level 2,limited,东莞质量评估站,pass,,true,,true,,实验室记录显示设备在标准工况下工作稳定 未发现异常告警 连续运行24小时未发现掉线、死机或输出波动。,low,PASS,
EA-CHA-01102,train,charger,能核C20充电器,便携小巧充电器,能核,C20,,B2025-102,false,false,,partial,CCC-CH-01102,Level 2,compliant,广州电子检验所,pass,,true,,true,,抽检结果为合格 性能 输出和绝缘测试均符合要求 包装、铭牌与申报信息一致。,low,PASS,
EA-CHA-01103,train,charger,稳电Mini 33充电器,便携小巧充电器,稳电,Mini 33,,B2026-103,false,false,,partial,CCC-CH-01103,Level 2,limited,东莞质量评估站,conditional_pass,,true,,true,,检测意见为有条件合格 需人工确认备注项是否已在商品页披露 个别备注项需人工判断是否影响销售结论。,medium,REVIEW,
EA-CHA-01104,train,charger,稳电Fast 67充电器,原装适配充电器,稳电,Fast 67,,B2025-104,false,false,,partial,CCC-CH-01104,Level 1,compliant,广州电子检验所,fail,,true,,true,,来源证明不足，包装与铭牌信息存在异常，疑似仿冒或未经授权产品。,high,FAIL,suspected_counterfeit
EA-CHA-01105,train,charger,闪擎GaN 100充电器,官方翻新高功率输出充电器,闪擎,GaN 100,,B2026-105,false,true,,full,CCC-CH-01105,Level 2,limited,杭州电子检测站,conditional_pass,,true,A,true,true,功能测试可用 外观存在轻微磨损 建议人 工确认页面说明与成色描述 Model code in report does not match seller declaration.,medium,REVIEW,
EA-CHA-01106,train,charger,随配C20充电器,高功率输出充电器,随配,C20,,B2025-106,false,false,,full,CCC-CH-01106,Level 1,compliant,深圳质检中心,conditional_pass,,true,,true,,已检测 基本可用 建议人工复核。,medium,REVIEW,
EA-CHA-01107,train,charger,稳电W45充电器,多协议兼容充电器，卖家补充资料稍后上传,稳电,W45,,B2026-107,false,false,,full,CCC-CH-01107,Level 1,compliant,广州电子检验所,pass,,true,,true,,检测报告显示整机功能正常 各项安全与稳定性测试合格 可正常销售 证书、批次和能效资料完整。,low,PASS,
EA-CHA-01108,train,charger,能核C20充电器,原装适配充电器,能核,C20,,B2025-108,false,false,,partial,CCC-CH-01108,Level 2,compliant,杭州电子检测站,pass,,true,,true,,实验室记录显示设备在标准工况下工作稳定 未发现异常告警,low,PASS,
EA-CHA-01109,train,charger,稳电FC65充电器,氮化镓快充充电器,稳电,FC65,,B2026-109,false,false,,full,CCC-CH-01109,Level 2,compliant,北京电子产品检测所,conditional_pass,,true,,true,,包装封签存在重新整理痕迹 样机主要功能正常 建议人工抽检 个别备注项需人工判断是否影响销售结论。 备注：包装文字与申报信息需人工核对。,medium,REVIEW,
EA-CHA-01110,train,charger,随配GaN 100充电器,二手原装适配充电器,随配,GaN 100,,B2025-110,true,false,,full,CCC-CH-01110,Level 1,compliant,杭州电子检测站,conditional_pass,,true,B,true,true,基础检测通过 但报告内容较简略 建议复核附件与证书映射关系,medium,REVIEW,
EA-CHA-01111,train,charger,随配GaN 100充电器,高功率输出充电器,随配,GaN 100,,B2026-111,false,false,,full,CCC-CH-01111,Level 1,compliant,深圳质检中心,pass,,true,,true,,抽检结果为合格 性能 输出和绝缘测试均符合要求 证书、批次和能效资料完整。,low,PASS,
EA-CHA-01112,train,charger,随配FC65充电器,便携小巧充电器,随配,FC65,,B2025-112,false,false,,partial,CCC-CH-01112,Level 1,compliant,上海质量检测院,pass,,true,,true,,样机经检测符合标准 关键部件状态正常 可上市流通,low,PASS,
EA-CHA-01113,train,charger,闪擎GaN 100充电器,原装适配充电器,闪擎,GaN 100,,B2026-113,false,false,,partial,CCC-CH-01113,Level 2,limited,上海质量检测院,pass,,true,,true,,实验室记录显示设备在标准工况下工作稳定 未发现异常告警 连续运行24小时未发现掉线、死机或输出波动。,low,PASS,
EA-CHA-01114,train,charger,稳电Mini 33充电器,氮化镓快充充电器,稳电,Mini 33,,B2025-114,false,false,,partial,CCC-CH-01114,Level 2,compliant,杭州电子检测站,pass,,true,,true,,实验室记录显示设备在标准工况下工作稳定 未发现异常告警 包装、铭牌与申报信息一致。,low,PASS,
EA-CHA-01115,train,charger,速充Mini 33充电器,便携小巧充电器,速充,Mini 33,,B2026-115,false,false,,partial,CCC-CH-01115,Level 2,compliant,第三方送检,conditional_pass,,true,,true,,检測意见为有条件合格 需人 工确认备注项是否已在商品页披露 个别备注项需人工判断是否影响销售结论  备注：包 装文字与申报信息需人工核对  Model code in report does not match seller declaration.,medium,REVIEW,
EA-CHA-01116,train,charger,稳电GaN 100充电器,原装适配充电器,稳电,GaN 100,,B2025-116,false,false,,partial,CCC-CH-01116,Level 2,compliant,杭州电子检测站,pass,,true,,true,,连续运行测试通过 结构完好 未见异常发热和风险点,low,PASS,
EA-CHA-01117,train,charger,稳电FC65充电器,多协议兼容充电器,稳电,FC65,,B2026-117,false,false,,full,CCC-CH-01117,Level 2,limited,广州电子检验所,pass,,true,,true,,连续运行测试通过 结构完好 未见异常发热和風险点 连续运行24小时未发现掉线、死机或输出波动。 Observed thermal issue during repeated charging cycle.,low,PASS,
EA-CHA-01118,train,charger,稳电GaN 100充电器,原装适配,稳电,GaN 100,,B2025-118,false,false,,partial,CCC-CH-01118,Level 1,compliant,上海质量检测院,conditional_pass,,true,,true,,已检测 基本可用 建议人工复核。 备注：包装文字与申报信息需人工核对。,medium,REVIEW,
EA-CHA-01119,train,charger,速充C20充电器,原装适配充电器,速充,C20,,B2026-119,false,false,,partial,CCC-CH-01119,Level 2,compliant,苏州声学检测中心,fail,,true,,false,,关键功能测试失败，复测仍异常，不满足流通要求。,high,FAIL,
EA-CHA-01120,train,charger,能核Mini 33充电器,多协议兼容充电器,能核,Mini 33,,B2025-120,false,false,,full,,Level 1,compliant,深圳质检中心,fail,,false,,true,,报告中标注型号与申报型号不一致 存在套证或错报风险,high,FAIL,missing_ccc_information|battery_safety_concern
EA-CHA-01121,train,charger,随配Mini 33充电器,原装适配充电器,随配,Mini 33,,B2026-121,false,false,,partial,,Level 2,compliant,上海质量检测院,fail,,true,,true,,关键功能测试失败 且复测结果仍异常 不满足流通要求,high,FAIL,missing_ccc_information
EA-CHA-01122,train,charger,闪擎C20充电器,原装适配充电器,闪擎,C20,,B2025-122,false,true,,partial,CCC-CH-01122,Level 1,limited,东莞质量评估站,fail,,true,B,true,false,fail / high / charger,high,FAIL,undisclosed_refurbished_status
EA-CHA-01123,train,charger,闪擎C20充电器,氮化镓快充充电器,闪擎,C20,,B2026-123,false,false,,partial,CCC-CH-01123,Level 1,compliant,杭州电子检测站,fail,,false,,true,,关键功能测试失败 且复测结果仍异常 不满足流通要求,high,FAIL,battery_safety_concern
EA-CHA-01124,train,charger,闪擎C20充电器,原装适配充电器,闪擎,C20,,B2025-124,false,false,,partial,CCC-CH-01124,Level 2,compliant,平台复核,conditional_pass,,true,,true,,已检测 基本可用 建 议人 工复核  Observed thermal issue during repeated charging cycle.,medium,REVIEW,
EA-CHA-01125,train,charger,随配FC65充电器,原装适配充电器,随配,FC65,,B2026-125,false,false,,partial,CCC-CH-01125,Level 1,limited,东莞质量评估站,conditional_pass,,true,,true,,基础检测通过 但报告内容较简略 建议复核附件与证书映射关系 封签或包装存在重新整理迹象。,medium,REVIEW,
EA-CHA-01126,train,charger,速充Fast 67充电器,便携小巧充电器,速充,Fast 67,,B2025-126,false,false,,partial,CCC-CH-01126,Level 1,limited,外部资料摘录,fail,,true,,false,,关键功能测试失败，复测仍异常，不满足流通要求。,high,FAIL,
EA-CHA-01127,train,charger,闪擎GaN 100充电器,便携小巧充电器,闪擎,GaN 100,,B2026-127,false,false,,partial,CCC-CH-01127,Level 2,compliant,深圳质检中心,conditional_pass,,true,,true,,环境或能效信息不够完整 建议核对补充资料后再放行 个别备注项需人工判断是否影响销售结论。,medium,REVIEW,
EA-CHA-01128,train,charger,闪擎Fast 67充电器,二手氮化镓快充充电器,闪擎,Fast 67,,B2025-128,true,false,,partial,CCC-CH-01128,Level 2,compliant,成都电子检测中心,conditional_pass,,true,A,true,true,功能测试可用 外观存在轻微磨损 建议人工确认页面说明与成色描述,medium,REVIEW,
EA-CHA-01129,val,charger,速充Fast 67充电器,官方翻新原装适配充电器,速充,Fast 67,,B2026-129,false,true,,full,CCC-CH-01129,Level 2,compliant,苏州声学检测中心,conditional_pass,,true,A,true,true,检测意见为有条件合格 需人工确认备注项是否已在商品页披露 系统初判可流通，但建议人工再核验。,medium,REVIEW,
EA-CHA-01130,val,charger,能核FC65充电器,氮化镓快充充电器,能核,FC65,,B2025-130,false,false,,full,CCC-CH-01130,Level 2,limited,深圳质检中心,conditional_pass,,true,,true,,已检測 基本可用 建 议人 工复核  Result: pass under normal operating conditions.,medium,REVIEW,
EA-CHA-01131,val,charger,稳电W45充电器,氮化镓快充充电器,稳电,W45,,B2026-131,false,false,,full,CCC-CH-01131,Level 1,compliant,杭州电子检测站,pass,,true,,true,,样机经检测符合标准 关键部件状态正常 可上市流通 证书、批次和能效资料完整。 备注：包装文字与申报信息需人工核对。,low,PASS,
EA-CHA-01132,val,charger,随配C20充电器,氮化镓快充充电器,随配,C20,,B2025-132,false,false,,partial,CCC-CH-01132,Level 2,unknown,南京消费品检测院,conditional_pass,,true,,true,,功能测试可用 外观存在轻微磨损 建议人工确认页面说明与成色描述,medium,REVIEW,
EA-CHA-01133,val,charger,速充C20充电器,高功率输出充电器,速充,C20,,B2026-133,false,false,,partial,CCC-CH-01133,Level 2,compliant,上海质量检测院,pass,,true,,true,,抽检结果为合格 性能 输出和绝缘测试均符合要求 连续运行24小时未发现掉线、死机或输出波动。,low,PASS,
EA-CHA-01134,val,charger,闪擎W45充电器,原装适配充电器,闪擎,W45,,B2025-134,false,false,,partial,,Level 1,compliant,杭州电子检测站,fail,,false,,true,,报告中标注型号与申报型号不一致 存在套证或错报风险,high,FAIL,missing_ccc_information|battery_safety_concern
EA-CHA-01135,val,charger,能核Fast 67充电器,官方翻新高功率输出充电器,能核,Fast 67,,B2026-135,false,true,,partial,CCC-CH-01135,Level 1,compliant,杭州电子检测站,conditional_pass,,true,B,true,true,包装封签存在重新整理痕迹 样机主要功能正常 建议人工抽检 系统初判可流通，但建议人工再核验。,medium,REVIEW,
EA-CHA-01136,val,charger,稳电C20充电器,高功率输出充电器,稳电,C20,,B2025-136,false,true,,partial,CCC-CH-01136,Level 1,compliant,杭州电子检测站,fail,,true,B,true,false,来源证明不足 外包装与铭牌信息异常 疑似仿冒或未经授权产品,high,FAIL,undisclosed_refurbished_status
EA-CHA-01137,val,charger,随配FC65充电器,氮化镓快充充电器,随配,FC65,,B2026-137,false,false,,full,CCC-CH-01137,Level 1,compliant,苏州声学检测中心,pass,,true,,true,,检测报告显示整机功能正常 各项安全与稳定性测试合格 可正常销售 连续运行24小时未发现掉线、死机或输出波动。,low,PASS,
EA-CHA-01138,val,charger,闪擎W45充电器,多协议兼容充电器,闪擎,W45,,B2025-138,false,false,,full,CCC-CH-01138,Level 2,limited,苏州声学检测中心,pass,,true,,true,,检测报告显示整机功能正常 各项安全与稳定性测试合格 可正常销售 包装、铭牌与申报信息一致。,low,PASS,
EA-CHA-01139,val,charger,速充GaN 100充电器,多协议兼容充电器，卖家补充资料稍后上传,速充,GaN 100,,B2026-139,false,false,,partial,CCC-CH-01139,Level 1,compliant,深圳质检中心,pass,,true,,true,,实验室记录显示设备在标准工况下工作稳定 未发现异常告警 证书、批次和能效资料完整。,low,PASS,
EA-CHA-01140,val,charger,随配GaN 100充电器,氮化镓快充充电器,随配,GaN 100,,B2025-140,false,false,,partial,CCC-CH-01140,Level 1,limited,东莞质量评估站,pass,,true,,true,,抽检结果为合格 性能 输出和绝缘测试均符合要求,low,PASS,
EA-CHA-01141,val,charger,速充Mini 33充电器,官方翻新原装适配充电器,速充,Mini 33,,B2026-141,false,true,,full,CCC-CH-01141,Level 2,compliant,广州电子检验所,conditional_pass,,true,A,true,true,检测意见为有条件合格 需人工确认备注项是否已在商品页披露,medium,REVIEW,
EA-CHA-01142,val,charger,稳电C20充电器,多协议兼容充电器,稳电,C20,,B2025-142,false,false,,full,,Level 1,compliant,苏州声学检测中心,fail,,true,,true,,设备身份信息无法核验 且存在异常发热记录 不应上架,high,FAIL,missing_ccc_information
EA-CHA-01143,val,charger,闪擎Mini 33充电器,便携小巧充电器,闪擎,Mini 33,,B2026-143,false,false,,full,CCC-CH-01143,Level 1,compliant,东莞质量评估站,pass,,true,,true,,抽检结果为合格 性能 输出和绝缘测试均符合要求 证书、批次和能效资料完整。,low,PASS,
EA-CHA-01144,val,charger,速充Fast 67充电器,便携小巧充电器,速充,Fast 67,,B2025-144,false,false,,full,CCC-CH-01144,Level 1,compliant,苏州声学检测中心,fail,,false,,true,,关键功能测试失败 且复测结果仍异常 不满足流通要求 Model code in report does not match seller declaration.,high,FAIL,battery_safety_concern
EA-CHA-01145,val,charger,闪擎Fast 67充电器,便携小巧充电器,闪擎,Fast 67,,B2026-145,false,false,,partial,CCC-CH-01145,Level 1,compliant,北京电子产品检测所,conditional_pass,,true,,true,,包装封签存在重新整理痕迹 样机主要功能正常 建议人工抽检 个别备注项需人工判断是否影响销售结论。,medium,REVIEW,
EA-CHA-01146,val,charger,随配GaN 100充电器,多协议兼容充电器,随配,GaN 100,,B2025-146,false,false,,partial,CCC-CH-01146,Level 1,compliant,苏州声学检测中心,fail,,true,,true,,来源证明不足，包装与铭牌信息存在异常，疑似仿冒或未经授权产品。,high,FAIL,suspected_counterfeit
EA-CHA-01147,val,charger,随配W45充电器,高功率输出充电器,随配,W45,,B2026-147,false,false,,partial,CCC-CH-01147,Level 1,compliant,苏州声学检测中心,fail,,true,,false,,关键功能测试失败，复测仍异常，不满足流通要求。 Result: pass under normal operating conditions.,high,FAIL,
EA-CHA-01148,val,charger,速充FC65充电器,高功率输出充电器,速充,FC65,,B2025-148,false,false,,full,CCC-CH-01148,Level 1,limited,杭州电子检测站,pass,,true,,true,,连续运行测试通过 结构完好 未见异常发热和风险点 备注：包装文字与申报信息需人工核对。,low,PASS,
EA-CHA-01149,val,charger,稳电Fast 67充电器,氮化镓快充充电器,稳电,Fast 67,,B2026-149,false,false,,partial,CCC-CH-01149,Level 2,compliant,苏州声学检测中心,conditional_pass,,true,,true,,环境或能效信息不够完整 建议核对补充资料后再放行 封签或包装存在重新整理迹象。,medium,REVIEW,
EA-CHA-01150,val,charger,速充FC65充电器,氮化镓快充充电器,速充,FC65,,B2025-150,false,false,,partial,CCC-CH-01150,Level 2,limited,平台复核,conditional_pass,,true,,true,,基础检测通过 但报告内容较简略 建议复核附件与证书映射关系,medium,REVIEW,
EA-CHA-01151,val,charger,随配C20充电器,氮化镓快充充电器,随配,C20,,B2026-151,false,false,,partial,CCC-CH-01151,Level 1,limited,南京消费品检测院,conditional_pass,,true,,true,,包 装封签存在重新整理痕迹 样机主要功能正常 建议人工抽检 个别备注项需人工判断是否影响销售结论,medium,REVIEW,
EA-CHA-01152,val,charger,稳电Mini 33充电器,二手氮化镓快充充电器,稳电,Mini 33,,B2025-152,true,false,,full,CCC-CH-01152,Level 2,limited,北京电子产品检测所,conditional_pass,,true,A,true,true,包装封签存在重新整理痕迹 样机主要功能正常 建议人工抽检,medium,REVIEW,
EA-CHA-01153,val,charger,能核GaN 100充电器,官方翻新氮化镓快充充电器,能核,GaN 100,,B2026-153,false,true,,partial,CCC-CH-01153,Level 2,compliant,上海质量检测院,conditional_pass,,true,B,true,true,包 装封签存在重新整理痕迹 样机主要功能正常 建议人 工抽检 Model code in report does not match seller declaration.,medium,REVIEW,
EA-CHA-01154,val,charger,随配FC65充电器,便携小巧充电器,随配,FC65,,B2025-154,false,false,,partial,CCC-CH-01154,Level 1,compliant,深圳质检中心,conditional_pass,,true,,true,,已检测 基本可用 建议人工复核。,medium,REVIEW,
EA-CHA-01155,val,charger,闪擎GaN 100充电器,氮化镓快充充电器,闪擎,GaN 100,,B2026-155,false,false,,full,CCC-CH-01155,Level 1,limited,成都电子检测中心,conditional_pass,,true,,true,,翻新记录已声明 样机功能正常 建议带翻新标识销售并人工复核详情 封签或包装存在重新整理迹象。,medium,REVIEW,
EA-CHA-01156,val,charger,随配W45充电器,便携小巧充电器,随配,W45,,B2025-156,false,false,,full,,Level 2,compliant,杭州电子检测站,fail,,true,,true,,检测完成，建议复核。,high,FAIL,missing_ccc_information
EA-CHA-01157,val,charger,随配GaN 100充电器,原装适配充电器,随配,GaN 100,,B2026-157,false,false,,full,CCC-CH-01157,Level 2,compliant,深圳质检中心,pass,,true,,true,,实验室记录显示设备在标准工况下工作稳定 未发现异常告警 连续运行24小时未发现掉线、死机或输出波动。,low,PASS,
EA-CHA-01158,val,charger,随配Mini 33充电器,便携小巧充电器,随配,Mini 33,,B2025-158,false,false,,full,CCC-CH-01158,Level 1,compliant,南京消费品检测院,pass,,true,,true,,抽检结果为合格 性能 输出和绝缘测试均符合要求 包装、铭牌与申报信息一致。,low,PASS,
EA-CHA-01159,val,charger,能核W45充电器,官方翻新原装适配充电器,能核,W45,,B2026-159,false,true,,full,CCC-CH-01159,Level 1,compliant,上海质量检测院,conditional_pass,,true,A,true,true,包装封签存在重新整理痕迹 样机主要功能正常 建议人 工抽检 Observed thermal issue during repeated charging cycle.,medium,REVIEW,
EA-CHA-01160,val,charger,能核Mini 33充电器,原装适配充电器,能核,Mini 33,,B2025-160,false,false,,full,CCC-CH-01160,Level 1,compliant,上海质量检测院,fail,,true,,true,,来源证明不足，包装与铭牌信息存在异常，疑似仿冒或未经授权产品。,high,FAIL,suspected_counterfeit
EA-CHA-01161,val,charger,随配Fast 67充电器,原装适配充电器,随配,Fast 67,,B2026-161,false,false,,partial,CCC-CH-01161,Level 2,compliant,北京电子产品检测所,pass,,true,,true,,检测报告显示整机功能正常 各项安全与稳定性测试合格 可正常销售 连续运行24小时未发现掉线、死机或输出波动。,low,PASS,
EA-CHA-01162,val,charger,速充Mini 33充电器,原装适配充电器,速充,Mini 33,,B2025-162,false,false,,full,CCC-CH-01162,Level 2,unknown,苏州声学检测中心,conditional_pass,,true,,true,,翻新记录已声明 样机功能正常 建议带翻新标识销售并人工复核详情,medium,REVIEW,
EA-CHA-01163,val,charger,能核GaN 100充电器,氮化镓快充充电器,能核,GaN 100,,B2026-163,false,false,,full,CCC-CH-01163,Level 1,compliant,南京消费品检测院,pass,,true,,true,,实验室记录显示设备在标准工况下工作稳定 未发现异常告警 证书、批次和能效资料完整,low,PASS,
EA-CHA-01164,val,charger,能核W45充电器,卖家宣称全新未拆封，多协议兼容充电器,能核,W45,,B2025-164,false,true,,partial,CCC-CH-01164,Level 2,compliant,苏州声学检测中心,fail,,true,B,true,false,高温或耐压测试未通过 存在安全隐患 应直接拦截,high,FAIL,undisclosed_refurbished_status
EA-CHA-01165,test,charger,稳电W45充电器,便携小巧充电器,稳电,W45,,B2026-165,false,false,,partial,CCC-CH-01165,Level 1,compliant,杭州电子检测站,fail,,false,,true,,来源证明不足 外包装与铭牌信息异常 疑似仿冒或未经授权产品,high,FAIL,battery_safety_concern
EA-CHA-01166,test,charger,稳电C20充电器,便携小巧充电器,稳电,C20,,B2025-166,false,false,,partial,CCC-CH-01166,Level 1,limited,杭州电子检测站,conditional_pass,,true,,true,,已检測 基本可用 建议人 工复核。 Result: pass under normal operating conditions.,medium,REVIEW,
EA-CHA-01167,test,charger,稳电W45充电器,氮化镓快充充电器,稳电,W45,,B2026-167,false,false,,full,CCC-CH-01167,Level 1,limited,上海质量检测院,conditional_pass,,true,,true,,环境或能效信息不够完整 建议核对补充资料后再放行 封签或包 装存在重新整理迹象。,medium,REVIEW,
EA-CHA-01168,test,charger,速充GaN 100充电器,氮化镓快充充电器,速充,GaN 100,,B2025-168,false,false,,partial,CCC-CH-01168,Level 2,limited,深圳质检中心,conditional_pass,,true,,true,,功能测试可用 外观存在轻微磨损 建议人工确认页面说明与成色描述 系统初判可流通，但建议人工再核验。,medium,REVIEW,
EA-CHA-01169,test,charger,闪擎Fast 67充电器,便携小巧充电器,闪擎,Fast 67,,B2026-169,false,false,,full,CCC-CH-01169,Level 2,compliant,南京消费品检测院,pass,,true,,true,,抽检结果为合格 性能 输出和绝缘测试均符合要求 连续运行24小时未发现掉线、死机或输出波动。,low,PASS,
EA-CHA-01170,test,charger,能核C20充电器,二手高功率输出充电器,能核,C20,,B2025-170,true,false,,full,CCC-CH-01170,Level 2,compliant,东莞质量评估站,conditional_pass,,true,B,true,true,检测意见为有条件合格 需人工确认备注项是否已在商品页披露,medium,REVIEW,
EA-CHA-01171,test,charger,随配GaN 100充电器,原装适配充电器,随配,GaN 100,,B2026-171,false,true,,partial,CCC-CH-01171,Level 1,compliant,深圳质检中心,fail,,true,C,true,false,报告中标注型号与申报型号不一致 存在套证或错报风险,high,FAIL,undisclosed_refurbished_status
EA-CHA-01172,test,charger,速充Fast 67充电器,便携小巧充电器,速充,Fast 67,,B2025-172,false,false,,partial,CCC-CH-01172,Level 2,limited,苏州声学检测中心,fail,,false,,true,,关键功能测试失败 且复测结果仍异常 不满足流通要求,high,FAIL,battery_safety_concern
EA-CHA-01173,test,charger,速充FC65充电器,便携小巧充电器,速充,FC65,,B2026-173,false,false,,partial,CCC-CH-01173,Level 2,compliant,苏州声学检测中心,conditional_pass,,true,,true,,环境或能效信息不够完整 建议核对补充资料后再放行 封签或包 装存在重新整理迹象  Observed thermal issue during repeated charging cycle.,medium,REVIEW,
EA-CHA-01174,test,charger,速充FC65充电器,便携小巧充电器,速充,FC65,,B2025-174,false,false,,full,CCC-CH-01174,Level 2,compliant,北京电子产品检测所,pass,,true,,true,,连续运行测试通过 结构完好 未见异常发热和风险点 包装、铭牌与申报信息一致。,low,PASS,
EA-CHA-01175,test,charger,稳电FC65充电器,原装适配充电器,稳电,FC65,,B2026-175,false,false,,full,CCC-CH-01175,Level 1,compliant,广州电子检验所,pass,,true,,true,,样机经检测符合标准 关键部件状态正常 可上市流通 证书、批次和能效资料完整。,low,PASS,
EA-CHA-01176,test,charger,能核Mini 33充电器,高功率输出充电器,能核,Mini 33,,B2025-176,false,false,,full,CCC-CH-01176,Level 2,limited,成都电子检测中心,pass,,true,,true,,抽检结果为合格 性能 输出和绝缘测试均符合要求,low,PASS,
EA-CHA-01177,test,charger,稳电FC65充电器,多协议兼容充电器,稳电,FC65,,,false,false,,full,,Level 1,compliant,外部资料摘录,fail,,true,,true,,报告中标注型号与申报型号不一致 存在套证或错报風险,high,FAIL,missing_ccc_information
EA-CHA-01178,test,charger,随配FC65充电器,多协议兼容充电器,随配,FC65,,B2025-178,false,false,,partial,CCC-CH-01178,Level 2,compliant,深圳质检中心,pass,,true,,true,,连续运行测试通过 结构完好 未见异常发热和风险点 包装、铭牌与申报信息一致。,low,PASS,
EA-CHA-01179,test,charger,能核GaN 100充电器,氮化镓快,能核,GaN 100,,B2026-179,false,false,,full,CCC-CH-01179,Level 1,compliant,成都电子检测中心,pass,,true,,true,,抽检结果为合格 性能 输出和绝缘测试均符合要求 证书、批次和能效资料完整。 Observed thermal issue during repeated charging cycle.,low,PASS,
EA-CHA-01180,test,charger,随配FC65充电器,便携小巧充电器,随配,FC65,,B2025-180,false,false,,full,CCC-CH-01180,Level 1,compliant,深圳质检中心,fail,,true,,true,,报告中标注型号为Fast 67，与申报型号FC65不一致，存在套证或错报风险。,high,FAIL,report_model_mismatch
EA-CHA-01181,test,charger,速充W45充电器,原装适配充电器,速充,W45,,B2026-181,false,false,,partial,CCC-CH-01181,Level 2,compliant,苏州声学检测中心,pass,,true,,true,,连续运行测试通过 结构完好 未见异常发热和风险点 连续运行24小时未发现掉线、死机或输出波动。,low,PASS,
EA-CHA-01182,test,charger,速充Fast 67充电器,便携小巧充电器,速充,Fast 67,,B2025-182,false,false,,partial,CCC-CH-01182,Level 2,limited,苏州声学检测中心,fail,,true,,false,,关键功能测试失败，复测仍异常，不满足流通要求。,high,FAIL,
EA-CHA-01183,test,charger,随配W45充电器,原装适配充电器,随配,W45,,B2026-183,false,false,,full,CCC-CH-01183,Level 1,compliant,广州电子检验所,pass,,true,,true,,实验室记录显示设备在标准工况下工作稳定 未发现异常告警 证书、批次和能效资料完整,low,PASS,
EA-CHA-01184,test,charger,能核W45充电器,高功率输出充电器,能核,W45,,,false,false,,full,CCC-CH-01184,Level 1,compliant,北京电子产品检测所,pass,,true,,true,,抽检结果为合格 性能 输出和绝缘测试均符合要求,low,PASS,
EA-CHA-01185,test,charger,随配Fast 67充电器,氮化镓快充充电器,随配,Fast 67,,B2026-185,false,false,,partial,CCC-CH-01185,Level 2,limited,东莞质量评估站,conditional_pass,,true,,true,,功能测试可用 外观存在轻微磨损 建议人工确认页面说明与成色描述 封签或包 装存在重新整理迹象。 系统初判可流通，但建议人工再核验。,medium,REVIEW,
EA-CHA-01186,test,charger,能核Fast 67充电器,氮化镓快充充电器,能核,Fast 67,,B2025-186,false,false,,full,CCC-CH-01186,Level 1,limited,苏州声学检测中心,pass,,true,,true,,检测完成，建议复核。,low,PASS,
EA-CHA-01187,test,charger,能核FC65充电器,高功率输出充电器,能核,FC65,,B2026-187,false,false,,partial,CCC-CH-01187,Level 1,compliant,深圳质检中心,pass,,true,,true,,检测报告显示整机功能正常 各项安全与稳定性测试合格 可正常销售 证书、批次和能效资料完整。,low,PASS,
EA-CHA-01188,test,charger,稳电Mini 33充电器,二手原装适配充电器,稳电,Mini 33,,B2025-188,true,false,,full,CCC-CH-01188,Level 2,compliant,东莞质量评估站,conditional_pass,,true,B,true,true,功能测试可用 外观存在轻微磨损 建议人工确认页面说明与成色描述,medium,REVIEW,
EA-CHA-01189,test,charger,稳电C20充电器,便携小巧充电器,稳电,C20,,B2026-189,false,false,,full,CCC-CH-01189,Level 1,compliant,成都电子检测中心,pass,,true,,true,,pass / low / charger Result: pass under normal operating conditions.,low,PASS,
EA-CHA-01190,test,charger,速充Mini 33充电器,氮化镓快充充电器,速充,Mini 33,,B2025-190,false,false,,partial,CCC-CH-01190,Level 1,compliant,第三方送检,pass,,true,,true,,抽检结果为合格 性能 输出和绝缘测试均符合要求 包装、铭牌与申报信息一致。,low,PASS,
EA-CHA-01191,test,charger,能核W45充电器,高功率输出充电器,能核,W45,,B2026-191,false,false,,partial,CCC-CH-01191,Level 1,limited,杭州电子检测站,conditional_pass,,true,,true,,包装封签存在重新整理痕迹 样机主要功能正常 建议人工抽检 封签或包装存在重新整理迹象。,medium,REVIEW,
EA-CHA-01192,test,charger,随配Mini 33充电器,多协议兼容充电器,随配,Mini 33,,B2025-192,false,false,,full,CCC-CH-01192,Level 2,compliant,广州电子检验所,pass,,true,,true,,检测报告显示整机功能正常 各项安全与稳定性测试合格 可正常销售,low,PASS,
EA-CHA-01193,test,charger,闪擎FC65充电器,原装适配充电器,闪擎,FC65,,B2026-193,false,false,,partial,CCC-CH-01193,Level 1,limited,成都电子检测中心,conditional_pass,,true,,true,,检测意见为有条件合格 需人工确认备注项是否已在商品页披露 个别备注项需人工判断是否影响销售结论。,medium,REVIEW,
EA-CHA-01194,test,charger,能核C20充电器,氮化镓快充充电器,能核,C20,,B2025-194,false,false,,partial,CCC-CH-01194,Level 1,compliant,北京电子产品检测所,fail,,true,,true,,报告中标注型号为GaN 100，与申报型号C20不一致，存在套证或错报风险。,high,FAIL,report_model_mismatch
EA-CHA-01195,test,charger,能核Mini 33充电器,多协议兼,能核,Mini 33,,B2026-195,false,false,,partial,CCC-CH-01195,Level 2,limited,成都电子检测中心,fail,,true,,true,,来源证明不足，包装与铭牌信息存在异常，疑似仿冒或未经授权产品。,high,FAIL,suspected_counterfeit
EA-CHA-01196,test,charger,能核W45充电器,氮化镓快充充电器,能核,W45,,B2025-196,false,false,,full,CCC-CH-01196,Level 1,compliant,北京电子产品检测所,conditional_pass,,true,,true,,已检测 基本可用 建议人工复核。,medium,REVIEW,
EA-CHA-01197,test,charger,随配GaN 100充电器,氮化镓快充充电器,随配,GaN 100,,B2026-197,false,false,,partial,CCC-CH-01197,Level 2,compliant,广州电子检验所,pass,,true,,true,,样机经检测符合标准 关键部件状态正常 可上市流通 连续运行24小时未发现掉线、死机或输出波动。,low,PASS,
EA-CHA-01198,test,charger,速充Mini 33充电器,高功率输,速充,Mini 33,,B2025-198,false,false,,partial,CCC-CH-01198,Level 3,unknown,北京电子产品检测所,conditional_pass,,true,,true,,基础检测通过 但报告内容较简略 建议复核附件与证书映射关系,medium,REVIEW,
EA-CHA-01199,test,charger,随配C20充电器,多协议兼容充电器,随配,C20,,B2026-199,false,false,,full,CCC-CH-01199,Level 1,compliant,东莞质量评估站,pass,,true,,true,,样机经检测符合标准 关键部件状态正常 可上市流通 证书、批次和能效资料完整,low,PASS,
EA-CHA-01200,test,charger,闪擎Fast 67充电器,原装适配充电器,闪擎,Fast 67,,B2025-200,false,false,,full,CCC-CH-01200,Level 2,compliant,深圳质检中心,pass,,true,,true,,检测报告显示整机功能正常 各项安全与稳定性测试合格 可正常销售,low,PASS,
EA-POW-01201,train,power_bank,随行PB20充电宝,快充支持,随行,PB20,,B2026-201,false,false,98,partial,CCC-PB-01201,Level 1,compliant,北京电子产品检测所,fail,true,,,true,,报告中标注型号为Mini，与申报型号PB20不一致，存在套证或错报风险。,high,FAIL,report_model_mismatch
EA-POW-01202,train,power_bank,电量MaxPB10充电宝,轻薄便携充电宝,电量Max,PB10,,B2025-202,false,false,89,full,CCC-PB-01202,Level 1,limited,广州电子检验所,pass,true,,,true,,见附件。,low,PASS,
EA-POW-01203,train,power_bank,能格Slim 12充电宝,大容量充电宝,能格,Slim 12,,B2026-203,false,false,90,full,CCC-PB-01203,Level 2,compliant,南京消费品检测院,fail,true,,,false,,"关键功能测试失败, 复测仍异常, 不满足流通要求",high,FAIL,
EA-POW-01204,train,power_bank,电量MaxTravel 30充电宝,大容量充电宝,电量Max,Travel 30,,B2025-204,false,false,90,full,CCC-PB-01204,Level 2,limited,深圳质检中心,conditional_pass,true,,,true,,基础检测通过 但报告内容较简略 建议复核附件与证书映射关系,medium,REVIEW,
EA-POW-01205,train,power_bank,电量MaxGo 22充电宝,快充支持充电宝,电量Max,Go 22,,B2026-205,false,false,100,partial,CCC-PB-01205,Level 1,limited,东莞质量评估站,conditional_pass,true,,,true,,环境或能效信息不够完整 建议核对补充资料后再放行 个别备注项需人工判断是否影响销售结论。 系统初判可流通，但建议人工再核验。,medium,REVIEW,
EA-POW-01206,train,power_bank,便携Mini充电宝,轻薄便携充电宝,便携,Mini,,B2025-206,false,false,92,full,CCC-PB-01206,Level 1,compliant,成都电子检测中心,pass,true,,,true,,检测报告显示整机功能正常 各项安全与稳定性测试合格 可正常销售 包装、铭牌与申报信息一致,low,PASS,
EA-POW-01207,train,power_bank,能格PB20充电宝,官方翻新轻薄便携充电宝,能格,PB20,,B2026-207,false,true,81,partial,CCC-PB-01207,Level 1,compliant,杭州电子检测站,conditional_pass,true,,B,true,true,见附件。,medium,REVIEW,
EA-POW-01208,train,power_bank,随行Travel 30充电宝,轻薄便携充电宝,随行,Travel 30,,B2025-208,false,false,98,partial,CCC-PB-01208,Level 2,limited,深圳质检中心,conditional_pass,true,,,true,,已检测 基本可用 建议人工复核。,medium,REVIEW,
EA-POW-01209,train,power_bank,电量MaxPB10充电宝,大容量充电宝,电量Max,PB10,,B2026-209,false,false,98,full,CCC-PB-01209,Level 2,limited,东莞质量评估站,conditional_pass,true,,,true,,包装封签存在重新整理痕迹 样机主要功能正常 建议人工抽检 封签或包装存在重新整理迹象。,medium,REVIEW,
EA-POW-01210,train,power_bank,能格Slim 12充电宝,轻薄便携充电宝,能格,Slim 12,,B2025-210,false,false,99,full,CCC-PB-01210,Level 2,compliant,南京消费品检测院,pass,true,,,true,,实验室记录显示设备在标准工况下工作稳定 未发现异常告警 包装、铭牌与申报信息一致。,low,PASS,
EA-POW-01211,train,power_bank,电量MaxTravel 30充电宝,大容量充电宝,电量Max,Travel 30,,B2026-211,false,false,99,partial,,Level 1,limited,南京消费品检测院,fail,false,,,true,,关键功能测试失败 且复测结果仍异常 不满足流通要求,high,FAIL,missing_ccc_information|battery_safety_concern
EA-POW-01212,train,power_bank,便携Travel 30充电宝,二手快充支持充电宝,便携,Travel 30,,B2025-212,true,false,90,full,CCC-PB-01212,Level 1,compliant,上海质量检测院,conditional_pass,true,,B,true,true,功能测试可用 外观存在轻微磨损 建议人工确认页面说明与成色描述,medium,REVIEW,
EA-POW-01213,train,power_bank,便携Mini充电宝,移动电源充电宝,便携,Mini,,B2026-213,false,true,96,full,CCC-PB-01213,Level 1,compliant,南京消费品检测院,fail,true,,B,true,false,翻新和维修痕迹明显 但未完整披露整备历史 風险较高,high,FAIL,undisclosed_refurbished_status
EA-POW-01214,train,power_bank,能格Slim 12充电宝,轻薄便携充电宝,能格,Slim 12,,B2025-214,false,false,92,partial,CCC-PB-01214,Level 1,limited,杭州电子检测站,pass,true,,,true,,连续运行测试通过 结构完好 未见异常发热和风险点 包装、铭牌与申报信息一致。,low,PASS,
EA-POW-01215,train,power_bank,随行Mini充电宝,快充支持充电宝,随行,Mini,,B2026-215,false,false,93,partial,CCC-PB-01215,Level 1,compliant,上海质量检测院,conditional_pass,true,,,true,,包 装封签存在重新整理痕迹 样机主要功能正常 建议人工抽检 封签或包装存在重新整理迹象,medium,REVIEW,
EA-POW-01216,train,power_bank,随行PB10充电宝,大容量充电宝,随行,PB10,,B2025-216,false,false,96,partial,CCC-PB-01216,Level 2,compliant,深圳质检中心,pass,true,,,true,,实验室记录显示设备在标准工况下工作稳定 未发现异常告警,low,PASS,
EA-POW-01217,train,power_bank,航电Travel 30充电宝,日常通勤充电宝,航电,Travel 30,,B2026-217,false,false,91,full,CCC-PB-01217,Level 1,limited,南京消费品检测院,conditional_pass,true,,,true,,包装封签存在重新整理痕迹 样机主要功能正常 建议人工抽检 个别备注项需人工判断是否影响销售结论。,medium,REVIEW,
EA-POW-01218,train,power_bank,便携Slim 12充电宝,二手大容量充电宝,便携,Slim 12,,B2025-218,true,false,85,partial,CCC-PB-01218,Level 1,compliant,南京消费品检测院,conditional_pass,true,,A,true,true,检测意见为有条件合格 需人工确认备注项是否已在商品页披露,medium,REVIEW,
EA-POW-01219,train,power_bank,随行Slim 12充电宝,官方翻新日常通勤充电宝,随行,Slim 12,,B2026-219,false,true,88,partial,CCC-PB-01219,Level 1,limited,上海质量检测院,conditional_pass,true,,A,true,true,检测意见为有条件合格 需人工确认备注项是否已在商品页披露,medium,REVIEW,
EA-POW-01220,train,power_bank,随行Slim 12充电宝,快充支持充电宝,随行,Slim 12,,B2025-220,false,false,90,partial,CCC-PB-01220,Level 2,compliant,广州电子检验所,conditional_pass,true,,,true,,已检测 基本可用 建议人工复核。,medium,REVIEW,
EA-POW-01221,train,power_bank,电量MaxTravel 30充电宝,轻薄便携充电宝,电量Max,Travel 30,,B2026-221,false,false,73,partial,CCC-PB-01221,Level 1,limited,上海质量检测院,fail,false,,,true,,检测完成，建议复核。,high,FAIL,battery_safety_concern
EA-POW-01222,train,power_bank,便携Slim 12充电宝,快充支持充电宝,便携,Slim 12,,B2025-222,false,false,100,partial,CCC-PB-01222,Level 2,limited,苏州声学检测中心,fail,true,,,true,,报告中标注型号为Go 22，与申报型号Slim 12不一致，存在套证或错报风险。 初次送检摘要写为合格，复核后已修正为不合格。,high,FAIL,report_model_mismatch
EA-POW-01223,train,power_bank,航电PB10充电宝,日常通勤充电宝,航电,PB10,,B2026-223,false,false,93,partial,CCC-PB-01223,Level 1,compliant,成都电子检测中心,fail,true,,,true,,来源证明不足，包装与铭牌信息存在异常，疑似仿冒或未经授权产品。,high,FAIL,suspected_counterfeit
EA-POW-01224,train,power_bank,能格PB10充电宝,大容量充电宝,能格,PB10,,B2025-224,false,false,91,partial,CCC-PB-01224,Level 2,limited,广州电子检验所,pass,true,,,true,,抽检结果为合格 性能 输出和绝缘测试均符合要求,low,PASS,
EA-POW-01225,train,power_bank,便携Slim 12充电宝,轻薄便携充电宝,便携,Slim 12,,B2026-225,false,false,96,full,CCC-PB-01225,Level 1,compliant,南京消费品检测院,pass,true,,,true,,实验室记录显示设备在标准工况下工作稳定 未发现异常告警 连续运行24小时未发现掉线、死机或输出波动。,low,PASS,
EA-POW-01226,train,power_bank,能格Go 22充电宝,日常通勤充电宝,能格,Go 22,,B2025-226,false,false,88,full,CCC-PB-01226,Level 2,compliant,上海质量检测院,pass,true,,,true,,连续运行测试通过 结构完好 未见异常发热和风险点 包 装、铭牌与申报信息一致,low,PASS,
EA-POW-01227,train,power_bank,电量MaxPB20充电宝,日常通勤充电宝,电量Max,PB20,,B2026-227,false,false,93,full,CCC-PB-01227,Level 1,compliant,广州电子检验所,pass,true,,,true,,见附件。,low,PASS,
EA-POW-01228,train,power_bank,便携Mini充电宝,轻薄便携充电宝,便携,Mini,,B2025-228,false,false,98,partial,CCC-PB-01228,Level 3,unknown,深圳质检中心,conditional_pass,true,,,true,,环境或能效信息不够完整 建 议核对补充资料后再放行,medium,REVIEW,
EA-POW-01229,train,power_bank,能格PB10充电宝,大容量充电宝,能格,PB10,,B2026-229,false,false,95,partial,CCC-PB-01229,Level 1,limited,深圳质检中心,pass,true,,,true,,检测报告显示整机功能正常 各项安全与稳定性测试合格 可正常销售 连续运行24小时未发现掉线、死机或输出波动。,low,PASS,
EA-POW-01230,train,power_bank,便携Mini充电宝,快充支持充电宝,便携,Mini,,B2025-230,false,false,93,full,CCC-PB-01230,Level 1,compliant,苏州声学检测中心,pass,true,,,true,,连续运行测试通过 结构完好 未见异常发热和风险点 包装、铭牌与申报信息一致。 备注：包装文字与申报信息需人工核对。,low,PASS,
EA-POW-01231,train,power_bank,能格Mini充电宝,大容量充电宝,能格,Mini,,B2026-231,false,false,96,full,CCC-PB-01231,Level 1,limited,成都电子检测中心,fail,true,,,false,,关键功能测试失败，复测仍异常，不满足流通要求。 Manual review is recommended before release.,high,FAIL,
EA-POW-01232,train,power_bank,便携Travel 30充电宝,轻薄便携充电宝,便携,Travel 30,,B2025-232,false,false,96,partial,CCC-PB-01232,Level 1,compliant,成都电子检测中心,pass,true,,,true,,连续运行测试通过 结构完好 未见异常发热和风险点,low,PASS,
EA-POW-01233,train,power_bank,能格Go 22充电宝,轻薄便携充电宝,能格,Go 22,,B2026-233,false,false,90,partial,CCC-PB-01233,Level 2,compliant,南京消费品检测院,conditional_pass,true,,,true,,检测意见为有条件合格 需人 工确认备注项是否已在商品页披露 封签或包 装存在重新整理迹象。,medium,REVIEW,
EA-POW-01234,train,power_bank,电量MaxMini充电宝,快充支持充电宝,电量Max,Mini,,B2025-234,false,false,88,partial,CCC-PB-01234,Level 3,unknown,南京消费品检测院,conditional_pass,true,,,true,,基础检测通过 但报告内容较简略 建议复核附件与证书映射关系,medium,REVIEW,
EA-POW-01235,train,power_bank,航电PB10充电宝,移动电源充电宝,航电,PB10,,B2026-235,false,false,99,full,CCC-PB-01235,Level 1,compliant,广州电子检验所,pass,true,,,true,,样机经检测符合标准 关键部件状态正常 可上市流通 证书、批次和能效资料完整。,low,PASS,
EA-POW-01236,train,power_bank,便携Travel 30充电宝,移动电源充电宝,便携,Travel 30,,B2025-236,false,false,91,full,CCC-PB-01236,Level 1,compliant,北京电子产品检测所,pass,true,,,true,,连续运行测试通過 结构完好 未见异常发热和風险点,low,PASS,
EA-POW-01237,train,power_bank,能格Go 22充电宝,快充支持充电宝,能格,Go 22,,B2026-237,false,false,93,full,CCC-PB-01237,Level 2,limited,苏州声学检测中心,fail,true,,,true,,"来源证明不足, 包 装与铭牌信息存在异常, 疑似仿冒或未经授权产品  Model code in report does not match seller declaration.",high,FAIL,suspected_counterfeit
EA-POW-01238,train,power_bank,随行PB20充电宝,卖家宣称全新未拆封，大容量充电宝,随行,PB20,,B2025-238,false,false,89,partial,CCC-PB-01238,Level 2,compliant,苏州声学检测中心,fail,true,,,false,,关键功能测试失败，复测仍异常，不满足流通要求。,high,FAIL,
EA-POW-01239,train,power_bank,能格PB10充电宝,移动电源充电宝,能格,PB10,,B2026-239,false,false,88,full,CCC-PB-01239,Level 1,compliant,北京电子产品检测所,pass,true,,,true,,检测报告显示整机功能正常 各项安全与稳定性测试合格 可正常销售 证书、批次和能效资料完整。,low,PASS,
EA-POW-01240,train,power_bank,随行Mini充电宝,日常通勤充电宝,随行,Mini,,B2025-240,false,false,96,partial,CCC-PB-01240,Level 2,limited,上海质量检测院,pass,true,,,true,,样机经检測符合标准 关键部件状态正常 可上市流通 Manual review is recommended before release.,low,PASS,
EA-POW-01241,train,power_bank,能格Travel 30充电宝,快充支持充电宝,能格,Travel 30,,B2026-241,false,true,100,full,CCC-PB-01241,Level 2,limited,广州电子检验所,fail,true,,B,true,false,fail / high / power_bank,high,FAIL,undisclosed_refurbished_status
EA-POW-01242,train,power_bank,能格Travel 30充电宝,轻薄便携充电宝,能格,Travel 30,,B2025-242,false,false,88,partial,CCC-PB-01242,Level 2,limited,苏州声学检测中心,pass,true,,,true,,检测报告显示整机功能正常 各项安全与稳定性测试合格 可正常销售 包装、铭牌与申报信息一致。,low,PASS,
EA-POW-01243,train,power_bank,便携PB10充电宝,快充支持充电宝,便携,PB10,,B2026-243,false,false,91,partial,CCC-PB-01243,Level 1,limited,杭州电子检测站,fail,true,,,true,,报告中标注型号为Go 22，与申报型号PB10不一致，存在套证或错报风险。,high,FAIL,report_model_mismatch
EA-POW-01244,train,power_bank,便携Slim 12充电宝,快充支持充电宝,便携,Slim 12,,B2025-244,false,false,92,partial,CCC-PB-01244,Level 2,compliant,东莞质量评估站,pass,true,,,true,,检测报告显示整机功能正常 各项安全与稳定性测试合格 可正常销售,low,PASS,
EA-POW-01245,train,power_bank,能格Slim 12充电宝,移动电源充电宝,能格,Slim 12,,B2026-245,false,false,92,full,CCC-PB-01245,Level 2,limited,南京消费品检测院,fail,true,,,false,,关键功能测试失败，复测仍异常，不满足流通要求。,high,FAIL,
EA-POW-01246,train,power_bank,电量MaxTravel 30充电宝,大容量充电宝,电量Max,Travel 30,,B2025-246,false,false,89,partial,,Level 1,limited,东莞质量评估站,fail,false,,,true,,翻新和维修痕迹明显 但未完整披露整备历史 风险较高,high,FAIL,missing_ccc_information|battery_safety_concern
EA-POW-01247,train,power_bank,电量MaxPB20充电宝,日常通勤充电宝,电量Max,PB20,,B2026-247,false,false,92,full,CCC-PB-01247,Level 1,limited,广州电子检验所,conditional_pass,true,,,true,,包装封签存在重新整理痕迹 样机主要功能正常 建议人工抽检 个别备注项需人工判断是否影响销售结论。,medium,REVIEW,
EA-POW-01248,train,power_bank,航电PB10充电宝,二手大容量充电宝,航电,PB10,,B2025-248,true,false,81,full,CCC-PB-01248,Level 2,limited,上海质量检测院,conditional_pass,true,,A,true,true,检测意见为有条件合格 需人工确认备注项是否已在商品页披露,medium,REVIEW,
EA-POW-01249,train,power_bank,航电Mini充电宝,官方翻新移动电源充电宝,航电,Mini,,B2026-249,false,true,85,partial,CCC-PB-01249,Level 1,limited,苏州声学检测中心,conditional_pass,true,,A,true,true,翻新记录已声明 样机功能正常 建议带翻新标识销售并人工复核详情,medium,REVIEW,
EA-POW-01250,train,power_bank,航电Slim 12充电宝,快充支持,航电,Slim 12,,B2025-250,false,false,93,partial,CCC-PB-01250,Level 2,compliant,南京消费品检测院,fail,true,,,true,,"报告中标注型号为Mini, 与申报型号Slim 12不一致, 存在套证或错报風险  Result: pass under normal operating conditions.",high,FAIL,report_model_mismatch
EA-POW-01251,train,power_bank,随行PB20充电宝,快充支持充电宝,随行,PB20,,B2026-251,false,false,97,partial,CCC-PB-01251,Level 1,compliant,东莞质量评估站,pass,true,,,true,,检测报告显示整机功能正常 各项安全与稳定性测试合格 可正常销售 证书、批次和能效资料完整。,low,PASS,
EA-POW-01252,train,power_bank,电量MaxGo 22充电宝,移动电源充电宝,电量Max,Go 22,,B2025-252,false,false,90,full,CCC-PB-01252,Level 1,compliant,南京消费品检测院,pass,true,,,true,,抽检结果为合格 性能 输出和绝缘测试均符合要求,low,PASS,
EA-POW-01253,train,power_bank,便携PB20充电宝,轻薄便携充电宝,便携,PB20,,B2026-253,false,false,98,full,CCC-PB-01253,Level 1,compliant,深圳质检中心,conditional_pass,true,,,true,,翻新记录已声明 样机功能正常 建 议带翻新标识销售并人 工复核详情 个别备注项需人工判断是否影响销售结论。,medium,REVIEW,
EA-POW-01254,train,power_bank,能格PB20充电宝,日常通勤充电宝,能格,PB20,,B2025-254,false,false,96,partial,CCC-PB-01254,Level 2,compliant,广州电子检验所,pass,true,,,true,,样机经检测符合标准 关键部件状态正常 可上市流通 包装、铭牌与申报信息一致。,low,PASS,
EA-POW-01255,train,power_bank,能格Slim 12充电宝,官方翻新日常通勤充电宝,能格,Slim 12,,B2026-255,false,true,82,full,CCC-PB-01255,Level 1,limited,南京消费品检测院,conditional_pass,true,,A,true,true,基础检测通过 但报告内容较简略 建议复核附件与证书映射关系,medium,REVIEW,
EA-POW-01256,train,power_bank,便携PB10充电宝,大容量充电宝,便携,PB10,,B2025-256,false,false,98,full,CCC-PB-01256,Level 2,compliant,杭州电子检测站,pass,true,,,true,,检测报告显示整机功能正常 各项安全与稳定性测试合格 可正常销售 Result: pass under normal operating conditions.,low,PASS,
EA-POW-01257,train,power_bank,航电Travel 30充电宝,快充支持充电宝,航电,Travel 30,,B2026-257,false,false,96,full,CCC-PB-01257,Level 2,compliant,深圳质检中心,conditional_pass,true,,,true,,环境或能效信息不够完整 建议核对补充资料后再放行 封签或包 装存在重新整理迹象。 Result: pass under normal operating conditions.,medium,REVIEW,
EA-POW-01258,train,power_bank,航电Mini充电宝,快充支持充电宝,航电,Mini,,B2025-258,false,false,98,partial,CCC-PB-01258,Level 1,limited,北京电子产品检测所,pass,true,,,true,,连续运行测试通过 结构完好 未见异常发热和風险点 包装、铭牌与申报信息一致  Observed thermal issue during repeated charging cycle.,low,PASS,
EA-POW-01259,train,power_bank,航电Travel 30充电宝,快充支持充电宝,航电,Travel 30,,,false,false,94,partial,CCC-PB-01259,Level 1,compliant,成都电子检测中心,fail,true,,,false,,关键功能测试失败，复测仍异常，不满足流通要求。 初次送检摘要写为合格，复核后已修正为不合格。,high,FAIL,
EA-POW-01260,train,power_bank,能格PB20充电宝,日常通勤充电宝,能格,PB20,,B2025-260,false,false,96,full,,Level 1,compliant,杭州电子检测站,fail,false,,,true,,关键功能测试失败 且复测结果仍异常 不满足流通要求,high,FAIL,missing_ccc_information|battery_safety_concern
EA-POW-01261,train,power_bank,能格PB20充电宝,官方翻新快充支持充电宝,能格,PB20,,B2026-261,false,true,81,full,CCC-PB-01261,Level 2,compliant,深圳质检中心,conditional_pass,true,,A,true,true,基础检测通过 但报告内容较简略 建议复核附件与证书映射关系,medium,REVIEW,
EA-POW-01262,train,power_bank,电量MaxGo 22充电宝,移动电源充电宝,电量Max,Go 22,,B2025-262,false,false,92,partial,CCC-PB-01262,Level 1,limited,苏州声学检测中心,pass,true,,,true,,见附件。,low,PASS,
EA-POW-01263,train,power_bank,随行Travel 30充电宝,日常通勤充电宝,随行,Travel 30,,B2026-263,false,false,89,partial,CCC-PB-01263,Level 1,compliant,北京电子产品检测所,pass,true,,,true,,实验室记录显示设备在标准工况下工作稳定 未发现异常告警 证书、批次和能效资料完整。,low,PASS,
EA-POW-01264,train,power_bank,能格Mini充电宝,移动电源充电宝，卖家补充资料稍后上传,能格,Mini,,B2025-264,false,false,88,full,CCC-PB-01264,Level 2,compliant,上海质量检测院,pass,true,,,true,,检测报告显示整机功能正常 各项安全与稳定性测试合格 可正常销售,low,PASS,
EA-POW-01265,train,power_bank,便携Go 22充电宝,快充支持充电宝,便携,Go 22,,B2026-265,false,false,90,partial,CCC-PB-01265,Level 2,limited,成都电子检测中心,conditional_pass,true,,,true,,检测完成，建议复核。,medium,REVIEW,
EA-POW-01266,train,power_bank,电量MaxPB20充电宝,大容量充电宝,电量Max,PB20,,B2025-266,false,false,90,full,CCC-PB-01266,Level 1,limited,广州电子检验所,pass,true,,,true,,实验室记录显示设备在标准工况下工作稳定 未发现异常告警 包装、铭牌与申报信息一致。,low,PASS,
EA-POW-01267,train,power_bank,便携PB20充电宝,官方翻新快充支持充电宝,便携,PB20,,B2026-267,false,true,90,full,CCC-PB-01267,Level 1,limited,广州电子检验所,conditional_pass,true,,A,true,true,包装封签存在重新整理痕迹 样机主要功能正常 建议人工抽检,medium,REVIEW,
EA-POW-01268,train,power_bank,能格Slim 12充电宝,轻薄便携充电宝,能格,Slim 12,,B2025-268,false,false,99,partial,CCC-PB-01268,Level 1,compliant,东莞质量评估站,conditional_pass,true,,,true,,已检测 基本可用 建议人工复核。,medium,REVIEW,
EA-POW-01269,train,power_bank,能格Go 22充电宝,大容量充电宝,能格,Go 22,,B2026-269,false,false,89,partial,CCC-PB-01269,Level 1,limited,南京消费品检测院,conditional_pass,true,,,true,,翻新记录已声明 样机功能正常 建议带翻新标识销售并人工复核详情 封签或包装存在重新整理迹象。 备注：包装文字与申报信息需人工核对。,medium,REVIEW,
EA-POW-01270,train,power_bank,电量MaxMini充电宝,快充支持,电量Max,Mini,,B2025-270,false,false,90,full,CCC-PB-01270,Level 2,limited,广州电子检验所,pass,true,,,true,,实验室记录显示设备在标准工况下工作稳定 未发现异常告警 包装、铭牌与申报信息一致。,low,PASS,
EA-POW-01271,train,power_bank,随行Mini充电宝,大容量充电宝,随行,Mini,,B2026-271,false,false,95,partial,CCC-PB-01271,Level 1,compliant,苏州声学检测中心,fail,true,,,true,,报告中标注型号为Travel 30，与申报型号Mini不一致，存在套证或错报风险。,high,FAIL,report_model_mismatch
EA-POW-01272,train,power_bank,随行Mini充电宝,二手移动电源充电宝,随行,Mini,,B2025-272,true,false,88,full,CCC-PB-01272,Level 1,limited,上海质量检测院,conditional_pass,true,,A,true,true,检测意见为有条件合格 需人工确认备注项是否已在商品页披露 备注：包装文字与申报信息需人工核对。,medium,REVIEW,
EA-POW-01273,train,power_bank,航电Mini充电宝,快充支持充电宝,航电,Mini,,B2026-273,false,false,95,partial,CCC-PB-01273,Level 2,compliant,南京消费品检测院,pass,true,,,true,,检测完成，建议复核。,low,PASS,
EA-POW-01274,train,power_bank,航电PB20充电宝,日常通勤充电宝,航电,PB20,,B2025-274,false,false,97,full,,Level 2,compliant,上海质量检测院,fail,false,,,true,,检测中发现关键安全项未达标 不建议继续销售,high,FAIL,missing_ccc_information|battery_safety_concern
EA-POW-01275,train,power_bank,电量MaxTravel 30充电宝,日常通勤充电宝,电量Max,Travel 30,,B2026-275,false,false,93,partial,,Level 1,compliant,北京电子产品检测所,fail,true,,,true,,高温或耐压测试未通过 存在安全隐患 应直接拦截,high,FAIL,missing_ccc_information
EA-POW-01276,train,power_bank,电量MaxMini充电宝,日常通勤充电宝,电量Max,Mini,,B2025-276,false,false,97,partial,CCC-PB-01276,Level 3,limited,上海质量检测院,conditional_pass,true,,,true,,包装封签存在重新整理痕迹 样机主要功能正常 建议人工抽检,medium,REVIEW,
EA-POW-01277,train,power_bank,能格Slim 12充电宝,日常通勤充电宝,能格,Slim 12,,B2026-277,false,false,92,full,CCC-PB-01277,Level 2,limited,深圳质检中心,pass,true,,,true,,样机经检測符合标准 关键部件状态正常 可上市流通 连续运行24小时未发现掉线、死机或输出波动  Model code in report does not match seller declaration.,low,PASS,
EA-POW-01278,train,power_bank,随行Go 22充电宝,大容量充电宝,随行,Go 22,,B2025-278,false,false,91,full,CCC-PB-01278,Level 2,compliant,南京消费品检测院,fail,true,,,true,,fail / high / power_bank,high,FAIL,report_model_mismatch
EA-POW-01279,train,power_bank,航电Travel 30充电宝,快充支持充电宝,航电,Travel 30,,,false,false,92,full,CCC-PB-01279,Level 2,compliant,平台复核,fail,true,,,true,,来源证明不足，包 装与铭牌信息存在异常，疑似仿冒或未经授权产品。,high,FAIL,suspected_counterfeit
EA-POW-01280,train,power_bank,电量MaxGo 22充电宝,轻薄便携充电宝,电量Max,Go 22,,B2025-280,false,false,95,partial,CCC-PB-01280,Level 2,limited,东莞质量评估站,conditional_pass,true,,,true,,已检测 基本可用 建议人工复核。,medium,REVIEW,
EA-POW-01281,train,power_bank,便携Mini充电宝,日常通勤充电宝,便携,Mini,,B2026-281,false,false,91,full,CCC-PB-01281,Level 1,compliant,杭州电子检测站,conditional_pass,true,,,true,,conditional_pass / medium / power_bank,medium,REVIEW,
EA-POW-01282,train,power_bank,随行Slim 12充电宝,移动电源充电宝,随行,Slim 12,,B2025-282,false,false,100,full,CCC-PB-01282,Level 1,limited,北京电子产品检测所,pass,true,,,true,,实验室记录显示设备在标准工况下工作稳定 未发现异常告警 包装、铭牌与申报信息一致,low,PASS,
EA-POW-01283,train,power_bank,便携Go 22充电宝,移动电源充电宝,便携,Go 22,,B2026-283,false,false,99,partial,CCC-PB-01283,Level 1,limited,成都电子检测中心,conditional_pass,true,,,true,,见附件。,medium,REVIEW,
EA-POW-01284,train,power_bank,航电Mini充电宝,移动电源充电宝，卖家补充资料稍后上传,航电,Mini,,B2025-284,false,false,95,full,CCC-PB-01284,Level 2,compliant,北京电子产品检测所,pass,true,,,true,,检测报告显示整机功能正常 各项安全与稳定性测试合格 可正常销售,low,PASS,
EA-POW-01285,train,power_bank,电量MaxSlim 12充电宝,快充支持充电宝,电量Max,Slim 12,,B2026-285,false,false,89,full,CCC-PB-01285,Level 2,compliant,北京电子产品检测所,pass,true,,,true,,实验室记录显示设备在标准工况下工作稳定 未发现异常告警 连续运行24小时未发现掉线、死机或输出波动。,low,PASS,
EA-POW-01286,train,power_bank,便携PB10充电宝,轻薄便携充电宝,便携,PB10,,B2025-286,false,false,93,partial,CCC-PB-01286,Level 1,compliant,广州电子检验所,conditional_pass,true,,,true,,已检测 基本可用 建议人工复核。,medium,REVIEW,
EA-POW-01287,train,power_bank,随行Travel 30充电宝,日常通勤充电宝,随行,Travel 30,,B2026-287,false,false,92,partial,CCC-PB-01287,Level 1,limited,南京消费品检测院,conditional_pass,true,,,true,,功能测试可用 外观存在轻微磨损 建议人工确认页面说明与成色描述 封签或包装存在重新整理迹象。,medium,REVIEW,
EA-POW-01288,train,power_bank,便携Mini充电宝,移动电源充电宝,便携,Mini,,B2025-288,false,false,98,full,CCC-PB-01288,Level 2,limited,上海质量检测院,pass,true,,,true,,检测报告显示整机功能正常 各项安全与稳定性测试合格 可正常销售,low,PASS,
EA-POW-01289,train,power_bank,电量MaxTravel 30充电宝,移动电源充电宝,电量Max,Travel 30,,B2026-289,false,false,90,full,CCC-PB-01289,Level 1,compliant,苏州声学检测中心,pass,true,,,true,,样机经检测符合标准 关键部件状态正常 可上市流通 连续运行24小时未发现掉线、死机或输出波动。,low,PASS,
EA-POW-01290,train,power_bank,随行Mini充电宝,二手大容量充电宝,随行,Mini,,B2025-290,true,false,82,partial,CCC-PB-01290,Level 2,compliant,杭州电子检测站,conditional_pass,true,,B,true,true,基础检测通过 但报告内容较简略 建议复核附件与证书映射关系,medium,REVIEW,
EA-POW-01291,train,power_bank,电量MaxTravel 30充电宝,官方翻新移动电源充电宝,电量Max,Travel 30,,B2026-291,false,true,83,full,CCC-PB-01291,Level 1,limited,广州电子检验所,conditional_pass,true,,B,true,true,包装封签存在重新整理痕迹 样机主要功能正常 建议人工抽检,medium,REVIEW,
EA-POW-01292,train,power_bank,便携Travel 30充电宝,移动电源充电宝,便携,Travel 30,,B2025-292,false,false,91,full,CCC-PB-01292,Level 1,compliant,平台复核,fail,true,,,true,,报告中标注型号为Go 22，与申报型号Travel 30不一致，存在套证或错报风险。,high,FAIL,report_model_mismatch
EA-POW-01293,train,power_bank,能格Slim 12充电宝,日常通勤充电宝,能格,Slim 12,,B2026-293,false,false,92,partial,CCC-PB-01293,Level 1,compliant,上海质量检测院,fail,true,,,true,,见附件。,high,FAIL,suspected_counterfeit
EA-POW-01294,train,power_bank,随行Go 22充电宝,快充支持充电宝,随行,Go 22,,B2025-294,false,false,100,partial,CCC-PB-01294,Level 2,unknown,深圳质检中心,conditional_pass,true,,,true,,包装封签存在重新整理痕迹 样机主要功能正常 建议人工抽检,medium,REVIEW,
EA-POW-01295,train,power_bank,随行PB10充电宝,移动电源充电宝,随行,PB10,,B2026-295,false,false,88,partial,CCC-PB-01295,Level 1,compliant,上海质量检测院,pass,true,,,true,,实验室记录显示设备在标准工况下工作稳定 未发现异常告警 证书、批次和能效资料完整。,low,PASS,
EA-POW-01296,train,power_bank,航电Slim 12充电宝,移动电源充电宝,航电,Slim 12,,B2025-296,false,false,88,partial,CCC-PB-01296,Level 2,compliant,深圳质检中心,pass,true,,,true,,抽检结果为合格 性能 输出和绝缘测试均符合要求,low,PASS,
EA-POW-01297,train,power_bank,电量MaxPB10充电宝,日常通勤充电宝,电量Max,PB10,,B2026-297,false,false,98,partial,CCC-PB-01297,Level 1,compliant,成都电子检测中心,pass,true,,,true,,实验室记录显示设备在标准工况下工作稳定 未发现异常告警 连续运行24小时未发现掉线、死机或输出波动  Observed thermal issue during repeated charging cycle.,low,PASS,
EA-POW-01298,train,power_bank,电量MaxTravel 30充电宝,大容量充电宝,电量Max,Travel 30,,B2025-298,false,false,95,full,CCC-PB-01298,Level 2,compliant,北京电子产品检测所,conditional_pass,true,,,true,,已检测 基本可用 建议人工复核。,medium,REVIEW,
EA-POW-01299,train,power_bank,电量MaxPB20充电宝,快充支持充电宝,电量Max,PB20,,B2026-299,false,false,100,full,CCC-PB-01299,Level 1,compliant,广州电子检验所,fail,true,,,true,,报告中标注型号为PB10，与申报型号PB20不一致，存在套证或错报风险。,high,FAIL,report_model_mismatch
EA-POW-01300,train,power_bank,电量MaxSlim 12充电宝,移动电源充电宝,电量Max,Slim 12,,B2025-300,false,false,98,full,CCC-PB-01300,Level 2,limited,苏州声学检测中心,pass,true,,,true,,抽检结果为合格 性能 输出和绝缘测试均符合要求,low,PASS,
EA-POW-01301,train,power_bank,航电Slim 12充电宝,快充支持充电宝,航电,Slim 12,,B2026-301,false,false,98,partial,CCC-PB-01301,Level 1,limited,苏州声学检测中心,conditional_pass,true,,,true,,翻新记录已声明 样机功能正常 建议带翻新标识销售并人工复核详情 个别备注项需人工判断是否影响销售结论。,medium,REVIEW,
EA-POW-01302,train,power_bank,电量MaxMini充电宝,大容量充电宝,电量Max,Mini,,B2025-302,false,false,100,full,CCC-PB-01302,Level 1,limited,苏州声学检测中心,pass,true,,,true,,实验室记录显示设备在标准工况下工作稳定 未发现异常告警 包装、铭牌与申报信息一致。,low,PASS,
EA-POW-01303,train,power_bank,随行PB10充电宝,快充支持充电宝,随行,PB10,,B2026-303,false,false,100,partial,,Level 1,limited,东莞质量评估站,fail,true,,,true,,来源证明不足 外包装与铭牌信息异常 疑似仿冒或未经授权产品 初次送检摘要写为合格，复核后已修正为不合格。,high,FAIL,missing_ccc_information
EA-POW-01304,train,power_bank,便携PB20充电宝,大容量充电宝,便携,PB20,,B2025-304,false,false,94,partial,CCC-PB-01304,Level 2,compliant,东莞质量评估站,pass,true,,,true,,实验室记录显示设备在标准工况下工作稳定 未发现异常告警,low,PASS,
EA-POW-01305,train,power_bank,便携Travel 30充电宝,轻薄便携充电宝,便携,Travel 30,,B2026-305,false,false,68,partial,CCC-PB-01305,Level 2,limited,成都电子检测中心,fail,false,,,true,,设备身份信息无法核验 且存在异常发热记录 不应上架,high,FAIL,battery_safety_concern
EA-POW-01306,train,power_bank,便携Go 22充电宝,大容量充,便携,Go 22,,B2025-306,false,false,95,full,CCC-PB-01306,Level 2,limited,成都电子检测中心,pass,true,,,true,,检测报告显示整机功能正常 各项安全与稳定性测试合格 可正常销售 包装、铭牌与申报信息一致  备注：包装文字与申报信息需人 工核对  Manual review is recommended before release.,low,PASS,
EA-POW-01307,train,power_bank,便携Go 22充电宝,轻薄便携充电宝,便携,Go 22,,B2026-307,false,false,94,partial,CCC-PB-01307,Level 1,compliant,上海质量检测院,pass,true,,,true,,连续运行测试通过 结构完好 未见异常发热和风险点 证书、批次和能效资料完整。 备注：包装文字与申报信息需人工核对。,low,PASS,
EA-POW-01308,train,power_bank,能格Slim 12充电宝,快充支持充电宝,能格,Slim 12,,B2025-308,false,false,90,partial,CCC-PB-01308,Level 2,compliant,苏州声学检测中心,pass,true,,,true,,抽检结果为合格 性能 输出和绝缘测试均符合要求,low,PASS,
EA-POW-01309,train,power_bank,随行Slim 12充电宝,官方翻新移动电源充电宝,随行,Slim 12,,B2026-309,false,true,89,full,CCC-PB-01309,Level 2,limited,南京消费品检测院,conditional_pass,true,,B,true,true,功能测试可用 外观存在轻微磨损 建议人工确认页面说明与成色描述,medium,REVIEW,
EA-POW-01310,train,power_bank,随行PB10充电宝,日常通勤充电宝,随行,PB10,,B2025-310,false,false,99,partial,CCC-PB-01310,Level 2,compliant,成都电子检测中心,conditional_pass,true,,,true,,已检测 基本可用 建议人 工复核。 Model code in report does not match seller declaration.,medium,REVIEW,
EA-POW-01311,train,power_bank,能格Go 22充电宝,轻薄便携充电宝,能格,Go 22,,B2026-311,false,true,96,partial,CCC-PB-01311,Level 2,compliant,杭州电子检测站,fail,true,,B,true,false,来源证明不足 外包装与铭牌信息异常 疑似仿冒或未经授权产品,high,FAIL,undisclosed_refurbished_status
EA-POW-01312,train,power_bank,航电PB10充电宝,移动电源,航电,PB10,,B2025-312,false,false,74,full,CCC-PB-01312,Level 1,limited,成都电子检测中心,fail,false,,,true,,高温或耐压测试未通过 存在安全隐患 应直接拦截,high,FAIL,battery_safety_concern
EA-POW-01313,train,power_bank,便携Slim 12充电宝,大容量充电宝,便携,Slim 12,,B2026-313,false,false,100,partial,CCC-PB-01313,Level 1,compliant,南京消费品检测院,conditional_pass,true,,,true,,基础检测通过 但报告内容较简略 建议复核附件与证书映射关系 个别备注项需人工判断是否影响销售结论。,medium,REVIEW,
EA-POW-01314,train,power_bank,航电Mini充电宝,二手轻薄便携充电宝,航电,Mini,,B2025-314,true,false,89,full,CCC-PB-01314,Level 1,compliant,广州电子检验所,conditional_pass,true,,B,true,true,检测意见为有条件合格 需人工确认备注项是否已在商品页披露,medium,REVIEW,
EA-POW-01315,train,power_bank,随行Mini充电宝,轻薄便携充电宝,随行,Mini,,B2026-315,false,false,89,full,CCC-PB-01315,Level 1,compliant,苏州声学检测中心,pass,true,,,true,,检测报告显示整机功能正常 各项安全与稳定性测试合格 可正常销售 证书、批次和能效资料完整。,low,PASS,
EA-POW-01316,train,power_bank,能格PB10充电宝,快充支持充电宝,能格,PB10,,B2025-316,false,false,96,full,CCC-PB-01316,Level 2,limited,南京消费品检测院,pass,true,,,true,,样机经检測符合标准 关键部件状态正常 可上市流通,low,PASS,
EA-POW-01317,train,power_bank,航电Slim 12充电宝,日常通勤充电宝,航电,Slim 12,,B2026-317,false,false,94,partial,CCC-PB-01317,Level 2,compliant,上海质量检测院,conditional_pass,true,,,true,,翻新记录已声明 样机功能正常 建议带翻新标识销售并人工复核详情 封签或包装存在重新整理迹象。,medium,REVIEW,
EA-POW-01318,train,power_bank,能格Slim 12充电宝,大容量充电宝,能格,Slim 12,,B2025-318,false,true,97,full,CCC-PB-01318,Level 1,limited,上海质量检测院,fail,true,,C,true,false,翻新和维修痕迹明显 但未完整披露整备历史 风险较高,high,FAIL,undisclosed_refurbished_status
EA-POW-01319,train,power_bank,随行Slim 12充电宝,日常通勤充电宝,随行,Slim 12,,B2026-319,false,false,91,full,CCC-PB-01319,Level 2,limited,杭州电子检测站,conditional_pass,true,,,true,,基础检测通过 但报告内容较简略 建议复核附件与证书映射关系 个别备注项需人工判断是否影响销售结论。,medium,REVIEW,
EA-POW-01320,train,power_bank,能格PB10充电宝,二手轻薄便携充电宝,能格,PB10,,B2025-320,true,false,77,partial,CCC-PB-01320,Level 2,limited,广州电子检验所,conditional_pass,true,,A,true,true,基础检测通过 但报告内容较简略 建议复核附件与证书映射关系,medium,REVIEW,
EA-POW-01321,train,power_bank,航电Mini充电宝,快充支持充电宝,航电,Mini,,,false,false,88,partial,CCC-PB-01321,Level 2,limited,广州电子检验所,pass,true,,,true,,检测报告显示整机功能正常 各项安全与稳定性测试合格 可正常销售 连续运行24小时未发现掉线、死机或输出波动。,low,PASS,
EA-POW-01322,train,power_bank,便携Go 22充电宝,快充支持充电宝,便携,Go 22,,B2025-322,false,false,92,full,CCC-PB-01322,Level 2,compliant,北京电子产品检测所,conditional_pass,true,,,true,,已检测 基本可用 建议人工复核。,medium,REVIEW,
EA-POW-01323,train,power_bank,能格PB10充电宝,移动电源充电宝,能格,PB10,,B2026-323,false,false,93,partial,CCC-PB-01323,Level 1,compliant,北京电子产品检测所,conditional_pass,true,,,true,,功能测试可用 外观存在轻微磨损 建议人工确认页面说明与成色描述 封签或包装存在重新整理迹象。,medium,REVIEW,
EA-POW-01324,train,power_bank,电量MaxMini充电宝,移动电源充电宝,电量Max,Mini,,B2025-324,false,false,94,partial,CCC-PB-01324,Level 3,limited,杭州电子检测站,conditional_pass,true,,,true,,翻新记录已声明 样机功能正常 建议带翻新标识销售并人工复核详情,medium,REVIEW,
EA-POW-01325,train,power_bank,航电PB20充电宝,移动电源充电宝,航电,PB20,,B2026-325,false,false,100,full,CCC-PB-01325,Level 2,compliant,深圳质检中心,pass,true,,,true,,实验室记录显示设备在标准工况下工作稳定 未发现异常告警 连续运行24小时未发现掉线、死机或输出波动。,low,PASS,
EA-POW-01326,train,power_bank,便携Mini充电宝,快充支持充电宝,便携,Mini,,B2025-326,false,false,92,full,CCC-PB-01326,Level 2,compliant,北京电子产品检测所,pass,true,,,true,,抽检结果为合格 性能 输出和绝缘测试均符合要求 包装、铭牌与申报信息一致。,low,PASS,
EA-POW-01327,train,power_bank,能格Travel 30充电宝,官方翻新日常通勤充电宝,能格,Travel 30,,B2026-327,false,true,91,partial,CCC-PB-01327,Level 2,compliant,杭州电子检测站,conditional_pass,true,,B,true,true,翻新记录已声明 样机功能正常 建议带翻新标识销售并人工复核详情,medium,REVIEW,
EA-POW-01328,train,power_bank,便携PB20充电宝,移动电源充电宝,便携,PB20,,B2025-328,false,false,98,partial,CCC-PB-01328,Level 2,compliant,杭州电子检测站,conditional_pass,true,,,true,,已检测 基本可用 建议人工复核。,medium,REVIEW,
EA-POW-01329,train,power_bank,能格Go 22充电宝,轻薄便携充电宝,能格,Go 22,,B2026-329,false,false,95,partial,CCC-PB-01329,Level 1,compliant,深圳质检中心,pass,true,,,true,,检测报告显示整机功能正常 各项安全与稳定性测试合格 可正常销售 连续运行24小时未发现掉线、死机或输出波动。 Model code in report does not match seller declaration.,low,PASS,
EA-POW-01330,train,power_bank,电量MaxSlim 12充电宝,快充支持充电宝,电量Max,Slim 12,,B2025-330,false,false,89,partial,,Level 1,compliant,深圳质检中心,fail,false,,,true,,设备身份信息无法核验 且存在异常发热记录 不应上架 Observed thermal issue during repeated charging cycle.,high,FAIL,missing_ccc_information|battery_safety_concern
EA-POW-01331,train,power_bank,便携Mini充电宝,大容量充电宝,便携,Mini,,B2026-331,false,false,91,full,,Level 2,compliant,广州电子检验所,fail,true,,,true,,检测中发现关键安全项未达标 不建议继续销售,high,FAIL,missing_ccc_information
EA-POW-01332,train,power_bank,便携Mini充电宝,快充支持充电宝,便携,Mini,,B2025-332,false,false,95,full,CCC-PB-01332,Level 1,limited,深圳质检中心,pass,true,,,true,,连续运行测试通过 结构完好 未见异常发热和风险点,low,PASS,
EA-POW-01333,train,power_bank,航电Go 22充电宝,官方翻新日常通勤充电宝,航电,Go 22,,B2026-333,false,true,80,full,CCC-PB-01333,Level 1,limited,南京消费品检测院,conditional_pass,true,,B,true,true,包装封签存在重新整理痕迹 样机主要功能正常 建议人工抽检 Model code in report does not match seller declaration.,medium,REVIEW,
EA-POW-01334,train,power_bank,随行Slim 12充电宝,轻薄便携充电宝,随行,Slim 12,,B2025-334,false,false,92,partial,CCC-PB-01334,Level 1,compliant,成都电子检测中心,fail,true,,,true,,报告中标注型號为Slim 12X，与申报型号Slim 12不一致，存在套证或错报风险。 Manual review is recommended before release.,high,FAIL,report_model_mismatch
EA-POW-01335,train,power_bank,随行PB20充电宝,日常通勤充电宝,随行,PB20,,B2026-335,false,false,90,full,CCC-PB-01335,Level 2,compliant,北京电子产品检测所,fail,true,,,true,,来源证明不足，包装与铭牌信息存在异常，疑似仿冒或未经授权产品。,high,FAIL,suspected_counterfeit
EA-POW-01336,train,power_bank,随行PB20充电宝,快充支持充电宝,随行,PB20,,B2025-336,false,false,99,partial,CCC-PB-01336,Level 2,unknown,东莞质量评估站,conditional_pass,true,,,true,,翻新记录已声明 样机功能正常 建议带翻新标识销售并人工复核详情,medium,REVIEW,
EA-POW-01337,train,power_bank,电量MaxGo 22充电宝,移动电源充电宝,电量Max,Go 22,,B2026-337,false,false,94,partial,,Level 2,compliant,深圳质检中心,fail,false,,,true,,翻新和维修痕迹明显 但未完整披露整备历史 风险较高,high,FAIL,missing_ccc_information|battery_safety_concern
EA-POW-01338,train,power_bank,便携Mini充电宝,二手移动电源充电宝,便携,Mini,,B2025-338,true,false,82,full,CCC-PB-01338,Level 1,compliant,成都电子检测中心,conditional_pass,true,,A,true,true,翻新记录已声明 样机功能正常 建议带翻新标识销售并人工复核详情,medium,REVIEW,
EA-POW-01339,train,power_bank,航电Slim 12充电宝,官方翻新轻薄便携充电宝,航电,Slim 12,,B2026-339,false,true,87,partial,CCC-PB-01339,Level 2,compliant,东莞质量评估站,conditional_pass,true,,B,true,true,包装封签存在重新整理痕迹 样机主要功能正常 建议人工抽检,medium,REVIEW,
EA-POW-01340,train,power_bank,便携PB20充电宝,轻薄便携充电宝,便携,PB20,,B2025-340,false,false,99,partial,CCC-PB-01340,Level 1,compliant,杭州电子检测站,conditional_pass,true,,,true,,已检测 基本可用 建议人工复核。,medium,REVIEW,
EA-POW-01341,train,power_bank,能格PB10充电宝,移动电源充电宝,能格,PB10,,B2026-341,false,false,92,partial,CCC-PB-01341,Level 2,compliant,杭州电子检测站,conditional_pass,true,,,true,,功能测试可用 外观存在轻微磨损 建议人工确认页面说明与成色描述 封签或包装存在重新整理迹象。,medium,REVIEW,
EA-POW-01342,train,power_bank,便携PB20充电宝,大容量充电宝,便携,PB20,,B2025-342,false,false,89,full,CCC-PB-01342,Level 1,compliant,苏州声学检测中心,pass,true,,,true,,检測完成，建 议复核。 Result: pass under normal operating conditions.,low,PASS,
EA-POW-01343,train,power_bank,能格PB20充电宝,轻薄便携充电宝,能格,PB20,,B2026-343,false,false,99,full,CCC-PB-01343,Level 1,compliant,上海质量检测院,pass,true,,,true,,抽检结果为合格 性能 输出和绝缘测试均符合要求 证书、批次和能效资料完整。,low,PASS,
EA-POW-01344,train,power_bank,便携Mini充电宝,二手快充支持充电宝,便携,Mini,,B2025-344,true,false,88,full,CCC-PB-01344,Level 1,limited,平台复核,conditional_pass,true,,A,true,true,检测意见为有条件合格 需人工确认备注项是否已在商品页披露,medium,REVIEW,
EA-POW-01345,train,power_bank,航电Go 22充电宝,大容量充电宝,航电,Go 22,,B2026-345,false,false,94,partial,,Level 2,compliant,北京电子产品检测所,fail,true,,,true,,检测中发现关键安全项未达标 不建议继续销售,high,FAIL,missing_ccc_information
EA-POW-01346,train,power_bank,电量MaxPB10充电宝,移动电源充电宝,电量Max,PB10,,B2025-346,false,false,90,partial,CCC-PB-01346,Level 1,compliant,成都电子检测中心,conditional_pass,true,,,true,,已检測 基本可用 建 议人工复核。 Result: pass under normal operating conditions.,medium,REVIEW,
EA-POW-01347,train,power_bank,航电PB10充电宝,移动电源充电宝,航电,PB10,,B2026-347,false,false,90,full,CCC-PB-01347,Level 1,compliant,深圳质检中心,pass,true,,,true,,抽检结果为合格 性能 输出和绝缘测试均符合要求 证书、批次和能效资料完整,low,PASS,
EA-POW-01348,train,power_bank,随行Mini充电宝,轻薄便携充电宝,随行,Mini,,B2025-348,false,false,88,partial,CCC-PB-01348,Level 2,limited,深圳质检中心,pass,true,,,true,,样机经检测符合标准 关键部件状态正常 可上市流通 Model code in report does not match seller declaration.,low,PASS,
EA-POW-01349,train,power_bank,航电Slim 12充电宝,移动电源充电宝,航电,Slim 12,,B2026-349,false,false,92,full,CCC-PB-01349,Level 1,compliant,杭州电子检测站,pass,true,,,true,,检测完成，建议复核。,low,PASS,
EA-POW-01350,train,power_bank,便携Slim 12充电宝,移动电源充电宝,便携,Slim 12,,B2025-350,false,false,89,partial,CCC-PB-01350,Level 2,limited,深圳质检中心,pass,true,,,true,,检测报告显示整机功能正常 各项安全与稳定性测试合格 可正常销售 包装、铭牌与申报信息一致。,low,PASS,
EA-POW-01351,train,power_bank,便携Slim 12充电宝,快充支持充电宝,便携,Slim 12,,B2026-351,false,false,89,full,CCC-PB-01351,Level 1,compliant,北京电子产品检测所,pass,true,,,true,,检测报告显示整机功能正常 各项安全与稳定性测试合格 可正常销售 证书、批次和能效资料完整。,low,PASS,
EA-POW-01352,train,power_bank,电量MaxPB10充电宝,卖家宣称全新未拆封，移动电源充电宝,电量Max,PB10,,B2025-352,false,false,89,full,,Level 1,limited,东莞质量评估站,fail,true,,,true,,高温或耐压测试未通过 存在安全隐患 应直接拦截,high,FAIL,missing_ccc_information
EA-POW-01353,train,power_bank,能格Travel 30充电宝,移动电源充电宝,能格,Travel 30,,B2026-353,false,false,94,partial,CCC-PB-01353,Level 1,compliant,苏州声学检测中心,pass,true,,,true,,检测报告显示整机功能正常 各项安全与稳定性测试合格 可正常销售 连续运行24小时未发现掉线、死机或输出波动。 Model code in report does not match seller declaration.,low,PASS,
EA-POW-01354,train,power_bank,能格Slim 12充电宝,大容量充电宝,能格,Slim 12,,B2025-354,false,false,91,full,CCC-PB-01354,Level 2,compliant,深圳质检中心,pass,true,,,true,,检测报告显示整机功能正常 各项安全与稳定性测试合格 可正常销售 包装、铭牌与申报信息一致。,low,PASS,
EA-POW-01355,train,power_bank,航电Go 22充电宝,快充支持充电宝,航电,Go 22,,,false,false,89,full,CCC-PB-01355,Level 1,compliant,平台复核,pass,true,,,true,,抽检结果为合格 性能 输出和绝缘测试均符合要求 证书、批次和能效资料完整。,low,PASS,
EA-POW-01356,train,power_bank,随行Go 22充电宝,轻薄便携充电宝,随行,Go 22,,B2025-356,false,false,89,full,CCC-PB-01356,Level 2,limited,外部资料摘录,pass,true,,,true,,实验室记录显示设备在标准工况下工作稳定 未发现异常告警,low,PASS,
EA-POW-01357,train,power_bank,随行Travel 30充电宝,官方翻新日常通勤充电宝,随行,Travel 30,,B2026-357,false,true,82,partial,CCC-PB-01357,Level 1,compliant,成都电子检测中心,conditional_pass,true,,A,true,true,基础检测通过 但报告内容较简略 建议复核附件与证书映射关系,medium,REVIEW,
EA-POW-01358,train,power_bank,便携Travel 30充电宝,日常通勤,便携,Travel 30,,B2025-358,false,false,94,full,CCC-PB-01358,Level 1,limited,深圳质检中心,pass,true,,,true,,连续运行测试通过 结构完好 未见异常发热和风险点 包装、铭牌与申报信息一致。,low,PASS,
EA-POW-01359,train,power_bank,航电PB10充电宝,快充支持充电宝,航电,PB10,,B2026-359,false,false,88,partial,CCC-PB-01359,Level 1,compliant,成都电子检测中心,pass,true,,,true,,抽检结果为合格 性能 输出和绝缘测试均符合要求 证书、批次和能效资料完整。,low,PASS,
EA-POW-01360,train,power_bank,能格Mini充电宝,大容量充电宝,能格,Mini,,B2025-360,false,true,99,partial,CCC-PB-01360,Level 2,compliant,上海质量检测院,fail,true,,B,true,false,报告中标注型号与申报型号不一致 存在套证或错报风险 Model code in report does not match seller declaration.,high,FAIL,undisclosed_refurbished_status
EA-POW-01361,train,power_bank,随行Go 22充电宝,日常通勤充电宝,随行,Go 22,,B2026-361,false,false,98,partial,CCC-PB-01361,Level 1,compliant,杭州电子检测站,conditional_pass,true,,,true,,翻新记录已声明 样机功能正常 建议带翻新标识销售并人工复核详情 个别备注项需人工判断是否影响销售结论。,medium,REVIEW,
EA-POW-01362,train,power_bank,航电Travel 30充电宝,快充支持充电宝,航电,Travel 30,,B2025-362,false,false,97,full,CCC-PB-01362,Level 2,compliant,苏州声学检测中心,fail,true,,,true,,报告中标注型號为Go 22，与申报型号Travel 30不一致，存在套证或错报风险。 Observed thermal issue during repeated charging cycle.,high,FAIL,report_model_mismatch
EA-POW-01363,train,power_bank,便携Mini充电宝,移动电源充电宝,便携,Mini,,B2026-363,false,false,96,partial,CCC-PB-01363,Level 1,compliant,南京消费品检测院,pass,true,,,true,,检测报告显示整机功能正常 各项安全与稳定性测试合格 可正常销售 证书、批次和能效资料完整。,low,PASS,
EA-POW-01364,train,power_bank,航电Slim 12充电宝,快充支持充电宝,航电,Slim 12,,B2025-364,false,false,97,partial,CCC-PB-01364,Level 1,limited,北京电子产品检测所,conditional_pass,true,,,true,,已检测 基本可用 建议人工复核。,medium,REVIEW,
EA-POW-01365,train,power_bank,便携Travel 30充电宝,快充支持充电宝,便携,Travel 30,,B2026-365,false,false,89,full,CCC-PB-01365,Level 1,limited,广州电子检验所,pass,true,,,true,,实验室记录显示设备在标准工况下工作稳定 未发现异常告警 连续运行24小时未发现掉线、死机或输出波动。,low,PASS,
EA-POW-01366,train,power_bank,随行PB10充电宝,移动电源充电宝,随行,PB10,,B2025-366,false,false,93,partial,,Level 2,limited,杭州电子检测站,fail,true,,,true,,来源证明不足 外包装与铭牌信息异常 疑似仿冒或未经授权产品,high,FAIL,missing_ccc_information
EA-POW-01367,train,power_bank,能格Mini充电宝,轻薄便携充电宝,能格,Mini,,B2026-367,false,false,91,partial,CCC-PB-01367,Level 1,compliant,上海质量检测院,pass,true,,,true,,抽检结果为合格 性能 输出和绝缘测试均符合要求 证书、批次和能效资料完整。,low,PASS,
EA-POW-01368,train,power_bank,随行Travel 30充电宝,大容量充电宝,随行,Travel 30,,,false,false,89,full,CCC-PB-01368,Level 1,limited,成都电子检测中心,pass,true,,,true,,抽检结果为合格 性能 输出和绝缘测试均符合要求,low,PASS,
EA-POW-01369,val,power_bank,电量MaxPB20充电宝,大容量充电宝,电量Max,PB20,,B2026-369,false,false,91,full,CCC-PB-01369,Level 1,compliant,南京消费品检测院,pass,true,,,true,,检測报告显示整机功能正常 各项安全与稳定性测试合格 可正常销售 连续运行24小时未发现掉线、死机或输出波动。,low,PASS,
EA-POW-01370,val,power_bank,能格PB20充电宝,快充支持充电宝,能格,PB20,,B2025-370,false,false,94,full,CCC-PB-01370,Level 1,compliant,杭州电子检测站,pass,true,,,true,,抽检结果为合格 性能 输出和绝缘测试均符合要求 包装、铭牌与申报信息一致。,low,PASS,
EA-POW-01371,val,power_bank,电量MaxTravel 30充电宝,大容量充电宝,电量Max,Travel 30,,B2026-371,false,false,90,partial,CCC-PB-01371,Level 1,compliant,成都电子检测中心,conditional_pass,true,,,true,,功能测试可用 外观存在轻微磨损 建议人工确认页面说明与成色描述 封签或包装存在重新整理迹象。,medium,REVIEW,
EA-POW-01372,val,power_bank,航电Travel 30充电宝,大容量充电宝,航电,Travel 30,,B2025-372,false,false,94,partial,CCC-PB-01372,Level 2,compliant,东莞质量评估站,pass,true,,,true,,连续运行测试通過 结构完好 未见异常发热和風险点,low,PASS,
EA-POW-01373,val,power_bank,能格PB20充电宝,日常通勤充电宝,能格,PB20,,B2026-373,false,false,89,full,,Level 2,compliant,东莞质量评估站,fail,true,,,true,,高温或耐压测试未通过 存在安全隐患 应直接拦截,high,FAIL,missing_ccc_information
EA-POW-01374,val,power_bank,电量MaxPB20充电宝,二手日常通勤充电宝,电量Max,PB20,,B2025-374,true,false,84,partial,CCC-PB-01374,Level 1,limited,成都电子检测中心,conditional_pass,true,,B,true,true,环境或能效信息不够完整 建 议核对补充资料后再放行,medium,REVIEW,
EA-POW-01375,val,power_bank,随行Go 22充电宝,官方翻新轻薄便携充电宝,随行,Go 22,,B2026-375,false,true,85,partial,CCC-PB-01375,Level 2,compliant,深圳质检中心,conditional_pass,true,,B,true,true,环境或能效信息不够完整 建议核对补充资料后再放行,medium,REVIEW,
EA-POW-01376,val,power_bank,能格PB20充电宝,移动电源充电宝,能格,PB20,,B2025-376,false,false,100,partial,CCC-PB-01376,Level 2,compliant,杭州电子检测站,conditional_pass,true,,,true,,已检测 基本可用 建议人工复核。,medium,REVIEW,
EA-POW-01377,val,power_bank,便携PB10充电宝,移动电源充电宝,便携,PB10,,B2026-377,false,false,99,full,CCC-PB-01377,Level 2,limited,苏州声学检测中心,conditional_pass,true,,,true,,翻新记录已声明 样机功能正常 建议带翻新标识销售并人工复核详情 封签或包装存在重新整理迹象。,medium,REVIEW,
EA-POW-01378,val,power_bank,能格Travel 30充电宝,快充支持充电宝,能格,Travel 30,,B2025-378,false,false,97,full,CCC-PB-01378,Level 1,compliant,杭州电子检测站,pass,true,,,true,,检测报告显示整机功能正常 各项安全与稳定性测试合格 可正常销售 包装、铭牌与申报信息一致。,low,PASS,
EA-POW-01379,val,power_bank,电量MaxPB10充电宝,日常通勤充电宝,电量Max,PB10,,B2026-379,false,false,96,full,,Level 1,limited,深圳质检中心,fail,false,,,true,,检测中发现关键安全项未达标 不建议继续销售,high,FAIL,missing_ccc_information|battery_safety_concern
EA-POW-01380,val,power_bank,随行Go 22充电宝,二手移动电源充电宝,随行,Go 22,,B2025-380,true,false,84,partial,CCC-PB-01380,Level 2,compliant,南京消费品检测院,conditional_pass,true,,B,true,true,conditional_pass / medium / power_bank,medium,REVIEW,
EA-POW-01381,val,power_bank,电量MaxMini充电宝,移动电源充电宝,电量Max,Mini,,B2026-381,false,false,98,partial,CCC-PB-01381,Level 1,compliant,北京电子产品检测所,pass,true,,,true,,实验室记录显示设备在标准工况下工作稳定 未发现异常告警 连续运行24小时未发现掉线、死机或输出波动。,low,PASS,
EA-POW-01382,val,power_bank,能格PB20充电宝,移动电源充电宝,能格,PB20,,B2025-382,false,false,97,full,CCC-PB-01382,Level 2,compliant,东莞质量评估站,pass,true,,,true,,连续运行测试通过 结构完好 未见异常发热和风险点 包装、铭牌与申报信息一致。,low,PASS,
EA-POW-01383,val,power_bank,电量MaxPB10充电宝,大容量充电宝,电量Max,PB10,,B2026-383,false,false,97,full,CCC-PB-01383,Level 1,compliant,苏州声学检测中心,pass,true,,,true,,样机经检测符合标准 关键部件状态正常 可上市流通 证书、批次和能效资料完整。,low,PASS,
EA-POW-01384,val,power_bank,便携PB10充电宝,大容量充电宝,便携,PB10,,B2025-384,false,false,92,partial,CCC-PB-01384,Level 1,limited,杭州电子检测站,pass,true,,,true,,检测完成，建议复核。,low,PASS,
EA-POW-01385,val,power_bank,能格PB10充电宝,大容量充电宝,能格,PB10,,B2026-385,false,false,98,full,CCC-PB-01385,Level 1,compliant,南京消费品检测院,pass,true,,,true,,实验室记录显示设备在标准工况下工作稳定 未发现异常告警 连续运行24小时未发现掉线、死机或输出波动。,low,PASS,
EA-POW-01386,val,power_bank,便携PB20充电宝,二手移动电源充电宝,便携,PB20,,B2025-386,true,false,78,partial,CCC-PB-01386,Level 2,compliant,上海质量检测院,conditional_pass,true,,B,true,true,功能测试可用 外观存在轻微磨损 建议人工确认页面说明与成色描述,medium,REVIEW,
EA-POW-01387,val,power_bank,随行Go 22充电宝,官方翻新大容量充电宝,随行,Go 22,,B2026-387,false,true,85,partial,CCC-PB-01387,Level 2,compliant,东莞质量评估站,conditional_pass,true,,A,true,true,基础检測通過 但报告内容较简略 建 议复核附件与证书映射关系,medium,REVIEW,
EA-POW-01388,val,power_bank,电量MaxPB10充电宝,日常通勤充电宝,电量Max,PB10,,B2025-388,false,false,97,full,CCC-PB-01388,Level 1,compliant,杭州电子检测站,conditional_pass,true,,,true,,已检测 基本可用 建议人工复核。,medium,REVIEW,
EA-POW-01389,val,power_bank,便携PB20充电宝,移动电源充电宝,便携,PB20,,B2026-389,false,false,91,partial,CCC-PB-01389,Level 2,compliant,杭州电子检测站,pass,true,,,true,,样机经检测符合标准 关键部件状态正常 可上市流通 连续运行24小时未发现掉线、死机或输出波动。,low,PASS,
EA-POW-01390,val,power_bank,随行Mini充电宝,日常通勤充电宝,随行,Mini,,B2025-390,false,false,89,full,CCC-PB-01390,Level 2,compliant,上海质量检测院,fail,true,,,true,,报告中标注型号为PB10，与申报型号Mini不一致，存在套证或错报风险。,high,FAIL,report_model_mismatch
EA-POW-01391,val,power_bank,随行PB20充电宝,大容量充,随行,PB20,,B2026-391,false,false,94,partial,CCC-PB-01391,Level 2,compliant,南京消费品检测院,fail,true,,,true,,来源证明不足，包装与铭牌信息存在异常，疑似仿冒或未经授权产品。,high,FAIL,suspected_counterfeit
EA-POW-01392,val,power_bank,便携PB10充电宝,移动电源充电宝,便携,PB10,,B2025-392,false,false,99,partial,CCC-PB-01392,Level 2,compliant,东莞质量评估站,pass,true,,,true,,连续运行测试通过 结构完好 未见异常发热和风险点,low,PASS,
EA-POW-01393,val,power_bank,便携PB20充电宝,快充支持充电宝,便携,PB20,,,false,false,96,partial,,Level 1,compliant,广州电子检验所,fail,false,,,true,,报告中标注型号与申报型号不一致 存在套证或错报风险,high,FAIL,missing_ccc_information|battery_safety_concern
EA-POW-01394,val,power_bank,能格Mini充电宝,大容量充,能格,Mini,,B2025-394,false,false,91,full,CCC-PB-01394,Level 2,compliant,北京电子产品检测所,pass,true,,,true,,实验室记录显示设备在标准工况下工作稳定 未发现异常告警 包装、铭牌与申报信息一致。,low,PASS,
EA-POW-01395,val,power_bank,航电Mini充电宝,移动电源充电宝,航电,Mini,,B2026-395,false,false,88,partial,CCC-PB-01395,Level 1,compliant,第三方送检,pass,true,,,true,,连续运行测试通过 结构完好 未见异常发热和风险点 证书、批次和能效资料完整。,low,PASS,
EA-POW-01396,val,power_bank,航电Go 22充电宝,快充支持充电宝,航电,Go 22,,B2025-396,false,false,90,full,CCC-PB-01396,Level 2,unknown,上海质量检测院,conditional_pass,true,,,true,,基础检测通过 但报告内容较简略 建议复核附件与证书映射关系,medium,REVIEW,
EA-POW-01397,val,power_bank,航电Slim 12充电宝,日常通勤充电宝,航电,Slim 12,,B2026-397,false,false,96,full,CCC-PB-01397,Level 1,compliant,广州电子检验所,fail,true,,,true,,报告中标注型号为Mini，与申报型号Slim 12不一致，存在套证或错报风险。,high,FAIL,report_model_mismatch
EA-POW-01398,val,power_bank,航电Slim 12充电宝,轻薄便携充电宝,航电,Slim 12,,B2025-398,false,false,92,partial,CCC-PB-01398,Level 2,compliant,广州电子检验所,fail,true,,,true,,来源证明不足，包装与铭牌信息存在异常，疑似仿冒或未经授权产品。,high,FAIL,suspected_counterfeit
EA-POW-01399,val,power_bank,便携Travel 30充电宝,轻薄便携充电宝,便携,Travel 30,,B2026-399,false,false,100,partial,CCC-PB-01399,Level 1,compliant,深圳质检中心,pass,true,,,true,,检测报告显示整机功能正常 各项安全与稳定性测试合格 可正常销售 证书、批次和能效资料完整。,low,PASS,
EA-POW-01400,val,power_bank,航电Go 22充电宝,快充支持充电宝,航电,Go 22,,B2025-400,false,false,91,full,CCC-PB-01400,Level 1,limited,东莞质量评估站,conditional_pass,true,,,true,,已检测 基本可用 建议人工复核。,medium,REVIEW,
EA-POW-01401,val,power_bank,电量MaxMini充电宝,大容量充,电量Max,Mini,,B2026-401,false,false,93,partial,CCC-PB-01401,Level 1,compliant,南京消费品检测院,pass,true,,,true,,检测报告显示整机功能正常 各项安全与稳定性测试合格 可正常销售 连续运行24小时未发现掉线、死机或输出波动。,low,PASS,
EA-POW-01402,val,power_bank,航电Go 22充电宝,日常通勤充电宝,航电,Go 22,,B2025-402,false,false,93,partial,CCC-PB-01402,Level 3,unknown,南京消费品检测院,conditional_pass,true,,,true,,翻新记录已声明 样机功能正常 建议带翻新标识销售并人工复核详情,medium,REVIEW,
EA-POW-01403,val,power_bank,随行PB10充电宝,快充支持充电宝,随行,PB10,,B2026-403,false,false,93,full,CCC-PB-01403,Level 1,compliant,第三方送检,pass,true,,,true,,连续运行测试通过 结构完好 未见异常发热和风险点 证书、批次和能效资料完整。,low,PASS,
EA-POW-01404,val,power_bank,电量MaxTravel 30充电宝,二手快充支持充电宝,电量Max,Travel 30,,B2025-404,true,false,82,full,CCC-PB-01404,Level 1,limited,苏州声学检测中心,conditional_pass,true,,A,true,true,检測意见为有条件合格 需人工确认备注项是否已在商品页披露 备注：包 装文字与申报信息需人工核对  Result: pass under normal operating conditions.,medium,REVIEW,
EA-POW-01405,test,power_bank,便携Mini充电宝,日常通勤充电宝,便携,Mini,,B2026-405,false,false,89,full,CCC-PB-01405,Level 2,compliant,深圳质检中心,pass,true,,,true,,实验室记录显示设备在标准工况下工作稳定 未发现异常告警 连续运行24小时未发现掉线、死机或输出波动。,low,PASS,
EA-POW-01406,test,power_bank,航电PB20充电宝,移动电源充电宝,航电,PB20,,B2025-406,false,false,88,partial,CCC-PB-01406,Level 1,compliant,平台复核,fail,true,,,false,,关键功能测试失败，复测仍异常，不满足流通要求。,high,FAIL,
EA-POW-01407,test,power_bank,电量MaxPB20充电宝,大容量充电宝,电量Max,PB20,,B2026-407,false,false,98,full,CCC-PB-01407,Level 2,compliant,东莞质量评估站,conditional_pass,true,,,true,,包装封签存在重新整理痕迹 样机主要功能正常 建议人工抽检 封签或包装存在重新整理迹象。,medium,REVIEW,
EA-POW-01408,test,power_bank,电量MaxSlim 12充电宝,日常通勤充电宝,电量Max,Slim 12,,B2025-408,false,false,92,full,CCC-PB-01408,Level 2,unknown,南京消费品检测院,conditional_pass,true,,,true,,见附件。,medium,REVIEW,
EA-POW-01409,test,power_bank,电量MaxTravel 30充电宝,轻薄便携充电宝,电量Max,Travel 30,,B2026-409,false,true,97,full,CCC-PB-01409,Level 2,compliant,杭州电子检测站,fail,true,,B,true,false,高温或耐压测试未通过 存在安全隐患 应直接拦截,high,FAIL,undisclosed_refurbished_status
EA-POW-01410,test,power_bank,航电Travel 30充电宝,快充支持充电宝,航电,Travel 30,,B2025-410,false,false,73,partial,CCC-PB-01410,Level 1,compliant,东莞质量评估站,fail,false,,,true,,见附件。,high,FAIL,battery_safety_concern
EA-POW-01411,test,power_bank,随行Go 22充电宝,日常通勤充电宝,随行,Go 22,,B2026-411,false,false,95,full,CCC-PB-01411,Level 1,compliant,成都电子检测中心,pass,true,,,true,,检测报告显示整机功能正常 各项安全与稳定性测试合格 可正常销售 证书、批次和能效资料完整。,low,PASS,
EA-POW-01412,test,power_bank,电量MaxPB20充电宝,快充支持充电宝,电量Max,PB20,,B2025-412,false,false,92,full,CCC-PB-01412,Level 1,compliant,北京电子产品检测所,fail,true,,,true,,来源证明不足，包装与铭牌信息存在异常，疑似仿冒或未经授权产品。,high,FAIL,suspected_counterfeit
EA-POW-01413,test,power_bank,电量MaxTravel 30充电宝,轻薄便携充电宝,电量Max,Travel 30,,B2026-413,false,false,91,partial,CCC-PB-01413,Level 1,limited,成都电子检测中心,pass,true,,,true,,抽检结果为合格 性能 输出和绝缘测试均符合要求 连续运行24小时未发现掉线、死机或输出波动。,low,PASS,
EA-POW-01414,test,power_bank,电量MaxGo 22充电宝,大容量充电宝,电量Max,Go 22,,B2025-414,false,false,97,full,CCC-PB-01414,Level 1,compliant,杭州电子检测站,pass,true,,,true,,实验室记录显示设备在标准工况下工作稳定 未发现异常告警 包装、铭牌与申报信息一致。,low,PASS,
EA-POW-01415,test,power_bank,电量MaxPB20充电宝,快充支持充电宝,电量Max,PB20,,B2026-415,false,false,88,partial,CCC-PB-01415,Level 1,limited,杭州电子检测站,conditional_pass,true,,,true,,检测意见为有条件合格 需人工确认备注项是否已在商品页披露 个别备注项需人工判断是否影响销售结论。 备注：包装文字与申报信息需人工核对。,medium,REVIEW,
EA-POW-01416,test,power_bank,便携Travel 30充电宝,轻薄便携充电宝,便携,Travel 30,,B2025-416,false,true,90,partial,CCC-PB-01416,Level 2,compliant,杭州电子检测站,fail,true,,B,true,false,fail / high / power_bank,high,FAIL,undisclosed_refurbished_status
EA-POW-01417,test,power_bank,电量MaxGo 22充电宝,官方翻新大容量充电宝,电量Max,Go 22,,B2026-417,false,true,87,full,CCC-PB-01417,Level 1,compliant,苏州声学检测中心,conditional_pass,true,,B,true,true,检测意见为有条件合格 需人工确认备注项是否已在商品页披露,medium,REVIEW,
EA-POW-01418,test,power_bank,航电PB10充电宝,大容量充电宝,航电,PB10,,B2025-418,false,false,90,full,CCC-PB-01418,Level 1,compliant,东莞质量评估站,fail,true,,,true,,报告中标注型号为Slim 12，与申报型号PB10不一致，存在套证或错报风险。,high,FAIL,report_model_mismatch
EA-POW-01419,test,power_bank,便携PB20充电宝,快充支持充电宝,便携,PB20,,,false,false,89,full,CCC-PB-01419,Level 1,compliant,南京消费品检测院,pass,true,,,true,,连续运行测试通過 结构完好 未见异常发热和風险点 证书、批次和能效资料完整  Manual review is recommended before release.,low,PASS,
EA-POW-01420,test,power_bank,能格Mini充电宝,移动电源充电宝,能格,Mini,,B2025-420,false,false,96,partial,CCC-PB-01420,Level 2,unknown,东莞质量评估站,conditional_pass,true,,,true,,包装封签存在重新整理痕迹 样机主要功能正常 建议人工抽检,medium,REVIEW,
EA-POW-01421,test,power_bank,电量MaxPB20充电宝,移动电源充电宝,电量Max,PB20,,B2026-421,false,false,94,partial,CCC-PB-01421,Level 2,compliant,苏州声学检测中心,conditional_pass,true,,,true,,基础检测通过 但报告内容较简略 建议复核附件与证书映射关系 个别备注项需人工判断是否影响销售结论。,medium,REVIEW,
EA-POW-01422,test,power_bank,便携PB10充电宝,轻薄便携充电宝,便携,PB10,,B2025-422,false,false,98,partial,CCC-PB-01422,Level 2,compliant,杭州电子检测站,pass,true,,,true,,连续运行测试通过 结构完好 未见异常发热和风险点 包装、铭牌与申报信息一致。,low,PASS,
EA-POW-01423,test,power_bank,电量MaxTravel 30充电宝,移动电源,电量Max,Travel 30,,B2026-423,false,true,93,partial,CCC-PB-01423,Level 1,compliant,杭州电子检测站,fail,true,,B,true,false,检测中发现关键安全项未达标 不建议继续销售,high,FAIL,undisclosed_refurbished_status
EA-POW-01424,test,power_bank,航电Travel 30充电宝,轻薄便携充电宝,航电,Travel 30,,B2025-424,false,false,94,full,CCC-PB-01424,Level 1,limited,苏州声学检测中心,conditional_pass,true,,,true,,已检测 基本可用 建议人工复核。,medium,REVIEW,
EA-POW-01425,test,power_bank,航电PB10充电宝,快充支持充电宝,航电,PB10,,B2026-425,false,false,95,full,CCC-PB-01425,Level 2,compliant,北京电子产品检测所,fail,true,,,true,,报告中标注型号为Slim 12，与申报型号PB10不一致，存在套证或错报风险。,high,FAIL,report_model_mismatch
EA-POW-01426,test,power_bank,电量MaxSlim 12充电宝,快充支持充电宝,电量Max,Slim 12,,B2025-426,false,false,88,partial,CCC-PB-01426,Level 3,unknown,深圳质检中心,conditional_pass,true,,,true,,翻新记录已声明 样机功能正常 建议带翻新标识销售并人工复核详情,medium,REVIEW,
EA-POW-01427,test,power_bank,能格Slim 12充电宝,快充支持,能格,Slim 12,,B2026-427,false,false,93,full,CCC-PB-01427,Level 1,limited,南京消费品检测院,fail,true,,,false,,关键功能测试失败，复测仍异常，不满足流通要求。,high,FAIL,
EA-POW-01428,test,power_bank,便携Mini充电宝,大容量充电宝,便携,Mini,,B2025-428,false,false,97,partial,CCC-PB-01428,Level 1,limited,南京消费品检测院,pass,true,,,true,,pass / low / power_bank,low,PASS,
EA-POW-01429,test,power_bank,航电Mini充电宝,快充支持充电宝,航电,Mini,,B2026-429,false,false,92,full,,Level 1,compliant,上海质量检测院,fail,true,,,true,,来源证明不足 外包装与铭牌信息异常 疑似仿冒或未经授权产品,high,FAIL,missing_ccc_information
EA-POW-01430,test,power_bank,电量MaxMini充电宝,轻薄便携充电宝,电量Max,Mini,,B2025-430,false,false,100,full,CCC-PB-01430,Level 2,compliant,南京消费品检测院,pass,true,,,true,,抽检结果为合格 性能 输出和绝缘测试均符合要求 包装、铭牌与申报信息一致。,low,PASS,
EA-POW-01431,test,power_bank,电量MaxGo 22充电宝,轻薄便携充电宝,电量Max,Go 22,,B2026-431,false,false,60,partial,CCC-PB-01431,Level 1,compliant,成都电子检测中心,fail,false,,,true,,报告中标注型号与申报型号不一致 存在套证或错报风险,high,FAIL,battery_safety_concern
EA-POW-01432,test,power_bank,随行Travel 30充电宝,轻薄便携充电宝,随行,Travel 30,,B2025-432,false,false,90,partial,CCC-PB-01432,Level 2,unknown,广州电子检验所,conditional_pass,true,,,true,,包装封签存在重新整理痕迹 样机主要功能正常 建议人工抽检,medium,REVIEW,
EA-POW-01433,test,power_bank,便携Slim 12充电宝,大容量充电宝,便携,Slim 12,,B2026-433,false,false,100,partial,CCC-PB-01433,Level 2,compliant,东莞质量评估站,pass,true,,,true,,抽检结果为合格 性能 输出和绝缘测试均符合要求 连续运行24小时未发现掉线、死机或输出波动。,low,PASS,
EA-POW-01434,test,power_bank,能格PB20充电宝,轻薄便携充电宝,能格,PB20,,B2025-434,false,false,94,partial,CCC-PB-01434,Level 1,compliant,深圳质检中心,fail,true,,,false,,关键功能测试失败，复测仍异常，不满足流通要求。,high,FAIL,
EA-POW-01435,test,power_bank,便携Travel 30充电宝,官方翻新日常通勤充电宝,便携,Travel 30,,B2026-435,false,true,85,full,CCC-PB-01435,Level 2,compliant,南京消费品检测院,conditional_pass,true,,B,true,true,基础检测通过 但报告内容较简略 建议复核附件与证书映射关系,medium,REVIEW,
EA-POW-01436,test,power_bank,能格Slim 12充电宝,轻薄便携充电宝,能格,Slim 12,,B2025-436,false,false,89,full,,Level 1,compliant,北京电子产品检测所,fail,true,,,true,,关键功能测试失败 且复测结果仍异常 不满足流通要求,high,FAIL,missing_ccc_information
EA-POW-01437,test,power_bank,能格Slim 12充电宝,大容量充电宝,能格,Slim 12,,B2026-437,false,false,93,partial,CCC-PB-01437,Level 2,compliant,南京消费品检测院,conditional_pass,true,,,true,,包装封签存在重新整理痕迹 样机主要功能正常 建议人工抽检 封签或包装存在重新整理迹象。,medium,REVIEW,
EA-POW-01438,test,power_bank,航电PB20充电宝,移动电源充电宝,航电,PB20,,B2025-438,false,false,98,full,CCC-PB-01438,Level 1,compliant,北京电子产品检测所,pass,true,,,true,,样机经检测符合标准 关键部件状态正常 可上市流通 包装、铭牌与申报信息一致。 备注：包装文字与申报信息需人工核对。,low,PASS,
EA-POW-01439,test,power_bank,能格Slim 12充电宝,移动电源充电宝,能格,Slim 12,,B2026-439,false,false,93,partial,CCC-PB-01439,Level 1,compliant,苏州声学检测中心,pass,true,,,true,,pass / low / power_bank,low,PASS,
EA-POW-01440,test,power_bank,便携Travel 30充电宝,轻薄便携充电宝,便携,Travel 30,,B2025-440,false,false,95,partial,CCC-PB-01440,Level 2,compliant,上海质量检测院,pass,true,,,true,,检测完成，建议复核。,low,PASS,
EA-SMA-01441,train,smart_watch,智步Ref手表,官方翻新健康监测手表,智步,Ref,SN-SW-001441,B2026-441,false,true,85,partial,,Level 2,compliant,上海质量检测院,conditional_pass,true,true,B,true,true,环境或能效信息不够完整 建议核对补充资料后再放行,medium,REVIEW,
EA-SMA-01442,train,smart_watch,心率星Ref手表,长续航手表,心率星,Ref,SN-SW-001442,B2025-442,false,false,88,partial,,Level 2,limited,东莞质量评估站,pass,true,true,,true,,样机经检测符合标准 关键部件状态正常 可上市流通 包装、铭牌与申报信息一致。,low,PASS,
EA-SMA-01443,train,smart_watch,腕航Watch 3手表,蓝牙通话手表,腕航,Watch 3,,B2026-443,false,false,99,partial,,Level 1,compliant,苏州声学检测中心,fail,true,true,,true,,设备身份信息无法核验 且存在异常发热记录 不应上架,high,FAIL,missing_device_identifier
EA-SMA-01444,train,smart_watch,心率星Lite手表,轻量佩戴手表,心率星,Lite,SN-SW-001444,B2025-444,false,false,99,full,,Level 2,limited,上海质量检测院,conditional_pass,true,true,,true,,包装封签存在重新整理痕迹 样机主要功能正常 建议人 工抽检 Result: pass under normal operating conditions.,medium,REVIEW,
EA-SMA-01445,train,smart_watch,腕航Lite手表,轻量佩戴手表,腕航,Lite,SN-SW-001445,B2026-445,false,false,90,full,,Level 2,compliant,杭州电子检测站,pass,true,true,,true,,抽检结果为合格 性能 输出和绝缘测试均符合要求 连续运行24小时未发现掉线、死机或输出波动。,low,PASS,
EA-SMA-01446,train,smart_watch,智步Ref手表,运动模式手表,智步,Ref,SN-SW-001446,,false,false,97,partial,,Level 2,limited,东莞质量评估站,fail,true,true,,true,,报告中标注型号为Active，与申报型号Ref不一致，存在套证或错报风险。,high,FAIL,report_model_mismatch
EA-SMA-01447,train,smart_watch,脉冲Watch 3手表,蓝牙通话手表,脉冲,Watch 3,SN-SW-001447,B2026-447,false,false,92,full,,Level 1,compliant,南京消费品检测院,pass,true,true,,true,,连续运行测试通过 结构完好 未见异常发热和风险点 证书、批次和能效资料完整。,low,PASS,
EA-SMA-01448,train,smart_watch,心率星Lite手表,轻量佩戴手表,心率星,Lite,SN-SW-001448,B2025-448,false,false,99,full,,Level 1,limited,广州电子检验所,conditional_pass,true,true,,true,,已检测 基本可用 建议人工复核。,medium,REVIEW,
EA-SMA-01449,train,smart_watch,曜动Lite手表,健康监测手表,曜动,Lite,SN-SW-001449,B2026-449,false,false,98,partial,,Level 2,compliant,苏州声学检测中心,conditional_pass,true,true,,true,,环境或能效信息不够完整 建议核对补充资料后再放行 封签或包装存在重新整理迹象。,medium,REVIEW,
EA-SMA-01450,train,smart_watch,智步Watch 3手表,运动模式手表,智步,Watch 3,,B2025-450,false,false,100,full,,Level 1,compliant,苏州声学检测中心,fail,true,true,,true,,检测中发现关键安全项未达标 不建议继续销售,high,FAIL,missing_device_identifier
EA-SMA-01451,train,smart_watch,脉冲Lite手表,蓝牙通话手表,脉冲,Lite,SN-SW-001451,B2026-451,false,false,99,partial,,Level 2,limited,成都电子检测中心,conditional_pass,true,true,,true,,功能测试可用 外观存在轻微磨损 建 议人工确认页面说明与成色描述 个别备注项需人工判断是否影响销售结论。,medium,REVIEW,
EA-SMA-01452,train,smart_watch,脉冲Active手表,轻量佩戴手表,脉冲,Active,SN-SW-001452,B2025-452,false,false,92,full,,Level 1,compliant,广州电子检验所,pass,true,true,,true,,样机经检测符合标准 关键部件状态正常 可上市流通,low,PASS,
EA-SMA-01453,train,smart_watch,心率星Lite手表,轻量佩戴,心率星,Lite,SN-SW-001453,B2026-453,false,false,100,full,,Level 2,limited,苏州声学检测中心,pass,true,true,,true,,抽检结果为合格 性能 输出和绝缘测试均符合要求 连续运行24小时未发现掉线、死机或输出波动。,low,PASS,
EA-SMA-01454,train,smart_watch,脉冲Ref手表,运动模式,脉冲,Ref,SN-SW-001454,B2025-454,false,false,95,partial,,Level 2,compliant,杭州电子检测站,conditional_pass,true,true,,true,,已检测 基本可用 建议人工复核。 系统初判可流通，但建议人工再核验。,medium,REVIEW,
EA-SMA-01455,train,smart_watch,腕航Watch 3手表,蓝牙通话手表,腕航,Watch 3,SN-SW-001455,B2026-455,false,false,94,partial,,Level 1,compliant,东莞质量评估站,pass,true,true,,true,,见附件。,low,PASS,
EA-SMA-01456,train,smart_watch,心率星Fit Pro手表,长续航手表,心率星,Fit Pro,SN-SW-001456,B2025-456,false,false,89,full,,Level 3,limited,广州电子检验所,conditional_pass,true,true,,true,,环境或能效信息不够完整 建议核对补充资料后再放行 Result: pass under normal operating conditions.,medium,REVIEW,
EA-SMA-01457,train,smart_watch,曜动S手表,运动模式手表,曜动,S,SN-SW-001457,B2026-457,false,false,91,partial,,Level 2,compliant,上海质量检测院,pass,true,true,,true,,抽检结果为合格 性能 输出和绝缘测试均符合要求 连续运行24小时未发现掉线、死机或输出波动。,low,PASS,
EA-SMA-01458,train,smart_watch,腕航S手表,运动模式手表,腕航,S,SN-SW-001458,B2025-458,false,false,100,partial,,Level 1,compliant,北京电子产品检测所,pass,true,true,,true,,抽检结果为合格 性能 输出和绝缘测试均符合要求 包装、铭牌与申报信息一致。,low,PASS,
EA-SMA-01459,train,smart_watch,心率星Watch 3手表,官方翻新运动模式手表,心率星,Watch 3,SN-SW-001459,B2026-459,false,true,85,full,,Level 1,compliant,上海质量检测院,conditional_pass,true,true,B,true,true,环境或能效信息不够完整 建议核对补充资料后再放行,medium,REVIEW,
EA-SMA-01460,train,smart_watch,脉冲Fit Pro手表,轻量佩戴手表,脉冲,Fit Pro,SN-SW-001460,B2025-460,false,false,89,full,,Level 1,limited,杭州电子检测站,fail,true,true,,true,,报告中标注型号为Watch 3，与申报型号Fit Pro不一致，存在套证或错报风险。,high,FAIL,report_model_mismatch
EA-SMA-01461,train,smart_watch,曜动S手表,卖家宣称全新未拆封，轻量佩戴手表,曜动,S,SN-SW-001461,B2026-461,false,false,93,full,,Level 1,compliant,成都电子检测中心,fail,true,true,,true,,来源证明不足，包装与铭牌信息存在异常，疑似仿冒或未经授权产品。,high,FAIL,suspected_counterfeit
EA-SMA-01462,train,smart_watch,心率星Watch 3手表,卖家宣称全新未拆封，健康监测手表,心率星,Watch 3,SN-SW-001462,B2025-462,false,false,99,partial,,Level 2,compliant,北京电子产品检测所,fail,true,true,,false,,关键功能测试失败，复测仍异常，不满足流通要求。,high,FAIL,
EA-SMA-01463,train,smart_watch,曜动Fit Pro手表,蓝牙通话手表,曜动,Fit Pro,SN-SW-001463,B2026-463,false,false,88,full,,Level 1,compliant,杭州电子检测站,conditional_pass,true,true,,true,,检测意见为有条件合格 需人工确认备注项是否已在商品页披露 个别备注项需人工判断是否影响销售结论。,medium,REVIEW,
EA-SMA-01464,train,smart_watch,心率星Watch 3手表,长续航手表,心率星,Watch 3,SN-SW-001464,B2025-464,false,false,97,full,,Level 2,compliant,平台复核,pass,true,true,,true,,样机经检测符合标准 关键部件状态正常 可上市流通,low,PASS,
EA-SMA-01465,train,smart_watch,腕航Lite手表,轻量佩戴,腕航,Lite,SN-SW-001465,B2026-465,false,true,95,partial,,Level 2,compliant,深圳质检中心,fail,true,true,C,true,false,设备身份信息无法核验 且存在异常发热记录 不应上架,high,FAIL,undisclosed_refurbished_status
EA-SMA-01466,train,smart_watch,腕航Lite手表,长续航手表，卖家补充资料稍后上传,腕航,Lite,SN-SW-001466,B2025-466,false,false,94,full,,Level 2,limited,北京电子产品检测所,pass,true,true,,true,,实验室记录显示设备在标准工况下工作稳定 未发现异常告警 包装、铭牌与申报信息一致。,low,PASS,
EA-SMA-01467,train,smart_watch,腕航Lite手表,运动模式手表,腕航,Lite,SN-SW-001467,B2026-467,false,false,90,partial,,Level 1,compliant,北京电子产品检测所,pass,true,true,,true,,样机经检测符合标准 关键部件状态正常 可上市流通 证书、批次和能效资料完整。,low,PASS,
EA-SMA-01468,train,smart_watch,腕航Fit Pro手表,运动模式手表,腕航,Fit Pro,SN-SW-001468,B2025-468,false,false,91,full,,Level 1,compliant,上海质量检测院,pass,true,true,,true,,pass / low / smart_watch,low,PASS,
EA-SMA-01469,train,smart_watch,腕航Watch 3手表,健康监测手表，卖家补充资料稍后上传,腕航,Watch 3,SN-SW-001469,B2026-469,false,false,93,partial,,Level 2,compliant,上海质量检测院,pass,true,true,,true,,检測报告显示整机功能正常 各项安全与稳定性测试合格 可正常销售 连续运行24小时未发现掉线、死机或输出波动,low,PASS,
EA-SMA-01470,train,smart_watch,心率星Lite手表,轻量佩戴手表,心率星,Lite,SN-SW-001470,B2025-470,false,false,93,partial,,Level 2,compliant,深圳质检中心,pass,true,true,,true,,pass / low / smart_watch,low,PASS,
EA-SMA-01471,train,smart_watch,曜动Fit Pro手表,健康监测手表,曜动,Fit Pro,SN-SW-001471,B2026-471,false,false,93,full,,Level 1,compliant,深圳质检中心,pass,true,true,,true,,样机经检测符合标准 关键部件状态正常 可上市流通 证书、批次和能效资料完整。,low,PASS,
EA-SMA-01472,train,smart_watch,曜动S手表,健康监测手表,曜动,S,SN-SW-001472,B2025-472,false,false,95,full,,Level 2,compliant,南京消费品检测院,conditional_pass,true,true,,true,,已检測 基本可用 建议人 工复核  Model code in report does not match seller declaration.,medium,REVIEW,
EA-SMA-01473,train,smart_watch,脉冲Fit Pro手表,运动模式手表，卖家补充资料稍后上传,脉冲,Fit Pro,SN-SW-001473,B2026-473,false,false,92,full,,Level 1,compliant,苏州声学检测中心,pass,true,true,,true,,样机经检测符合标准 关键部件状态正常 可上市流通 连续运行24小时未发现掉线、死机或输出波动。,low,PASS,
EA-SMA-01474,train,smart_watch,心率星Ref手表,长续航手表,心率星,Ref,SN-SW-001474,B2025-474,false,false,96,partial,,Level 2,compliant,苏州声学检测中心,fail,true,true,,true,,报告中标注型号为S，与申报型号Ref不一致，存在套证或错报风险。,high,FAIL,report_model_mismatch
EA-SMA-01475,train,smart_watch,智步Lite手表,运动模式手表,智步,Lite,SN-SW-001475,B2026-475,false,false,96,full,,Level 1,compliant,南京消费品检测院,pass,true,true,,true,,pass / low / smart_watch,low,PASS,
EA-SMA-01476,train,smart_watch,曜动Fit Pro手表,蓝牙通话手表,曜动,Fit Pro,SN-SW-001476,B2025-476,false,false,100,full,,Level 1,compliant,南京消费品检测院,pass,true,true,,true,,检测报告显示整机功能正常 各项安全与稳定性测试合格 可正常销售,low,PASS,
EA-SMA-01477,train,smart_watch,脉冲Watch 3手表,官方翻新运动模式手表,脉冲,Watch 3,SN-SW-001477,B2026-477,false,true,80,full,,Level 1,compliant,广州电子检验所,conditional_pass,true,true,B,true,true,功能测试可用 外观存在轻微磨损 建议人工确认页面说明与成色描述,medium,REVIEW,
EA-SMA-01478,train,smart_watch,心率星Ref手表,轻量佩戴手表,心率星,Ref,SN-SW-001478,B2025-478,false,false,90,partial,,Level 2,compliant,深圳质检中心,conditional_pass,true,true,,true,,已检测 基本可用 建议人工复核。,medium,REVIEW,
EA-SMA-01479,train,smart_watch,心率星Fit Pro手表,蓝牙通话手表,心率星,Fit Pro,SN-SW-001479,B2026-479,false,false,93,full,,Level 2,compliant,广州电子检验所,conditional_pass,true,true,,true,,翻新记录已声明 样机功能正常 建议带翻新标识销售并人工复核详情 封签或包装存在重新整理迹象。,medium,REVIEW,
EA-SMA-01480,train,smart_watch,心率星S手表,健康监测手表,心率星,S,SN-SW-001480,B2025-480,false,false,91,partial,,Level 2,limited,北京电子产品检测所,conditional_pass,true,true,,true,,翻新记录已声明 样机功能正常 建议带翻新标识销售并人工复核详情,medium,REVIEW,
EA-SMA-01481,train,smart_watch,腕航Watch 3手表,运动模式手表,腕航,Watch 3,SN-SW-001481,B2026-481,false,false,89,partial,,Level 2,compliant,北京电子产品检测所,fail,true,true,,true,,报告中标注型号为S，与申报型号Watch 3不一致，存在套证或错报风险。,high,FAIL,report_model_mismatch
EA-SMA-01482,train,smart_watch,心率星Ref手表,二手健康监测手表,心率星,Ref,SN-SW-001482,B2025-482,true,false,76,partial,,Level 2,compliant,广州电子检验所,conditional_pass,true,true,A,true,true,conditional_pass / medium / smart_watch,medium,REVIEW,
EA-SMA-01483,train,smart_watch,腕航Lite手表,轻量佩戴手表,腕航,Lite,SN-SW-001483,B2026-483,false,false,94,partial,,Level 1,compliant,成都电子检测中心,pass,true,true,,true,,连续运行测试通过 结构完好 未见异常发热和风险点 证书、批次和能效资料完整。 备注：包装文字与申报信息需人工核对。,low,PASS,
EA-SMA-01484,train,smart_watch,心率星Watch 3手表,健康监测手表,心率星,Watch 3,SN-SW-001484,B2025-484,false,false,97,partial,,Level 1,limited,北京电子产品检测所,conditional_pass,true,true,,true,,已检测 基本可用 建议人工复核。,medium,REVIEW,
EA-SMA-01485,train,smart_watch,脉冲Watch 3手表,运动模式手表,脉冲,Watch 3,,B2026-485,false,false,88,partial,,Level 1,compliant,深圳质检中心,fail,true,true,,true,,翻新和维修痕迹明显 但未完整披露整备历史 风险较高,high,FAIL,missing_device_identifier
EA-SMA-01486,train,smart_watch,曜动Watch 3手表,轻量佩戴手表,曜动,Watch 3,SN-SW-001486,B2025-486,false,false,94,full,,Level 3,limited,南京消费品检测院,conditional_pass,true,true,,true,,环境或能效信息不够完整 建议核对补充资料后再放行,medium,REVIEW,
EA-SMA-01487,train,smart_watch,心率星Ref手表,蓝牙通话手表,心率星,Ref,SN-SW-001487,B2026-487,false,false,98,full,,Level 2,compliant,杭州电子检测站,conditional_pass,true,true,,true,,包装封签存在重新整理痕迹 样机主要功能正常 建议人工抽检 个别备注项需人工判断是否影响销售结论。,medium,REVIEW,
EA-SMA-01488,train,smart_watch,心率星S手表,蓝牙通话手表,心率星,S,SN-SW-001488,B2025-488,false,false,99,full,,Level 1,limited,杭州电子检测站,fail,true,true,,true,,报告中标注型号为Active，与申报型号S不一致，存在套证或错报风险。,high,FAIL,report_model_mismatch
EA-SMA-01489,train,smart_watch,心率星Fit Pro手表,蓝牙通话手表,心率星,Fit Pro,SN-SW-001489,B2026-489,false,false,99,full,,Level 2,compliant,深圳质检中心,fail,true,true,,true,,来源证明不足，包装与铭牌信息存在异常，疑似仿冒或未经授权产品。,high,FAIL,suspected_counterfeit
EA-SMA-01490,train,smart_watch,心率星S手表,健康监测手表,心率星,S,SN-SW-001490,B2025-490,false,false,89,full,,Level 2,limited,杭州电子检测站,fail,true,true,,false,,关键功能测试失败，复测仍异常，不满足流通要求。,high,FAIL,
EA-SMA-01491,train,smart_watch,心率星S手表,蓝牙通话手表,心率星,S,,B2026-491,false,false,92,full,,Level 2,compliant,南京消费品检测院,fail,true,true,,true,,翻新和维修痕迹明显 但未完整披露整备历史 风险较高,high,FAIL,missing_device_identifier
EA-SMA-01492,train,smart_watch,智步Fit Pro手表,蓝牙通话,智步,Fit Pro,SN-SW-001492,B2025-492,false,false,90,full,,Level 2,limited,广州电子检验所,conditional_pass,true,true,,true,,功能测试可用 外观存在轻微磨损 建议人工确认页面说明与成色描述,medium,REVIEW,
EA-SMA-01493,train,smart_watch,脉冲Lite手表,轻量佩戴手表,脉冲,Lite,SN-SW-001493,B2026-493,false,false,99,partial,,Level 2,limited,北京电子产品检测所,conditional_pass,true,true,,true,,包 装封签存在重新整理痕迹 样机主要功能正常 建 议人工抽检 个别备注项需人工判断是否影响销售结论,medium,REVIEW,
EA-SMA-01494,train,smart_watch,脉冲Fit Pro手表,二手轻量佩戴手表,脉冲,Fit Pro,SN-SW-001494,,true,false,88,partial,,Level 2,compliant,东莞质量评估站,conditional_pass,true,true,A,true,true,环境或能效信息不够完整 建议核对补充资料后再放行,medium,REVIEW,
EA-SMA-01495,train,smart_watch,腕航Ref手表,轻量佩戴手表，卖家补充资料稍后上传,腕航,Ref,SN-SW-001495,B2026-495,false,false,100,partial,,Level 1,compliant,东莞质量评估站,pass,true,true,,true,,抽检结果为合格 性能 输出和绝缘测试均符合要求 证书、批次和能效资料完整。,low,PASS,
EA-SMA-01496,train,smart_watch,智步Active手表,长续航手表,智步,Active,SN-SW-001496,B2025-496,false,false,93,partial,,Level 1,compliant,东莞质量评估站,pass,true,true,,true,,检测报告显示整机功能正常 各项安全与稳定性测试合格 可正常销售,low,PASS,
EA-SMA-01497,train,smart_watch,心率星S手表,健康监测手表,心率星,S,SN-SW-001497,B2026-497,false,false,88,partial,,Level 1,limited,苏州声学检测中心,conditional_pass,true,true,,true,,包装封签存在重新整理痕迹 样机主要功能正常 建议人工抽检 封签或包装存在重新整理迹象。,medium,REVIEW,
EA-SMA-01498,train,smart_watch,腕航S手表,轻量佩戴手表,腕航,S,SN-SW-001498,B2025-498,false,false,95,partial,,Level 2,unknown,深圳质检中心,conditional_pass,true,true,,true,,包装封签存在重新整理痕迹 样机主要功能正常 建议人工抽检,medium,REVIEW,
EA-SMA-01499,train,smart_watch,腕航Ref手表,轻量佩戴手表,腕航,Ref,SN-SW-001499,B2026-499,false,false,96,partial,,Level 1,compliant,成都电子检测中心,pass,true,true,,true,,抽检结果为合格 性能 输出和绝缘测试均符合要求 证书、批次和能效资料完整。,low,PASS,
EA-SMA-01500,train,smart_watch,腕航Active手表,卖家宣称全新未拆封，运动模式手表,腕航,Active,SN-SW-001500,B2025-500,false,true,88,partial,,Level 2,limited,广州电子检验所,fail,true,true,C,true,false,来源证明不足 外包装与铭牌信息异常 疑似仿冒或未经授权产品,high,FAIL,undisclosed_refurbished_status
EA-SMA-01501,train,smart_watch,腕航Ref手表,官方翻新蓝牙通话手表,腕航,Ref,SN-SW-001501,B2026-501,false,true,89,full,,Level 2,compliant,杭州电子检测站,conditional_pass,true,true,A,true,true,环境或能效信息不够完整 建议核对补充资料后再放行,medium,REVIEW,
EA-SMA-01502,train,smart_watch,心率星Fit Pro手表,蓝牙通话手表,心率星,Fit Pro,SN-SW-001502,B2025-502,false,false,89,full,,Level 2,limited,北京电子产品检测所,pass,true,true,,true,,连续运行测试通过 结构完好 未见异常发热和风险点 包装、铭牌与申报信息一致。 备注：包装文字与申报信息需人工核对。,low,PASS,
EA-SMA-01503,train,smart_watch,心率星Ref手表,蓝牙通话手表,心率星,Ref,SN-SW-001503,B2026-503,false,false,89,partial,,Level 1,compliant,深圳质检中心,pass,true,true,,true,,实验室记录显示设备在标准工况下工作稳定 未发现异常告警 证书、批次和能效资料完整。,low,PASS,
EA-SMA-01504,train,smart_watch,脉冲Ref手表,长续航手表,脉冲,Ref,SN-SW-001504,B2025-504,false,false,93,partial,,Level 2,limited,广州电子检验所,conditional_pass,true,true,,true,,翻新记录已声明 样机功能正常 建议带翻新标识销售并人工复核详情,medium,REVIEW,
EA-SMA-01505,train,smart_watch,曜动Fit Pro手表,蓝牙通话手表,曜动,Fit Pro,SN-SW-001505,B2026-505,false,false,91,partial,,Level 2,limited,深圳质检中心,conditional_pass,true,true,,true,,包装封签存在重新整理痕迹 样机主要功能正常 建议人工抽检 个别备注项需人工判断是否影响销售结论。,medium,REVIEW,
EA-SMA-01506,train,smart_watch,腕航Lite手表,蓝牙通话手表,腕航,Lite,SN-SW-001506,B2025-506,false,false,88,partial,,Level 2,limited,杭州电子检测站,pass,true,true,,true,,样机经检测符合标准 关键部件状态正常 可上市流通 包装、铭牌与申报信息一致。,low,PASS,
EA-SMA-01507,train,smart_watch,曜动Fit Pro手表,官方翻新长续航手表,曜动,Fit Pro,SN-SW-001507,B2026-507,false,true,81,partial,,Level 2,limited,深圳质检中心,conditional_pass,true,true,A,true,true,翻新记录已声明 样机功能正常 建议带翻新标识销售并人工复核详情,medium,REVIEW,
EA-SMA-01508,train,smart_watch,脉冲Ref手表,健康监测手表，卖家补充资料稍后上传,脉冲,Ref,SN-SW-001508,B2025-508,false,false,100,partial,,Level 1,compliant,苏州声学检测中心,pass,true,true,,true,,抽检结果为合格 性能 输出和绝缘测试均符合要求 Manual review is recommended before release.,low,PASS,
EA-SMA-01509,train,smart_watch,腕航Lite手表,健康监测手表,腕航,Lite,SN-SW-001509,B2026-509,false,false,98,full,,Level 1,limited,南京消费品检测院,fail,true,true,,true,,报告中标注型号为LiteX，与申报型号Lite不一致，存在套证或错报风险。 初次送检摘要写为合格，复核后已修正为不合格。,high,FAIL,report_model_mismatch
EA-SMA-01510,train,smart_watch,曜动Lite手表,蓝牙通话手表,曜动,Lite,SN-SW-001510,B2025-510,false,false,98,partial,,Level 3,unknown,北京电子产品检测所,conditional_pass,true,true,,true,,功能测试可用 外观存在轻微磨损 建议人工确认页面说明与成色描述,medium,REVIEW,
EA-SMA-01511,train,smart_watch,心率星Lite手表,蓝牙通话手表,心率星,Lite,SN-SW-001511,B2026-511,false,false,96,full,,Level 1,limited,杭州电子检测站,fail,true,true,,false,,关键功能测试失败，复测仍异常，不满足流通要求。,high,FAIL,
EA-SMA-01512,train,smart_watch,智步Ref手表,轻量佩戴手表,智步,Ref,,B2025-512,false,false,90,partial,,Level 1,compliant,杭州电子检测站,fail,true,true,,true,,报告中标注型号与申报型号不一致 存在套证或错报风险 初次送检摘要写为合格，复核后已修正为不合格。,high,FAIL,missing_device_identifier
EA-SMA-01513,train,smart_watch,心率星Active手表,官方翻新健康监测手表,心率星,Active,SN-SW-001513,B2026-513,false,true,90,full,,Level 2,limited,南京消费品检测院,conditional_pass,true,true,A,true,true,包装封签存在重新整理痕迹 样机主要功能正常 建议人工抽检 系统初判可流通，但建议人工再核验。,medium,REVIEW,
EA-SMA-01514,train,smart_watch,脉冲Watch 3手表,长续航手表,脉冲,Watch 3,SN-SW-001514,B2025-514,false,true,97,partial,,Level 1,limited,上海质量检测院,fail,true,true,B,true,false,设备身份信息无法核验 且存在异常发热记录 不应上架,high,FAIL,undisclosed_refurbished_status
EA-SMA-01515,train,smart_watch,智步Lite手表,运动模式手表,智步,Lite,SN-SW-001515,B2026-515,false,false,94,full,,Level 1,compliant,苏州声学检测中心,pass,true,true,,true,,样机经检测符合标准 关键部件状态正常 可上市流通 证书、批次和能效资料完整。,low,PASS,
EA-SMA-01516,train,smart_watch,曜动Watch 3手表,健康监测手表,曜动,Watch 3,SN-SW-001516,B2025-516,false,false,89,partial,,Level 3,unknown,成都电子检测中心,conditional_pass,true,true,,true,,翻新记录已声明 样机功能正常 建议带翻新标识销售并人工复核详情,medium,REVIEW,
EA-SMA-01517,train,smart_watch,智步Lite手表,健康监测手表,智步,Lite,SN-SW-001517,B2026-517,false,false,89,full,,Level 1,compliant,上海质量检测院,conditional_pass,true,true,,true,,检测意见为有条件合格 需人工确认备注项是否已在商品页披露 个别备注项需人工判断是否影响销售结论。,medium,REVIEW,
EA-SMA-01518,train,smart_watch,曜动Ref手表,长续航手,曜动,Ref,SN-SW-001518,B2025-518,false,false,95,partial,,Level 2,compliant,深圳质检中心,fail,true,true,,false,,"关键功能测试失败, 复测仍异常, 不满足流通要求",high,FAIL,
EA-SMA-01519,train,smart_watch,智步Fit Pro手表,官方翻新蓝牙通话手表,智步,Fit Pro,SN-SW-001519,,false,true,86,full,,Level 2,compliant,深圳质检中心,conditional_pass,true,true,A,true,true,功能测试可用 外观存在轻微磨损 建议人工确认页面说明与成色描述,medium,REVIEW,
EA-SMA-01520,train,smart_watch,脉冲Active手表,蓝牙通话手表,脉冲,Active,SN-SW-001520,B2025-520,false,false,93,partial,,Level 1,limited,上海质量检测院,pass,true,true,,true,,实验室记录显示设备在标准工况下工作稳定 未发现异常告警,low,PASS,
EA-SMA-01521,train,smart_watch,智步Active手表,轻量佩戴手表,智步,Active,SN-SW-001521,B2026-521,false,false,98,full,,Level 2,limited,成都电子检测中心,conditional_pass,true,true,,true,,基础检测通过 但报告内容较简略 建议复核附件与证书映射关系 封签或包装存在重新整理迹象  Manual review is recommended before release.,medium,REVIEW,
EA-SMA-01522,train,smart_watch,智步Active手表,健康监测手表,智步,Active,SN-SW-001522,B2025-522,false,false,48,partial,,Level 2,compliant,苏州声学检测中心,fail,false,false,,true,,设备身份信息无法核验 且存在异常发热记录 不应上架,high,FAIL,battery_safety_concern
EA-SMA-01523,train,smart_watch,脉冲S手表,健康监测手表,脉冲,S,SN-SW-001523,,false,false,96,partial,,Level 2,compliant,上海质量检测院,conditional_pass,true,true,,true,,检测意见为有条件合格 需人工确认备注项是否已在商品页披露 个别备注项需人工判断是否影响销售结论。,medium,REVIEW,
EA-SMA-01524,train,smart_watch,腕航Lite手表,二手长续航手表,腕航,Lite,SN-SW-001524,B2025-524,true,false,90,partial,,Level 1,compliant,北京电子产品检测所,conditional_pass,true,true,A,true,true,翻新记录已声明 样机功能正常 建议带翻新标识销售并人工复核详情 系统初判可流通，但建议人工再核验。 Model code in report does not match seller declaration.,medium,REVIEW,
EA-SMA-01525,train,smart_watch,智步Ref手表,官方翻新长续航手表,智步,Ref,SN-SW-001525,B2026-525,false,true,81,full,,Level 1,compliant,杭州电子检测站,conditional_pass,true,true,A,true,true,翻新记录已声明 样机功能正常 建议带翻新标识销售并人工复核详情,medium,REVIEW,
EA-SMA-01526,train,smart_watch,曜动Watch 3手表,运动模式手表,曜动,Watch 3,SN-SW-001526,B2025-526,false,false,100,full,,Level 1,compliant,北京电子产品检测所,pass,true,true,,true,,抽检结果为合格 性能 输出和绝缘测试均符合要求 包装、铭牌与申报信息一致,low,PASS,
EA-SMA-01527,train,smart_watch,腕航Ref手表,蓝牙通话手表,腕航,Ref,SN-SW-001527,B2026-527,false,false,94,full,,Level 2,compliant,上海质量检测院,conditional_pass,true,true,,true,,检测意见为有条件合格 需人工确认备注项是否已在商品页披露 封签或包装存在重新整理迹象。,medium,REVIEW,
EA-SMA-01528,train,smart_watch,腕航Fit Pro手表,健康监测手表,腕航,Fit Pro,SN-SW-001528,B2025-528,false,false,94,full,,Level 2,compliant,上海质量检测院,pass,true,true,,true,,连续运行测试通过 结构完好 未见异常发热和风险点,low,PASS,
EA-SMA-01529,train,smart_watch,曜动Ref手表,运动模式手表,曜动,Ref,SN-SW-001529,B2026-529,false,false,61,partial,,Level 2,compliant,苏州声学检测中心,fail,false,false,,true,,来源证明不足 外包装与铭牌信息异常 疑似仿冒或未经授权产品,high,FAIL,battery_safety_concern
EA-SMA-01530,train,smart_watch,智步Active手表,卖家宣称全新未拆封，健康监测手表,智步,Active,SN-SW-001530,B2025-530,false,false,97,full,,Level 1,compliant,广州电子检验所,fail,true,true,,true,,报告中标注型号为S，与申报型号Active不一致，存在套证或错报风险。,high,FAIL,report_model_mismatch
EA-SMA-01531,train,smart_watch,智步Watch 3手表,运动模式手表,智步,Watch 3,SN-SW-001531,B2026-531,false,false,100,full,,Level 1,compliant,南京消费品检测院,pass,true,true,,true,,pass / low / smart_watch,low,PASS,
EA-SMA-01532,train,smart_watch,曜动Active手表,轻量佩戴手表,曜动,Active,SN-SW-001532,B2025-532,false,false,94,full,,Level 2,compliant,成都电子检测中心,pass,true,true,,true,,样机经检测符合标准 关键部件状态正常 可上市流通 Result: pass under normal operating conditions.,low,PASS,
EA-SMA-01533,train,smart_watch,心率星Fit Pro手表,长续航手表,心率星,Fit Pro,,B2026-533,false,false,91,partial,,Level 2,limited,杭州电子检测站,fail,true,true,,true,,翻新和维修痕迹明显 但未完整披露整备历史 风险较高,high,FAIL,missing_device_identifier
EA-SMA-01534,train,smart_watch,曜动Lite手表,轻量佩戴手表,曜动,Lite,,B2025-534,false,false,95,full,,Level 1,compliant,外部资料摘录,fail,true,true,,true,,检测完成，建议复核。,high,FAIL,missing_device_identifier
EA-SMA-01535,train,smart_watch,智步Ref手表,长续航手表,智步,Ref,SN-SW-001535,B2026-535,false,false,98,full,,Level 1,compliant,广州电子检验所,pass,true,true,,true,,样机经检测符合标准 关键部件状态正常 可上市流通 证书、批次和能效资料完整。,low,PASS,
EA-SMA-01536,train,smart_watch,心率星Watch 3手表,健康监测手表,心率星,Watch 3,SN-SW-001536,B2025-536,false,false,100,full,,Level 1,compliant,上海质量检测院,pass,true,true,,true,,样机经检測符合标准 关键部件状态正常 可上市流通,low,PASS,
EA-SMA-01537,train,smart_watch,脉冲Ref手表,轻量佩戴手表,脉冲,Ref,SN-SW-001537,B2026-537,false,false,93,partial,,Level 2,compliant,成都电子检测中心,fail,true,true,,true,,见附件。,high,FAIL,report_model_mismatch
EA-SMA-01538,train,smart_watch,心率星Lite手表,健康监测手表,心率星,Lite,SN-SW-001538,B2025-538,false,false,92,full,,Level 2,compliant,成都电子检测中心,pass,true,true,,true,,连续运行测试通過 结构完好 未见异常发热和風险点 包 装、铭牌与申报信息一致。,low,PASS,
EA-SMA-01539,train,smart_watch,智步Active手表,蓝牙通话手表,智步,Active,SN-SW-001539,B2026-539,false,false,100,full,,Level 2,compliant,东莞质量评估站,conditional_pass,true,true,,true,,见附件。,medium,REVIEW,
EA-SMA-01540,train,smart_watch,曜动Ref手表,蓝牙通话手表,曜动,Ref,,B2025-540,false,false,95,full,,Level 2,compliant,北京电子产品检测所,fail,true,true,,true,,来源证明不足 外包装与铭牌信息异常 疑似仿冒或未经授权产品,high,FAIL,missing_device_identifier
EA-SMA-01541,train,smart_watch,智步S手表,蓝牙通话手表,智步,S,SN-SW-001541,B2026-541,false,false,88,full,,Level 2,compliant,成都电子检测中心,pass,true,true,,true,,实验室记录显示设备在标准工况下工作稳定 未发现异常告警 连续运行24小时未发现掉线、死机或输出波动。,low,PASS,
EA-SMA-01542,train,smart_watch,脉冲Ref手表,轻量佩戴手表,脉冲,Ref,SN-SW-001542,B2025-542,false,false,88,full,,Level 2,compliant,杭州电子检测站,pass,true,true,,true,,检测报告显示整机功能正常 各项安全与稳定性测试合格 可正常销售 包装、铭牌与申报信息一致。,low,PASS,
EA-SMA-01543,train,smart_watch,心率星Ref手表,官方翻新轻量佩戴手表,心率星,Ref,SN-SW-001543,B2026-543,false,true,91,partial,,Level 2,compliant,成都电子检测中心,conditional_pass,true,true,A,true,true,基础检测通过 但报告内容较简略 建议复核附件与证书映射关系,medium,REVIEW,
EA-SMA-01544,train,smart_watch,智步Active手表,运动模式手表,智步,Active,SN-SW-001544,B2025-544,false,false,98,partial,,Level 2,limited,南京消费品检测院,conditional_pass,true,true,,true,,已检测 基本可用 建议人工复核。,medium,REVIEW,
EA-SMA-01545,train,smart_watch,腕航Lite手表,运动模式手表,腕航,Lite,SN-SW-001545,B2026-545,false,false,90,partial,,Level 1,limited,南京消费品检测院,conditional_pass,true,true,,true,,环境或能效信息不够完整 建议核对补充资料后再放行 封签或包装存在重新整理迹象。,medium,REVIEW,
EA-SMA-01546,train,smart_watch,曜动Lite手表,运动模式手表,曜动,Lite,SN-SW-001546,B2025-546,false,false,96,full,,Level 3,limited,东莞质量评估站,conditional_pass,true,true,,true,,基础检测通过 但报告内容较简略 建 议复核附件与证书映射关系,medium,REVIEW,
EA-SMA-01547,train,smart_watch,智步Fit Pro手表,健康监测手表,智步,Fit Pro,SN-SW-001547,B2026-547,false,false,89,full,,Level 1,compliant,南京消费品检测院,conditional_pass,true,true,,true,,conditional_pass / medium / smart_watch,medium,REVIEW,
EA-SMA-01548,train,smart_watch,智步Lite手表,长续航手表，卖家补充资料稍后上传,智步,Lite,SN-SW-001548,B2025-548,false,false,100,full,,Level 2,limited,深圳质检中心,pass,true,true,,true,,连续运行测试通过 结构完好 未见异常发热和风险点,low,PASS,
EA-SMA-01549,train,smart_watch,脉冲Ref手表,官方翻新长续航手表,脉冲,Ref,SN-SW-001549,B2026-549,false,true,82,full,,Level 2,limited,东莞质量评估站,conditional_pass,true,true,B,true,true,包装封签存在重新整理痕迹 样机主要功能正常 建议人工抽检,medium,REVIEW,
EA-SMA-01550,train,smart_watch,心率星Lite手表,运动模式,心率星,Lite,SN-SW-001550,B2025-550,false,false,98,full,,Level 1,limited,南京消费品检测院,conditional_pass,true,true,,true,,已检测 基本可用 建议人工复核。,medium,REVIEW,
EA-SMA-01551,train,smart_watch,脉冲Watch 3手表,健康监测手表,脉冲,Watch 3,SN-SW-001551,B2026-551,false,false,98,full,,Level 2,compliant,上海质量检测院,fail,true,true,,true,,"报告中标注型號为Lite, 与申报型号Watch 3不一致, 存在套证或错报风险  初次送检摘要写为合格, 复核后已修正为不 合 格  Model code in report does not match seller declaration.",high,FAIL,report_model_mismatch
EA-SMA-01552,train,smart_watch,曜动Watch 3手表,健康监测手表,曜动,Watch 3,SN-SW-001552,,false,false,98,partial,,Level 1,compliant,南京消费品检测院,fail,true,true,,true,,来源证明不足，包装与铭牌信息存在异常，疑似仿冒或未经授权产品。,high,FAIL,suspected_counterfeit
EA-SMA-01553,train,smart_watch,智步Active手表,长续航手表,智步,Active,SN-SW-001553,B2026-553,false,false,97,full,,Level 1,compliant,北京电子产品检测所,fail,true,true,,false,,关键功能测试失败，复测仍异常，不满足流通要求。,high,FAIL,
EA-SMA-01554,train,smart_watch,腕航Active手表,蓝牙通话手表,腕航,Active,SN-SW-001554,B2025-554,false,false,93,full,,Level 1,compliant,广州电子检验所,pass,true,true,,true,,连续运行测试通过 结构完好 未见异常发热和风险点 包装、铭牌与申报信息一致。,low,PASS,
EA-SMA-01555,train,smart_watch,曜动Fit Pro手表,长续航手表,曜动,Fit Pro,,B2026-555,false,false,98,full,,Level 2,compliant,成都电子检测中心,fail,true,true,,true,,翻新和维修痕迹明显 但未完整披露整备历史 風险较高 Manual review is recommended before release.,high,FAIL,missing_device_identifier
EA-SMA-01556,train,smart_watch,曜动Watch 3手表,轻量佩戴手表,曜动,Watch 3,SN-SW-001556,B2025-556,false,true,98,partial,,Level 2,limited,上海质量检测院,fail,true,true,C,true,false,来源证明不足 外包装与铭牌信息异常 疑似仿冒或未经授权产品,high,FAIL,undisclosed_refurbished_status
EA-SMA-01557,train,smart_watch,智步Lite手表,蓝牙通话手表,智步,Lite,SN-SW-001557,B2026-557,false,false,88,partial,,Level 1,limited,广州电子检验所,conditional_pass,true,true,,true,,翻新记录已声明 样机功能正常 建 议带翻新标识销售并人工复核详情 封签或包 装存在重新整理迹象,medium,REVIEW,
EA-SMA-01558,train,smart_watch,心率星Fit Pro手表,长续航手表,心率星,Fit Pro,SN-SW-001558,B2025-558,false,false,100,full,,Level 1,compliant,苏州声学检测中心,pass,true,true,,true,,样机经检测符合标准 关键部件状态正常 可上市流通 包装、铭牌与申报信息一致。,low,PASS,
EA-SMA-01559,train,smart_watch,曜动Watch 3手表,运动模式手表,曜动,Watch 3,SN-SW-001559,B2026-559,false,false,100,partial,,Level 1,compliant,苏州声学检测中心,pass,true,true,,true,,检測报告显示整机功能正常 各项安全与稳定性测试合格 可正常销售 证书、批次和能效资料完整。,low,PASS,
EA-SMA-01560,train,smart_watch,曜动S手表,长续航手表,曜动,S,SN-SW-001560,B2025-560,false,false,97,full,,Level 2,compliant,上海质量检测院,pass,true,true,,true,,检测报告显示整机功能正常 各项安全与稳定性测试合格 可正常销售,low,PASS,
EA-SMA-01561,train,smart_watch,脉冲S手表,健康监测手表,脉冲,S,,B2026-561,false,false,91,partial,,Level 2,limited,广州电子检验所,fail,true,true,,true,,"检测完成, 建议复核  Observed thermal issue during repeated charging cycle.",high,FAIL,missing_device_identifier
EA-SMA-01562,train,smart_watch,腕航Lite手表,轻量佩戴手表,腕航,Lite,,B2025-562,false,false,97,partial,,Level 1,compliant,东莞质量评估站,fail,true,true,,true,,见附件。,high,FAIL,missing_device_identifier
EA-SMA-01563,train,smart_watch,智步Watch 3手表,轻量佩戴手表,智步,Watch 3,SN-SW-001563,B2026-563,false,false,95,full,,Level 1,compliant,广州电子检验所,conditional_pass,true,true,,true,,环境或能效信息不够完整 建议核对补充资料后再放行 封签或包装存在重新整理迹象。,medium,REVIEW,
EA-SMA-01564,train,smart_watch,腕航Ref手表,轻量佩戴手表,腕航,Ref,SN-SW-001564,B2025-564,false,false,91,partial,,Level 1,limited,北京电子产品检测所,pass,true,true,,true,,样机经检测符合标准 关键部件状态正常 可上市流通 备注：包装文字与申报信息需人工核对。,low,PASS,
EA-SMA-01565,train,smart_watch,智步Lite手表,运动模式手表,智步,Lite,SN-SW-001565,B2026-565,false,false,90,partial,,Level 2,compliant,杭州电子检测站,pass,true,true,,true,,抽检结果为合格 性能 输出和绝缘测试均符合要求 连续运行24小时未发现掉线、死机或输出波动,low,PASS,
EA-SMA-01566,train,smart_watch,心率星Fit Pro手表,健康监测手表,心率星,Fit Pro,SN-SW-001566,B2025-566,false,false,98,full,,Level 1,limited,南京消费品检测院,pass,true,true,,true,,实验室记录显示设备在标准工况下工作稳定 未发现异常告警 包装、铭牌与申报信息一致。,low,PASS,
EA-SMA-01567,train,smart_watch,脉冲Lite手表,轻量佩戴手表,脉冲,Lite,SN-SW-001567,B2026-567,false,false,90,partial,,Level 1,compliant,广州电子检验所,pass,true,true,,true,,样机经检测符合标准 关键部件状态正常 可上市流通 证书、批次和能效资料完整。,low,PASS,
EA-SMA-01568,train,smart_watch,心率星Active手表,蓝牙通话手表,心率星,Active,,B2025-568,false,false,99,partial,,Level 1,compliant,东莞质量评估站,fail,true,true,,true,,翻新和维修痕迹明显 但未完整披露整备历史 风险较高,high,FAIL,missing_device_identifier
EA-SMA-01569,train,smart_watch,脉冲Watch 3手表,健康监测手表,脉冲,Watch 3,,,false,false,94,full,,Level 1,compliant,平台复核,fail,true,true,,true,,来源证明不足 外包装与铭牌信息异常 疑似仿冒或未经授权产品,high,FAIL,missing_device_identifier
EA-SMA-01570,train,smart_watch,心率星Watch 3手表,健康监测手表,心率星,Watch 3,SN-SW-001570,B2025-570,false,false,92,full,,Level 2,limited,成都电子检测中心,pass,true,true,,true,,检测报告显示整机功能正常 各项安全与稳定性测试合格 可正常销售 包装、铭牌与申报信息一致。,low,PASS,
EA-SMA-01571,train,smart_watch,曜动Active手表,健康监测手表,曜动,Active,SN-SW-001571,B2026-571,false,false,92,full,,Level 1,limited,北京电子产品检测所,conditional_pass,true,true,,true,,检测完成，建议复核。,medium,REVIEW,
EA-SMA-01572,train,smart_watch,智步Active手表,轻量佩戴手表,智步,Active,SN-SW-001572,B2025-572,false,false,99,full,,Level 2,compliant,广州电子检验所,fail,true,true,,true,,报告中标注型号为ActiveX，与申报型号Active不一致，存在套证或错报风险。,high,FAIL,report_model_mismatch
EA-SMA-01573,train,smart_watch,脉冲Lite手表,运动模式手表,脉冲,Lite,SN-SW-001573,B2026-573,false,false,88,full,,Level 1,compliant,南京消费品检测院,pass,true,true,,true,,pass / low / smart_watch,low,PASS,
EA-SMA-01574,train,smart_watch,心率星S手表,健康监测手表,心率星,S,SN-SW-001574,B2025-574,false,false,90,full,,Level 1,compliant,北京电子产品检测所,pass,true,true,,true,,pass / low / smart_watch,low,PASS,
EA-SMA-01575,train,smart_watch,腕航Ref手表,轻量佩戴手表,腕航,Ref,SN-SW-001575,B2026-575,false,false,95,partial,,Level 1,compliant,东莞质量评估站,pass,true,true,,true,,抽检结果为合格 性能 输出和绝缘测试均符合要求 证书、批次和能效资料完整。,low,PASS,
EA-SMA-01576,train,smart_watch,腕航Watch 3手表,健康监测手表,腕航,Watch 3,SN-SW-001576,B2025-576,false,false,98,full,,Level 3,unknown,广州电子检验所,conditional_pass,true,true,,true,,翻新记录已声明 样机功能正常 建议带翻新标识销售并人工复核详情,medium,REVIEW,
EA-SMA-01577,train,smart_watch,智步Ref手表,健康监测手表,智步,Ref,SN-SW-001577,B2026-577,false,false,100,partial,,Level 1,limited,东莞质量评估站,conditional_pass,true,true,,true,,基础检测通过 但报告内容较简略 建议复核附件与证书映射关系 个别备注项需人工判断是否影响销售结论。,medium,REVIEW,
EA-SMA-01578,train,smart_watch,腕航Lite手表,蓝牙通话手表，卖家补充资料稍后上传,腕航,Lite,SN-SW-001578,B2025-578,false,false,96,full,,Level 2,compliant,杭州电子检测站,pass,true,true,,true,,pass / low / smart_watch,low,PASS,
EA-SMA-01579,train,smart_watch,腕航Fit Pro手表,健康监测手表,腕航,Fit Pro,SN-SW-001579,B2026-579,false,false,97,partial,,Level 2,limited,南京消费品检测院,fail,true,true,,true,,报告中标注型号为Active，与申报型号Fit Pro不一致，存在套证或错报风险。,high,FAIL,report_model_mismatch
EA-SMA-01580,train,smart_watch,腕航Watch 3手表,蓝牙通话手表,腕航,Watch 3,SN-SW-001580,B2025-580,false,false,97,partial,,Level 2,limited,杭州电子检测站,pass,true,true,,true,,样机经检测符合标准 关键部件状态正常 可上市流通,low,PASS,
EA-SMA-01581,train,smart_watch,腕航Ref手表,运动模式手表,腕航,Ref,SN-SW-001581,B2026-581,false,false,99,partial,,Level 1,compliant,杭州电子检测站,conditional_pass,true,true,,true,,环境或能效信息不够完整 建议核对补充资料后再放行 封签或包装存在重新整理迹象。,medium,REVIEW,
EA-SMA-01582,train,smart_watch,曜动Ref手表,运动模式手表,曜动,Ref,SN-SW-001582,B2025-582,false,false,92,full,,Level 2,limited,广州电子检验所,conditional_pass,true,true,,true,,检测意见为有条件合格 需人工确认备注项是否已在商品页披露,medium,REVIEW,
EA-SMA-01583,train,smart_watch,腕航Fit Pro手表,轻量佩戴手表,腕航,Fit Pro,SN-SW-001583,B2026-583,false,false,91,full,,Level 1,limited,成都电子检测中心,conditional_pass,true,true,,true,,包装封签存在重新整理痕迹 样机主要功能正常 建议人工抽检 个别备注项需人工判断是否影响销售结论。,medium,REVIEW,
EA-SMA-01584,train,smart_watch,脉冲Fit Pro手表,健康监测手表，卖家补充资料稍后上传,脉冲,Fit Pro,SN-SW-001584,B2025-584,false,false,91,partial,,Level 2,compliant,成都电子检测中心,pass,true,true,,true,,连续运行测试通过 结构完好 未见异常发热和风险点,low,PASS,
EA-SMA-01585,train,smart_watch,智步Active手表,健康监测手表,智步,Active,SN-SW-001585,B2026-585,false,false,98,full,,Level 1,compliant,平台复核,pass,true,true,,true,,样机经检测符合标准 关键部件状态正常 可上市流通 连续运行24小时未发现掉线、死机或输出波动。 Result: pass under normal operating conditions.,low,PASS,
EA-SMA-01586,train,smart_watch,腕航Lite手表,运动模式手表,腕航,Lite,SN-SW-001586,,false,false,89,full,,Level 2,compliant,第三方送检,pass,true,true,,true,,样机经检测符合标准 关键部件状态正常 可上市流通 包装、铭牌与申报信息一致。,low,PASS,
EA-SMA-01587,train,smart_watch,脉冲S手表,蓝牙通话手表,脉冲,S,SN-SW-001587,B2026-587,false,false,88,partial,,Level 1,compliant,苏州声学检测中心,conditional_pass,true,true,,true,,功能测试可用 外观存在轻微磨损 建议人工确认页面说明与成色描述 封签或包装存在重新整理迹象。,medium,REVIEW,
EA-SMA-01588,train,smart_watch,心率星Fit Pro手表,蓝牙通话手表,心率星,Fit Pro,SN-SW-001588,B2025-588,false,false,98,partial,,Level 2,unknown,杭州电子检测站,conditional_pass,true,true,,true,,基础检测通过 但报告内容较简略 建议复核附件与证书映射关系 备注：包装文字与申报信息需人工核对。,medium,REVIEW,
EA-SMA-01589,train,smart_watch,心率星Ref手表,蓝牙通话手表,心率星,Ref,SN-SW-001589,B2026-589,false,false,99,full,,Level 1,compliant,东莞质量评估站,pass,true,true,,true,,实验室记录显示设备在标准工况下工作稳定 未发现异常告警 连续运行24小时未发现掉线、死机或输出波动。,low,PASS,
EA-SMA-01590,train,smart_watch,智步Active手表,长续航手表,智步,Active,,B2025-590,false,false,100,full,,Level 1,compliant,北京电子产品检测所,fail,true,true,,true,,fail / high / smart_watch,high,FAIL,missing_device_identifier
EA-SMA-01591,train,smart_watch,心率星Watch 3手表,长续航手,心率星,Watch 3,SN-SW-001591,B2026-591,false,true,89,partial,,Level 2,compliant,东莞质量评估站,fail,true,true,B,true,false,来源证明不足 外包装与铭牌信息异常 疑似仿冒或未经授权产品,high,FAIL,undisclosed_refurbished_status
EA-SMA-01592,train,smart_watch,腕航Active手表,运动模式手表,腕航,Active,SN-SW-001592,B2025-592,false,false,96,partial,,Level 1,compliant,苏州声学检测中心,conditional_pass,true,true,,true,,已检测 基本可用 建议人工复核。,medium,REVIEW,
EA-SMA-01593,train,smart_watch,曜动Fit Pro手表,健康监测手表,曜动,Fit Pro,SN-SW-001593,B2026-593,false,false,89,full,,Level 2,compliant,成都电子检测中心,fail,true,true,,true,,报告中标注型号为Fit ProX，与申报型号Fit Pro不一致，存在套证或错报风险。,high,FAIL,report_model_mismatch
EA-SMA-01594,train,smart_watch,智步S手表,长续航手表,智步,S,SN-SW-001594,B2025-594,false,false,94,full,,Level 1,limited,南京消费品检测院,pass,true,true,,true,,样机经检测符合标准 关键部件状态正常 可上市流通 包装、铭牌与申报信息一致,low,PASS,
EA-SMA-01595,train,smart_watch,心率星S手表,运动模式手表,心率星,S,SN-SW-001595,B2026-595,false,false,95,full,,Level 1,compliant,南京消费品检测院,conditional_pass,true,true,,true,,见附件。,medium,REVIEW,
EA-SMA-01596,train,smart_watch,脉冲Fit Pro手表,长续航手表,脉冲,Fit Pro,,B2025-596,false,false,92,full,,Level 1,compliant,东莞质量评估站,fail,true,true,,true,,高温或耐压测试未通过 存在安全隐患 应直接拦截,high,FAIL,missing_device_identifier
EA-SMA-01597,train,smart_watch,心率星Lite手表,官方翻新蓝牙通话手表,心率星,Lite,SN-SW-001597,B2026-597,false,true,82,partial,,Level 1,compliant,苏州声学检测中心,conditional_pass,true,true,A,true,true,翻新记录已声明 样机功能正常 建议带翻新标识销售并人工复核详情 系统初判可流通，但建议人工再核验。,medium,REVIEW,
EA-SMA-01598,train,smart_watch,心率星Fit Pro手表,长续航手表,心率星,Fit Pro,SN-SW-001598,B2025-598,false,false,91,partial,,Level 2,compliant,广州电子检验所,conditional_pass,true,true,,true,,已检测 基本可用 建议人工复核。,medium,REVIEW,
EA-SMA-01599,train,smart_watch,智步Fit Pro手表,健康监测手表,智步,Fit Pro,SN-SW-001599,B2026-599,false,false,95,partial,,Level 1,compliant,北京电子产品检测所,pass,true,true,,true,,实验室记录显示设备在标准工况下工作稳定 未发现异常告警 证书、批次和能效资料完整。,low,PASS,
EA-SMA-01600,train,smart_watch,智步Active手表,轻量佩戴手表,智步,Active,SN-SW-001600,B2025-600,false,false,92,full,,Level 2,limited,深圳质检中心,fail,true,true,,true,,"报告中标注型号为Watch 3, 与申报型号Active不一致, 存在套证或错报风险",high,FAIL,report_model_mismatch
EA-SMA-01601,train,smart_watch,智步Fit Pro手表,运动模式手表,智步,Fit Pro,SN-SW-001601,B2026-601,false,false,92,partial,,Level 2,compliant,南京消费品检测院,conditional_pass,true,true,,true,,翻新记录已声明 样机功能正常 建议带翻新标识销售并人工复核详情 个别备注项需人工判断是否影响销售结论。,medium,REVIEW,
EA-SMA-01602,train,smart_watch,腕航Ref手表,运动模式手表,腕航,Ref,SN-SW-001602,B2025-602,false,false,95,full,,Level 1,compliant,广州电子检验所,pass,true,true,,true,,检测报告显示整机功能正常 各项安全与稳定性测试合格 可正常销售 包装、铭牌与申报信息一致。,low,PASS,
EA-SMA-01603,train,smart_watch,曜动Watch 3手表,轻量佩戴手表,曜动,Watch 3,SN-SW-001603,B2026-603,false,false,98,partial,,Level 1,compliant,上海质量检测院,pass,true,true,,true,,实验室记录显示设备在标准工况下工作稳定 未发现异常告警 证书、批次和能效资料完整。,low,PASS,
EA-SMA-01604,train,smart_watch,脉冲Lite手表,轻量佩戴手表,脉冲,Lite,SN-SW-001604,B2025-604,false,false,95,full,,Level 2,compliant,南京消费品检测院,conditional_pass,true,true,,true,,已检测 基本可用 建议人工复核。,medium,REVIEW,
EA-SMA-01605,train,smart_watch,脉冲Ref手表,蓝牙通话手表,脉冲,Ref,SN-SW-001605,B2026-605,false,false,97,partial,,Level 1,compliant,东莞质量评估站,pass,true,true,,true,,实验室记录显示设备在标准工况下工作稳定 未发现异常告警 连续运行24小时未发现掉线、死机或输出波动。,low,PASS,
EA-SMA-01606,train,smart_watch,脉冲Active手表,轻量佩戴手表,脉冲,Active,SN-SW-001606,B2025-606,false,false,100,full,,Level 2,limited,成都电子检测中心,conditional_pass,true,true,,true,,翻新记录已声明 样机功能正常 建议带翻新标识销售并人工复核详情,medium,REVIEW,
EA-SMA-01607,train,smart_watch,腕航Lite手表,长续航手表,腕航,Lite,SN-SW-001607,B2026-607,false,false,89,full,,Level 1,compliant,成都电子检测中心,fail,true,true,,true,,报告中标注型号为S，与申报型号Lite不一致，存在套证或错报风险。,high,FAIL,report_model_mismatch
EA-SMA-01608,train,smart_watch,智步Watch 3手表,蓝牙通话手表,智步,Watch 3,SN-SW-001608,B2025-608,false,false,94,partial,,Level 2,compliant,上海质量检测院,fail,true,true,,true,,来源证明不足，包装与铭牌信息存在异常，疑似仿冒或未经授权产品。,high,FAIL,suspected_counterfeit
EA-SMA-01609,val,smart_watch,曜动S手表,长续航手表,曜动,S,SN-SW-001609,B2026-609,false,false,91,full,,Level 1,compliant,广州电子检验所,fail,true,true,,false,,关键功能测试失败，复测仍异常，不满足流通要求。,high,FAIL,
EA-SMA-01610,val,smart_watch,智步S手表,健康监测手表，卖家补充资料稍后上传,智步,S,SN-SW-001610,B2025-610,false,false,88,full,,Level 2,limited,广州电子检验所,pass,true,true,,true,,实验室记录显示设备在标准工况下工作稳定 未发现异常告警 包装、铭牌与申报信息一致,low,PASS,
EA-SMA-01611,val,smart_watch,曜动Lite手表,健康监测手表,曜动,Lite,SN-SW-001611,B2026-611,false,false,96,full,,Level 1,compliant,北京电子产品检测所,pass,true,true,,true,,样机经检测符合标准 关键部件状态正常 可上市流通 证书、批次和能效资料完整。,low,PASS,
EA-SMA-01612,val,smart_watch,智步Ref手表,蓝牙通话手表,智步,Ref,SN-SW-001612,B2025-612,false,true,93,full,,Level 2,compliant,外部资料摘录,fail,true,true,B,true,false,翻新和维修痕迹明显 但未完整披露整备历史 风险较高,high,FAIL,undisclosed_refurbished_status
EA-SMA-01613,val,smart_watch,脉冲Fit Pro手表,轻量佩戴手表,脉冲,Fit Pro,SN-SW-001613,B2026-613,false,false,89,full,,Level 2,limited,广州电子检验所,conditional_pass,true,true,,true,,环境或能效信息不够完整 建议核对补充资料后再放行 个别备注项需人工判断是否影响销售结论。 备注：包装文字与申报信息需人工核对。,medium,REVIEW,
EA-SMA-01614,val,smart_watch,腕航Fit Pro手表,轻量佩戴手表,腕航,Fit Pro,SN-SW-001614,B2025-614,false,false,98,full,,Level 2,limited,深圳质检中心,pass,true,true,,true,,检测完成，建议复核。,low,PASS,
EA-SMA-01615,val,smart_watch,腕航Ref手表,官方翻新运动模式手表,腕航,Ref,SN-SW-001615,B2026-615,false,true,80,full,,Level 2,limited,广州电子检验所,conditional_pass,true,true,B,true,true,翻新记录已声明 样机功能正常 建议带翻新标识销售并人工复核详情,medium,REVIEW,
EA-SMA-01616,val,smart_watch,智步Fit Pro手表,轻量佩戴手表,智步,Fit Pro,SN-SW-001616,B2025-616,false,false,98,full,,Level 1,compliant,东莞质量评估站,pass,true,true,,true,,检测报告显示整机功能正常 各项安全与稳定性测试合格 可正常销售,low,PASS,
EA-SMA-01617,val,smart_watch,腕航Watch 3手表,运动模式手表,腕航,Watch 3,SN-SW-001617,B2026-617,false,false,99,partial,,Level 1,compliant,北京电子产品检测所,pass,true,true,,true,,连续运行测试通过 结构完好 未见异常发热和风险点 连续运行24小时未发现掉线、死机或输出波动。,low,PASS,
EA-SMA-01618,val,smart_watch,脉冲Active手表,运动模式手表,脉冲,Active,SN-SW-001618,B2025-618,false,false,88,full,,Level 2,compliant,北京电子产品检测所,pass,true,true,,true,,检测报告显示整机功能正常 各项安全与稳定性测试合格 可正常销售 包装、铭牌与申报信息一致。,low,PASS,
EA-SMA-01619,val,smart_watch,腕航Active手表,健康监测手表,腕航,Active,SN-SW-001619,B2026-619,false,true,94,full,,Level 2,limited,广州电子检验所,fail,true,true,C,true,false,报告中标注型号与申报型号不一致 存在套证或错报风险,high,FAIL,undisclosed_refurbished_status
EA-SMA-01620,val,smart_watch,脉冲Watch 3手表,二手长续航手表,脉冲,Watch 3,SN-SW-001620,B2025-620,true,false,82,partial,,Level 1,compliant,东莞质量评估站,conditional_pass,true,true,B,true,true,翻新记录已声明 样机功能正常 建议带翻新标识销售并人工复核详情,medium,REVIEW,
EA-SMA-01621,val,smart_watch,腕航Ref手表,蓝牙通话手表,腕航,Ref,SN-SW-001621,B2026-621,false,false,92,partial,,Level 1,compliant,苏州声学检测中心,fail,true,true,,true,,报告中标注型号为Fit Pro，与申报型号Ref不一致，存在套证或错报风险。,high,FAIL,report_model_mismatch
EA-SMA-01622,val,smart_watch,腕航Active手表,轻量佩戴手表,腕航,Active,SN-SW-001622,B2025-622,false,false,88,full,,Level 2,compliant,成都电子检测中心,fail,true,true,,true,,"来源证明不足, 包装与铭牌信息存在异常, 疑似仿冒或未经授权产品  Observed thermal issue during repeated charging cycle.",high,FAIL,suspected_counterfeit
EA-SMA-01623,val,smart_watch,曜动Lite手表,健康监测手表,曜动,Lite,SN-SW-001623,B2026-623,false,false,94,full,,Level 1,compliant,杭州电子检测站,pass,true,true,,true,,连续运行测试通过 结构完好 未见异常发热和風险点 证书、批次和能效资料完整,low,PASS,
EA-SMA-01624,val,smart_watch,腕航Active手表,运动模式手表,腕航,Active,SN-SW-001624,B2025-624,false,false,88,full,,Level 1,limited,东莞质量评估站,pass,true,true,,true,,检测报告显示整机功能正常 各项安全与稳定性测试合格 可正常销售,low,PASS,
EA-SMA-01625,val,smart_watch,脉冲Watch 3手表,长续航手表,脉冲,Watch 3,SN-SW-001625,B2026-625,false,false,100,partial,,Level 2,compliant,杭州电子检测站,conditional_pass,true,true,,true,,包装封签存在重新整理痕迹 样机主要功能正常 建议人工抽检 个别备注项需人工判断是否影响销售结论。,medium,REVIEW,
EA-SMA-01626,val,smart_watch,腕航Watch 3手表,蓝牙通话手表,腕航,Watch 3,SN-SW-001626,B2025-626,false,false,99,full,,Level 2,compliant,广州电子检验所,pass,true,true,,true,,抽检结果为合格 性能 输出和绝缘测试均符合要求 包装、铭牌与申报信息一致。,low,PASS,
EA-SMA-01627,val,smart_watch,智步Lite手表,长续航手表,智步,Lite,SN-SW-001627,B2026-627,false,false,98,partial,,Level 1,compliant,杭州电子检测站,pass,true,true,,true,,检测报告显示整机功能正常 各项安全与稳定性测试合格 可正常销售 证书、批次和能效资料完整。,low,PASS,
EA-SMA-01628,val,smart_watch,智步S手表,健康监测手表,智步,S,SN-SW-001628,B2025-628,false,false,98,partial,,Level 2,compliant,深圳质检中心,conditional_pass,true,true,,true,,已检测 基本可用 建议人工复核。 备注：包装文字与申报信息需人工核对。,medium,REVIEW,
EA-SMA-01629,val,smart_watch,腕航Active手表,健康监测手表,腕航,Active,SN-SW-001629,B2026-629,false,false,92,partial,,Level 2,compliant,广州电子检验所,fail,true,true,,true,,来源证明不足，包装与铭牌信息存在异常，疑似仿冒或未经授权产品。,high,FAIL,suspected_counterfeit
EA-SMA-01630,val,smart_watch,脉冲Active手表,健康监测手表,脉冲,Active,SN-SW-001630,B2025-630,false,false,89,full,,Level 2,compliant,杭州电子检测站,fail,true,true,,false,,检测完成，建议复核。,high,FAIL,
EA-SMA-01631,val,smart_watch,心率星S手表,长续航手表,心率星,S,SN-SW-001631,B2026-631,false,false,89,partial,,Level 1,compliant,深圳质检中心,pass,true,true,,true,,样机经检测符合标准 关键部件状态正常 可上市流通 证书、批次和能效资料完整。,low,PASS,
EA-SMA-01632,val,smart_watch,腕航Ref手表,健康监测手表,腕航,Ref,SN-SW-001632,B2025-632,false,false,100,partial,,Level 2,compliant,南京消费品检测院,pass,true,true,,true,,连续运行测试通过 结构完好 未见异常发热和風险点,low,PASS,
EA-SMA-01633,val,smart_watch,腕航Watch 3手表,官方翻新,腕航,Watch 3,SN-SW-001633,B2026-633,false,true,92,partial,,Level 1,limited,苏州声学检测中心,conditional_pass,true,true,B,true,true,包装封签存在重新整理痕迹 样机主要功能正常 建议人工抽检,medium,REVIEW,
EA-SMA-01634,val,smart_watch,曜动Active手表,轻量佩戴手表,曜动,Active,SN-SW-001634,B2025-634,false,false,90,partial,,Level 2,compliant,南京消费品检测院,pass,true,true,,true,,样机经检测符合标准 关键部件状态正常 可上市流通 包装、铭牌与申报信息一致。,low,PASS,
EA-SMA-01635,val,smart_watch,曜动Watch 3手表,运动模式手表，卖家补充资料稍后上传,曜动,Watch 3,SN-SW-001635,B2026-635,false,false,89,full,,Level 1,compliant,成都电子检测中心,pass,true,true,,true,,检测报告显示整机功能正常 各项安全与稳定性测试合格 可正常销售 证书、批次和能效资料完整  Result: pass under normal operating conditions.,low,PASS,
EA-SMA-01636,val,smart_watch,曜动Active手表,运动模式手表,曜动,Active,SN-SW-001636,B2025-636,false,false,96,partial,,Level 1,compliant,东莞质量评估站,fail,true,true,,true,,来源证明不足，包装与铭牌信息存在异常，疑似仿冒或未经授权产品。 初次送检摘要写为合格，复核后已修正为不合格。,high,FAIL,suspected_counterfeit
EA-SMA-01637,val,smart_watch,脉冲Ref手表,长续航手表,脉冲,Ref,SN-SW-001637,B2026-637,false,false,93,full,,Level 1,compliant,成都电子检测中心,conditional_pass,true,true,,true,,检测意见为有条件合格 需人工确认备注项是否已在商品页披露 个别备注项需人工判断是否影响销售结论。 系统初判可流通，但建议人工再核验。,medium,REVIEW,
EA-SMA-01638,val,smart_watch,脉冲Watch 3手表,健康监测手表,脉冲,Watch 3,,B2025-638,false,false,93,partial,,Level 2,limited,南京消费品检测院,fail,true,true,,true,,关键功能测试失败 且复测结果仍异常 不满足流通要求,high,FAIL,missing_device_identifier
EA-SMA-01639,val,smart_watch,心率星Lite手表,官方翻新轻量佩戴手表,心率星,Lite,SN-SW-001639,B2026-639,false,true,82,full,,Level 1,compliant,北京电子产品检测所,conditional_pass,true,true,A,true,true,功能测试可用 外观存在轻微磨损 建议人工确认页面说明与成色描述,medium,REVIEW,
EA-SMA-01640,val,smart_watch,曜动Lite手表,长续航手表,曜动,Lite,SN-SW-001640,B2025-640,false,false,91,partial,,Level 1,limited,杭州电子检测站,conditional_pass,true,true,,true,,已检测 基本可用 建 议人 工复核  Model code in report does not match seller declaration.,medium,REVIEW,
EA-SMA-01641,val,smart_watch,心率星S手表,运动模式手表,心率星,S,SN-SW-001641,B2026-641,false,false,90,full,,Level 2,compliant,广州电子检验所,conditional_pass,true,true,,true,,翻新记录已声明 样机功能正常 建议带翻新标识销售并人工复核详情 封签或包装存在重新整理迹象。,medium,REVIEW,
EA-SMA-01642,val,smart_watch,脉冲S手表,蓝牙通话手表，卖家补充资料稍后上传,脉冲,S,SN-SW-001642,B2025-642,false,false,92,partial,,Level 2,compliant,杭州电子检测站,pass,true,true,,true,,连续运行测试通过 结构完好 未见异常发热和风险点 包装、铭牌与申报信息一致。,low,PASS,
EA-SMA-01643,val,smart_watch,智步Active手表,蓝牙通话手表,智步,Active,SN-SW-001643,B2026-643,false,false,94,partial,,Level 1,compliant,南京消费品检测院,pass,true,true,,true,,连续运行测试通过 结构完好 未见异常发热和风险点 证书、批次和能效资料完整。,low,PASS,
EA-SMA-01644,val,smart_watch,腕航Watch 3手表,健康监测手表,腕航,Watch 3,SN-SW-001644,B2025-644,false,false,95,partial,,Level 1,compliant,北京电子产品检测所,pass,true,true,,true,,连续运行测试通过 结构完好 未见异常发热和风险点,low,PASS,
EA-SMA-01645,test,smart_watch,脉冲S手表,长续航手表,脉冲,S,SN-SW-001645,B2026-645,false,false,88,full,,Level 1,compliant,东莞质量评估站,pass,true,true,,true,,连续运行测试通过 结构完好 未见异常发热和风险点 连续运行24小时未发现掉线、死机或输出波动。,low,PASS,
EA-SMA-01646,test,smart_watch,脉冲S手表,轻量佩戴手表,脉冲,S,SN-SW-001646,B2025-646,false,false,95,full,,Level 2,compliant,南京消费品检测院,conditional_pass,true,true,,true,,已检测 基本可用 建议人工复核。 备注：包 装文字与申报信息需人工核对。 Manual review is recommended before release.,medium,REVIEW,
EA-SMA-01647,test,smart_watch,心率星Active手表,健康监测手表,心率星,Active,SN-SW-001647,B2026-647,false,false,93,full,,Level 1,compliant,苏州声学检测中心,pass,true,true,,true,,抽检结果为合格 性能 输出和绝缘测试均符合要求 证书、批次和能效资料完整。,low,PASS,
EA-SMA-01648,test,smart_watch,曜动Ref手表,健康监测手表,曜动,Ref,SN-SW-001648,B2025-648,false,false,99,full,,Level 3,unknown,成都电子检测中心,conditional_pass,true,true,,true,,功能测试可用 外观存在轻微磨损 建议人工确认页面说明与成色描述,medium,REVIEW,
EA-SMA-01649,test,smart_watch,智步Watch 3手表,轻量佩戴手表,智步,Watch 3,SN-SW-001649,B2026-649,false,false,91,partial,,Level 2,limited,上海质量检测院,pass,true,true,,true,,pass / low / smart_watch,low,PASS,
EA-SMA-01650,test,smart_watch,脉冲S手表,运动模式手表,脉冲,S,SN-SW-001650,B2025-650,false,false,92,partial,,Level 1,limited,杭州电子检测站,fail,true,true,,true,,来源证明不足，包装与铭牌信息存在异常，疑似仿冒或未经授权产品。,high,FAIL,suspected_counterfeit
EA-SMA-01651,test,smart_watch,腕航Watch 3手表,健康监测手表,腕航,Watch 3,SN-SW-001651,B2026-651,false,false,88,partial,,Level 1,compliant,南京消费品检测院,pass,true,true,,true,,抽检结果为合格 性能 输出和绝缘测试均符合要求 证书、批次和能效资料完整。,low,PASS,
EA-SMA-01652,test,smart_watch,智步Ref手表,轻量佩戴手表,智步,Ref,,B2025-652,false,false,99,partial,,Level 2,compliant,东莞质量评估站,fail,true,true,,true,,报告中标注型號与申报型号不一致 存在套证或错报風险,high,FAIL,missing_device_identifier
EA-SMA-01653,test,smart_watch,曜动Watch 3手表,运动模式手表,曜动,Watch 3,SN-SW-001653,B2026-653,false,false,96,full,,Level 1,compliant,上海质量检测院,pass,true,true,,true,,检測报告显示整机功能正常 各项安全与稳定性测试合格 可正常销售 连续运行24小时未发现掉线、死机或输出波动  备注：包 装文字与申报信息需人工核对,low,PASS,
EA-SMA-01654,test,smart_watch,脉冲Lite手表,长续航手表,脉冲,Lite,SN-SW-001654,B2025-654,false,true,98,partial,,Level 2,compliant,苏州声学检测中心,fail,true,true,C,true,false,检测中发现关键安全项未达标 不建 议继续销售,high,FAIL,undisclosed_refurbished_status
EA-SMA-01655,test,smart_watch,曜动Watch 3手表,轻量佩戴手表,曜动,Watch 3,SN-SW-001655,B2026-655,false,false,91,partial,,Level 2,limited,深圳质检中心,conditional_pass,true,true,,true,,功能测试可用 外观存在轻微磨损 建 议人工确认页面说明与成色描述 个别备注项需人工判断是否影响销售结论,medium,REVIEW,
EA-SMA-01656,test,smart_watch,脉冲Fit Pro手表,二手轻量佩戴手表,脉冲,Fit Pro,SN-SW-001656,,true,false,79,full,,Level 2,limited,上海质量检测院,conditional_pass,true,true,B,true,true,基础检测通過 但报告内容较简略 建议复核附件与证书映射关系 Observed thermal issue during repeated charging cycle.,medium,REVIEW,
EA-SMA-01657,test,smart_watch,智步Lite手表,官方翻新蓝牙通话手表,智步,Lite,SN-SW-001657,B2026-657,false,true,91,partial,,Level 1,compliant,苏州声学检测中心,conditional_pass,true,true,A,true,true,检测意见为有条件合格 需人工确认备注项是否已在商品页披露 备注：包装文字与申报信息需人工核对。,medium,REVIEW,
EA-SMA-01658,test,smart_watch,腕航Lite手表,轻量佩戴手表,腕航,Lite,SN-SW-001658,B2025-658,false,false,100,partial,,Level 1,compliant,深圳质检中心,pass,true,true,,true,,连续运行测试通过 结构完好 未见异常发热和风险点 包装、铭牌与申报信息一致。,low,PASS,
EA-SMA-01659,test,smart_watch,腕航Ref手表,运动模式手表,腕航,Ref,,B2026-659,false,false,99,partial,,Level 1,limited,东莞质量评估站,fail,true,true,,true,,高温或耐压测试未通过 存在安全隐患 应直接拦截,high,FAIL,missing_device_identifier
EA-SMA-01660,test,smart_watch,心率星Active手表,健康监测手表,心率星,Active,SN-SW-001660,B2025-660,false,false,95,full,,Level 2,limited,苏州声学检测中心,pass,true,true,,true,,检测报告显示整机功能正常 各项安全与稳定性测试合格 可正常销售,low,PASS,
EA-SMA-01661,test,smart_watch,脉冲Active手表,长续航手表,脉冲,Active,SN-SW-001661,B2026-661,false,false,97,partial,,Level 1,compliant,杭州电子检测站,conditional_pass,true,true,,true,,检测意见为有条件合格 需人工确认备注项是否已在商品页披露 个别备注项需人工判断是否影响销售结论。,medium,REVIEW,
EA-SMA-01662,test,smart_watch,心率星Lite手表,运动模式手表,心率星,Lite,SN-SW-001662,B2025-662,false,false,97,full,,Level 2,compliant,广州电子检验所,pass,true,true,,true,,抽检结果为合格 性能 输出和绝缘测试均符合要求 包装、铭牌与申报信息一致。,low,PASS,
EA-SMA-01663,test,smart_watch,曜动Watch 3手表,官方翻新长续航手表,曜动,Watch 3,SN-SW-001663,B2026-663,false,true,88,partial,,Level 1,compliant,南京消费品检测院,conditional_pass,true,true,B,true,true,功能测试可用 外观存在轻微磨损 建议人工确认页面说明与成色描述,medium,REVIEW,
EA-SMA-01664,test,smart_watch,曜动Watch 3手表,运动模式手表,曜动,Watch 3,SN-SW-001664,B2025-664,false,false,94,partial,,Level 1,compliant,东莞质量评估站,pass,true,true,,true,,检测报告显示整机功能正常 各项安全与稳定性测试合格 可正常销售,low,PASS,
EA-SMA-01665,test,smart_watch,曜动Fit Pro手表,健康监测手表,曜动,Fit Pro,SN-SW-001665,B2026-665,false,false,94,partial,,Level 1,compliant,东莞质量评估站,pass,true,true,,true,,样机经检测符合标准 关键部件状态正常 可上市流通 连续运行24小时未发现掉线、死机或输出波动。,low,PASS,
EA-SMA-01666,test,smart_watch,心率星Fit Pro手表,蓝牙通话手表,心率星,Fit Pro,SN-SW-001666,B2025-666,false,false,94,full,,Level 2,limited,东莞质量评估站,pass,true,true,,true,,连续运行测试通过 结构完好 未见异常发热和风险点 包装、铭牌与申报信息一致。,low,PASS,
EA-SMA-01667,test,smart_watch,脉冲Fit Pro手表,轻量佩戴手表，卖家补充资料稍后上传,脉冲,Fit Pro,SN-SW-001667,B2026-667,false,false,99,partial,,Level 1,compliant,东莞质量评估站,pass,true,true,,true,,连续运行测试通过 结构完好 未见异常发热和风险点 证书、批次和能效资料完整。,low,PASS,
EA-SMA-01668,test,smart_watch,智步Active手表,轻量佩戴手表,智步,Active,SN-SW-001668,B2025-668,false,false,90,full,,Level 2,compliant,上海质量检测院,pass,true,true,,true,,实验室记录显示设备在标准工况下工作稳定 未发现异常告警,low,PASS,
EA-SMA-01669,test,smart_watch,脉冲Active手表,官方翻新轻量佩戴手表,脉冲,Active,SN-SW-001669,B2026-669,false,true,88,full,,Level 1,limited,深圳质检中心,conditional_pass,true,true,A,true,true,功能测试可用 外观存在轻微磨损 建议人工确认页面说明与成色描述,medium,REVIEW,
EA-SMA-01670,test,smart_watch,智步Watch 3手表,蓝牙通话手表,智步,Watch 3,SN-SW-001670,B2025-670,false,false,96,full,,Level 2,compliant,杭州电子检测站,fail,true,true,,true,,报告中标注型号为S，与申报型号Watch 3不一致，存在套证或错报风险。,high,FAIL,report_model_mismatch
EA-SMA-01671,test,smart_watch,脉冲S手表,运动模式手表,脉冲,S,SN-SW-001671,B2026-671,false,false,91,partial,,Level 1,limited,上海质量检测院,conditional_pass,true,true,,true,,检测意见为有条件合格 需人工确认备注项是否已在商品页披露 封签或包装存在重新整理迹象。,medium,REVIEW,
EA-SMA-01672,test,smart_watch,曜动Watch 3手表,蓝牙通话手表,曜动,Watch 3,SN-SW-001672,B2025-672,false,false,94,full,,Level 3,limited,苏州声学检测中心,conditional_pass,true,true,,true,,环境或能效信息不够完整 建议核对补充资料后再放行,medium,REVIEW,
EA-SMA-01673,test,smart_watch,曜动Active手表,长续航手表,曜动,Active,SN-SW-001673,B2026-673,false,false,93,partial,,Level 2,limited,北京电子产品检测所,pass,true,true,,true,,抽检结果为合格 性能 输出和绝缘测试均符合要求 连续运行24小时未发现掉线、死机或输出波动。,low,PASS,
EA-SMA-01674,test,smart_watch,脉冲S手表,运动模式手表,脉冲,S,SN-SW-001674,B2025-674,false,false,88,full,,Level 1,compliant,北京电子产品检测所,pass,true,true,,true,,检测报告显示整机功能正常 各项安全与稳定性测试合格 可正常销售 包装、铭牌与申报信息一致。,low,PASS,
EA-SMA-01675,test,smart_watch,腕航Ref手表,轻量佩戴手表,腕航,Ref,SN-SW-001675,B2026-675,false,false,94,full,,Level 1,compliant,南京消费品检测院,pass,true,true,,true,,检测报告显示整机功能正常 各项安全与稳定性测试合格 可正常销售 证书、批次和能效资料完整。,low,PASS,
EA-SMA-01676,test,smart_watch,腕航Ref手表,健康监测手表,腕航,Ref,SN-SW-001676,B2025-676,false,false,98,full,,Level 2,limited,南京消费品检测院,pass,true,true,,true,,pass / low / smart_watch,low,PASS,
EA-SMA-01677,test,smart_watch,心率星Active手表,运动模式手表,心率星,Active,SN-SW-001677,B2026-677,false,false,90,partial,,Level 2,compliant,广州电子检验所,conditional_pass,true,true,,true,,基础检测通过 但报告内容较简略 建议复核附件与证书映射关系 封签或包装存在重新整理迹象。,medium,REVIEW,
EA-SMA-01678,test,smart_watch,心率星Active手表,长续航手表,心率星,Active,SN-SW-001678,B2025-678,false,false,98,partial,,Level 2,limited,南京消费品检测院,pass,true,true,,true,,检测完成，建议复核。,low,PASS,
EA-SMA-01679,test,smart_watch,腕航Ref手表,轻量佩戴手表,腕航,Ref,SN-SW-001679,B2026-679,false,false,88,full,,Level 2,compliant,东莞质量评估站,conditional_pass,true,true,,true,,包装封签存在重新整理痕迹 样机主要功能正常 建议人工抽检 个别备注项需人工判断是否影响销售结论。,medium,REVIEW,
EA-SMA-01680,test,smart_watch,曜动Ref手表,长续航手表,曜动,Ref,,B2025-680,false,false,97,partial,,Level 2,compliant,东莞质量评估站,fail,true,true,,true,,报告中标注型號与申报型号不一致 存在套证或错报风险,high,FAIL,missing_device_identifier
EA-CAM-01681,train,camera,影像M3相机,官方翻新微单套机相机,影像,M3,SN-CAM-001681,B2026-681,false,true,84,full,,Level 2,compliant,苏州声学检测中心,conditional_pass,true,true,B,true,true,环境或能效信息不够完整 建议核对补充资料后再放行 备注：包 装文字与申报信息需人工核对。,medium,REVIEW,
EA-CAM-01682,train,camera,镜界Snap相机,微单套机相机,镜界,Snap,SN-CAM-001682,B2025-682,false,false,95,full,,Level 1,limited,成都电子检测中心,pass,true,true,,true,,连续运行测试通过 结构完好 未见异常发热和风险点 包装、铭牌与申报信息一致。,low,PASS,
EA-CAM-01683,train,camera,镜界Vlog 5相机,高速对焦,镜界,Vlog 5,SN-CAM-001683,B2026-683,false,false,88,full,,Level 1,compliant,杭州电子检测站,conditional_pass,true,true,,true,,翻新记录已声明 样机功能正常 建 议带翻新标识销售并人 工复核详情 封签或包装存在重新整理迹象,medium,REVIEW,
EA-CAM-01684,train,camera,影像Vlog 5相机,便携机身相机,影像,Vlog 5,SN-CAM-001684,B2025-684,false,false,88,full,,Level 3,limited,成都电子检测中心,conditional_pass,true,true,,true,,功能测试可用 外观存在轻微磨损 建议人工确认页面说明与成色描述,medium,REVIEW,
EA-CAM-01685,train,camera,快影R10相机,高速对焦相机,快影,R10,SN-CAM-001685,B2026-685,false,false,90,partial,,Level 1,compliant,成都电子检测中心,conditional_pass,true,true,,true,,功能测试可用 外观存在轻微磨损 建议人工确认页面说明与成色描述 个别备注项需人工判断是否影响销售结论。,medium,REVIEW,
EA-CAM-01686,train,camera,镜界M3相机,微单套机相机,镜界,M3,SN-CAM-001686,B2025-686,false,false,93,full,,Level 1,compliant,苏州声学检测中心,fail,true,true,,false,,关键功能测试失败，复测仍异常，不满足流通要求。,high,FAIL,
EA-CAM-01687,train,camera,快影M3相机,官方翻新旅行拍摄相机,快影,M3,SN-CAM-001687,B2026-687,false,true,80,partial,,Level 1,compliant,南京消费品检测院,conditional_pass,true,true,A,true,true,功能测试可用 外观存在轻微磨损 建议人工确认页面说明与成色描述,medium,REVIEW,
EA-CAM-01688,train,camera,镜界Mini相机,高清视频相机,镜界,Mini,,B2025-688,false,false,94,partial,,Level 2,limited,上海质量检测院,fail,true,true,,true,,来源证明不足 外包装与铭牌信息异常 疑似仿冒或未经授权产品,high,FAIL,missing_device_identifier
EA-CAM-01689,train,camera,快影Zoom X相机,便携机身相机,快影,Zoom X,SN-CAM-001689,B2026-689,false,false,91,partial,,Level 2,limited,南京消费品检测院,pass,true,true,,true,,连续运行测试通過 结构完好 未见异常发热和风险点 连续运行24小时未发现掉线、死机或输出波动。,low,PASS,
EA-CAM-01690,train,camera,影像Zoom X相机,微单套机相机,影像,Zoom X,SN-CAM-001690,B2025-690,false,false,90,full,,Level 1,compliant,深圳质检中心,pass,true,true,,true,,连续运行测试通过 结构完好 未见异常发热和风险点 包装、铭牌与申报信息一致。,low,PASS,
EA-CAM-01691,train,camera,镜界Vlog 5相机,高速对焦相机,镜界,Vlog 5,SN-CAM-001691,B2026-691,false,false,99,partial,,Level 2,limited,广州电子检验所,conditional_pass,true,true,,true,,环境或能效信息不够完整 建议核对补充资料后再放行 个别备注项需人工判断是否影响销售结论。,medium,REVIEW,
EA-CAM-01692,train,camera,快影Vlog 5相机,二手旅行拍摄相机,快影,Vlog 5,SN-CAM-001692,B2025-692,true,false,89,full,,Level 2,compliant,苏州声学检测中心,conditional_pass,true,true,A,true,true,包 装封签存在重新整理痕迹 样机主要功能正常 建议人工抽检,medium,REVIEW,
EA-CAM-01693,train,camera,快影Zoom X相机,旅行拍摄相机,快影,Zoom X,SN-CAM-001693,B2026-693,false,false,88,partial,,Level 2,compliant,上海质量检测院,fail,true,true,,false,,关键功能测试失败，复测仍异常，不满足流通要求。,high,FAIL,
EA-CAM-01694,train,camera,视野R10相机,高清视频相机,视野,R10,SN-CAM-001694,B2025-694,false,false,89,partial,,Level 2,limited,北京电子产品检测所,pass,true,true,,true,,抽检结果为合格 性能 输出和绝缘测试均符合要求 包装、铭牌与申报信息一致。,low,PASS,
EA-CAM-01695,train,camera,快影Vlog 5相机,旅行拍摄相机,快影,Vlog 5,SN-CAM-001695,B2026-695,false,false,98,partial,,Level 2,limited,南京消费品检测院,conditional_pass,true,true,,true,,基础检测通过 但报告内容较简略 建议复核附件与证书映射关系 封签或包装存在重新整理迹象。,medium,REVIEW,
EA-CAM-01696,train,camera,快影R10相机,微单套机相机,快影,R10,SN-CAM-001696,B2025-696,false,true,89,full,,Level 1,compliant,广州电子检验所,fail,true,true,C,true,false,检测中发现关键安全项未达标 不建议继续销售,high,FAIL,undisclosed_refurbished_status
EA-CAM-01697,train,camera,影像Snap相机,高清视频相机,影像,Snap,SN-CAM-001697,B2026-697,false,false,93,full,,Level 1,compliant,杭州电子检测站,conditional_pass,true,true,,true,,翻新记录已声明 样机功能正常 建议带翻新标识销售并人 工复核详情 个别备注项需人工判断是否影响销售结论。,medium,REVIEW,
EA-CAM-01698,train,camera,影像Mini相机,二手高清视频相机,影像,Mini,SN-CAM-001698,B2025-698,true,false,82,full,,Level 1,compliant,南京消费品检测院,conditional_pass,true,true,B,true,true,功能测试可用 外观存在轻微磨损 建议人工确认页面说明与成色描述,medium,REVIEW,
EA-CAM-01699,train,camera,影像Vlog 5相机,便携机身相机,影像,Vlog 5,SN-CAM-001699,B2026-699,false,false,88,partial,,Level 1,compliant,南京消费品检测院,pass,true,true,,true,,检测报告显示整机功能正常 各项安全与稳定性测试合格 可正常销售 证书、批次和能效资料完整。,low,PASS,
EA-CAM-01700,train,camera,镜界Zoom X相机,便携机身相机,镜界,Zoom X,SN-CAM-001700,B2025-700,false,false,99,full,,Level 2,limited,上海质量检测院,pass,true,true,,true,,样机经检测符合标准 关键部件状态正常 可上市流通,low,PASS,
EA-CAM-01701,train,camera,镜界M3相机,旅行拍摄相机,镜界,M3,SN-CAM-001701,B2026-701,false,false,93,partial,,Level 1,compliant,广州电子检验所,conditional_pass,true,true,,true,,功能测试可用 外观存在轻微磨损 建议人工确认页面说明与成色描述 封签或包装存在重新整理迹象。,medium,REVIEW,
EA-CAM-01702,train,camera,影像Zoom X相机,高清视频相机,影像,Zoom X,SN-CAM-001702,B2025-702,false,false,97,partial,,Level 2,limited,广州电子检验所,conditional_pass,true,true,,true,,翻新记录已声明 样机功能正常 建议带翻新标识销售并人工复核详情 备注：包 装文字与申报信息需人工核对  Observed thermal issue during repeated charging cycle.,medium,REVIEW,
EA-CAM-01703,train,camera,快影Zoom X相机,卖家宣称全新未拆封，高速对焦相机,快影,Zoom X,SN-CAM-001703,B2026-703,false,true,89,partial,,Level 2,compliant,广州电子检验所,fail,true,true,B,true,false,高温或耐压测试未通过 存在安全隐患 应直接拦截,high,FAIL,undisclosed_refurbished_status
EA-CAM-01704,train,camera,快影Zoom X相机,微单套机相机,快影,Zoom X,SN-CAM-001704,B2025-704,false,false,94,partial,,Level 1,compliant,成都电子检测中心,pass,true,true,,true,,抽检结果为合格 性能 输出和绝缘测试均符合要求,low,PASS,
EA-CAM-01705,train,camera,视野M3相机,微单套机相机,视野,M3,SN-CAM-001705,B2026-705,false,false,93,full,,Level 2,limited,东莞质量评估站,fail,true,true,,true,,报告中标注型号为Vlog 5，与申报型号M3不一致，存在套证或错报风险。,high,FAIL,report_model_mismatch
EA-CAM-01706,train,camera,影像M3相机,便携机身相机,影像,M3,SN-CAM-001706,B2025-706,false,false,100,partial,,Level 1,limited,上海质量检测院,pass,true,true,,true,,抽检结果为合格 性能 输出和绝缘测试均符合要求 包装、铭牌与申报信息一致。,low,PASS,
EA-CAM-01707,train,camera,光域Snap相机,高速对焦相机,光域,Snap,SN-CAM-001707,B2026-707,false,false,95,full,,Level 2,compliant,广州电子检验所,fail,true,true,,false,,关键功能测试失败，复测仍异常，不满足流通要求。,high,FAIL,
EA-CAM-01708,train,camera,光域Mini相机,便携机身相机,光域,Mini,SN-CAM-001708,B2025-708,false,false,90,partial,,Level 2,compliant,杭州电子检测站,pass,true,true,,true,,样机经检测符合标准 关键部件状态正常 可上市流通,low,PASS,
EA-CAM-01709,train,camera,影像R10相机,旅行拍摄相机,影像,R10,SN-CAM-001709,B2026-709,false,false,90,partial,,Level 2,limited,苏州声学检测中心,conditional_pass,true,true,,true,,环境或能效信息不够完整 建议核对补充资料后再放行 个别备注项需人工判断是否影响销售结论。,medium,REVIEW,
EA-CAM-01710,train,camera,镜界Vlog 5相机,微单套机相机,镜界,Vlog 5,SN-CAM-001710,B2025-710,false,true,89,full,,Level 1,compliant,南京消费品检测院,fail,true,true,C,true,false,设备身份信息无法核验 且存在异常发热记录 不应上架,high,FAIL,undisclosed_refurbished_status
EA-CAM-01711,train,camera,视野Mini相机,微单套机相机,视野,Mini,SN-CAM-001711,B2026-711,false,false,89,partial,,Level 1,compliant,北京电子产品检测所,pass,true,true,,true,,样机经检测符合标准 关键部件状态正常 可上市流通 证书、批次和能效资料完整。,low,PASS,
EA-CAM-01712,train,camera,视野Snap相机,旅行拍摄相机,视野,Snap,SN-CAM-001712,B2025-712,false,false,90,partial,,Level 1,compliant,广州电子检验所,pass,true,true,,true,,连续运行测试通过 结构完好 未见异常发热和风险点,low,PASS,
EA-CAM-01713,train,camera,影像Zoom X相机,高清视频相机,影像,Zoom X,SN-CAM-001713,B2026-713,false,false,90,full,,Level 1,compliant,北京电子产品检测所,conditional_pass,true,true,,true,,环境或能效信息不够完整 建议核对补充资料后再放行 封签或包装存在重新整理迹象  Model code in report does not match seller declaration.,medium,REVIEW,
EA-CAM-01714,train,camera,镜界Mini相机,高清视频相机,镜界,Mini,SN-CAM-001714,B2025-714,false,false,94,partial,,Level 2,limited,南京消费品检测院,conditional_pass,true,true,,true,,检测完成，建议复核。,medium,REVIEW,
EA-CAM-01715,train,camera,影像Zoom X相机,高清视频相机,影像,Zoom X,SN-CAM-001715,B2026-715,false,false,96,full,,Level 1,compliant,南京消费品检测院,pass,true,true,,true,,检测报告显示整机功能正常 各项安全与稳定性测试合格 可正常销售 证书、批次和能效资料完整。,low,PASS,
EA-CAM-01716,train,camera,视野R10相机,微单套机相机,视野,R10,SN-CAM-001716,B2025-716,false,false,95,full,,Level 2,compliant,东莞质量评估站,pass,true,true,,true,,连续运行测试通过 结构完好 未见异常发热和风险点,low,PASS,
EA-CAM-01717,train,camera,镜界M3相机,官方翻新微单套机相机,镜界,M3,SN-CAM-001717,B2026-717,false,true,83,partial,,Level 1,compliant,苏州声学检测中心,conditional_pass,true,true,B,true,true,环境或能效信息不够完整 建议核对补充资料后再放行,medium,REVIEW,
EA-CAM-01718,train,camera,镜界R10相机,高速对焦相机,镜界,R10,SN-CAM-001718,B2025-718,false,false,89,partial,,Level 1,compliant,北京电子产品检测所,pass,true,true,,true,,实验室记录显示设备在标准工况下工作稳定 未发现异常告警 包装、铭牌与申报信息一致。,low,PASS,
EA-CAM-01719,train,camera,影像R10相机,便携机身相机,影像,R10,SN-CAM-001719,B2026-719,false,false,92,full,,Level 1,compliant,深圳质检中心,pass,true,true,,true,,检测报告显示整机功能正常 各项安全与稳定性测试合格 可正常销售 证书、批次和能效资料完整。,low,PASS,
EA-CAM-01720,train,camera,视野Vlog 5相机,高速对焦相机,视野,Vlog 5,SN-CAM-001720,B2025-720,false,false,89,partial,,Level 2,compliant,杭州电子检测站,pass,true,true,,true,,连续运行测试通过 结构完好 未见异常发热和风险点,low,PASS,
EA-CAM-01721,train,camera,视野Vlog 5相机,便携机身相机,视野,Vlog 5,SN-CAM-001721,B2026-721,false,false,93,full,,Level 1,compliant,东莞质量评估站,conditional_pass,true,true,,true,,功能测试可用 外观存在轻微磨损 建 议人 工确认页面说明与成色描述 个别备注项需人工判断是否影响销售结论,medium,REVIEW,
EA-CAM-01722,train,camera,影像R10相机,二手高速对焦相机,影像,R10,SN-CAM-001722,B2025-722,true,false,88,full,,Level 1,compliant,北京电子产品检测所,conditional_pass,true,true,A,true,true,包装封签存在重新整理痕迹 样机主要功能正常 建议人工抽检,medium,REVIEW,
EA-CAM-01723,train,camera,影像Snap相机,旅行拍摄相机,影像,Snap,SN-CAM-001723,B2026-723,false,false,96,full,,Level 1,compliant,东莞质量评估站,pass,true,true,,true,,检测报告显示整机功能正常 各项安全与稳定性测试合格 可正常销售 证书、批次和能效资料完整。,low,PASS,
EA-CAM-01724,train,camera,视野M3相机,微单套机相机,视野,M3,SN-CAM-001724,B2025-724,false,false,97,partial,,Level 2,compliant,东莞质量评估站,conditional_pass,true,true,,true,,已检测 基本可用 建议人工复核。,medium,REVIEW,
EA-CAM-01725,train,camera,快影R10相机,高速对焦相机,快影,R10,SN-CAM-001725,B2026-725,false,false,100,partial,,Level 2,compliant,深圳质检中心,conditional_pass,true,true,,true,,包装封签存在重新整理痕迹 样机主要功能正常 建 议人工抽检 封签或包装存在重新整理迹象。 Model code in report does not match seller declaration.,medium,REVIEW,
EA-CAM-01726,train,camera,视野Vlog 5相机,便携机身,视野,Vlog 5,SN-CAM-001726,B2025-726,false,false,98,partial,,Level 1,compliant,东莞质量评估站,fail,true,true,,true,,报告中标注型号为Vlog 5X，与申报型号Vlog 5不一致，存在套证或错报风险。,high,FAIL,report_model_mismatch
EA-CAM-01727,train,camera,影像Vlog 5相机,便携机身相机,影像,Vlog 5,SN-CAM-001727,B2026-727,false,false,97,full,,Level 2,compliant,深圳质检中心,fail,true,true,,true,,来源证明不足，包装与铭牌信息存在异常，疑似仿冒或未经授权产品。,high,FAIL,suspected_counterfeit
EA-CAM-01728,train,camera,影像Mini相机,二手旅行拍摄相机,影像,Mini,SN-CAM-001728,B2025-728,true,false,77,partial,,Level 1,limited,上海质量检测院,conditional_pass,true,true,A,true,true,功能测试可用 外观存在轻微磨损 建议人工确认页面说明与成色描述,medium,REVIEW,
EA-CAM-01729,train,camera,影像Snap相机,旅行拍摄相机,影像,Snap,SN-CAM-001729,B2026-729,false,false,98,partial,,Level 2,limited,北京电子产品检测所,pass,true,true,,true,,样机经检测符合标准 关键部件状态正常 可上市流通 连续运行24小时未发现掉线、死机或输出波动。,low,PASS,
EA-CAM-01730,train,camera,视野Snap相机,高速对焦相机,视野,Snap,SN-CAM-001730,B2025-730,false,false,96,full,,Level 2,compliant,外部资料摘录,pass,true,true,,true,,检测报告显示整机功能正常 各项安全与稳定性测试合格 可正常销售 包装、铭牌与申报信息一致。,low,PASS,
EA-CAM-01731,train,camera,光域Mini相机,高速对焦,光域,Mini,SN-CAM-001731,B2026-731,false,false,95,full,,Level 2,compliant,东莞质量评估站,conditional_pass,true,true,,true,,包装封签存在重新整理痕迹 样机主要功能正常 建议人工抽检 封签或包装存在重新整理迹象。,medium,REVIEW,
EA-CAM-01732,train,camera,视野Zoom X相机,微单套机相机,视野,Zoom X,SN-CAM-001732,B2025-732,false,false,95,full,,Level 2,compliant,广州电子检验所,pass,true,true,,true,,检測报告显示整机功能正常 各项安全与稳定性测试合格 可正常销售,low,PASS,
EA-CAM-01733,train,camera,影像Zoom X相机,微单套机相机,影像,Zoom X,SN-CAM-001733,B2026-733,false,false,96,partial,,Level 1,limited,平台复核,conditional_pass,true,true,,true,,功能测试可用 外观存在轻微磨损 建议人工确认页面说明与成色描述 个别备注项需人工判断是否影响销售结论。,medium,REVIEW,
EA-CAM-01734,train,camera,镜界Vlog 5相机,高速对焦相机,镜界,Vlog 5,SN-CAM-001734,B2025-734,false,false,98,partial,,Level 2,compliant,成都电子检测中心,fail,true,true,,true,,来源证明不足，包装与铭牌信息存在异常，疑似仿冒或未经授权产品。,high,FAIL,suspected_counterfeit
EA-CAM-01735,train,camera,快影Vlog 5相机,旅行拍摄相机,快影,Vlog 5,SN-CAM-001735,B2026-735,false,false,95,full,,Level 1,compliant,东莞质量评估站,pass,true,true,,true,,实验室记录显示设备在标准工况下工作稳定 未发现异常告警 证书、批次和能效资料完整。,low,PASS,
EA-CAM-01736,train,camera,影像Vlog 5相机,旅行拍摄相机,影像,Vlog 5,SN-CAM-001736,B2025-736,false,false,97,full,,Level 2,limited,杭州电子检测站,conditional_pass,true,true,,true,,已检测 基本可用 建议人工复核。,medium,REVIEW,
EA-CAM-01737,train,camera,光域R10相机,便携机身相机,光域,R10,SN-CAM-001737,B2026-737,false,false,97,full,,Level 2,compliant,成都电子检测中心,conditional_pass,true,true,,true,,功能测试可用 外观存在轻微磨损 建议人工确认页面说明与成色描述 封签或包装存在重新整理迹象。,medium,REVIEW,
EA-CAM-01738,train,camera,光域M3相机,旅行拍摄相机,光域,M3,SN-CAM-001738,B2025-738,false,false,100,full,,Level 2,unknown,南京消费品检测院,conditional_pass,true,true,,true,,见附件。,medium,REVIEW,
EA-CAM-01739,train,camera,影像Zoom X相机,高清视频相机,影像,Zoom X,SN-CAM-001739,B2026-739,false,false,74,full,,Level 1,compliant,杭州电子检测站,fail,false,false,,true,,设备身份信息无法核验 且存在异常发热记录 不应上架,high,FAIL,battery_safety_concern
EA-CAM-01740,train,camera,视野Zoom X相机,高清视频相机,视野,Zoom X,SN-CAM-001740,B2025-740,false,false,95,full,,Level 2,limited,广州电子检验所,fail,true,true,,true,,见附件。,high,FAIL,report_model_mismatch
EA-CAM-01741,train,camera,视野M3相机,高速对焦相机,视野,M3,SN-CAM-001741,B2026-741,false,false,96,partial,,Level 1,compliant,成都电子检测中心,pass,true,true,,true,,抽检结果为合格 性能 输出和绝缘测试均符合要求 连续运行24小时未发现掉线、死机或输出波动。,low,PASS,
EA-CAM-01742,train,camera,镜界Vlog 5相机,高清视频相机,镜界,Vlog 5,SN-CAM-001742,B2025-742,false,false,98,full,,Level 2,compliant,成都电子检测中心,fail,true,true,,false,,fail / high / camera,high,FAIL,
EA-CAM-01743,train,camera,快影Vlog 5相机,高速对焦相机,快影,Vlog 5,SN-CAM-001743,B2026-743,false,false,95,partial,,Level 2,compliant,成都电子检测中心,conditional_pass,true,true,,true,,环境或能效信息不够完整 建议核对补充资料后再放行 封签或包装存在重新整理迹象。 备注：包装文字与申报信息需人工核对。,medium,REVIEW,
EA-CAM-01744,train,camera,光域Vlog 5相机,旅行拍摄,光域,Vlog 5,SN-CAM-001744,B2025-744,false,false,100,partial,,Level 2,unknown,杭州电子检测站,conditional_pass,true,true,,true,,翻新记录已声明 样机功能正常 建议带翻新标识销售并人工复核详情,medium,REVIEW,
EA-CAM-01745,train,camera,影像Mini相机,便携机身相机,影像,Mini,SN-CAM-001745,B2026-745,false,false,95,partial,,Level 2,compliant,平台复核,conditional_pass,true,true,,true,,环境或能效信息不够完整 建 议核对补充资料后再放行 个别备注项需人 工判断是否影响销售结论。,medium,REVIEW,
EA-CAM-01746,train,camera,光域Zoom X相机,旅行拍摄相机,光域,Zoom X,SN-CAM-001746,B2025-746,false,false,92,full,,Level 1,compliant,杭州电子检测站,pass,true,true,,true,,实验室记录显示设备在标准工况下工作稳定 未发现异常告警 包装、铭牌与申报信息一致。,low,PASS,
EA-CAM-01747,train,camera,镜界Zoom X相机,官方翻新微单套机相机,镜界,Zoom X,SN-CAM-001747,B2026-747,false,true,83,partial,,Level 1,compliant,苏州声学检测中心,conditional_pass,true,true,A,true,true,环境或能效信息不够完整 建议核对补充资料后再放行 Model code in report does not match seller declaration.,medium,REVIEW,
EA-CAM-01748,train,camera,视野R10相机,便携机身相机,视野,R10,SN-CAM-001748,B2025-748,false,false,95,partial,,Level 2,compliant,北京电子产品检测所,fail,true,true,,true,,来源证明不足，包装与铭牌信息存在异常，疑似仿冒或未经授权产品。,high,FAIL,suspected_counterfeit
EA-CAM-01749,train,camera,视野R10相机,微单套机相机,视野,R10,SN-CAM-001749,B2026-749,false,false,98,partial,,Level 2,limited,广州电子检验所,pass,true,true,,true,,pass / low / camera,low,PASS,
EA-CAM-01750,train,camera,视野Zoom X相机,高清视频相机,视野,Zoom X,,B2025-750,false,false,90,full,,Level 2,compliant,苏州声学检测中心,fail,true,true,,true,,关键功能测试失败 且复测结果仍异常 不满足流通要求,high,FAIL,missing_device_identifier
EA-CAM-01751,train,camera,快影M3相机,便携机身相机,快影,M3,SN-CAM-001751,B2026-751,false,false,99,full,,Level 1,compliant,广州电子检验所,pass,true,true,,true,,样机经检测符合标准 关键部件状态正常 可上市流通 证书、批次和能效资料完整。 备注：包装文字与申报信息需人工核对。,low,PASS,
EA-CAM-01752,train,camera,影像Mini相机,旅行拍摄相机,影像,Mini,SN-CAM-001752,B2025-752,false,false,96,partial,,Level 1,compliant,杭州电子检测站,pass,true,true,,true,,样机经检测符合标准 关键部件状态正常 可上市流通,low,PASS,
EA-CAM-01753,train,camera,快影Mini相机,官方翻新微,快影,Mini,SN-CAM-001753,B2026-753,false,true,83,partial,,Level 2,compliant,成都电子检测中心,conditional_pass,true,true,A,true,true,功能测试可用 外观存在轻微磨损 建议人工确认页面说明与成色描述,medium,REVIEW,
EA-CAM-01754,train,camera,影像R10相机,便携机身相机,影像,R10,SN-CAM-001754,B2025-754,false,false,90,partial,,Level 2,compliant,广州电子检验所,pass,true,true,,true,,样机经检测符合标准 关键部件状态正常 可上市流通 包装、铭牌与申报信息一致。,low,PASS,
EA-CAM-01755,train,camera,光域Snap相机,旅行拍摄相机,光域,Snap,SN-CAM-001755,B2026-755,false,false,91,partial,,Level 2,compliant,成都电子检测中心,fail,true,true,,true,,来源证明不足，包装与铭牌信息存在异常，疑似仿冒或未经授权产品。,high,FAIL,suspected_counterfeit
EA-CAM-01756,train,camera,光域Vlog 5相机,旅行拍摄相机,光域,Vlog 5,SN-CAM-001756,B2025-756,false,false,95,partial,,Level 2,limited,东莞质量评估站,fail,true,true,,false,,fail / high / camera,high,FAIL,
EA-CAM-01757,train,camera,视野Vlog 5相机,微单套机相机,视野,Vlog 5,SN-CAM-001757,B2026-757,false,false,100,full,,Level 1,compliant,东莞质量评估站,pass,true,true,,true,,连续运行测试通过 结构完好 未见异常发热和风险点 连续运行24小时未发现掉线、死机或输出波动。,low,PASS,
EA-CAM-01758,train,camera,影像R10相机,高清视频相机,影像,R10,SN-CAM-001758,B2025-758,false,false,97,full,,Level 1,limited,深圳质检中心,pass,true,true,,true,,抽检结果为合格 性能 输出和绝缘测试均符合要求 包装、铭牌与申报信息一致。,low,PASS,
EA-CAM-01759,train,camera,视野R10相机,官方翻新高速对焦相机,视野,R10,SN-CAM-001759,B2026-759,false,true,84,full,,Level 2,compliant,上海质量检测院,conditional_pass,true,true,B,true,true,功能测试可用 外观存在轻微磨损 建议人工确认页面说明与成色描述,medium,REVIEW,
EA-CAM-01760,train,camera,视野Vlog 5相机,高速对焦相机,视野,Vlog 5,SN-CAM-001760,B2025-760,false,false,90,full,,Level 1,compliant,北京电子产品检测所,conditional_pass,true,true,,true,,已检测 基本可用 建议人工复核。,medium,REVIEW,
EA-CAM-01761,train,camera,镜界Mini相机,旅行拍摄相机,镜界,Mini,SN-CAM-001761,B2026-761,false,false,89,full,,Level 1,compliant,上海质量检测院,pass,true,true,,true,,实验室记录显示设备在标准工况下工作稳定 未发现异常告警 连续运行24小时未发现掉线、死机或输出波动。,low,PASS,
EA-CAM-01762,train,camera,视野Zoom X相机,高清视频相机,视野,Zoom X,SN-CAM-001762,B2025-762,false,false,89,partial,,Level 1,compliant,南京消费品检测院,fail,true,true,,true,,来源证明不足，包装与铭牌信息存在异常，疑似仿冒或未经授权产品。,high,FAIL,suspected_counterfeit
EA-CAM-01763,train,camera,快影M3相机,高清视频相机,快影,M3,SN-CAM-001763,B2026-763,false,false,98,partial,,Level 1,limited,广州电子检验所,conditional_pass,true,true,,true,,基础检测通过 但报告内容较简略 建议复核附件与证书映射关系 个别备注项需人工判断是否影响销售结论。,medium,REVIEW,
EA-CAM-01764,train,camera,快影Zoom X相机,高清视频相机,快影,Zoom X,,B2025-764,false,false,92,partial,,Level 1,limited,南京消费品检测院,fail,true,true,,true,,fail / high / camera,high,FAIL,missing_device_identifier
EA-CAM-01765,train,camera,镜界Vlog 5相机,官方翻新旅行拍摄相机,镜界,Vlog 5,SN-CAM-001765,B2026-765,false,true,92,partial,,Level 1,compliant,苏州声学检测中心,conditional_pass,true,true,A,true,true,检测完成，建议复核。,medium,REVIEW,
EA-CAM-01766,train,camera,镜界Snap相机,高速对焦相机,镜界,Snap,SN-CAM-001766,B2025-766,false,false,88,partial,,Level 1,compliant,杭州电子检测站,conditional_pass,true,true,,true,,已检测 基本可用 建议人工复核。,medium,REVIEW,
EA-CAM-01767,train,camera,光域Snap相机,便携机身相机,光域,Snap,SN-CAM-001767,B2026-767,false,false,96,full,,Level 2,compliant,东莞质量评估站,conditional_pass,true,true,,true,,基础检測通過 但报告内容较简略 建议复核附件与证书映射关系 封签或包装存在重新整理迹象。,medium,REVIEW,
EA-CAM-01768,train,camera,影像R10相机,高清视频相机,影像,R10,SN-CAM-001768,B2025-768,false,false,99,full,,Level 2,unknown,上海质量检测院,conditional_pass,true,true,,true,,检测意见为有条件合格 需人工确认备注项是否已在商品页披露,medium,REVIEW,
EA-CAM-01769,train,camera,视野Vlog 5相机,高清视频相机,视野,Vlog 5,SN-CAM-001769,B2026-769,false,false,89,full,,Level 2,compliant,深圳质检中心,pass,true,true,,true,,连续运行测试通过 结构完好 未见异常发热和风险点 连续运行24小时未发现掉线、死机或输出波动。,low,PASS,
EA-CAM-01770,train,camera,影像Snap相机,便携机身相机,影像,Snap,SN-CAM-001770,B2025-770,false,false,92,full,,Level 2,limited,深圳质检中心,fail,true,true,,false,,关键功能测试失败，复测仍异常，不满足流通要求。,high,FAIL,
EA-CAM-01771,train,camera,影像Snap相机,高清视频相机，卖家补充资料稍后上传,影像,Snap,SN-CAM-001771,B2026-771,false,false,93,partial,,Level 1,compliant,成都电子检测中心,pass,true,true,,true,,抽检结果为合格 性能 输出和绝缘测试均符合要求 证书、批次和能效资料完整。,low,PASS,
EA-CAM-01772,train,camera,视野R10相机,高清视频相机,视野,R10,SN-CAM-001772,B2025-772,false,false,96,full,,Level 2,compliant,上海质量检测院,conditional_pass,true,true,,true,,已检测 基本可用 建议人工复核。,medium,REVIEW,
EA-CAM-01773,train,camera,视野Vlog 5相机,微单套机相机,视野,Vlog 5,SN-CAM-001773,B2026-773,false,false,98,full,,Level 2,compliant,上海质量检测院,conditional_pass,true,true,,true,,基础检测通过 但报告内容较简略 建议复核附件与证书映射关系 封签或包装存在重新整理迹象。,medium,REVIEW,
EA-CAM-01774,train,camera,快影Vlog 5相机,微单套机相机,快影,Vlog 5,SN-CAM-001774,B2025-774,false,false,92,partial,,Level 2,limited,上海质量检测院,pass,true,true,,true,,实验室记录显示设备在标准工况下工作稳定 未发现异常告警 包装、铭牌与申报信息一致。 备注：包装文字与申报信息需人工核对。,low,PASS,
EA-CAM-01775,train,camera,光域Zoom X相机,高速对焦相机,光域,Zoom X,SN-CAM-001775,B2026-775,false,false,100,partial,,Level 1,compliant,杭州电子检测站,pass,true,true,,true,,实验室记录显示设备在标准工况下工作稳定 未发现异常告警 证书、批次和能效资料完整。,low,PASS,
EA-CAM-01776,train,camera,光域M3相机,二手微单套机相机,光域,M3,SN-CAM-001776,B2025-776,true,false,77,partial,,Level 1,compliant,东莞质量评估站,conditional_pass,true,true,A,true,true,基础检测通过 但报告内容较简略 建议复核附件与证书映射关系,medium,REVIEW,
EA-CAM-01777,train,camera,镜界Mini相机,官方翻新微单套机相机,镜界,Mini,SN-CAM-001777,B2026-777,false,true,91,full,,Level 2,compliant,杭州电子检测站,conditional_pass,true,true,A,true,true,conditional_pass / medium / camera,medium,REVIEW,
EA-CAM-01778,train,camera,快影Mini相机,微单套机相机,快影,Mini,,B2025-778,false,false,99,partial,,Level 1,limited,杭州电子检测站,fail,true,true,,true,,设备身份信息无法核验 且存在异常发热记录 不应上架,high,FAIL,missing_device_identifier
EA-CAM-01779,train,camera,影像M3相机,微单套机相机,影像,M3,,B2026-779,false,false,90,full,,Level 1,compliant,深圳质检中心,fail,true,true,,true,,检测中发现关键安全项未达标 不建议继续销售 Observed thermal issue during repeated charging cycle.,high,FAIL,missing_device_identifier
EA-CAM-01780,train,camera,快影Mini相机,高清视频相机,快影,Mini,SN-CAM-001780,B2025-780,false,true,97,partial,,Level 1,compliant,东莞质量评估站,fail,true,true,C,true,false,翻新和维修痕迹明显 但未完整披露整备历史 风险较高,high,FAIL,undisclosed_refurbished_status
EA-CAM-01781,train,camera,快影R10相机,高速对焦相机,快影,R10,SN-CAM-001781,B2026-781,false,false,88,partial,,Level 2,compliant,上海质量检测院,conditional_pass,true,true,,true,,基础检测通过 但报告内容较简略 建议复核附件与证书映射关系 个别备注项需人工判断是否影响销售结论。,medium,REVIEW,
EA-CAM-01782,train,camera,影像R10相机,旅行拍摄相机,影像,R10,SN-CAM-001782,B2025-782,false,false,96,full,,Level 1,compliant,苏州声学检测中心,pass,true,true,,true,,实验室记录显示设备在标准工况下工作稳定 未发现异常告警 包装、铭牌与申报信息一致。,low,PASS,
EA-CAM-01783,train,camera,快影Zoom X相机,旅行拍摄相机,快影,Zoom X,SN-CAM-001783,B2026-783,false,false,89,full,,Level 1,compliant,上海质量检测院,fail,true,true,,true,,fail / high / camera,high,FAIL,suspected_counterfeit
EA-CAM-01784,train,camera,光域R10相机,便携机身相机,光域,R10,SN-CAM-001784,B2025-784,false,false,94,partial,,Level 1,limited,苏州声学检测中心,fail,true,true,,false,,关键功能测试失败，复测仍异常，不满足流通要求。,high,FAIL,
EA-CAM-01785,train,camera,快影M3相机,高速对焦相机，卖家补充资料稍后上传,快影,M3,SN-CAM-001785,B2026-785,false,false,92,full,,Level 2,compliant,杭州电子检测站,pass,true,true,,true,,见附件。,low,PASS,
EA-CAM-01786,train,camera,快影Mini相机,高清视频相机,快影,Mini,,B2025-786,false,false,94,full,,Level 1,compliant,苏州声学检测中心,fail,true,true,,true,,关键功能测试失败 且复测结果仍异常 不满足流通要求 初次送检摘要写为合格，复核后已修正为不 合 格。,high,FAIL,missing_device_identifier
EA-CAM-01787,train,camera,影像Mini相机,微单套机相机,影像,Mini,SN-CAM-001787,B2026-787,false,true,99,full,,Level 1,compliant,苏州声学检测中心,fail,true,true,C,true,false,来源证明不足 外包装与铭牌信息异常 疑似仿冒或未经授权产品,high,FAIL,undisclosed_refurbished_status
EA-CAM-01788,train,camera,快影Zoom X相机,高速对焦相机,快影,Zoom X,SN-CAM-001788,B2025-788,false,false,74,full,,Level 1,compliant,上海质量检测院,fail,false,false,,true,,翻新和维修痕迹明显 但未完整披露整备历史 风险较高,high,FAIL,battery_safety_concern
EA-CAM-01789,train,camera,光域Vlog 5相机,官方翻新高速对焦相机,光域,Vlog 5,SN-CAM-001789,B2026-789,false,true,80,full,,Level 1,compliant,北京电子产品检测所,conditional_pass,true,true,A,true,true,基础检测通过 但报告内容较简略 建议复核附件与证书映射关系,medium,REVIEW,
EA-CAM-01790,train,camera,快影Mini相机,便携机身相机,快影,Mini,SN-CAM-001790,B2025-790,false,false,95,full,,Level 1,limited,深圳质检中心,pass,true,true,,true,,样机经检测符合标准 关键部件状态正常 可上市流通 包装、铭牌与申报信息一致。,low,PASS,
EA-CAM-01791,train,camera,影像M3相机,便携机身相机,影像,M3,SN-CAM-001791,B2026-791,false,false,98,partial,,Level 1,compliant,杭州电子检测站,conditional_pass,true,true,,true,,包装封签存在重新整理痕迹 样机主要功能正常 建议人工抽检 封签或包装存在重新整理迹象。,medium,REVIEW,
EA-CAM-01792,train,camera,光域Snap相机,旅行拍摄相机,光域,Snap,,B2025-792,false,false,88,partial,,Level 2,limited,南京消费品检测院,fail,true,true,,true,,来源证明不足 外包装与铭牌信息异常 疑似仿冒或未经授权产品,high,FAIL,missing_device_identifier
EA-CAM-01793,train,camera,光域M3相机,便携机身相机,光域,M3,SN-CAM-001793,B2026-793,false,false,89,full,,Level 1,compliant,苏州声学检测中心,pass,true,true,,true,,连续运行测试通过 结构完好 未见异常发热和风险点 连续运行24小时未发现掉线、死机或输出波动。 备注：包装文字与申报信息需人工核对。,low,PASS,
EA-CAM-01794,train,camera,视野R10相机,二手高速对焦相机,视野,R10,SN-CAM-001794,B2025-794,true,false,81,partial,,Level 1,compliant,杭州电子检测站,conditional_pass,true,true,A,true,true,包装封签存在重新整理痕迹 样机主要功能正常 建议人工抽检,medium,REVIEW,
EA-CAM-01795,train,camera,镜界M3相机,高速对焦相机，卖家补充资料稍后上传,镜界,M3,SN-CAM-001795,B2026-795,false,false,99,partial,,Level 1,compliant,东莞质量评估站,pass,true,true,,true,,连续运行测试通过 结构完好 未见异常发热和风险点 证书、批次和能效资料完整。,low,PASS,
EA-CAM-01796,train,camera,视野R10相机,高清视频相机,视野,R10,SN-CAM-001796,B2025-796,false,false,99,partial,,Level 2,compliant,南京消费品检测院,pass,true,true,,true,,抽检结果为合格 性能 输出和绝缘测试均符合要求,low,PASS,
EA-CAM-01797,train,camera,光域R10相机,便携机身相机,光域,R10,SN-CAM-001797,B2026-797,false,false,100,partial,,Level 1,compliant,东莞质量评估站,pass,true,true,,true,,实验室记录显示设备在标准工况下工作稳定 未发现异常告警 连续运行24小时未发现掉线、死机或输出波动。,low,PASS,
EA-CAM-01798,train,camera,镜界M3相机,微单套机相机,镜界,M3,SN-CAM-001798,B2025-798,false,false,95,full,,Level 1,limited,苏州声学检测中心,fail,true,true,,false,,关键功能测试失败，复测仍异常，不满足流通要求。,high,FAIL,
EA-CAM-01799,train,camera,影像Zoom X相机,微单套机相机,影像,Zoom X,SN-CAM-001799,B2026-799,false,false,90,partial,,Level 1,compliant,苏州声学检测中心,pass,true,true,,true,,抽检结果为合格 性能 输出和绝缘测试均符合要求 证书、批次和能效资料完整。 Result: pass under normal operating conditions.,low,PASS,
EA-CAM-01800,train,camera,影像Vlog 5相机,便携机身相机,影像,Vlog 5,SN-CAM-001800,B2025-800,false,false,93,full,,Level 1,compliant,深圳质检中心,pass,true,true,,true,,实验室记录显示设备在标准工况下工作稳定 未发现异常告警,low,PASS,
EA-CAM-01801,train,camera,影像Mini相机,官方翻新微单套机相机,影像,Mini,SN-CAM-001801,B2026-801,false,true,80,partial,,Level 1,limited,苏州声学检测中心,conditional_pass,true,true,B,true,true,基础检测通过 但报告内容较简略 建议复核附件与证书映射关系,medium,REVIEW,
EA-CAM-01802,train,camera,快影Vlog 5相机,微单套机相机,快影,Vlog 5,SN-CAM-001802,B2025-802,false,false,70,full,,Level 2,limited,南京消费品检测院,fail,false,false,,true,,高温或耐压测试未通过 存在安全隐患 应直接拦截,high,FAIL,battery_safety_concern
EA-CAM-01803,train,camera,镜界Snap相机,高速对焦相机,镜界,Snap,SN-CAM-001803,B2026-803,false,false,95,full,,Level 1,compliant,杭州电子检测站,pass,true,true,,true,,样机经检测符合标准 关键部件状态正常 可上市流通 证书、批次和能效资料完整。,low,PASS,
EA-CAM-01804,train,camera,快影M3相机,便携机身,快影,M3,SN-CAM-001804,B2025-804,false,false,95,partial,,Level 2,limited,苏州声学检测中心,conditional_pass,true,true,,true,,检測意见为有条件合格 需人工确认备注项是否已在商品页披露,medium,REVIEW,
EA-CAM-01805,train,camera,镜界Zoom X相机,旅行拍摄相机,镜界,Zoom X,SN-CAM-001805,B2026-805,false,false,98,partial,,Level 2,compliant,东莞质量评估站,pass,true,true,,true,,实验室记录显示设备在标准工况下工作稳定 未发现异常告警 连续运行24小时未发现掉线、死机或输出波动。 备注：包装文字与申报信息需人工核对。,low,PASS,
EA-CAM-01806,train,camera,快影M3相机,便携机身相机,快影,M3,,B2025-806,false,false,93,full,,Level 1,limited,上海质量检测院,fail,true,true,,true,,翻新和维修痕迹明显 但未完整披露整备历史 风险较高,high,FAIL,missing_device_identifier
EA-CAM-01807,train,camera,镜界M3相机,旅行拍摄相机,镜界,M3,,B2026-807,false,false,90,partial,,Level 1,compliant,北京电子产品检测所,fail,true,true,,true,,设备身份信息无法核验 且存在异常发热记录 不应上架,high,FAIL,missing_device_identifier
EA-CAM-01808,train,camera,镜界Mini相机,便携机身相机,镜界,Mini,SN-CAM-001808,B2025-808,false,true,88,partial,,Level 2,compliant,广州电子检验所,fail,true,true,C,true,false,设备身份信息无法核验 且存在异常发热记录 不应上架,high,FAIL,undisclosed_refurbished_status
EA-CAM-01809,train,camera,光域R10相机,高清视频相机,光域,R10,SN-CAM-001809,B2026-809,false,false,45,partial,,Level 1,limited,南京消费品检测院,fail,false,false,,true,,来源证明不足 外包装与铭牌信息异常 疑似仿冒或未经授权产品,high,FAIL,battery_safety_concern
EA-CAM-01810,train,camera,光域Vlog 5相机,卖家宣称全新未拆封，高速对焦相机,光域,Vlog 5,SN-CAM-001810,B2025-810,false,false,97,full,,Level 2,compliant,苏州声学检测中心,fail,true,true,,true,,报告中标注型号为Snap，与申报型号Vlog 5不一致，存在套证或错报风险。,high,FAIL,report_model_mismatch
EA-CAM-01811,train,camera,光域Snap相机,旅行拍摄相机,光域,Snap,SN-CAM-001811,B2026-811,false,false,93,partial,,Level 1,compliant,东莞质量评估站,pass,true,true,,true,,抽检结果为合格 性能 输出和绝缘测试均符合要求 证书、批次和能效资料完整。,low,PASS,
EA-CAM-01812,train,camera,光域Mini相机,二手旅行拍摄相机,光域,Mini,SN-CAM-001812,B2025-812,true,false,83,partial,,Level 1,compliant,上海质量检测院,conditional_pass,true,true,A,true,true,环境或能效信息不够完整 建议核对补充资料后再放行,medium,REVIEW,
EA-CAM-01813,train,camera,快影R10相机,高速对焦相机,快影,R10,SN-CAM-001813,B2026-813,false,false,99,full,,Level 2,compliant,北京电子产品检测所,pass,true,true,,true,,连续运行测试通过 结构完好 未见异常发热和风险点 连续运行24小时未发现掉线、死机或输出波动。,low,PASS,
EA-CAM-01814,train,camera,影像M3相机,微单套机相机,影像,M3,SN-CAM-001814,B2025-814,false,false,89,partial,,Level 1,limited,苏州声学检测中心,pass,true,true,,true,,抽检结果为合格 性能 输出和绝缘测试均符合要求 包装、铭牌与申报信息一致。,low,PASS,
EA-CAM-01815,train,camera,影像M3相机,高速对焦相机,影像,M3,SN-CAM-001815,B2026-815,false,true,99,full,,Level 1,compliant,广州电子检验所,fail,true,true,C,true,false,检测中发现关键安全项未达标 不建议继续销售,high,FAIL,undisclosed_refurbished_status
EA-CAM-01816,train,camera,影像R10相机,旅行拍摄相机,影像,R10,SN-CAM-001816,B2025-816,false,false,93,full,,Level 2,unknown,深圳质检中心,conditional_pass,true,true,,true,,环境或能效信息不够完整 建议核对补充资料后再放行,medium,REVIEW,
EA-CAM-01817,train,camera,视野Vlog 5相机,高清视频相机,视野,Vlog 5,SN-CAM-001817,B2026-817,false,false,99,partial,,Level 1,limited,成都电子检测中心,pass,true,true,,true,,样机经检测符合标准 关键部件状态正常 可上市流通 连续运行24小时未发现掉线、死机或输出波动。,low,PASS,
EA-CAM-01818,train,camera,视野Vlog 5相机,卖家宣称全新未拆封，便携机身相机,视野,Vlog 5,SN-CAM-001818,B2025-818,false,false,96,full,,Level 1,compliant,北京电子产品检测所,fail,true,true,,true,,来源证明不足，包装与铭牌信息存在异常，疑似仿冒或未经授权产品。,high,FAIL,suspected_counterfeit
EA-CAM-01819,train,camera,影像M3相机,卖家宣称全新未拆封，高清视频相机,影像,M3,SN-CAM-001819,B2026-819,false,false,96,partial,,Level 1,compliant,北京电子产品检测所,fail,true,true,,false,,关键功能测试失败，复测仍异常，不满足流通要求。,high,FAIL,
EA-CAM-01820,train,camera,光域Mini相机,旅行拍摄相机,光域,Mini,,,false,false,94,full,,Level 1,compliant,上海质量检测院,fail,true,true,,true,,高温或耐压测试未通过 存在安全隐患 应直接拦截,high,FAIL,missing_device_identifier
EA-CAM-01821,train,camera,光域Snap相机,微单套机相机,光域,Snap,,B2026-821,false,false,95,full,,Level 1,limited,成都电子检测中心,fail,true,true,,true,,报告中标注型号与申报型号不一致 存在套证或错报风险,high,FAIL,missing_device_identifier
EA-CAM-01822,train,camera,视野Zoom X相机,高速对焦相机,视野,Zoom X,SN-CAM-001822,B2025-822,false,true,90,partial,,Level 1,limited,上海质量检测院,fail,true,true,B,true,false,关键功能测试失败 且复测结果仍异常 不满足流通要求,high,FAIL,undisclosed_refurbished_status
EA-CAM-01823,train,camera,影像M3相机,高速对焦相机,影像,M3,SN-CAM-001823,B2026-823,false,false,89,partial,,Level 1,compliant,广州电子检验所,pass,true,true,,true,,检测报告显示整机功能正常 各项安全与稳定性测试合格 可正常销售 证书、批次和能效资料完整。,low,PASS,
EA-CAM-01824,train,camera,快影Snap相机,微单套机相机,快影,Snap,SN-CAM-001824,B2025-824,false,false,92,partial,,Level 1,limited,成都电子检测中心,pass,true,true,,true,,抽检结果为合格 性能 输出和绝缘测试均符合要求,low,PASS,
EA-CAM-01825,train,camera,光域Vlog 5相机,高速对焦相机,光域,Vlog 5,SN-CAM-001825,B2026-825,false,false,91,partial,,Level 1,compliant,南京消费品检测院,pass,true,true,,true,,pass / low / camera,low,PASS,
EA-CAM-01826,train,camera,影像R10相机,高清视频相机,影像,R10,SN-CAM-001826,B2025-826,false,false,97,partial,,Level 1,compliant,苏州声学检测中心,conditional_pass,true,true,,true,,已检測 基本可用 建议人 工复核。 Observed thermal issue during repeated charging cycle.,medium,REVIEW,
EA-CAM-01827,train,camera,光域M3相机,高清视频相机,光域,M3,SN-CAM-001827,B2026-827,false,false,99,full,,Level 1,compliant,广州电子检验所,pass,true,true,,true,,检测报告显示整机功能正常 各项安全与稳定性测试合格 可正常销售 证书、批次和能效资料完整。,low,PASS,
EA-CAM-01828,train,camera,快影Zoom X相机,便携机身相机,快影,Zoom X,SN-CAM-001828,B2025-828,false,false,93,partial,,Level 1,limited,南京消费品检测院,pass,true,true,,true,,检测完成，建议复核。,low,PASS,
EA-CAM-01829,train,camera,影像Zoom X相机,高速对焦相机,影像,Zoom X,SN-CAM-001829,B2026-829,false,false,99,full,,Level 1,compliant,杭州电子检测站,pass,true,true,,true,,实验室记录显示设备在标准工况下工作稳定 未发现异常告警 连续运行24小时未发现掉线、死机或输出波动。,low,PASS,
EA-CAM-01830,train,camera,镜界Vlog 5相机,微单套机相机,镜界,Vlog 5,SN-CAM-001830,B2025-830,false,false,88,full,,Level 1,compliant,东莞质量评估站,pass,true,true,,true,,样机经检测符合标准 关键部件状态正常 可上市流通 包装、铭牌与申报信息一致。,low,PASS,
EA-CAM-01831,train,camera,光域M3相机,官方翻新旅行拍摄相机,光域,M3,SN-CAM-001831,B2026-831,false,true,82,partial,,Level 1,limited,南京消费品检测院,conditional_pass,true,true,A,true,true,翻新记录已声明 样机功能正常 建议带翻新标识销售并人工复核详情,medium,REVIEW,
EA-CAM-01832,train,camera,镜界Snap相机,高速对焦相机,镜界,Snap,SN-CAM-001832,B2025-832,false,false,100,full,,Level 1,limited,东莞质量评估站,pass,true,true,,true,,抽检结果为合格 性能 输出和绝缘测试均符合要求,low,PASS,
EA-CAM-01833,train,camera,镜界R10相机,高清视频相机,镜界,R10,SN-CAM-001833,B2026-833,false,false,92,partial,,Level 1,compliant,成都电子检测中心,pass,true,true,,true,,检测报告显示整机功能正常 各项安全与稳定性测试合格 可正常销售 连续运行24小时未发现掉线、死机或输出波动  Result: pass under normal operating conditions.,low,PASS,
EA-CAM-01834,train,camera,视野Snap相机,卖家宣称全新未拆封，高清视频相机,视野,Snap,,B2025-834,false,false,93,full,,Level 1,compliant,平台复核,fail,true,true,,true,,来源证明不足 外包装与铭牌信息异常 疑似仿冒或未经授权产品,high,FAIL,missing_device_identifier
EA-CAM-01835,train,camera,光域Snap相机,便携机身相机,光域,Snap,SN-CAM-001835,B2026-835,false,false,96,partial,,Level 1,compliant,杭州电子检测站,pass,true,true,,true,,实验室记录显示设备在标准工况下工作稳定 未发现异常告警 证书、批次和能效资料完整。,low,PASS,
EA-CAM-01836,train,camera,光域Vlog 5相机,高清视频相机,光域,Vlog 5,SN-CAM-001836,B2025-836,false,false,95,partial,,Level 2,compliant,苏州声学检测中心,pass,true,true,,true,,样机经检测符合标准 关键部件状态正常 可上市流通,low,PASS,
EA-CAM-01837,train,camera,视野Mini相机,微单套机相机,视野,Mini,SN-CAM-001837,B2026-837,false,false,90,partial,,Level 1,compliant,上海质量检测院,pass,true,true,,true,,样机经检测符合标准 关键部件状态正常 可上市流通 连续运行24小时未发现掉线、死机或输出波动。,low,PASS,
EA-CAM-01838,train,camera,快影R10相机,高速对焦相机,快影,R10,SN-CAM-001838,B2025-838,false,false,98,partial,,Level 2,compliant,上海质量检测院,conditional_pass,true,true,,true,,已检测 基本可用 建议人工复核。,medium,REVIEW,
EA-CAM-01839,train,camera,快影M3相机,微单套机相机,快影,M3,SN-CAM-001839,B2026-839,false,false,100,partial,,Level 2,compliant,上海质量检测院,fail,true,true,,true,,来源证明不足，包装与铭牌信息存在异常，疑似仿冒或未经授权产品。 初次送检摘要写为合格，复核后已修正为不合格。,high,FAIL,suspected_counterfeit
EA-CAM-01840,train,camera,快影Snap相机,高清视频相机,快影,Snap,SN-CAM-001840,B2025-840,false,false,91,partial,,Level 1,compliant,东莞质量评估站,pass,true,true,,true,,抽检结果为合格 性能 输出和绝缘测试均符合要求,low,PASS,
EA-CAM-01841,train,camera,影像M3相机,高速对焦相机,影像,M3,SN-CAM-001841,B2026-841,false,false,92,full,,Level 2,compliant,杭州电子检测站,conditional_pass,true,true,,true,,检测意见为有条件合格 需人工确认备注项是否已在商品页披露 个别备注项需人工判断是否影响销售结论。,medium,REVIEW,
EA-CAM-01842,train,camera,影像Vlog 5相机,二手旅行拍摄相机,影像,Vlog 5,SN-CAM-001842,B2025-842,true,false,76,full,,Level 1,compliant,广州电子检验所,conditional_pass,true,true,B,true,true,基础检测通过 但报告内容较简略 建议复核附件与证书映射关系,medium,REVIEW,
EA-CAM-01843,train,camera,视野Mini相机,高清视频相机,视野,Mini,SN-CAM-001843,B2026-843,false,false,90,full,,Level 1,compliant,南京消费品检测院,pass,true,true,,true,,检测报告显示整机功能正常 各项安全与稳定性测试合格 可正常销售 证书、批次和能效资料完整。,low,PASS,
EA-CAM-01844,train,camera,视野M3相机,微单套机相机,视野,M3,SN-CAM-001844,B2025-844,false,false,97,full,,Level 1,compliant,苏州声学检测中心,pass,true,true,,true,,样机经检测符合标准 关键部件状态正常 可上市流通,low,PASS,
EA-CAM-01845,train,camera,影像Mini相机,高清视频相机,影像,Mini,SN-CAM-001845,B2026-845,false,false,90,partial,,Level 1,compliant,深圳质检中心,conditional_pass,true,true,,true,,基础检测通过 但报告内容较简略 建议复核附件与证书映射关系 封签或包装存在重新整理迹象。 备注：包装文字与申报信息需人工核对。,medium,REVIEW,
EA-CAM-01846,train,camera,光域Zoom X相机,高速对焦相机,光域,Zoom X,SN-CAM-001846,B2025-846,false,false,96,full,,Level 1,compliant,东莞质量评估站,pass,true,true,,true,,实验室记录显示设备在标准工况下工作稳定 未发现异常告警 包装、铭牌与申报信息一致。,low,PASS,
EA-CAM-01847,train,camera,影像M3相机,高速对焦相机,影像,M3,SN-CAM-001847,B2026-847,false,false,100,full,,Level 1,compliant,成都电子检测中心,pass,true,true,,true,,抽检结果为合格 性能 输出和绝缘测试均符合要求 证书、批次和能效资料完整。,low,PASS,
EA-CAM-01848,train,camera,快影M3相机,二手微单套机相机,快影,M3,SN-CAM-001848,B2025-848,true,false,84,full,,Level 2,compliant,杭州电子检测站,conditional_pass,true,true,A,true,true,包装封签存在重新整理痕迹 样机主要功能正常 建议人工抽检,medium,REVIEW,
EA-CAM-01849,val,camera,快影Zoom X相机,官方翻新微单套机相机,快影,Zoom X,SN-CAM-001849,B2026-849,false,true,81,full,,Level 1,limited,深圳质检中心,conditional_pass,true,true,A,true,true,包装封签存在重新整理痕迹 样机主要功能正常 建议人工抽检,medium,REVIEW,
EA-CAM-01850,val,camera,快影Vlog 5相机,高速对焦,快影,Vlog 5,SN-CAM-001850,B2025-850,false,false,99,full,,Level 2,limited,杭州电子检测站,pass,true,true,,true,,实验室记录显示设备在标准工况下工作稳定 未发现异常告警 包装、铭牌与申报信息一致。,low,PASS,
EA-CAM-01851,val,camera,视野Zoom X相机,微单套机相机,视野,Zoom X,SN-CAM-001851,B2026-851,false,false,62,full,,Level 1,compliant,南京消费品检测院,fail,false,false,,true,,检测中发现关键安全项未达标 不建议继续销售,high,FAIL,battery_safety_concern
EA-CAM-01852,val,camera,视野Zoom X相机,高清视频相机,视野,Zoom X,SN-CAM-001852,B2025-852,false,false,95,full,,Level 1,compliant,外部资料摘录,pass,true,true,,true,,见附件。,low,PASS,
EA-CAM-01853,val,camera,视野R10相机,微单套机相机,视野,R10,SN-CAM-001853,B2026-853,false,false,88,partial,,Level 2,compliant,苏州声学检测中心,fail,true,true,,true,,"来源证明不足, 包 装与铭牌信息存在异常, 疑似仿冒或未经授权产品  Model code in report does not match seller declaration.",high,FAIL,suspected_counterfeit
EA-CAM-01854,val,camera,快影M3相机,高清视频相机,快影,M3,SN-CAM-001854,,false,false,96,partial,,Level 2,compliant,上海质量检测院,pass,true,true,,true,,样机经检测符合标准 关键部件状态正常 可上市流通 包装、铭牌与申报信息一致。,low,PASS,
EA-CAM-01855,val,camera,影像Mini相机,高速对焦相机,影像,Mini,SN-CAM-001855,B2026-855,false,false,96,partial,,Level 1,compliant,东莞质量评估站,pass,true,true,,true,,检测报告显示整机功能正常 各项安全与稳定性测试合格 可正常销售 证书、批次和能效资料完整。,low,PASS,
EA-CAM-01856,val,camera,镜界Vlog 5相机,微单套机相机,镜界,Vlog 5,SN-CAM-001856,B2025-856,false,false,99,partial,,Level 2,limited,广州电子检验所,conditional_pass,true,true,,true,,已检测 基本可用 建议人工复核。,medium,REVIEW,
EA-CAM-01857,val,camera,视野Zoom X相机,高速对焦相机,视野,Zoom X,SN-CAM-001857,B2026-857,false,true,96,full,,Level 1,compliant,北京电子产品检测所,fail,true,true,C,true,false,设备身份信息无法核验 且存在异常发热记录 不应上架,high,FAIL,undisclosed_refurbished_status
EA-CAM-01858,val,camera,视野M3相机,高清视频相机,视野,M3,SN-CAM-001858,B2025-858,false,false,42,full,,Level 1,compliant,深圳质检中心,fail,false,false,,true,,高温或耐压测试未通过 存在安全隐患 应直接拦截,high,FAIL,battery_safety_concern
EA-CAM-01859,val,camera,镜界Vlog 5相机,便携机身相机,镜界,Vlog 5,SN-CAM-001859,B2026-859,false,false,88,partial,,Level 1,limited,成都电子检测中心,fail,true,true,,true,,报告中标注型号为Zoom X，与申报型号Vlog 5不一致，存在套证或错报风险。,high,FAIL,report_model_mismatch
EA-CAM-01860,val,camera,镜界Zoom X相机,二手高速对焦相机,镜界,Zoom X,SN-CAM-001860,B2025-860,true,false,88,partial,,Level 2,compliant,广州电子检验所,conditional_pass,true,true,A,true,true,包装封签存在重新整理痕迹 样机主要功能正常 建议人工抽检,medium,REVIEW,
EA-CAM-01861,val,camera,光域Mini相机,旅行拍摄相机,光域,Mini,SN-CAM-001861,B2026-861,false,false,90,partial,,Level 2,compliant,深圳质检中心,pass,true,true,,true,,样机经检测符合标准 关键部件状态正常 可上市流通 连续运行24小时未发现掉线、死机或输出波动。,low,PASS,
EA-CAM-01862,val,camera,影像Zoom X相机,微单套机相机,影像,Zoom X,SN-CAM-001862,B2025-862,false,false,91,partial,,Level 1,compliant,苏州声学检测中心,conditional_pass,true,true,,true,,已检测 基本可用 建议人工复核。,medium,REVIEW,
EA-CAM-01863,val,camera,光域M3相机,便携机身相机,光域,M3,SN-CAM-001863,B2026-863,false,false,90,full,,Level 1,compliant,北京电子产品检测所,pass,true,true,,true,,实验室记录显示设备在标准工况下工作稳定 未发现异常告警 证书、批次和能效资料完整。,low,PASS,
EA-CAM-01864,val,camera,影像R10相机,高速对焦相机,影像,R10,SN-CAM-001864,B2025-864,false,false,89,partial,,Level 3,limited,南京消费品检测院,conditional_pass,true,true,,true,,包装封签存在重新整理痕迹 样机主要功能正常 建议人工抽检,medium,REVIEW,
EA-CAM-01865,val,camera,快影Mini相机,高速对焦相机,快影,Mini,SN-CAM-001865,B2026-865,false,false,47,full,,Level 2,limited,南京消费品检测院,fail,false,false,,true,,检测中发现关键安全项未达标 不建议继续销售,high,FAIL,battery_safety_concern
EA-CAM-01866,val,camera,视野Snap相机,旅行拍摄相机,视野,Snap,SN-CAM-001866,B2025-866,false,false,88,partial,,Level 1,compliant,北京电子产品检测所,pass,true,true,,true,,检測完成，建议复核。,low,PASS,
EA-CAM-01867,val,camera,快影R10相机,旅行拍摄相机,快影,R10,SN-CAM-001867,B2026-867,false,false,99,full,,Level 2,compliant,深圳质检中心,fail,true,true,,true,,来源证明不足，包装与铭牌信息存在异常，疑似仿冒或未经授权产品。,high,FAIL,suspected_counterfeit
EA-CAM-01868,val,camera,光域Snap相机,高清视频相机,光域,Snap,SN-CAM-001868,B2025-868,false,false,98,partial,,Level 2,compliant,广州电子检验所,pass,true,true,,true,,样机经检测符合标准 关键部件状态正常 可上市流通,low,PASS,
EA-CAM-01869,val,camera,影像Vlog 5相机,高清视频相机,影像,Vlog 5,SN-CAM-001869,B2026-869,false,false,99,partial,,Level 1,compliant,杭州电子检测站,pass,true,true,,true,,抽检结果为合格 性能 输出和绝缘测试均符合要求 连续运行24小时未发现掉线、死机或输出波动。 Manual review is recommended before release.,low,PASS,
EA-CAM-01870,val,camera,快影M3相机,高清视频相机,快影,M3,SN-CAM-001870,B2025-870,false,false,89,partial,,Level 1,compliant,上海质量检测院,pass,true,true,,true,,检测报告显示整机功能正常 各项安全与稳定性测试合格 可正常销售 包装、铭牌与申报信息一致。,low,PASS,
EA-CAM-01871,val,camera,视野M3相机,旅行拍摄相机,视野,M3,SN-CAM-001871,B2026-871,false,false,97,full,,Level 1,compliant,上海质量检测院,pass,true,true,,true,,实验室记录显示设备在标准工况下工作稳定 未发现异常告警 证书、批次和能效资料完整。,low,PASS,
EA-CAM-01872,val,camera,快影Zoom X相机,二手高清视频相机,快影,Zoom X,SN-CAM-001872,B2025-872,true,false,81,full,,Level 1,limited,广州电子检验所,conditional_pass,true,true,A,true,true,包装封签存在重新整理痕迹 样机主要功能正常 建议人工抽检 系统初判可流通，但建议人工再核验。,medium,REVIEW,
EA-CAM-01873,val,camera,光域R10相机,官方翻新高速对焦相机,光域,R10,SN-CAM-001873,B2026-873,false,true,87,full,,Level 2,compliant,苏州声学检测中心,conditional_pass,true,true,B,true,true,检测意见为有条件合格 需人工确认备注项是否已在商品页披露,medium,REVIEW,
EA-CAM-01874,val,camera,快影Vlog 5相机,高清视频相机,快影,Vlog 5,SN-CAM-001874,B2025-874,false,false,96,partial,,Level 2,compliant,东莞质量评估站,conditional_pass,true,true,,true,,已检测 基本可用 建议人工复核。,medium,REVIEW,
EA-CAM-01875,val,camera,镜界Vlog 5相机,高清视频相机,镜界,Vlog 5,SN-CAM-001875,B2026-875,false,false,94,full,,Level 1,compliant,深圳质检中心,conditional_pass,true,true,,true,,环境或能效信息不够完整 建议核对补充资料后再放行 封签或包装存在重新整理迹象。,medium,REVIEW,
EA-CAM-01876,val,camera,光域Zoom X相机,旅行拍摄相机,光域,Zoom X,SN-CAM-001876,B2025-876,false,false,93,partial,,Level 2,limited,苏州声学检测中心,pass,true,true,,true,,检测报告显示整机功能正常 各项安全与稳定性测试合格 可正常销售 备注：包装文字与申报信息需人工核对。,low,PASS,
EA-CAM-01877,val,camera,影像R10相机,旅行拍摄相机,影像,R10,SN-CAM-001877,B2026-877,false,false,96,partial,,Level 1,compliant,南京消费品检测院,pass,true,true,,true,,实验室记录显示设备在标准工况下工作稳定 未发现异常告警 连续运行24小时未发现掉线、死机或输出波动。,low,PASS,
EA-CAM-01878,val,camera,镜界R10相机,高清视频相机,镜界,R10,SN-CAM-001878,B2025-878,false,false,98,full,,Level 2,limited,深圳质检中心,pass,true,true,,true,,实验室记录显示设备在标准工况下工作稳定 未发现异常告警 包装、铭牌与申报信息一致。,low,PASS,
EA-CAM-01879,val,camera,快影Vlog 5相机,旅行拍摄,快影,Vlog 5,SN-CAM-001879,B2026-879,false,false,99,full,,Level 1,compliant,深圳质检中心,pass,true,true,,true,,实验室记录显示设备在标准工况下工作稳定 未发现异常告警 证书、批次和能效资料完整。 备注：包装文字与申报信息需人工核对。,low,PASS,
EA-CAM-01880,val,camera,快影Vlog 5相机,高速对焦相机,快影,Vlog 5,SN-CAM-001880,B2025-880,false,false,95,full,,Level 2,compliant,北京电子产品检测所,fail,true,true,,true,,报告中标注型号为M3，与申报型号Vlog 5不一致，存在套证或错报风险。,high,FAIL,report_model_mismatch
EA-CAM-01881,val,camera,快影R10相机,微单套机相机,快影,R10,SN-CAM-001881,B2026-881,false,false,93,full,,Level 2,compliant,深圳质检中心,conditional_pass,true,true,,true,,功能测试可用 外观存在轻微磨损 建议人工确认页面说明与成色描述 封签或包装存在重新整理迹象。,medium,REVIEW,
EA-CAM-01882,val,camera,视野Vlog 5相机,微单套机相机,视野,Vlog 5,SN-CAM-001882,B2025-882,false,false,97,full,,Level 3,unknown,深圳质检中心,conditional_pass,true,true,,true,,基础检测通过 但报告内容较简略 建议复核附件与证书映射关系,medium,REVIEW,
EA-CAM-01883,val,camera,快影M3相机,高速对焦相机,快影,M3,SN-CAM-001883,B2026-883,false,false,88,full,,Level 2,compliant,成都电子检测中心,conditional_pass,true,true,,true,,包装封签存在重新整理痕迹 样机主要功能正常 建议人工抽检 个别备注项需人工判断是否影响销售结论。,medium,REVIEW,
EA-CAM-01884,val,camera,快影Mini相机,二手微单套机相机,快影,Mini,SN-CAM-001884,B2025-884,true,false,89,partial,,Level 1,compliant,东莞质量评估站,conditional_pass,true,true,B,true,true,检测意见为有条件合格 需人工确认备注项是否已在商品页披露,medium,REVIEW,
EA-CAM-01885,test,camera,镜界M3相机,高清视频相机,镜界,M3,SN-CAM-001885,B2026-885,false,true,96,partial,,Level 1,compliant,北京电子产品检测所,fail,true,true,C,true,false,设备身份信息无法核验 且存在异常发热记录 不应上架,high,FAIL,undisclosed_refurbished_status
EA-CAM-01886,test,camera,镜界M3相机,高清视频相机,镜界,M3,SN-CAM-001886,B2025-886,false,false,89,full,,Level 1,compliant,成都电子检测中心,pass,true,true,,true,,连续运行测试通过 结构完好 未见异常发热和风险点 包装、铭牌与申报信息一致。,low,PASS,
EA-CAM-01887,test,camera,镜界R10相机,高清视频相机,镜界,R10,SN-CAM-001887,B2026-887,false,false,99,partial,,Level 1,compliant,杭州电子检测站,conditional_pass,true,true,,true,,环境或能效信息不够完整 建议核对补充资料后再放行 封签或包装存在重新整理迹象。,medium,REVIEW,
EA-CAM-01888,test,camera,快影M3相机,旅行拍摄相机,快影,M3,SN-CAM-001888,B2025-888,false,false,94,full,,Level 1,limited,广州电子检验所,pass,true,true,,true,,连续运行测试通过 结构完好 未见异常发热和风险点,low,PASS,
EA-CAM-01889,test,camera,影像Vlog 5相机,旅行拍摄相机,影像,Vlog 5,SN-CAM-001889,B2026-889,false,false,94,full,,Level 2,limited,成都电子检测中心,fail,true,true,,false,,关键功能测试失败，复测仍异常，不满足流通要求。 初次送检摘要写为合格，复核后已修正为不合格。,high,FAIL,
EA-CAM-01890,test,camera,影像Zoom X相机,旅行拍摄相机,影像,Zoom X,SN-CAM-001890,B2025-890,false,false,98,full,,Level 1,compliant,东莞质量评估站,pass,true,true,,true,,"检測完成, 建议复核  Model code in report does not match seller declaration.",low,PASS,
EA-CAM-01891,test,camera,快影R10相机,卖家宣称全新未拆封，便携机身相机,快影,R10,,B2026-891,false,false,95,partial,,Level 1,compliant,广州电子检验所,fail,true,true,,true,,检测中发现关键安全项未达标 不建议继续销售,high,FAIL,missing_device_identifier
EA-CAM-01892,test,camera,镜界R10相机,高速对焦相机,镜界,R10,SN-CAM-001892,B2025-892,false,false,89,partial,,Level 2,compliant,杭州电子检测站,conditional_pass,true,true,,true,,已检测 基本可用 建议人工复核。,medium,REVIEW,
EA-CAM-01893,test,camera,镜界M3相机,旅行拍摄相机,镜界,M3,SN-CAM-001893,B2026-893,false,false,98,full,,Level 1,compliant,南京消费品检测院,conditional_pass,true,true,,true,,检测意见为有条件合格 需人工确认备注项是否已在商品页披露 封签或包装存在重新整理迹象。,medium,REVIEW,
EA-CAM-01894,test,camera,影像M3相机,高速对焦相机,影像,M3,SN-CAM-001894,B2025-894,false,false,98,partial,,Level 2,unknown,广州电子检验所,conditional_pass,true,true,,true,,基础检測通過 但报告内容较简略 建议复核附件与证书映射关系 Observed thermal issue during repeated charging cycle.,medium,REVIEW,
EA-CAM-01895,test,camera,快影Zoom X相机,便携机身相机,快影,Zoom X,SN-CAM-001895,B2026-895,false,false,95,partial,,Level 2,compliant,上海质量检测院,fail,true,true,,true,,来源证明不足，包装与铭牌信息存在异常，疑似仿冒或未经授权产品。,high,FAIL,suspected_counterfeit
EA-CAM-01896,test,camera,光域M3相机,高速对焦相机,光域,M3,SN-CAM-001896,B2025-896,false,false,92,partial,,Level 1,compliant,杭州电子检测站,fail,true,true,,false,,关键功能测试失败，复测仍异常，不满足流通要求。,high,FAIL,
EA-CAM-01897,test,camera,快影M3相机,微单套机相机,快影,M3,SN-CAM-001897,B2026-897,false,false,91,full,,Level 1,limited,广州电子检验所,pass,true,true,,true,,抽检结果为合格 性能 输出和绝缘测试均符合要求 连续运行24小时未发现掉线、死机或输出波动。,low,PASS,
EA-CAM-01898,test,camera,镜界M3相机,微单套机相机,镜界,M3,SN-CAM-001898,B2025-898,false,false,96,partial,,Level 2,limited,成都电子检测中心,conditional_pass,true,true,,true,,"检測完成, 建议复核",medium,REVIEW,
EA-CAM-01899,test,camera,影像Mini相机,高速对焦相机,影像,Mini,SN-CAM-001899,B2026-899,false,false,90,partial,,Level 2,limited,广州电子检验所,conditional_pass,true,true,,true,,功能测试可用 外观存在轻微磨损 建议人工确认页面说明与成色描述 封签或包装存在重新整理迹象。,medium,REVIEW,
EA-CAM-01900,test,camera,视野Vlog 5相机,便携机身相机,视野,Vlog 5,SN-CAM-001900,B2025-900,false,false,90,partial,,Level 3,unknown,苏州声学检测中心,conditional_pass,true,true,,true,,检测意见为有条件合格 需人工确认备注项是否已在商品页披露,medium,REVIEW,
EA-CAM-01901,test,camera,视野Mini相机,高清视频相机,视野,Mini,SN-CAM-001901,B2026-901,false,false,94,full,,Level 1,compliant,北京电子产品检测所,pass,true,true,,true,,抽检结果为合格 性能 输出和绝缘测试均符合要求 连续运行24小时未发现掉线、死机或输出波动。,low,PASS,
EA-CAM-01902,test,camera,快影Zoom X相机,高清视频相机,快影,Zoom X,SN-CAM-001902,B2025-902,false,false,100,full,,Level 1,limited,杭州电子检测站,pass,true,true,,true,,检测报告显示整机功能正常 各项安全与稳定性测试合格 可正常销售 包装、铭牌与申报信息一致。,low,PASS,
EA-CAM-01903,test,camera,镜界Snap相机,官方翻新高速对焦相机,镜界,Snap,SN-CAM-001903,B2026-903,false,true,87,partial,,Level 1,compliant,广州电子检验所,conditional_pass,true,true,B,true,true,环境或能效信息不够完整 建 议核对补充资料后再放行,medium,REVIEW,
EA-CAM-01904,test,camera,快影Vlog 5相机,旅行拍摄相机,快影,Vlog 5,SN-CAM-001904,B2025-904,false,false,91,full,,Level 1,compliant,南京消费品检测院,pass,true,true,,true,,抽检结果为合格 性能 输出和绝缘测试均符合要求,low,PASS,
EA-CAM-01905,test,camera,快影Zoom X相机,微单套机相机,快影,Zoom X,SN-CAM-001905,B2026-905,false,false,94,partial,,Level 2,compliant,外部资料摘录,conditional_pass,true,true,,true,,检测意见为有条件合格 需人工确认备注项是否已在商品页披露 封签或包装存在重新整理迹象。,medium,REVIEW,
EA-CAM-01906,test,camera,快影M3相机,微单套机相机,快影,M3,SN-CAM-001906,B2025-906,false,false,94,full,,Level 1,limited,东莞质量评估站,pass,true,true,,true,,连续运行测试通过 结构完好 未见异常发热和风险点 包装、铭牌与申报信息一致。,low,PASS,
EA-CAM-01907,test,camera,镜界M3相机,旅行拍摄相机,镜界,M3,SN-CAM-001907,B2026-907,false,false,97,full,,Level 1,compliant,杭州电子检测站,pass,true,true,,true,,样机经检测符合标准 关键部件状态正常 可上市流通 证书、批次和能效资料完整。,low,PASS,
EA-CAM-01908,test,camera,镜界Snap相机,二手旅行拍摄相机,镜界,Snap,SN-CAM-001908,B2025-908,true,false,89,partial,,Level 2,compliant,苏州声学检测中心,conditional_pass,true,true,A,true,true,检测完成，建议复核。,medium,REVIEW,
EA-CAM-01909,test,camera,影像Mini相机,官方翻新旅行拍摄相机,影像,Mini,SN-CAM-001909,B2026-909,false,true,90,full,,Level 1,compliant,北京电子产品检测所,conditional_pass,true,true,A,true,true,环境或能效信息不够完整 建议核对补充资料后再放行 系统初判可流通，但建议人工再核验。,medium,REVIEW,
EA-CAM-01910,test,camera,影像Vlog 5相机,旅行拍摄相机,影像,Vlog 5,SN-CAM-001910,B2025-910,false,false,89,partial,,Level 2,compliant,北京电子产品检测所,conditional_pass,true,true,,true,,已检测 基本可用 建议人工复核。 备注：包装文字与申报信息需人工核对。,medium,REVIEW,
EA-CAM-01911,test,camera,视野R10相机,高速对焦相机,视野,R10,SN-CAM-001911,B2026-911,false,false,99,full,,Level 1,compliant,东莞质量评估站,pass,true,true,,true,,实验室记录显示设备在标准工况下工作稳定 未发现异常告警 证书、批次和能效资料完整。,low,PASS,
EA-CAM-01912,test,camera,光域Snap相机,高速对焦相机,光域,Snap,SN-CAM-001912,B2025-912,false,false,97,partial,,Level 3,unknown,深圳质检中心,conditional_pass,true,true,,true,,检测意见为有条件合格 需人 工确认备注项是否已在商品页披露 Result: pass under normal operating conditions.,medium,REVIEW,
EA-CAM-01913,test,camera,视野Snap相机,旅行拍摄相机,视野,Snap,SN-CAM-001913,B2026-913,false,true,95,partial,,Level 2,compliant,成都电子检测中心,fail,true,true,B,true,false,来源证明不足 外包装与铭牌信息异常 疑似仿冒或未经授权产品,high,FAIL,undisclosed_refurbished_status
EA-CAM-01914,test,camera,光域R10相机,便携机身相机,光域,R10,SN-CAM-001914,B2025-914,false,false,96,full,,Level 2,limited,成都电子检测中心,pass,true,true,,true,,连续运行测试通过 结构完好 未见异常发热和风险点 包装、铭牌与申报信息一致。,low,PASS,
EA-CAM-01915,test,camera,影像M3相机,微单套机相机,影像,M3,SN-CAM-001915,B2026-915,false,false,96,partial,,Level 1,compliant,东莞质量评估站,pass,true,true,,true,,连续运行测试通過 结构完好 未见异常发热和風险点 证书、批次和能效资料完整。 Observed thermal issue during repeated charging cycle.,low,PASS,
EA-CAM-01916,test,camera,快影M3相机,旅行拍摄相机,快影,M3,SN-CAM-001916,B2025-916,false,false,99,full,,Level 2,limited,东莞质量评估站,pass,true,true,,true,,实验室记录显示设备在标准工况下工作稳定 未发现异常告警,low,PASS,
EA-CAM-01917,test,camera,镜界Mini相机,微单套机相机,镜界,Mini,SN-CAM-001917,B2026-917,false,false,96,full,,Level 1,limited,深圳质检中心,conditional_pass,true,true,,true,,包装封签存在重新整理痕迹 样机主要功能正常 建议人工抽检 封签或包装存在重新整理迹象。,medium,REVIEW,
EA-CAM-01918,test,camera,视野Snap相机,高清视频相机,视野,Snap,,B2025-918,false,false,90,partial,,Level 1,compliant,成都电子检测中心,fail,true,true,,true,,检測中发现关键安全项未达标 不建议继续销售,high,FAIL,missing_device_identifier
EA-CAM-01919,test,camera,视野Snap相机,高速对焦相机,视野,Snap,SN-CAM-001919,B2026-919,false,false,94,partial,,Level 1,compliant,东莞质量评估站,pass,true,true,,true,,抽检结果为合格 性能 输出和绝缘测试均符合要求 证书、批次和能效资料完整,low,PASS,
EA-CAM-01920,test,camera,镜界M3相机,便携机身相机,镜界,M3,SN-CAM-001920,B2025-920,false,false,91,full,,Level 1,compliant,上海质量检测院,pass,true,true,,true,,pass / low / camera,low,PASS,
EA-ROU-01921,train,router,天线Home 6路由器,官方翻新Mesh组网路由器,天线,Home 6,SN-RT-001921,B2026-921,false,true,,partial,,Level 1,compliant,广州电子检验所,conditional_pass,true,true,A,true,true,基础检测通过 但报告内容较简略 建议复核附件与证书映射关系,medium,REVIEW,
EA-ROU-01922,train,router,天线R7路由器,WiFi6双频路由器,天线,R7,SN-RT-001922,B2025-922,false,false,,partial,,Level 1,compliant,成都电子检测中心,pass,true,true,,true,,抽检结果为合格 性能 输出和绝缘测试均符合要求 包装、铭牌与申报信息一致。,low,PASS,
EA-ROU-01923,train,router,迅联Home 6路由器,Mesh组网路由器,迅联,Home 6,SN-RT-001923,B2026-923,false,false,,partial,,Level 2,limited,深圳质检中心,conditional_pass,true,true,,true,,检测意见为有条件合格 需人工确认备注项是否已在商品页披露 封签或包装存在重新整理迹象。 系统初判可流通，但建议人工再核验。,medium,REVIEW,
EA-ROU-01924,train,router,云网Home 6路由器,家用网络路由器,云网,Home 6,SN-RT-001924,B2025-924,false,false,,partial,,Level 1,limited,广州电子检验所,pass,true,true,,true,,抽检结果为合格 性能 输出和绝缘测试均符合要求,low,PASS,
EA-ROU-01925,train,router,天线AX1800路由器,稳定覆盖,天线,AX1800,SN-RT-001925,B2026-925,false,false,,partial,,Level 1,limited,广州电子检验所,pass,true,true,,true,,连续运行测试通过 结构完好 未见异常发热和风险点 连续运行24小时未发现掉线、死机或输出波动。,low,PASS,
EA-ROU-01926,train,router,迅联AX3000路由器,WiFi6双频路由器,迅联,AX3000,SN-RT-001926,B2025-926,false,false,,full,,Level 1,compliant,东莞质量评估站,pass,true,true,,true,,实验室记录显示设备在标准工况下工作稳定 未发现异常告警 包装、铭牌与申报信息一致。 备注：包装文字与申报信息需人工核对。,low,PASS,
EA-ROU-01927,train,router,速域Mesh Pro路由器,家用网络,速域,Mesh Pro,SN-RT-001927,B2026-927,false,true,,full,,Level 1,limited,北京电子产品检测所,fail,true,true,C,true,false,高温或耐压测试未通过 存在安全隐患 应直接拦截,high,FAIL,undisclosed_refurbished_status
EA-ROU-01928,train,router,天线Mesh Pro路由器,Mesh组网路由器,天线,Mesh Pro,SN-RT-001928,B2025-928,false,false,,full,,Level 1,compliant,东莞质量评估站,fail,false,false,,true,,报告中标注型号与申报型号不一致 存在套证或错报风险,high,FAIL,battery_safety_concern
EA-ROU-01929,train,router,云网AX3000路由器,Mesh组网路由器,云网,AX3000,SN-RT-001929,B2026-929,false,false,,full,,Level 2,limited,杭州电子检测站,conditional_pass,true,true,,true,,环境或能效信息不够完整 建议核对补充资料后再放行 封签或包装存在重新整理迹象。,medium,REVIEW,
EA-ROU-01930,train,router,天线AX6000路由器,Mesh,天线,AX6000,SN-RT-001930,B2025-930,false,false,,full,,Level 2,unknown,成都电子检测中心,conditional_pass,true,true,,true,,环境或能效信息不够完整 建议核对补充资料后再放行,medium,REVIEW,
EA-ROU-01931,train,router,速域AX6000路由器,低延迟路由器,速域,AX6000,SN-RT-001931,B2026-931,false,false,,full,,Level 1,compliant,深圳质检中心,pass,true,true,,true,,样机经检测符合标准 关键部件状态正常 可上市流通 证书、批次和能效资料完整。,low,PASS,
EA-ROU-01932,train,router,天线AX1800路由器,二手低延迟路由器,天线,AX1800,SN-RT-001932,B2025-932,true,false,,full,,Level 2,limited,苏州声学检测中心,conditional_pass,true,true,A,true,true,检测完成，建议复核。,medium,REVIEW,
EA-ROU-01933,train,router,云网AX1800路由器,WiFi6双频路由器,云网,AX1800,SN-RT-001933,B2026-933,false,false,,full,,Level 1,compliant,上海质量检测院,pass,true,true,,true,,抽检结果为合格 性能 输出和绝缘测试均符合要求 连续运行24小时未发现掉线、死机或输出波动。,low,PASS,
EA-ROU-01934,train,router,速域Mesh Pro路由器,Mesh组网路由器,速域,Mesh Pro,SN-RT-001934,B2025-934,false,true,,full,,Level 1,compliant,东莞质量评估站,fail,true,true,B,true,false,设备身份信息无法核验 且存在异常发热记录 不应上架,high,FAIL,undisclosed_refurbished_status
EA-ROU-01935,train,router,远程星AX3000路由器,家用网络路由器,远程星,AX3000,SN-RT-001935,B2026-935,false,false,,full,,Level 2,compliant,成都电子检测中心,conditional_pass,true,true,,true,,环境或能效信息不够完整 建议核对补充资料后再放行 封签或包 装存在重新整理迹象。,medium,REVIEW,
EA-ROU-01936,train,router,远程星AX1800路由器,家用网络路由器,远程星,AX1800,SN-RT-001936,B2025-936,false,false,,full,,Level 1,compliant,北京电子产品检测所,pass,true,true,,true,,连续运行测试通过 结构完好 未见异常发热和风险点,low,PASS,
EA-ROU-01937,train,router,天线R7路由器,WiFi6双频路由器,天线,R7,SN-RT-001937,B2026-937,false,false,,full,,Level 2,compliant,广州电子检验所,conditional_pass,true,true,,true,,包 装封签存在重新整理痕迹 样机主要功能正常 建议人 工抽检 个别备注项需人工判断是否影响销售结论,medium,REVIEW,
EA-ROU-01938,train,router,天线Mesh Pro路由器,WiFi6双频路由器,天线,Mesh Pro,SN-RT-001938,B2025-938,false,false,,full,,Level 1,limited,广州电子检验所,pass,true,true,,true,,样机经检测符合标准 关键部件状态正常 可上市流通 包装、铭牌与申报信息一致  Observed thermal issue during repeated charging cycle.,low,PASS,
EA-ROU-01939,train,router,速域AX3000路由器,家用网络路由器,速域,AX3000,SN-RT-001939,B2026-939,false,false,,full,,Level 1,compliant,东莞质量评估站,pass,true,true,,true,,检测完成，建议复核。,low,PASS,
EA-ROU-01940,train,router,天线Home 6路由器,稳定覆盖路由器,天线,Home 6,SN-RT-001940,B2025-940,false,false,,full,,Level 1,limited,苏州声学检测中心,pass,true,true,,true,,实验室记录显示设备在标准工况下工作稳定 未发现异常告警,low,PASS,
EA-ROU-01941,train,router,速域R7路由器,稳定覆盖路由器,速域,R7,SN-RT-001941,B2026-941,false,false,,partial,,Level 2,compliant,南京消费品检测院,pass,true,true,,true,,检测报告显示整机功能正常 各项安全与稳定性测试合格 可正常销售 连续运行24小时未发现掉线、死机或输出波动。,low,PASS,
EA-ROU-01942,train,router,远程星AX6000路由器,稳定覆盖路由器,远程星,AX6000,SN-RT-001942,B2025-942,false,false,,full,,Level 2,unknown,深圳质检中心,conditional_pass,true,true,,true,,基础检测通過 但报告内容较简略 建议复核附件与证书映射关系,medium,REVIEW,
EA-ROU-01943,train,router,远程星Home 6路由器,Mesh组网路由器,远程星,Home 6,SN-RT-001943,B2026-943,false,false,,full,,Level 2,compliant,南京消费品检测院,fail,true,true,,true,,见附件  Manual review is recommended before release.,high,FAIL,report_model_mismatch
EA-ROU-01944,train,router,迅联AX3000路由器,Mesh组网路由器,迅联,AX3000,SN-RT-001944,B2025-944,false,false,,partial,,Level 2,limited,北京电子产品检测所,fail,true,true,,true,,来源证明不足，包装与铭牌信息存在异常，疑似仿冒或未经授权产品。,high,FAIL,suspected_counterfeit
EA-ROU-01945,train,router,远程星R7路由器,家用网络路由器,远程星,R7,SN-RT-001945,B2026-945,false,false,,full,,Level 1,compliant,成都电子检测中心,pass,true,true,,true,,连续运行测试通过 结构完好 未见异常发热和風险点 连续运行24小时未发现掉线、死机或输出波动。 Observed thermal issue during repeated charging cycle.,low,PASS,
EA-ROU-01946,train,router,云网AX1800路由器,低延迟路由器,云网,AX1800,SN-RT-001946,B2025-946,false,false,,full,,Level 1,limited,广州电子检验所,pass,true,true,,true,,抽检结果为合格 性能 输出和绝缘测试均符合要求 包装、铭牌与申报信息一致。,low,PASS,
EA-ROU-01947,train,router,远程星R7路由器,低延迟路由器,远程星,R7,SN-RT-001947,B2026-947,false,false,,full,,Level 1,compliant,东莞质量评估站,pass,true,true,,true,,抽检结果为合格 性能 输出和绝缘测试均符合要求 证书、批次和能效资料完整。,low,PASS,
EA-ROU-01948,train,router,远程星Home 6路由器,家用网络路由器,远程星,Home 6,SN-RT-001948,B2025-948,false,false,,partial,,Level 2,limited,苏州声学检测中心,conditional_pass,true,true,,true,,包装封签存在重新整理痕迹 样机主要功能正常 建议人工抽检,medium,REVIEW,
EA-ROU-01949,train,router,速域AX3000路由器,稳定覆盖路由器,速域,AX3000,SN-RT-001949,B2026-949,false,false,,full,,Level 1,compliant,东莞质量评估站,fail,false,false,,true,,见附件。,high,FAIL,battery_safety_concern
EA-ROU-01950,train,router,天线R7路由器,二手稳定覆盖路由器,天线,R7,SN-RT-001950,B2025-950,true,false,,full,,Level 1,limited,杭州电子检测站,conditional_pass,true,true,B,true,true,检测意见为有条件合格 需人 工确认备注项是否已在商品页披露,medium,REVIEW,
EA-ROU-01951,train,router,迅联Mesh Pro路由器,Mesh组网路由器,迅联,Mesh Pro,SN-RT-001951,B2026-951,false,false,,partial,,Level 1,compliant,广州电子检验所,pass,true,true,,true,,实验室记录显示设备在标准工况下工作稳定 未发现异常告警 证书、批次和能效资料完整。,low,PASS,
EA-ROU-01952,train,router,云网R7路由器,卖家宣称全新未拆封，WiFi6双频路由器,云网,R7,SN-RT-001952,B2025-952,false,false,,partial,,Level 1,compliant,上海质量检测院,fail,true,true,,false,,关键功能测试失败，复测仍异常，不满足流通要求。,high,FAIL,
EA-ROU-01953,train,router,迅联Mesh Pro路由器,低延迟路由器,迅联,Mesh Pro,,B2026-953,false,false,,full,,Level 2,limited,第三方送检,fail,true,true,,true,,关键功能测试失败 且复测结果仍异常 不满足流通要求 Observed thermal issue during repeated charging cycle.,high,FAIL,missing_device_identifier
EA-ROU-01954,train,router,迅联AX3000路由器,家用网络路由器,迅联,AX3000,SN-RT-001954,B2025-954,false,false,,full,,Level 2,compliant,上海质量检测院,pass,true,true,,true,,实验室记录显示设备在标准工况下工作稳定 未发现异常告警 包 装、铭牌与申报信息一致  Model code in report does not match seller declaration.,low,PASS,
EA-ROU-01955,train,router,云网AX1800路由器,WiFi6双频路由器,云网,AX1800,SN-RT-001955,B2026-955,false,true,,full,,Level 1,compliant,广州电子检验所,fail,true,true,B,true,false,来源证明不足 外包装与铭牌信息异常 疑似仿冒或未经授权产品,high,FAIL,undisclosed_refurbished_status
EA-ROU-01956,train,router,天线AX6000路由器,低延迟路由器,天线,AX6000,SN-RT-001956,B2025-956,false,false,,partial,,Level 1,limited,成都电子检测中心,fail,false,false,,true,,高温或耐压测试未通过 存在安全隐患 应直接拦截,high,FAIL,battery_safety_concern
EA-ROU-01957,train,router,远程星AX6000路由器,稳定覆盖路由器,远程星,AX6000,SN-RT-001957,B2026-957,false,false,,partial,,Level 1,compliant,深圳质检中心,fail,true,true,,true,,报告中标注型号为AX6000X，与申报型号AX6000不一致，存在套证或错报風险。,high,FAIL,report_model_mismatch
EA-ROU-01958,train,router,天线Home 6路由器,稳定覆盖,天线,Home 6,SN-RT-001958,B2025-958,false,false,,full,,Level 2,compliant,广州电子检验所,pass,true,true,,true,,抽检结果为合格 性能 输出和绝缘测试均符合要求 包装、铭牌与申报信息一致。 备注：包装文字与申报信息需人工核对。,low,PASS,
EA-ROU-01959,train,router,云网Mesh Pro路由器,家用网络路由器,云网,Mesh Pro,SN-RT-001959,B2026-959,false,false,,partial,,Level 2,compliant,东莞质量评估站,conditional_pass,true,true,,true,,基础检测通过 但报告内容较简略 建议复核附件与证书映射关系 封签或包装存在重新整理迹象。,medium,REVIEW,
EA-ROU-01960,train,router,远程星AX3000路由器,WiFi6双频路由器，卖家补充资料稍后上传,远程星,AX3000,SN-RT-001960,B2025-960,false,false,,full,,Level 1,limited,第三方送检,pass,true,true,,true,,实验室记录显示设备在标准工况下工作稳定 未发现异常告警,low,PASS,
EA-ROU-01961,train,router,迅联Mesh Pro路由器,稳定覆盖路由器,迅联,Mesh Pro,SN-RT-001961,B2026-961,false,false,,partial,,Level 2,compliant,杭州电子检测站,pass,true,true,,true,,样机经检测符合标准 关键部件状态正常 可上市流通 连续运行24小时未发现掉线、死机或输出波动。,low,PASS,
EA-ROU-01962,train,router,远程星AX1800路由器,WiFi6双频路由器,远程星,AX1800,SN-RT-001962,B2025-962,false,false,,full,,Level 2,compliant,杭州电子检测站,pass,true,true,,true,,抽检结果为合格 性能 输出和绝缘测试均符合要求 包装、铭牌与申报信息一致。,low,PASS,
EA-ROU-01963,train,router,云网Home 6路由器,卖家宣称全新未拆封，Mesh组网路由器,云网,Home 6,SN-RT-001963,B2026-963,false,false,,full,,Level 1,compliant,杭州电子检测站,fail,false,false,,true,,来源证明不足 外包装与铭牌信息异常 疑似仿冒或未经授权产品,high,FAIL,battery_safety_concern
EA-ROU-01964,train,router,速域AX3000路由器,WiFi6双频路由器,速域,AX3000,SN-RT-001964,B2025-964,false,false,,partial,,Level 2,limited,东莞质量评估站,fail,true,true,,true,,报告中标注型号为AX1800，与申报型号AX3000不一致，存在套证或错报风险。,high,FAIL,report_model_mismatch
EA-ROU-01965,train,router,速域AX6000路由器,Mesh组网路由器,速域,AX6000,SN-RT-001965,,false,false,,partial,,Level 2,limited,南京消费品检测院,pass,true,true,,true,,抽检结果为合格 性能 输出和绝缘测试均符合要求 连续运行24小时未发现掉线、死机或输出波动。,low,PASS,
EA-ROU-01966,train,router,云网R7路由器,稳定覆盖路由器,云网,R7,SN-RT-001966,B2025-966,false,false,,full,,Level 2,limited,成都电子检测中心,conditional_pass,true,true,,true,,环境或能效信息不够完整 建议核对补充资料后再放行,medium,REVIEW,
EA-ROU-01967,train,router,天线Mesh Pro路由器,家用网络路由器,天线,Mesh Pro,SN-RT-001967,B2026-967,false,false,,partial,,Level 1,compliant,南京消费品检测院,pass,true,true,,true,,实验室记录显示设备在标准工况下工作稳定 未发现异常告警 证书、批次和能效资料完整。,low,PASS,
EA-ROU-01968,train,router,迅联AX6000路由器,Mesh组网路由器,迅联,AX6000,,B2025-968,false,false,,partial,,Level 2,limited,苏州声学检测中心,fail,true,true,,true,,翻新和维修痕迹明显 但未完整披露整备历史 风险较高,high,FAIL,missing_device_identifier
EA-ROU-01969,train,router,远程星AX6000路由器,Mesh组网路由器,远程星,AX6000,SN-RT-001969,B2026-969,false,false,,full,,Level 2,compliant,深圳质检中心,pass,true,true,,true,,检测报告显示整机功能正常 各项安全与稳定性测试合格 可正常销售 连续运行24小时未发现掉线、死机或输出波动。,low,PASS,
EA-ROU-01970,train,router,速域AX3000路由器,低延迟路由器,速域,AX3000,SN-RT-001970,B2025-970,false,false,,full,,Level 2,compliant,北京电子产品检测所,fail,false,false,,true,,检测中发现关键安全项未达标 不建议继续销售,high,FAIL,battery_safety_concern
EA-ROU-01971,train,router,迅联Mesh Pro路由器,稳定覆盖路由器,迅联,Mesh Pro,SN-RT-001971,B2026-971,false,false,,full,,Level 1,compliant,广州电子检验所,fail,true,true,,true,,报告中标注型号为Mesh ProX，与申报型号Mesh Pro不一致，存在套证或错报风险。,high,FAIL,report_model_mismatch
EA-ROU-01972,train,router,迅联Home 6路由器,稳定覆盖路由器,迅联,Home 6,SN-RT-001972,B2025-972,false,false,,full,,Level 2,limited,上海质量检测院,conditional_pass,true,true,,true,,环境或能效信息不够完整 建议核对补充资料后再放行,medium,REVIEW,
EA-ROU-01973,train,router,迅联R7路由器,家用网络路由器,迅联,R7,SN-RT-001973,B2026-973,false,false,,full,,Level 1,limited,成都电子检测中心,fail,true,true,,false,,fail / high / router,high,FAIL,
EA-ROU-01974,train,router,天线AX6000路由器,稳定覆盖路由器,天线,AX6000,,B2025-974,false,false,,partial,,Level 1,compliant,苏州声学检测中心,fail,true,true,,true,,报告中标注型號与申报型号不一致 存在套证或错报风险 Model code in report does not match seller declaration.,high,FAIL,missing_device_identifier
EA-ROU-01975,train,router,远程星AX6000路由器,WiFi6双频路由器,远程星,AX6000,SN-RT-001975,B2026-975,false,false,,full,,Level 1,compliant,苏州声学检测中心,pass,true,true,,true,,检测报告显示整机功能正常 各项安全与稳定性测试合格 可正常销售 证书、批次和能效资料完整。,low,PASS,
EA-ROU-01976,train,router,迅联R7路由器,Mesh组网路由器,迅联,R7,SN-RT-001976,B2025-976,false,false,,full,,Level 2,limited,南京消费品检测院,pass,true,true,,true,,抽检结果为合格 性能 输出和绝缘测试均符合要求,low,PASS,
EA-ROU-01977,train,router,迅联AX6000路由器,Mesh组网路由器,迅联,AX6000,SN-RT-001977,B2026-977,false,false,,full,,Level 1,limited,杭州电子检测站,fail,false,false,,true,,来源证明不足 外包装与铭牌信息异常 疑似仿冒或未经授权产品,high,FAIL,battery_safety_concern
EA-ROU-01978,train,router,天线AX3000路由器,WiFi6双频路由器,天线,AX3000,SN-RT-001978,B2025-978,false,false,,full,,Level 1,compliant,东莞质量评估站,fail,true,true,,true,,fail / high / router,high,FAIL,report_model_mismatch
EA-ROU-01979,train,router,速域Mesh Pro路由器,低延迟路由器,速域,Mesh Pro,SN-RT-001979,B2026-979,false,false,,partial,,Level 1,compliant,成都电子检测中心,fail,true,true,,true,,来源证明不足，包装与铭牌信息存在异常，疑似仿冒或未经授权产品。,high,FAIL,suspected_counterfeit
EA-ROU-01980,train,router,云网R7路由器,家用网络路由器,云网,R7,SN-RT-001980,B2025-980,false,false,,full,,Level 1,limited,北京电子产品检测所,fail,true,true,,false,,关键功能测试失败，复测仍异常，不满足流通要求。,high,FAIL,
EA-ROU-01981,train,router,迅联Home 6路由器,官方翻新Mesh组网路由器,迅联,Home 6,SN-RT-001981,B2026-981,false,true,,full,,Level 1,compliant,东莞质量评估站,conditional_pass,true,true,B,true,true,基础检测通过 但报告内容较简略 建议复核附件与证书映射关系,medium,REVIEW,
EA-ROU-01982,train,router,天线Mesh Pro路由器,稳定覆盖路由器,天线,Mesh Pro,,B2025-982,false,false,,partial,,Level 2,compliant,北京电子产品检测所,fail,true,true,,true,,报告中标注型號与申报型号不一致 存在套证或错报風险 Model code in report does not match seller declaration.,high,FAIL,missing_device_identifier
EA-ROU-01983,train,router,云网AX3000路由器,稳定覆盖路由器,云网,AX3000,SN-RT-001983,B2026-983,false,false,,partial,,Level 1,compliant,广州电子检验所,pass,true,true,,true,,样机经检测符合标准 关键部件状态正常 可上市流通 证书、批次和能效资料完整。,low,PASS,
EA-ROU-01984,train,router,远程星AX3000路由器,Mesh组网路由器,远程星,AX3000,SN-RT-001984,B2025-984,false,false,,full,,Level 1,limited,北京电子产品检测所,pass,true,true,,true,,抽检结果为合格 性能 输出和绝缘测试均符合要求,low,PASS,
EA-ROU-01985,train,router,迅联Home 6路由器,Mesh组网路由器,迅联,Home 6,SN-RT-001985,B2026-985,false,false,,full,,Level 2,compliant,杭州电子检测站,conditional_pass,true,true,,true,,翻新记录已声明 样机功能正常 建议带翻新标识销售并人工复核详情 个别备注项需人工判断是否影响销售结论。,medium,REVIEW,
EA-ROU-01986,train,router,天线AX1800路由器,稳定覆盖路由器,天线,AX1800,SN-RT-001986,B2025-986,false,false,,partial,,Level 2,limited,南京消费品检测院,fail,true,true,,true,,"来源证明不足, 包装与铭牌信息存在异常, 疑似仿冒或未经授权产品  Manual review is recommended before release.",high,FAIL,suspected_counterfeit
EA-ROU-01987,train,router,速域AX6000路由器,官方翻新家用网络路由器,速域,AX6000,SN-RT-001987,B2026-987,false,true,,full,,Level 1,compliant,北京电子产品检测所,conditional_pass,true,true,A,true,true,环境或能效信息不够完整 建议核对补充资料后再放行 Result: pass under normal operating conditions.,medium,REVIEW,
EA-ROU-01988,train,router,天线R7路由器,卖家宣称全新未拆封，WiFi6双频路由器,天线,R7,,B2025-988,false,false,,full,,Level 2,limited,广州电子检验所,fail,true,true,,true,,来源证明不足 外包装与铭牌信息异常 疑似仿冒或未经授权产品 Observed thermal issue during repeated charging cycle.,high,FAIL,missing_device_identifier
EA-ROU-01989,train,router,速域AX3000路由器,WiFi6双频路由器,速域,AX3000,SN-RT-001989,B2026-989,false,false,,partial,,Level 1,compliant,南京消费品检测院,pass,true,true,,true,,连续运行测试通过 结构完好 未见异常发热和风险点 连续运行24小时未发现掉线、死机或输出波动。,low,PASS,
EA-ROU-01990,train,router,迅联Home 6路由器,稳定覆盖路由器,迅联,Home 6,SN-RT-001990,B2025-990,false,false,,full,,Level 1,compliant,东莞质量评估站,pass,true,true,,true,,检测报告显示整机功能正常 各项安全与稳定性测试合格 可正常销售 包装、铭牌与申报信息一致。,low,PASS,
EA-ROU-01991,train,router,云网R7路由器,家用网络路由器,云网,R7,SN-RT-001991,B2026-991,false,false,,full,,Level 1,compliant,成都电子检测中心,pass,true,true,,true,,连续运行测试通过 结构完好 未见异常发热和风险点 证书、批次和能效资料完整。,low,PASS,
EA-ROU-01992,train,router,天线Home 6路由器,WiFi6双频路由器,天线,Home 6,SN-RT-001992,B2025-992,false,false,,partial,,Level 2,compliant,广州电子检验所,fail,true,true,,true,,报告中标注型号为Mesh Pro，与申报型号Home 6不一致，存在套证或错报风险。 Manual review is recommended before release.,high,FAIL,report_model_mismatch
EA-ROU-01993,train,router,远程星R7路由器,官方翻新Mesh组网路由器,远程星,R7,SN-RT-001993,B2026-993,false,true,,partial,,Level 2,limited,东莞质量评估站,conditional_pass,true,true,A,true,true,检测意见为有条件合格 需人工确认备注项是否已在商品页披露,medium,REVIEW,
EA-ROU-01994,train,router,云网R7路由器,Mesh组网路由器,云网,R7,SN-RT-001994,B2025-994,false,false,,partial,,Level 2,limited,上海质量检测院,fail,true,true,,false,,关键功能测试失败，复测仍异常，不满足流通要求。,high,FAIL,
EA-ROU-01995,train,router,云网AX1800路由器,WiFi6双频路由器,云网,AX1800,SN-RT-001995,B2026-995,false,false,,partial,,Level 2,compliant,成都电子检测中心,conditional_pass,true,true,,true,,检测意见为有条件合格 需人工确认备注项是否已在商品页披露 封签或包装存在重新整理迹象。,medium,REVIEW,
EA-ROU-01996,train,router,天线AX1800路由器,Mesh组网路由器,天线,AX1800,SN-RT-001996,B2025-996,false,false,,full,,Level 1,limited,广州电子检验所,pass,true,true,,true,,见附件。,low,PASS,
EA-ROU-01997,train,router,云网Home 6路由器,Mesh组网路由器,云网,Home 6,SN-RT-001997,B2026-997,false,false,,partial,,Level 2,compliant,成都电子检测中心,pass,true,true,,true,,抽检结果为合格 性能 输出和绝缘测试均符合要求 连续运行24小时未发现掉线、死机或输出波动。,low,PASS,
EA-ROU-01998,train,router,迅联AX1800路由器,低延迟路由器,迅联,AX1800,SN-RT-001998,B2025-998,false,false,,full,,Level 1,compliant,北京电子产品检测所,pass,true,true,,true,,检测报告显示整机功能正常 各项安全与稳定性测试合格 可正常销售 包装、铭牌与申报信息一致。,low,PASS,
EA-ROU-01999,train,router,远程星Mesh Pro路由器,家用网络路由器,远程星,Mesh Pro,SN-RT-001999,B2026-999,false,false,,full,,Level 1,compliant,深圳质检中心,pass,true,true,,true,,样机经检测符合标准 关键部件状态正常 可上市流通 证书、批次和能效资料完整。,low,PASS,
EA-ROU-02000,train,router,迅联AX1800路由器,Mesh组网路由器,迅联,AX1800,SN-RT-002000,B2025-000,false,false,,partial,,Level 2,compliant,苏州声学检测中心,conditional_pass,true,true,,true,,已检测 基本可用 建议人工复核。,medium,REVIEW,
EA-ROU-02001,train,router,迅联AX1800路由器,稳定覆盖路由器,迅联,AX1800,SN-RT-002001,B2026-001,false,false,,full,,Level 2,compliant,苏州声学检测中心,pass,true,true,,true,,抽检结果为合格 性能 输出和绝缘测试均符合要求 连续运行24小时未发现掉线、死机或输出波动。,low,PASS,
EA-ROU-02002,train,router,云网Mesh Pro路由器,Mesh组网路由器,云网,Mesh Pro,SN-RT-002002,B2025-002,false,false,,full,,Level 1,compliant,广州电子检验所,pass,true,true,,true,,检测报告显示整机功能正常 各项安全与稳定性测试合格 可正常销售 包装、铭牌与申报信息一致。,low,PASS,
EA-ROU-02003,train,router,天线AX3000路由器,低延迟路由器,天线,AX3000,SN-RT-002003,B2026-003,false,false,,full,,Level 1,compliant,杭州电子检测站,conditional_pass,true,true,,true,,环境或能效信息不够完整 建议核对补充资料后再放行 个别备注项需人工判断是否影响销售结论。,medium,REVIEW,
EA-ROU-02004,train,router,速域AX3000路由器,低延迟路由器,速域,AX3000,SN-RT-002004,B2025-004,false,false,,partial,,Level 1,compliant,成都电子检测中心,pass,true,true,,true,,检测报告显示整机功能正常 各项安全与稳定性测试合格 可正常销售,low,PASS,
EA-ROU-02005,train,router,迅联R7路由器,官方翻新稳定覆盖路由器,迅联,R7,SN-RT-002005,B2026-005,false,true,,full,,Level 1,limited,广州电子检验所,conditional_pass,true,true,A,true,true,翻新记录已声明 样机功能正常 建议带翻新标识销售并人工复核详情,medium,REVIEW,
EA-ROU-02006,train,router,云网Home 6路由器,WiFi6双频路由器,云网,Home 6,SN-RT-002006,B2025-006,false,false,,full,,Level 1,limited,深圳质检中心,conditional_pass,true,true,,true,,已检测 基本可用 建议人工复核。,medium,REVIEW,
EA-ROU-02007,train,router,速域Mesh Pro路由器,WiFi6双频路由器,速域,Mesh Pro,SN-RT-002007,B2026-007,false,false,,full,,Level 1,compliant,成都电子检测中心,pass,true,true,,true,,样机经检测符合标准 关键部件状态正常 可上市流通 证书、批次和能效资料完整  Result: pass under normal operating conditions.,low,PASS,
EA-ROU-02008,train,router,远程星Home 6路由器,低延迟路由器,远程星,Home 6,SN-RT-002008,B2025-008,false,false,,partial,,Level 1,compliant,成都电子检测中心,pass,true,true,,true,,实验室记录显示设备在标准工况下工作稳定 未发现异常告警,low,PASS,
EA-ROU-02009,train,router,云网AX1800路由器,Mesh组网路由器,云网,AX1800,SN-RT-002009,B2026-009,false,false,,full,,Level 2,limited,广州电子检验所,pass,true,true,,true,,样机经检测符合标准 关键部件状态正常 可上市流通 连续运行24小时未发现掉线、死机或输出波动。,low,PASS,
EA-ROU-02010,train,router,速域AX3000路由器,低延迟路由器,速域,AX3000,,B2025-010,false,false,,partial,,Level 1,compliant,成都电子检测中心,fail,true,true,,true,,检测中发现关键安全项未达标 不建议继续销售,high,FAIL,missing_device_identifier
EA-ROU-02011,train,router,云网AX6000路由器,家用网络路由器，卖家补充资料稍后上传,云网,AX6000,SN-RT-002011,,false,false,,partial,,Level 1,compliant,外部资料摘录,pass,true,true,,true,,连续运行测试通过 结构完好 未见异常发热和风险点 证书、批次和能效资料完整。,low,PASS,
EA-ROU-02012,train,router,远程星AX6000路由器,稳定覆盖路由器,远程星,AX6000,SN-RT-002012,B2025-012,false,false,,full,,Level 2,compliant,南京消费品检测院,pass,true,true,,true,,检測报告显示整机功能正常 各项安全与稳定性测试合格 可正常销售,low,PASS,
EA-ROU-02013,train,router,迅联AX3000路由器,稳定覆盖路由器,迅联,AX3000,SN-RT-002013,B2026-013,false,false,,partial,,Level 1,compliant,北京电子产品检测所,pass,true,true,,true,,样机经检测符合标准 关键部件状态正常 可上市流通 连续运行24小时未发现掉线、死机或输出波动。 Observed thermal issue during repeated charging cycle.,low,PASS,
EA-ROU-02014,train,router,远程星AX1800路由器,WiFi6双频路由器,远程星,AX1800,SN-RT-002014,B2025-014,false,false,,full,,Level 2,compliant,成都电子检测中心,pass,true,true,,true,,连续运行测试通过 结构完好 未见异常发热和风险点 包装、铭牌与申报信息一致。,low,PASS,
EA-ROU-02015,train,router,天线AX3000路由器,家用网络路由器,天线,AX3000,SN-RT-002015,B2026-015,false,false,,full,,Level 1,compliant,南京消费品检测院,fail,true,true,,false,,"关键功能测试失败, 复测仍异常, 不满足流通要求  初次送检摘要写为合格, 复核后已修正为不合格",high,FAIL,
EA-ROU-02016,train,router,云网R7路由器,二手家用网络路由器,云网,R7,SN-RT-002016,B2025-016,true,false,,full,,Level 1,compliant,杭州电子检测站,conditional_pass,true,true,A,true,true,环境或能效信息不够完整 建议核对补充资料后再放行,medium,REVIEW,
EA-ROU-02017,train,router,迅联R7路由器,稳定覆盖路由器,迅联,R7,,B2026-017,false,false,,partial,,Level 1,compliant,南京消费品检测院,fail,true,true,,true,,关键功能测试失败 且复测结果仍异常 不满足流通要求,high,FAIL,missing_device_identifier
EA-ROU-02018,train,router,远程星AX3000路由器,低延迟路由器,远程星,AX3000,SN-RT-002018,B2025-018,false,true,,full,,Level 2,compliant,上海质量检测院,fail,true,true,C,true,false,检測中发现关键安全项未达标 不建 议继续销售,high,FAIL,undisclosed_refurbished_status
EA-ROU-02019,train,router,云网Mesh Pro路由器,家用网络路由器,云网,Mesh Pro,SN-RT-002019,B2026-019,false,false,,partial,,Level 1,compliant,成都电子检测中心,conditional_pass,true,true,,true,,环境或能效信息不够完整 建议核对补充资料后再放行 封签或包装存在重新整理迹象。,medium,REVIEW,
EA-ROU-02020,train,router,速域AX3000路由器,家用网络,速域,AX3000,SN-RT-002020,B2025-020,false,false,,partial,,Level 3,unknown,成都电子检测中心,conditional_pass,true,true,,true,,包装封签存在重新整理痕迹 样机主要功能正常 建议人工抽检,medium,REVIEW,
EA-ROU-02021,train,router,云网R7路由器,低延迟路由器,云网,R7,SN-RT-002021,B2026-021,false,false,,partial,,Level 2,limited,深圳质检中心,fail,true,true,,true,,来源证明不足，包装与铭牌信息存在异常，疑似仿冒或未经授权产品。,high,FAIL,suspected_counterfeit
EA-ROU-02022,train,router,远程星AX6000路由器,二手Mesh组网路由器,远程星,AX6000,SN-RT-002022,,true,false,,partial,,Level 2,compliant,杭州电子检测站,conditional_pass,true,true,A,true,true,环境或能效信息不够完整 建议核对补充资料后再放行,medium,REVIEW,
EA-ROU-02023,train,router,速域AX1800路由器,官方翻新家用网络路由器,速域,AX1800,SN-RT-002023,B2026-023,false,true,,full,,Level 2,limited,上海质量检测院,conditional_pass,true,true,A,true,true,包装封签存在重新整理痕迹 样机主要功能正常 建议人工抽检,medium,REVIEW,
EA-ROU-02024,train,router,天线Home 6路由器,Mesh组网路由器,天线,Home 6,SN-RT-002024,B2025-024,false,false,,full,,Level 1,compliant,杭州电子检测站,pass,true,true,,true,,检测报告显示整机功能正常 各项安全与稳定性测试合格 可正常销售,low,PASS,
EA-ROU-02025,train,router,速域Home 6路由器,低延迟路由器,速域,Home 6,SN-RT-002025,B2026-025,false,false,,full,,Level 1,compliant,杭州电子检测站,conditional_pass,true,true,,true,,检测意见为有条件合格 需人工确认备注项是否已在商品页披露 封签或包装存在重新整理迹象。,medium,REVIEW,
EA-ROU-02026,train,router,云网AX3000路由器,家用网络路由器,云网,AX3000,SN-RT-002026,B2025-026,false,false,,full,,Level 2,limited,南京消费品检测院,pass,true,true,,true,,抽检结果为合格 性能 输出和绝缘测试均符合要求 包 装、铭牌与申报信息一致,low,PASS,
EA-ROU-02027,train,router,远程星Home 6路由器,稳定覆盖路由器，卖家补充资料稍后上传,远程星,Home 6,SN-RT-002027,B2026-027,false,false,,partial,,Level 1,compliant,成都电子检测中心,pass,true,true,,true,,检测报告显示整机功能正常 各项安全与稳定性测试合格 可正常销售 证书、批次和能效资料完整。,low,PASS,
EA-ROU-02028,train,router,速域Mesh Pro路由器,二手稳定覆盖路由器,速域,Mesh Pro,SN-RT-002028,B2025-028,true,false,,partial,,Level 1,compliant,广州电子检验所,conditional_pass,true,true,B,true,true,检测意见为有条件合格 需人工确认备注项是否已在商品页披露,medium,REVIEW,
EA-ROU-02029,train,router,远程星Mesh Pro路由器,官方翻新家用网络路由器,远程星,Mesh Pro,SN-RT-002029,B2026-029,false,true,,partial,,Level 1,compliant,杭州电子检测站,conditional_pass,true,true,B,true,true,翻新记录已声明 样机功能正常 建议带翻新标识销售并人工复核详情,medium,REVIEW,
EA-ROU-02030,train,router,远程星AX6000路由器,家用网络路由器,远程星,AX6000,SN-RT-002030,B2025-030,false,false,,full,,Level 1,compliant,上海质量检测院,pass,true,true,,true,,实验室记录显示设备在标准工况下工作稳定 未发现异常告警 包 装、铭牌与申报信息一致。 Manual review is recommended before release.,low,PASS,
EA-ROU-02031,train,router,云网AX6000路由器,家用网络路由器,云网,AX6000,SN-RT-002031,B2026-031,false,false,,partial,,Level 1,compliant,深圳质检中心,conditional_pass,true,true,,true,,包装封签存在重新整理痕迹 样机主要功能正常 建议人工抽检 封签或包装存在重新整理迹象。,medium,REVIEW,
EA-ROU-02032,train,router,云网AX3000路由器,低延迟路由器,云网,AX3000,SN-RT-002032,,false,false,,partial,,Level 3,limited,平台复核,conditional_pass,true,true,,true,,基础检测通过 但报告内容较简略 建议复核附件与证书映射关系,medium,REVIEW,
EA-ROU-02033,train,router,远程星AX6000路由器,Mesh组网路由器,远程星,AX6000,SN-RT-002033,B2026-033,false,false,,full,,Level 2,limited,深圳质检中心,pass,true,true,,true,,实验室记录显示设备在标准工况下工作稳定 未发现异常告警 连续运行24小时未发现掉线、死机或输出波动。 备注：包装文字与申报信息需人工核对。,low,PASS,
EA-ROU-02034,train,router,云网Mesh Pro路由器,二手稳定覆盖路由器,云网,Mesh Pro,SN-RT-002034,B2025-034,true,false,,partial,,Level 1,compliant,广州电子检验所,conditional_pass,true,true,A,true,true,环境或能效信息不够完整 建议核对补充资料后再放行 系统初判可流通，但建议人工再核验。,medium,REVIEW,
EA-ROU-02035,train,router,远程星Home 6路由器,稳定覆盖路由器,远程星,Home 6,SN-RT-002035,B2026-035,false,false,,partial,,Level 1,compliant,南京消费品检测院,fail,true,true,,true,,来源证明不足，包装与铭牌信息存在异常，疑似仿冒或未经授权产品。,high,FAIL,suspected_counterfeit
EA-ROU-02036,train,router,远程星AX1800路由器,WiFi6双频路由器,远程星,AX1800,SN-RT-002036,B2025-036,false,false,,full,,Level 1,compliant,深圳质检中心,conditional_pass,true,true,,true,,已检测 基本可用 建议人工复核。,medium,REVIEW,
EA-ROU-02037,train,router,天线AX1800路由器,低延迟路由器,天线,AX1800,SN-RT-002037,B2026-037,false,false,,partial,,Level 2,compliant,深圳质检中心,pass,true,true,,true,,检测完成，建议复核。,low,PASS,
EA-ROU-02038,train,router,远程星Mesh Pro路由器,Mesh组网路由器,远程星,Mesh Pro,SN-RT-002038,B2025-038,false,false,,full,,Level 1,limited,苏州声学检测中心,pass,true,true,,true,,抽检结果为合格 性能 输出和绝缘测试均符合要求 包装、铭牌与申报信息一致。,low,PASS,
EA-ROU-02039,train,router,天线Home 6路由器,稳定覆盖路由器,天线,Home 6,SN-RT-002039,B2026-039,false,false,,full,,Level 1,compliant,南京消费品检测院,pass,true,true,,true,,抽检结果为合格 性能 输出和绝缘测试均符合要求 证书、批次和能效资料完整。,low,PASS,
EA-ROU-02040,train,router,迅联AX1800路由器,家用网络路由器,迅联,AX1800,SN-RT-002040,B2025-040,false,false,,partial,,Level 1,compliant,上海质量检测院,fail,false,false,,true,,设备身份信息无法核验 且存在异常发热记录 不应上架,high,FAIL,battery_safety_concern
EA-ROU-02041,train,router,远程星AX6000路由器,Mesh组网路由器,远程星,AX6000,SN-RT-002041,B2026-041,false,false,,full,,Level 2,limited,北京电子产品检测所,pass,true,true,,true,,连续运行测试通过 结构完好 未见异常发热和风险点 连续运行24小时未发现掉线、死机或输出波动。 备注：包装文字与申报信息需人工核对。,low,PASS,
EA-ROU-02042,train,router,迅联AX1800路由器,稳定覆盖路由器,迅联,AX1800,SN-RT-002042,B2025-042,false,false,,full,,Level 1,compliant,东莞质量评估站,conditional_pass,true,true,,true,,已检测 基本可用 建议人工复核。 系统初判可流通，但建议人工再核验。,medium,REVIEW,
EA-ROU-02043,train,router,天线AX3000路由器,WiFi6双频路由器,天线,AX3000,SN-RT-002043,B2026-043,false,false,,partial,,Level 1,compliant,广州电子检验所,pass,true,true,,true,,样机经检测符合标准 关键部件状态正常 可上市流通 证书、批次和能效资料完整。,low,PASS,
EA-ROU-02044,train,router,迅联Mesh Pro路由器,WiFi6双频路由器,迅联,Mesh Pro,SN-RT-002044,B2025-044,false,false,,full,,Level 1,compliant,上海质量检测院,pass,true,true,,true,,pass / low / router,low,PASS,
EA-ROU-02045,train,router,迅联Mesh Pro路由器,低延迟路由器,迅联,Mesh Pro,SN-RT-002045,B2026-045,false,false,,partial,,Level 1,limited,东莞质量评估站,conditional_pass,true,true,,true,,翻新记录已声明 样机功能正常 建议带翻新标识销售并人工复核详情 个别备注项需人工判断是否影响销售结论。 系统初判可流通，但建议人工再核验。,medium,REVIEW,
EA-ROU-02046,train,router,云网Mesh Pro路由器,二手家用网络路由器,云网,Mesh Pro,SN-RT-002046,B2025-046,true,false,,partial,,Level 2,compliant,南京消费品检测院,conditional_pass,true,true,A,true,true,包装封签存在重新整理痕迹 样机主要功能正常 建议人工抽检,medium,REVIEW,
EA-ROU-02047,train,router,天线AX1800路由器,低延迟路由器,天线,AX1800,SN-RT-002047,B2026-047,false,false,,partial,,Level 1,compliant,南京消费品检测院,pass,true,true,,true,,实验室记录显示设备在标准工况下工作稳定 未发现异常告警 证书、批次和能效资料完整。,low,PASS,
EA-ROU-02048,train,router,远程星Home 6路由器,低延迟路由器,远程星,Home 6,SN-RT-002048,B2025-048,false,false,,full,,Level 2,compliant,广州电子检验所,conditional_pass,true,true,,true,,检测完成，建议复核。,medium,REVIEW,
EA-ROU-02049,train,router,云网AX6000路由器,WiFi6双频路由器,云网,AX6000,SN-RT-002049,B2026-049,false,false,,full,,Level 2,compliant,广州电子检验所,fail,true,true,,true,,来源证明不足，包装与铭牌信息存在异常，疑似仿冒或未经授权产品。,high,FAIL,suspected_counterfeit
EA-ROU-02050,train,router,远程星AX6000路由器,稳定覆盖路由器,远程星,AX6000,SN-RT-002050,B2025-050,false,false,,full,,Level 1,limited,北京电子产品检测所,pass,true,true,,true,,样机经检测符合标准 关键部件状态正常 可上市流通 包装、铭牌与申报信息一致。,low,PASS,
EA-ROU-02051,train,router,迅联Home 6路由器,稳定覆盖路由器,迅联,Home 6,SN-RT-002051,B2026-051,false,false,,partial,,Level 1,compliant,苏州声学检测中心,pass,true,true,,true,,检測报告显示整机功能正常 各项安全与稳定性测试合格 可正常销售 证书、批次和能效资料完整。 Manual review is recommended before release.,low,PASS,
EA-ROU-02052,train,router,天线R7路由器,家用网络,天线,R7,SN-RT-002052,B2025-052,false,false,,full,,Level 2,compliant,成都电子检测中心,pass,true,true,,true,,实验室记录显示设备在标准工况下工作稳定 未发现异常告警,low,PASS,
EA-ROU-02053,train,router,远程星AX6000路由器,官方翻新WiFi6双频路由器,远程星,AX6000,SN-RT-002053,B2026-053,false,true,,full,,Level 1,limited,苏州声学检测中心,conditional_pass,true,true,A,true,true,基础检测通过 但报告内容较简略 建议复核附件与证书映射关系,medium,REVIEW,
EA-ROU-02054,train,router,远程星Home 6路由器,低延迟路由器,远程星,Home 6,SN-RT-002054,B2025-054,false,false,,partial,,Level 1,compliant,南京消费品检测院,conditional_pass,true,true,,true,,已检测 基本可用 建议人工复核。,medium,REVIEW,
EA-ROU-02055,train,router,远程星Home 6路由器,家用网络路由器,远程星,Home 6,SN-RT-002055,B2026-055,false,false,,partial,,Level 1,compliant,深圳质检中心,fail,true,true,,true,,报告中标注型号为AX6000，与申报型号Home 6不一致，存在套证或错报风险。,high,FAIL,report_model_mismatch
EA-ROU-02056,train,router,天线Mesh Pro路由器,家用网络路由器,天线,Mesh Pro,SN-RT-002056,B2025-056,false,false,,partial,,Level 3,limited,杭州电子检测站,conditional_pass,true,true,,true,,包装封签存在重新整理痕迹 样机主要功能正常 建议人工抽检,medium,REVIEW,
EA-ROU-02057,train,router,云网AX6000路由器,稳定覆盖路由器,云网,AX6000,SN-RT-002057,B2026-057,false,false,,partial,,Level 1,compliant,北京电子产品检测所,conditional_pass,true,true,,true,,功能测试可用 外观存在轻微磨损 建议人工确认页面说明与成色描述 个别备注项需人工判断是否影响销售结论。,medium,REVIEW,
EA-ROU-02058,train,router,云网AX6000路由器,二手稳定覆盖路由器,云网,AX6000,SN-RT-002058,B2025-058,true,false,,partial,,Level 2,compliant,北京电子产品检测所,conditional_pass,true,true,A,true,true,环境或能效信息不够完整 建议核对补充资料后再放行,medium,REVIEW,
EA-ROU-02059,train,router,天线R7路由器,Mesh组网路由器,天线,R7,SN-RT-002059,B2026-059,false,false,,full,,Level 1,compliant,广州电子检验所,pass,true,true,,true,,样机经检测符合标准 关键部件状态正常 可上市流通 证书、批次和能效资料完整。,low,PASS,
EA-ROU-02060,train,router,远程星Home 6路由器,WiFi6双频路由器,远程星,Home 6,SN-RT-002060,B2025-060,false,false,,partial,,Level 2,limited,上海质量检测院,conditional_pass,true,true,,true,,已检测 基本可用 建议人工复核。,medium,REVIEW,
EA-ROU-02061,train,router,迅联AX1800路由器,稳定覆盖路由器,迅联,AX1800,SN-RT-002061,B2026-061,false,false,,full,,Level 2,limited,杭州电子检测站,fail,false,false,,true,,设备身份信息无法核验 且存在异常发热记录 不应上架,high,FAIL,battery_safety_concern
EA-ROU-02062,train,router,速域Home 6路由器,Mesh组网路由器,速域,Home 6,SN-RT-002062,B2025-062,false,false,,full,,Level 1,compliant,北京电子产品检测所,pass,true,true,,true,,pass / low / router,low,PASS,
EA-ROU-02063,train,router,天线AX1800路由器,Mesh组网路由器,天线,AX1800,SN-RT-002063,B2026-063,false,false,,partial,,Level 1,limited,成都电子检测中心,conditional_pass,true,true,,true,,功能测试可用 外观存在轻微磨损 建议人工确认页面说明与成色描述 个别备注项需人工判断是否影响销售结论。,medium,REVIEW,
EA-ROU-02064,train,router,速域AX6000路由器,稳定覆盖路由器,速域,AX6000,SN-RT-002064,B2025-064,false,false,,full,,Level 2,compliant,杭州电子检测站,pass,true,true,,true,,连续运行测试通过 结构完好 未见异常发热和风险点,low,PASS,
EA-ROU-02065,train,router,迅联AX1800路由器,官方翻新Mesh组网路由器,迅联,AX1800,SN-RT-002065,B2026-065,false,true,,partial,,Level 1,limited,深圳质检中心,conditional_pass,true,true,B,true,true,检测意见为有条件合格 需人工确认备注项是否已在商品页披露,medium,REVIEW,
EA-ROU-02066,train,router,速域AX1800路由器,稳定覆盖路由器,速域,AX1800,SN-RT-002066,B2025-066,false,false,,full,,Level 1,limited,广州电子检验所,conditional_pass,true,true,,true,,已检测 基本可用 建议人工复核。,medium,REVIEW,
EA-ROU-02067,train,router,天线Mesh Pro路由器,家用网络路由器,天线,Mesh Pro,SN-RT-002067,B2026-067,false,false,,partial,,Level 2,compliant,深圳质检中心,conditional_pass,true,true,,true,,包装封签存在重新整理痕迹 样机主要功能正常 建议人工抽检 封签或包装存在重新整理迹象。,medium,REVIEW,
EA-ROU-02068,train,router,天线AX1800路由器,WiFi6双频路由器,天线,AX1800,SN-RT-002068,B2025-068,false,false,,full,,Level 2,limited,深圳质检中心,conditional_pass,true,true,,true,,功能测试可用 外观存在轻微磨损 建议人工确认页面说明与成色描述,medium,REVIEW,
EA-ROU-02069,train,router,迅联AX3000路由器,Mesh组网路由器,迅联,AX3000,SN-RT-002069,B2026-069,false,false,,partial,,Level 1,compliant,苏州声学检测中心,fail,true,true,,true,,报告中标注型號为AX3000X，与申报型号AX3000不一致，存在套证或错报風险。,high,FAIL,report_model_mismatch
EA-ROU-02070,train,router,迅联AX6000路由器,Mesh组网路由器，卖家补充资料稍后上传,迅联,AX6000,SN-RT-002070,B2025-070,false,false,,partial,,Level 1,compliant,苏州声学检测中心,pass,true,true,,true,,样机经检测符合标准 关键部件状态正常 可上市流通 包装、铭牌与申报信息一致。,low,PASS,
EA-ROU-02071,train,router,云网AX6000路由器,WiFi6双频路由器,云网,AX6000,SN-RT-002071,B2026-071,false,false,,full,,Level 1,compliant,上海质量检测院,pass,true,true,,true,,检测报告显示整机功能正常 各项安全与稳定性测试合格 可正常销售 证书、批次和能效资料完整。,low,PASS,
EA-ROU-02072,train,router,云网R7路由器,Mesh组网路由器,云网,R7,SN-RT-002072,B2025-072,false,false,,partial,,Level 2,limited,深圳质检中心,conditional_pass,true,true,,true,,已检测 基本可用 建议人工复核。,medium,REVIEW,
EA-ROU-02073,train,router,云网Mesh Pro路由器,低延迟路由器,云网,Mesh Pro,SN-RT-002073,B2026-073,false,false,,partial,,Level 2,compliant,深圳质检中心,pass,true,true,,true,,连续运行测试通过 结构完好 未见异常发热和风险点 连续运行24小时未发现掉线、死机或输出波动。,low,PASS,
EA-ROU-02074,train,router,云网AX3000路由器,Mesh组网路由器,云网,AX3000,SN-RT-002074,B2025-074,false,false,,full,,Level 2,unknown,苏州声学检测中心,conditional_pass,true,true,,true,,环境或能效信息不够完整 建议核对补充资料后再放行,medium,REVIEW,
EA-ROU-02075,train,router,云网AX6000路由器,Mesh组网路由器,云网,AX6000,SN-RT-002075,B2026-075,false,false,,partial,,Level 2,compliant,上海质量检测院,fail,false,false,,true,,翻新和维修痕迹明显 但未完整披露整备历史 风险较高 初次送检摘要写为合格，复核后已修正为不合格。,high,FAIL,battery_safety_concern
EA-ROU-02076,train,router,远程星Home 6路由器,稳定覆盖路由器,远程星,Home 6,SN-RT-002076,B2025-076,false,false,,full,,Level 2,compliant,苏州声学检测中心,fail,true,true,,true,,报告中标注型号为R7，与申报型号Home 6不一致，存在套证或错报風险。,high,FAIL,report_model_mismatch
EA-ROU-02077,train,router,速域Home 6路由器,Mesh组网路由器,速域,Home 6,SN-RT-002077,B2026-077,false,false,,full,,Level 1,compliant,广州电子检验所,fail,true,true,,true,,来源证明不足，包装与铭牌信息存在异常，疑似仿冒或未经授权产品。,high,FAIL,suspected_counterfeit
EA-ROU-02078,train,router,云网R7路由器,卖家宣称全新未拆封，家用网络路由器,云网,R7,SN-RT-002078,B2025-078,false,false,,partial,,Level 2,compliant,广州电子检验所,fail,true,true,,false,,关键功能测试失败，复测仍异常，不满足流通要求。,high,FAIL,
EA-ROU-02079,train,router,远程星Home 6路由器,低延迟路由器,远程星,Home 6,,B2026-079,false,false,,full,,Level 1,limited,苏州声学检测中心,fail,true,true,,true,,报告中标注型号与申报型号不一致 存在套证或错报风险,high,FAIL,missing_device_identifier
EA-ROU-02080,train,router,天线AX6000路由器,家用网络路由器,天线,AX6000,SN-RT-002080,B2025-080,false,false,,full,,Level 2,compliant,苏州声学检测中心,pass,true,true,,true,,实验室记录显示设备在标准工况下工作稳定 未发现异常告警,low,PASS,
EA-ROU-02081,train,router,天线AX6000路由器,家用网络路由器,天线,AX6000,SN-RT-002081,B2026-081,false,false,,partial,,Level 1,compliant,广州电子检验所,conditional_pass,true,true,,true,,翻新记录已声明 样机功能正常 建议带翻新标识销售并人工复核详情 个别备注项需人工判断是否影响销售结论。,medium,REVIEW,
EA-ROU-02082,train,router,云网AX1800路由器,二手WiFi6双频路由器,云网,AX1800,SN-RT-002082,B2025-082,true,false,,full,,Level 2,compliant,成都电子检测中心,conditional_pass,true,true,B,true,true,基础检测通过 但报告内容较简略 建 议复核附件与证书映射关系,medium,REVIEW,
EA-ROU-02083,train,router,云网AX1800路由器,官方翻新稳定覆盖路由器,云网,AX1800,SN-RT-002083,B2026-083,false,true,,full,,Level 2,compliant,广州电子检验所,conditional_pass,true,true,B,true,true,翻新记录已声明 样机功能正常 建议带翻新标识销售并人工复核详情,medium,REVIEW,
EA-ROU-02084,train,router,云网AX3000路由器,家用网络路由器,云网,AX3000,SN-RT-002084,B2025-084,false,false,,partial,,Level 1,limited,南京消费品检测院,pass,true,true,,true,,检测报告显示整机功能正常 各项安全与稳定性测试合格 可正常销售,low,PASS,
EA-ROU-02085,train,router,天线Mesh Pro路由器,低延迟路由器,天线,Mesh Pro,SN-RT-002085,B2026-085,false,false,,full,,Level 2,limited,南京消费品检测院,pass,true,true,,true,,样机经检测符合标准 关键部件状态正常 可上市流通 连续运行24小时未发现掉线、死机或输出波动。,low,PASS,
EA-ROU-02086,train,router,迅联R7路由器,Mesh组网路由器,迅联,R7,SN-RT-002086,B2025-086,false,false,,full,,Level 2,compliant,广州电子检验所,pass,true,true,,true,,检测报告显示整机功能正常 各项安全与稳定性测试合格 可正常销售 包装、铭牌与申报信息一致。,low,PASS,
EA-ROU-02087,train,router,迅联AX6000路由器,Mesh组网路由器,迅联,AX6000,SN-RT-002087,B2026-087,false,false,,partial,,Level 1,compliant,东莞质量评估站,pass,true,true,,true,,实验室记录显示设备在标准工况下工作稳定 未发现异常告警 证书、批次和能效资料完整。 备注：包装文字与申报信息需人工核对。,low,PASS,
EA-ROU-02088,train,router,远程星AX1800路由器,二手低延迟路由器,远程星,AX1800,SN-RT-002088,B2025-088,true,false,,full,,Level 2,limited,杭州电子检测站,conditional_pass,true,true,A,true,true,功能测试可用 外观存在轻微磨损 建议人工确认页面说明与成色描述 Manual review is recommended before release.,medium,REVIEW,
EA-ROU-02089,val,router,远程星R7路由器,WiFi6双频路由器,远程星,R7,SN-RT-002089,B2026-089,false,false,,partial,,Level 1,limited,北京电子产品检测所,fail,false,false,,true,,关键功能测试失败 且复测结果仍异常 不满足流通要求,high,FAIL,battery_safety_concern
EA-ROU-02090,val,router,天线Home 6路由器,Mesh组网路由器,天线,Home 6,SN-RT-002090,B2025-090,false,false,,full,,Level 2,limited,东莞质量评估站,pass,true,true,,true,,实验室记录显示设备在标准工况下工作稳定 未发现异常告警 包装、铭牌与申报信息一致。,low,PASS,
EA-ROU-02091,val,router,云网AX1800路由器,WiFi6双频路由器,云网,AX1800,SN-RT-002091,B2026-091,false,false,,partial,,Level 2,compliant,南京消费品检测院,conditional_pass,true,true,,true,,conditional_pass / medium / router,medium,REVIEW,
EA-ROU-02092,val,router,迅联AX1800路由器,低延迟路由器,迅联,AX1800,SN-RT-002092,B2025-092,false,false,,full,,Level 2,compliant,南京消费品检测院,fail,true,true,,false,,关键功能测试失败，复测仍异常，不满足流通要求。,high,FAIL,
EA-ROU-02093,val,router,速域AX1800路由器,Mesh组网路由器,速域,AX1800,SN-RT-002093,B2026-093,false,false,,full,,Level 1,compliant,深圳质检中心,pass,true,true,,true,,抽检结果为合格 性能 输出和绝缘测试均符合要求 连续运行24小时未发现掉线、死机或输出波动。,low,PASS,
EA-ROU-02094,val,router,迅联Mesh Pro路由器,稳定覆盖路由器,迅联,Mesh Pro,SN-RT-002094,B2025-094,false,false,,full,,Level 2,compliant,成都电子检测中心,pass,true,true,,true,,连续运行测试通过 结构完好 未见异常发热和风险点 包装、铭牌与申报信息一致。,low,PASS,
EA-ROU-02095,val,router,天线AX6000路由器,低延迟路由器,天线,AX6000,SN-RT-002095,B2026-095,false,false,,full,,Level 1,compliant,苏州声学检测中心,pass,true,true,,true,,检测报告显示整机功能正常 各项安全与稳定性测试合格 可正常销售 证书、批次和能效资料完整。,low,PASS,
EA-ROU-02096,val,router,远程星AX1800路由器,Mesh组网路由器,远程星,AX1800,SN-RT-002096,B2025-096,false,false,,full,,Level 1,compliant,杭州电子检测站,conditional_pass,true,true,,true,,已检测 基本可用 建 议人 工复核  Observed thermal issue during repeated charging cycle.,medium,REVIEW,
EA-ROU-02097,val,router,天线Home 6路由器,稳定覆盖路由器,天线,Home 6,SN-RT-002097,B2026-097,false,false,,full,,Level 1,compliant,上海质量检测院,conditional_pass,true,true,,true,,功能测试可用 外观存在轻微磨损 建议人工确认页面说明与成色描述 封签或包装存在重新整理迹象。,medium,REVIEW,
EA-ROU-02098,val,router,天线AX1800路由器,稳定覆盖路由器,天线,AX1800,SN-RT-002098,B2025-098,false,false,,full,,Level 2,compliant,南京消费品检测院,pass,true,true,,true,,样机经检测符合标准 关键部件状态正常 可上市流通 包装、铭牌与申报信息一致,low,PASS,
EA-ROU-02099,val,router,远程星R7路由器,家用网络路由器,远程星,R7,SN-RT-002099,B2026-099,false,false,,full,,Level 2,compliant,上海质量检测院,fail,true,true,,false,,关键功能测试失败，复测仍异常，不满足流通要求。,high,FAIL,
EA-ROU-02100,val,router,速域Mesh Pro路由器,稳定覆盖路由器,速域,Mesh Pro,,B2025-100,false,false,,full,,Level 2,compliant,成都电子检测中心,fail,true,true,,true,,报告中标注型号与申报型号不一致 存在套证或错报风险,high,FAIL,missing_device_identifier
EA-ROU-02101,val,router,天线AX6000路由器,官方翻新WiFi6双频路由器,天线,AX6000,SN-RT-002101,B2026-101,false,true,,partial,,Level 2,compliant,东莞质量评估站,conditional_pass,true,true,A,true,true,环境或能效信息不够完整 建议核对补充资料后再放行,medium,REVIEW,
EA-ROU-02102,val,router,远程星AX3000路由器,WiFi6双频路由器,远程星,AX3000,SN-RT-002102,B2025-102,false,false,,full,,Level 2,limited,南京消费品检测院,pass,true,true,,true,,连续运行测试通过 结构完好 未见异常发热和风险点 包装、铭牌与申报信息一致。,low,PASS,
EA-ROU-02103,val,router,迅联AX1800路由器,Mesh组网路由器,迅联,AX1800,SN-RT-002103,B2026-103,false,false,,full,,Level 2,limited,苏州声学检测中心,fail,false,false,,true,,翻新和维修痕迹明显 但未完整披露整备历史 风险较高 初次送检摘要写为合格，复核后已修正为不合格。,high,FAIL,battery_safety_concern
EA-ROU-02104,val,router,云网AX1800路由器,Mesh组网路由器,云网,AX1800,SN-RT-002104,B2025-104,false,false,,partial,,Level 2,compliant,成都电子检测中心,pass,true,true,,true,,抽检结果为合格 性能 输出和绝缘测试均符合要求,low,PASS,
EA-ROU-02105,val,router,天线Home 6路由器,WiFi6双频路由器,天线,Home 6,SN-RT-002105,B2026-105,false,false,,partial,,Level 1,compliant,深圳质检中心,conditional_pass,true,true,,true,,翻新记录已声明 样机功能正常 建议带翻新标识销售并人工复核详情 个别备注项需人工判断是否影响销售结论。,medium,REVIEW,
EA-ROU-02106,val,router,云网AX3000路由器,稳定覆盖,云网,AX3000,SN-RT-002106,B2025-106,false,false,,partial,,Level 2,limited,第三方送检,fail,true,true,,false,,"关键功能测试失败, 复测仍异常, 不满足流通要求",high,FAIL,
EA-ROU-02107,val,router,迅联R7路由器,官方翻新WiFi6双频路由器,迅联,R7,SN-RT-002107,B2026-107,false,true,,partial,,Level 1,compliant,深圳质检中心,conditional_pass,true,true,A,true,true,功能测试可用 外观存在轻微磨损 建议人工确认页面说明与成色描述,medium,REVIEW,
EA-ROU-02108,val,router,迅联R7路由器,稳定覆盖路由器,迅联,R7,SN-RT-002108,B2025-108,false,false,,partial,,Level 1,compliant,广州电子检验所,pass,true,true,,true,,连续运行测试通过 结构完好 未见异常发热和风险点,low,PASS,
EA-ROU-02109,val,router,迅联Home 6路由器,WiFi6双频路由器,迅联,Home 6,SN-RT-002109,B2026-109,false,false,,partial,,Level 2,compliant,北京电子产品检测所,conditional_pass,true,true,,true,,功能测试可用 外观存在轻微磨损 建议人工确认页面说明与成色描述 封签或包装存在重新整理迹象。,medium,REVIEW,
EA-ROU-02110,val,router,远程星AX6000路由器,家用网络路由器,远程星,AX6000,SN-RT-002110,B2025-110,false,false,,partial,,Level 3,unknown,上海质量检测院,conditional_pass,true,true,,true,,包装封签存在重新整理痕迹 样机主要功能正常 建议人工抽检,medium,REVIEW,
EA-ROU-02111,val,router,远程星AX1800路由器,稳定覆盖路由器,远程星,AX1800,SN-RT-002111,B2026-111,false,false,,full,,Level 1,compliant,广州电子检验所,pass,true,true,,true,,抽检结果为合格 性能 输出和绝缘测试均符合要求 证书、批次和能效资料完整。,low,PASS,
EA-ROU-02112,val,router,远程星Home 6路由器,二手稳定覆盖路由器,远程星,Home 6,SN-RT-002112,B2025-112,true,false,,full,,Level 2,compliant,苏州声学检测中心,conditional_pass,true,true,A,true,true,基础检测通过 但报告内容较简略 建议复核附件与证书映射关系,medium,REVIEW,
EA-ROU-02113,val,router,远程星R7路由器,官方翻新稳定覆盖路由器,远程星,R7,SN-RT-002113,B2026-113,false,true,,partial,,Level 1,limited,北京电子产品检测所,conditional_pass,true,true,A,true,true,conditional_pass / medium / router,medium,REVIEW,
EA-ROU-02114,val,router,迅联Home 6路由器,低延迟路由器,迅联,Home 6,SN-RT-002114,B2025-114,false,false,,full,,Level 1,compliant,上海质量检测院,pass,true,true,,true,,抽检结果为合格 性能 输出和绝缘测试均符合要求 包装、铭牌与申报信息一致。 备注：包装文字与申报信息需人工核对。,low,PASS,
EA-ROU-02115,val,router,云网AX3000路由器,稳定覆盖路由器,云网,AX3000,SN-RT-002115,B2026-115,false,false,,partial,,Level 2,limited,成都电子检测中心,conditional_pass,true,true,,true,,基础检测通过 但报告内容较简略 建议复核附件与证书映射关系 封签或包装存在重新整理迹象。,medium,REVIEW,
EA-ROU-02116,val,router,迅联R7路由器,稳定覆盖路由器，卖家补充资料稍后上传,迅联,R7,SN-RT-002116,B2025-116,false,false,,partial,,Level 1,compliant,北京电子产品检测所,pass,true,true,,true,,样机经检测符合标准 关键部件状态正常 可上市流通,low,PASS,
EA-ROU-02117,val,router,云网AX1800路由器,WiFi6双频路由器,云网,AX1800,SN-RT-002117,B2026-117,false,false,,partial,,Level 2,compliant,杭州电子检测站,pass,true,true,,true,,实验室记录显示设备在标准工况下工作稳定 未发现异常告警 连续运行24小时未发现掉线、死机或输出波动。,low,PASS,
EA-ROU-02118,val,router,云网Home 6路由器,二手Mesh组网路由器,云网,Home 6,SN-RT-002118,B2025-118,true,false,,full,,Level 1,compliant,杭州电子检测站,conditional_pass,true,true,B,true,true,功能测试可用 外观存在轻微磨损 建议人工确认页面说明与成色描述,medium,REVIEW,
EA-ROU-02119,val,router,速域Home 6路由器,官方翻新Mesh组网路由器,速域,Home 6,SN-RT-002119,B2026-119,false,true,,partial,,Level 1,limited,北京电子产品检测所,conditional_pass,true,true,A,true,true,包装封签存在重新整理痕迹 样机主要功能正常 建议人工抽检 备注：包装文字与申报信息需人工核对。,medium,REVIEW,
EA-ROU-02120,val,router,天线Mesh Pro路由器,Mesh组网路由器,天线,Mesh Pro,SN-RT-002120,B2025-120,false,false,,partial,,Level 1,compliant,南京消费品检测院,pass,true,true,,true,,实验室记录显示设备在标准工况下工作稳定 未发现异常告警,low,PASS,
EA-ROU-02121,val,router,远程星R7路由器,稳定覆盖路由器,远程星,R7,,B2026-121,false,false,,partial,,Level 1,compliant,苏州声学检测中心,fail,true,true,,true,,关键功能测试失败 且复测结果仍异常 不满足流通要求,high,FAIL,missing_device_identifier
EA-ROU-02122,val,router,迅联Home 6路由器,Mesh组网路由器,迅联,Home 6,SN-RT-002122,B2025-122,false,false,,full,,Level 3,limited,广州电子检验所,conditional_pass,true,true,,true,,包装封签存在重新整理痕迹 样机主要功能正常 建议人工抽检,medium,REVIEW,
EA-ROU-02123,val,router,速域Mesh Pro路由器,Mesh组网路由器,速域,Mesh Pro,SN-RT-002123,B2026-123,false,true,,full,,Level 1,limited,南京消费品检测院,fail,true,true,B,true,false,翻新和维修痕迹明显 但未完整披露整备历史 风险较高,high,FAIL,undisclosed_refurbished_status
EA-ROU-02124,val,router,迅联Home 6路由器,Mesh组网路由器,迅联,Home 6,SN-RT-002124,B2025-124,false,false,,full,,Level 2,compliant,南京消费品检测院,fail,false,false,,true,,来源证明不足 外包装与铭牌信息异常 疑似仿冒或未经授权产品,high,FAIL,battery_safety_concern
EA-ROU-02125,test,router,远程星R7路由器,Mesh组网路由器,远程星,R7,SN-RT-002125,B2026-125,false,false,,full,,Level 2,compliant,苏州声学检测中心,pass,true,true,,true,,检测报告显示整机功能正常 各项安全与稳定性测试合格 可正常销售 连续运行24小时未发现掉线、死机或输出波动。,low,PASS,
EA-ROU-02126,test,router,云网R7路由器,低延迟路由器,云网,R7,SN-RT-002126,B2025-126,false,false,,full,,Level 1,compliant,上海质量检测院,conditional_pass,true,true,,true,,已检测 基本可用 建议人工复核。,medium,REVIEW,
EA-ROU-02127,test,router,速域AX1800路由器,稳定覆盖路由器，卖家补充资料稍后上传,速域,AX1800,SN-RT-002127,B2026-127,false,false,,partial,,Level 1,compliant,广州电子检验所,pass,true,true,,true,,实验室记录显示设备在标准工况下工作稳定 未发现异常告警 证书、批次和能效资料完整。,low,PASS,
EA-ROU-02128,test,router,远程星Home 6路由器,WiFi6双频路由器,远程星,Home 6,SN-RT-002128,B2025-128,false,false,,full,,Level 1,compliant,深圳质检中心,pass,true,true,,true,,样机经检测符合标准 关键部件状态正常 可上市流通,low,PASS,
EA-ROU-02129,test,router,速域AX3000路由器,WiFi6双频路由器,速域,AX3000,,B2026-129,false,false,,full,,Level 2,compliant,南京消费品检测院,fail,true,true,,true,,报告中标注型号与申报型号不一致 存在套证或错报风险,high,FAIL,missing_device_identifier
EA-ROU-02130,test,router,迅联AX3000路由器,二手家用网络路由器,迅联,AX3000,SN-RT-002130,B2025-130,true,false,,full,,Level 1,limited,杭州电子检测站,conditional_pass,true,true,A,true,true,包装封签存在重新整理痕迹 样机主要功能正常 建议人工抽检,medium,REVIEW,
EA-ROU-02131,test,router,远程星AX1800路由器,Mesh组网路由器,远程星,AX1800,SN-RT-002131,B2026-131,false,false,,full,,Level 2,limited,北京电子产品检测所,fail,false,false,,true,,翻新和维修痕迹明显 但未完整披露整备历史 风险较高,high,FAIL,battery_safety_concern
EA-ROU-02132,test,router,云网AX6000路由器,Mesh组网路由器,云网,AX6000,SN-RT-002132,B2025-132,false,false,,full,,Level 1,compliant,上海质量检测院,fail,true,true,,true,,报告中标注型号为Home 6，与申报型号AX6000不一致，存在套证或错报风险。,high,FAIL,report_model_mismatch
EA-ROU-02133,test,router,速域AX6000路由器,稳定覆盖路由器,速域,AX6000,SN-RT-002133,B2026-133,false,false,,full,,Level 2,compliant,上海质量检测院,conditional_pass,true,true,,true,,功能测试可用 外观存在轻微磨损 建议人 工确认页面说明与成色描述 封签或包装存在重新整理迹象。,medium,REVIEW,
EA-ROU-02134,test,router,速域AX1800路由器,低延迟路由器,速域,AX1800,SN-RT-002134,B2025-134,false,false,,partial,,Level 1,limited,广州电子检验所,pass,true,true,,true,,抽检结果为合格 性能 输出和绝缘测试均符合要求 包装、铭牌与申报信息一致。,low,PASS,
EA-ROU-02135,test,router,云网R7路由器,WiFi6双频路由器,云网,R7,SN-RT-002135,B2026-135,false,false,,full,,Level 1,compliant,苏州声学检测中心,conditional_pass,true,true,,true,,检测意见为有条件合格 需人工确认备注项是否已在商品页披露 个别备注项需人工判断是否影响销售结论。,medium,REVIEW,
EA-ROU-02136,test,router,天线AX3000路由器,二手稳定覆盖路由器,天线,AX3000,SN-RT-002136,B2025-136,true,false,,partial,,Level 1,compliant,苏州声学检测中心,conditional_pass,true,true,A,true,true,基础检测通过 但报告内容较简略 建议复核附件与证书映射关系,medium,REVIEW,
EA-ROU-02137,test,router,云网Home 6路由器,官方翻新WiFi6双频路由器,云网,Home 6,SN-RT-002137,B2026-137,false,true,,partial,,Level 2,limited,杭州电子检测站,conditional_pass,true,true,A,true,true,环境或能效信息不够完整 建议核对补充资料后再放行 备注：包装文字与申报信息需人工核对。,medium,REVIEW,
EA-ROU-02138,test,router,云网R7路由器,WiFi6双频路由器,云网,R7,SN-RT-002138,B2025-138,false,false,,full,,Level 1,limited,南京消费品检测院,pass,true,true,,true,,实验室记录显示设备在标准工况下工作稳定 未发现异常告警 包 装、铭牌与申报信息一致  Model code in report does not match seller declaration.,low,PASS,
EA-ROU-02139,test,router,远程星Home 6路由器,低延迟路由器,远程星,Home 6,SN-RT-002139,B2026-139,false,false,,full,,Level 2,limited,南京消费品检测院,conditional_pass,true,true,,true,,环境或能效信息不够完整 建 议核对补充资料后再放行 封签或包 装存在重新整理迹象,medium,REVIEW,
EA-ROU-02140,test,router,迅联Mesh Pro路由器,稳定覆盖,迅联,Mesh Pro,SN-RT-002140,B2025-140,false,false,,partial,,Level 2,compliant,东莞质量评估站,pass,true,true,,true,,样机经检测符合标准 关键部件状态正常 可上市流通,low,PASS,
EA-ROU-02141,test,router,云网AX6000路由器,Mesh组网路由器,云网,AX6000,SN-RT-002141,B2026-141,false,false,,full,,Level 2,compliant,东莞质量评估站,pass,true,true,,true,,抽检结果为合格 性能 输出和绝缘测试均符合要求 连续运行24小时未发现掉线、死机或输出波动,low,PASS,
EA-ROU-02142,test,router,云网AX3000路由器,低延迟路由器,云网,AX3000,,B2025-142,false,false,,partial,,Level 2,compliant,广州电子检验所,fail,true,true,,true,,关键功能测试失败 且复测结果仍异常 不满足流通要求,high,FAIL,missing_device_identifier
EA-ROU-02143,test,router,迅联Mesh Pro路由器,官方翻新WiFi6双频路由器,迅联,Mesh Pro,SN-RT-002143,B2026-143,false,true,,partial,,Level 1,compliant,南京消费品检测院,conditional_pass,true,true,A,true,true,包装封签存在重新整理痕迹 样机主要功能正常 建议人工抽检,medium,REVIEW,
EA-ROU-02144,test,router,云网AX3000路由器,WiFi6双频路由器,云网,AX3000,SN-RT-002144,B2025-144,false,false,,full,,Level 2,compliant,杭州电子检测站,conditional_pass,true,true,,true,,已检测 基本可用 建议人工复核。,medium,REVIEW,
EA-ROU-02145,test,router,云网R7路由器,家用网络路由器,云网,R7,SN-RT-002145,B2026-145,false,false,,partial,,Level 2,limited,东莞质量评估站,conditional_pass,true,true,,true,,检测完成，建议复核。,medium,REVIEW,
EA-ROU-02146,test,router,远程星AX3000路由器,稳定覆盖路由器,远程星,AX3000,SN-RT-002146,B2025-146,false,false,,partial,,Level 1,compliant,苏州声学检测中心,pass,true,true,,true,,抽检结果为合格 性能 输出和绝缘测试均符合要求 包装、铭牌与申报信息一致。,low,PASS,
EA-ROU-02147,test,router,云网R7路由器,稳定覆盖路由器,云网,R7,SN-RT-002147,B2026-147,false,false,,partial,,Level 2,limited,苏州声学检测中心,fail,true,true,,true,,fail / high / router,high,FAIL,suspected_counterfeit
EA-ROU-02148,test,router,远程星Mesh Pro路由器,低延迟路由器,远程星,Mesh Pro,SN-RT-002148,B2025-148,false,false,,partial,,Level 1,limited,东莞质量评估站,pass,true,true,,true,,连续运行测试通过 结构完好 未见异常发热和风险点,low,PASS,
EA-ROU-02149,test,router,迅联Mesh Pro路由器,家用网络路由器,迅联,Mesh Pro,SN-RT-002149,B2026-149,false,false,,partial,,Level 2,compliant,上海质量检测院,pass,true,true,,true,,抽检结果为合格 性能 输出和绝缘测试均符合要求 连续运行24小时未发现掉线、死机或输出波动,low,PASS,
EA-ROU-02150,test,router,远程星R7路由器,稳定覆盖路由器,远程星,R7,SN-RT-002150,B2025-150,false,false,,partial,,Level 1,limited,成都电子检测中心,conditional_pass,true,true,,true,,已检测 基本可用 建议人工复核。,medium,REVIEW,
EA-ROU-02151,test,router,天线Home 6路由器,WiFi6双频路由器,天线,Home 6,SN-RT-002151,B2026-151,false,false,,partial,,Level 1,compliant,广州电子检验所,pass,true,true,,true,,实验室记录显示设备在标准工况下工作稳定 未发现异常告警 证书、批次和能效资料完整。,low,PASS,
EA-ROU-02152,test,router,速域R7路由器,Mesh,速域,R7,SN-RT-002152,B2025-152,false,false,,full,,Level 3,limited,深圳质检中心,conditional_pass,true,true,,true,,翻新记录已声明 样机功能正常 建议带翻新标识销售并人工复核详情,medium,REVIEW,
EA-ROU-02153,test,router,云网AX6000路由器,Mesh组网路由器,云网,AX6000,SN-RT-002153,B2026-153,false,false,,partial,,Level 2,limited,北京电子产品检测所,fail,true,true,,true,,报告中标注型号为Mesh Pro，与申报型号AX6000不一致，存在套证或错报风险。,high,FAIL,report_model_mismatch
EA-ROU-02154,test,router,远程星Mesh Pro路由器,低延迟路由器,远程星,Mesh Pro,SN-RT-002154,B2025-154,false,false,,partial,,Level 1,compliant,广州电子检验所,pass,true,true,,true,,连续运行测试通过 结构完好 未见异常发热和风险点 包装、铭牌与申报信息一致。,low,PASS,
EA-ROU-02155,test,router,远程星AX3000路由器,官方翻新家用网络路由器,远程星,AX3000,SN-RT-002155,B2026-155,false,true,,partial,,Level 2,compliant,北京电子产品检测所,conditional_pass,true,true,B,true,true,conditional_pass / medium / router,medium,REVIEW,
EA-ROU-02156,test,router,云网AX3000路由器,稳定覆盖路由器,云网,AX3000,SN-RT-002156,B2025-156,false,false,,partial,,Level 1,compliant,东莞质量评估站,pass,true,true,,true,,抽检结果为合格 性能 输出和绝缘测试均符合要求,low,PASS,
EA-ROU-02157,test,router,云网AX1800路由器,WiFi6双频路由器,云网,AX1800,,B2026-157,false,false,,partial,,Level 1,compliant,广州电子检验所,fail,true,true,,true,,检測中发现关键安全项未达标 不建议继续销售,high,FAIL,missing_device_identifier
EA-ROU-02158,test,router,远程星R7路由器,WiFi6双频路由器,远程星,R7,SN-RT-002158,B2025-158,false,false,,partial,,Level 2,limited,东莞质量评估站,conditional_pass,true,true,,true,,翻新记录已声明 样机功能正常 建议带翻新标识销售并人工复核详情,medium,REVIEW,
EA-ROU-02159,test,router,远程星R7路由器,低延迟路由器,远程星,R7,SN-RT-002159,B2026-159,false,false,,partial,,Level 2,limited,东莞质量评估站,fail,false,false,,true,,高温或耐压测试未通過 存在安全隐患 应直接拦截 Observed thermal issue during repeated charging cycle.,high,FAIL,battery_safety_concern
EA-ROU-02160,test,router,速域AX3000路由器,二手家用网络路由器,速域,AX3000,SN-RT-002160,B2025-160,true,false,,partial,,Level 1,limited,深圳质检中心,conditional_pass,true,true,A,true,true,包装封签存在重新整理痕迹 样机主要功能正常 建议人工抽检,medium,REVIEW,
EA-ACC-02161,train,accessory,智连C1配件,数据线配件,智连,C1,,B2026-161,false,false,,partial,,Level 2,limited,广州电子检验所,fail,true,true,,true,,来源证明不足，包装与铭牌信息存在异常，疑似仿冒或未经授权产品。,high,FAIL,suspected_counterfeit
EA-ACC-02162,train,accessory,快接Hub 7配件,便携连接配件,快接,Hub 7,,B2025-162,false,false,,full,,Level 2,limited,上海质量检测院,conditional_pass,true,true,,true,,已检測 基本可用 建 议人工复核。,medium,REVIEW,
EA-ACC-02163,train,accessory,智连Adapter 4配件,数据线配件,智连,Adapter 4,,B2026-163,false,false,,partial,,Level 1,compliant,深圳质检中心,fail,true,true,,true,,设备身份信息无法核验 且存在异常发热记录 不应上架,high,FAIL,missing_device_identifier
EA-ACC-02164,train,accessory,智连Link Pro配件,便携连接配件,智连,Link Pro,,B2025-164,false,false,,full,,Level 2,unknown,成都电子检测中心,conditional_pass,true,true,,true,,环境或能效信息不够完整 建议核对补充资料后再放行,medium,REVIEW,
EA-ACC-02165,train,accessory,桥接Adapter 4配件,原厂附件配件,桥接,Adapter 4,,B2026-165,false,false,,partial,,Level 1,limited,北京电子产品检测所,pass,true,true,,true,,见附件。,low,PASS,
EA-ACC-02166,train,accessory,桥接Dock 8配件,数据线配件,桥接,Dock 8,,B2025-166,false,false,,full,,Level 1,compliant,南京消费品检测院,pass,true,true,,true,,样机经检测符合标准 关键部件状态正常 可上市流通 包装、铭牌与申报信息一致。,low,PASS,
EA-ACC-02167,train,accessory,智连Dock 8配件,便携连接配件,智连,Dock 8,,B2026-167,false,false,,full,,Level 1,limited,成都电子检测中心,fail,true,true,,true,,报告中标注型號为Cable Max，与申报型号Dock 8不一致，存在套证或错报風险。,high,FAIL,report_model_mismatch
EA-ACC-02168,train,accessory,拓展者Hub 7配件,扩展坞配件,拓展者,Hub 7,,B2025-168,false,false,,partial,,Level 2,limited,上海质量检测院,conditional_pass,true,true,,true,,已检测 基本可用 建议人工复核。,medium,REVIEW,
EA-ACC-02169,train,accessory,快接Dock 8配件,数据线配件,快接,Dock 8,,B2026-169,false,false,,partial,,Level 2,compliant,苏州声学检测中心,conditional_pass,true,true,,true,,功能测试可用 外观存在轻微磨损 建议人工确认页面说明与成色描述 封签或包装存在重新整理迹象。,medium,REVIEW,
EA-ACC-02170,train,accessory,智连Hub 7配件,便携连接配件，卖家补充资料稍后上传,智连,Hub 7,,B2025-170,false,false,,full,,Level 1,limited,上海质量检测院,pass,true,true,,true,,检测报告显示整机功能正常 各项安全与稳定性测试合格 可正常销售 包装、铭牌与申报信息一致。,low,PASS,
EA-ACC-02171,train,accessory,原装Cable Max配件,原厂附件配件,原装,Cable Max,,B2026-171,false,false,,partial,,Level 1,compliant,苏州声学检测中心,pass,true,true,,true,,检测报告显示整机功能正常 各项安全与稳定性测试合格 可正常销售 证书、批次和能效资料完整。,low,PASS,
EA-ACC-02172,train,accessory,快接Hub 7配件,扩展坞配件,快接,Hub 7,,B2025-172,false,false,,partial,,Level 1,limited,北京电子产品检测所,pass,true,true,,true,,样机经检测符合标准 关键部件状态正常 可上市流通,low,PASS,
EA-ACC-02173,train,accessory,拓展者Hub 7配件,转接器配件,拓展者,Hub 7,,B2026-173,false,false,,partial,,Level 2,compliant,苏州声学检测中心,pass,true,true,,true,,连续运行测试通过 结构完好 未见异常发热和风险点 连续运行24小时未发现掉线、死机或输出波动。,low,PASS,
EA-ACC-02174,train,accessory,智连C1配件,转接器配件,智连,C1,,B2025-174,false,false,,partial,,Level 2,limited,广州电子检验所,fail,true,true,,true,,报告中标注型号为Dock 8，与申报型号C1不一致，存在套证或错报风险。,high,FAIL,report_model_mismatch
EA-ACC-02175,train,accessory,智连C1配件,转接器配件,智连,C1,,B2026-175,false,false,,full,,Level 1,compliant,南京消费品检测院,fail,true,true,,true,,来源证明不足，包装与铭牌信息存在异常，疑似仿冒或未经授权产品。,high,FAIL,suspected_counterfeit
EA-ACC-02176,train,accessory,快接Link Pro配件,转接器配件,快接,Link Pro,,B2025-176,false,false,,partial,,Level 2,limited,北京电子产品检测所,fail,true,true,,false,,关键功能测试失败，复测仍异常，不满足流通要求。,high,FAIL,
EA-ACC-02177,train,accessory,桥接Adapter 4配件,便携连接配件,桥接,Adapter 4,,B2026-177,false,false,,full,,Level 1,limited,北京电子产品检测所,conditional_pass,true,true,,true,,功能测试可用 外观存在轻微磨损 建议人工确认页面说明与成色描述 个别备注项需人工判断是否影响销售结论。,medium,REVIEW,
EA-ACC-02178,train,accessory,原装Hub 7配件,便携连接配件,原装,Hub 7,,B2025-178,false,false,,full,,Level 1,compliant,苏州声学检测中心,fail,true,true,,true,,设备身份信息无法核验 且存在异常发热记录 不应上架,high,FAIL,missing_device_identifier
EA-ACC-02179,train,accessory,智连Cable Max配件,官方翻新扩展坞配件,智连,Cable Max,,B2026-179,false,true,,full,,Level 1,limited,苏州声学检测中心,conditional_pass,true,true,B,true,true,环境或能效信息不够完整 建议核对补充资料后再放行,medium,REVIEW,
EA-ACC-02180,train,accessory,智连Cable Max配件,原厂附件配件,智连,Cable Max,,B2025-180,false,false,,full,,Level 2,compliant,南京消费品检测院,pass,true,true,,true,,检测完成，建议复核。,low,PASS,
EA-ACC-02181,train,accessory,桥接Dock 8配件,原厂附件配件,桥接,Dock 8,,B2026-181,false,false,,partial,,Level 2,compliant,杭州电子检测站,pass,true,true,,true,,样机经检测符合标准 关键部件状态正常 可上市流通 连续运行24小时未发现掉线、死机或输出波动。,low,PASS,
EA-ACC-02182,train,accessory,拓展者Adapter 4配件,便携连接配件,拓展者,Adapter 4,,,false,false,,partial,,Level 2,limited,成都电子检测中心,pass,true,true,,true,,检测报告显示整机功能正常 各项安全与稳定性测试合格 可正常销售 包装、铭牌与申报信息一致。,low,PASS,
EA-ACC-02183,train,accessory,快接Adapter 4配件,数据线配件,快接,Adapter 4,,B2026-183,false,false,,partial,,Level 1,compliant,上海质量检测院,pass,true,true,,true,,样机经检测符合标准 关键部件状态正常 可上市流通 证书、批次和能效资料完整。,low,PASS,
EA-ACC-02184,train,accessory,原装Cable Max配件,转接器配件,原装,Cable Max,,B2025-184,false,false,,partial,,Level 2,compliant,上海质量检测院,pass,true,true,,true,,实验室记录显示设备在标准工况下工作稳定 未发现异常告警,low,PASS,
EA-ACC-02185,train,accessory,拓展者Link Pro配件,官方翻新数据线配件,拓展者,Link Pro,,B2026-185,false,true,,partial,,Level 1,limited,南京消费品检测院,conditional_pass,true,true,A,true,true,环境或能效信息不够完整 建 议核对补充资料后再放行,medium,REVIEW,
EA-ACC-02186,train,accessory,快接Dock 8配件,便携连接配件,快接,Dock 8,,B2025-186,false,false,,partial,,Level 1,limited,广州电子检验所,pass,true,true,,true,,样机经检测符合标准 关键部件状态正常 可上市流通 包装、铭牌与申报信息一致。,low,PASS,
EA-ACC-02187,train,accessory,桥接Hub 7配件,数据线配件,桥接,Hub 7,,B2026-187,false,false,,partial,,Level 1,compliant,上海质量检测院,fail,false,false,,true,,fail / high / accessory,high,FAIL,battery_safety_concern
EA-ACC-02188,train,accessory,智连Dock 8配件,便携连接配件,智连,Dock 8,,B2025-188,false,false,,full,,Level 2,unknown,东莞质量评估站,conditional_pass,true,true,,true,,环境或能效信息不够完整 建议核对补充资料后再放行,medium,REVIEW,
EA-ACC-02189,train,accessory,桥接Hub 7配件,便携连接配件,桥接,Hub 7,,B2026-189,false,false,,full,,Level 1,compliant,上海质量检测院,conditional_pass,true,true,,true,,功能测试可用 外观存在轻微磨损 建议人工确认页面说明与成色描述 个别备注项需人工判断是否影响销售结论。,medium,REVIEW,
EA-ACC-02190,train,accessory,快接Cable Max配件,原厂附件配件,快接,Cable Max,,B2025-190,false,false,,full,,Level 1,compliant,苏州声学检测中心,pass,true,true,,true,,样机经检测符合标准 关键部件状态正常 可上市流通 包装、铭牌与申报信息一致。,low,PASS,
EA-ACC-02191,train,accessory,桥接Hub 7配件,官方翻新便携连接配件,桥接,Hub 7,,B2026-191,false,true,,partial,,Level 2,compliant,苏州声学检测中心,conditional_pass,true,true,B,true,true,基础检测通过 但报告内容较简略 建议复核附件与证书映射关系,medium,REVIEW,
EA-ACC-02192,train,accessory,原装Adapter 4配件,便携连接配件,原装,Adapter 4,,B2025-192,false,false,,partial,,Level 2,limited,第三方送检,pass,true,true,,true,,检测完成，建议复核。,low,PASS,
EA-ACC-02193,train,accessory,拓展者Dock 8配件,扩展坞配件,拓展者,Dock 8,,B2026-193,false,true,,partial,,Level 2,limited,北京电子产品检测所,fail,true,true,B,true,false,高温或耐压测试未通过 存在安全隐患 应直接拦截,high,FAIL,undisclosed_refurbished_status
EA-ACC-02194,train,accessory,快接Cable Max配件,便携连接配件,快接,Cable Max,,B2025-194,false,false,,full,,Level 1,limited,苏州声学检测中心,pass,true,true,,true,,连续运行测试通过 结构完好 未见异常发热和风险点 包装、铭牌与申报信息一致。,low,PASS,
EA-ACC-02195,train,accessory,原装Adapter 4配件,扩展坞配件,原装,Adapter 4,,B2026-195,false,false,,full,,Level 1,compliant,东莞质量评估站,pass,true,true,,true,,抽检结果为合格 性能 输出和绝缘测试均符合要求 证书、批次和能效资料完整。,low,PASS,
EA-ACC-02196,train,accessory,原装Adapter 4配件,数据线配件,原装,Adapter 4,,B2025-196,false,false,,partial,,Level 2,limited,杭州电子检测站,pass,true,true,,true,,检测报告显示整机功能正常 各项安全与稳定性测试合格 可正常销售,low,PASS,
EA-ACC-02197,train,accessory,原装Adapter 4配件,扩展坞配件,原装,Adapter 4,,B2026-197,false,false,,full,,Level 2,limited,南京消费品检测院,pass,true,true,,true,,抽检结果为合格 性能 输出和绝缘测试均符合要求 连续运行24小时未发现掉线、死机或输出波动。,low,PASS,
EA-ACC-02198,train,accessory,桥接Link Pro配件,原厂附件配件,桥接,Link Pro,,B2025-198,false,false,,full,,Level 1,limited,北京电子产品检测所,pass,true,true,,true,,检测报告显示整机功能正常 各项安全与稳定性测试合格 可正常销售 包装、铭牌与申报信息一致  Model code in report does not match seller declaration.,low,PASS,
EA-ACC-02199,train,accessory,原装Hub 7配件,便携连接配件,原装,Hub 7,,B2026-199,false,false,,full,,Level 1,compliant,成都电子检测中心,fail,true,true,,true,,设备身份信息无法核验 且存在异常发热记录 不应上架 初次送检摘要写为合格，复核后已修正为不合格。,high,FAIL,missing_device_identifier
EA-ACC-02200,train,accessory,快接Hub 7配件,原厂附件配件,快接,Hub 7,,B2025-200,false,false,,full,,Level 2,unknown,北京电子产品检测所,conditional_pass,true,true,,true,,功能测试可用 外观存在轻微磨损 建议人工确认页面说明与成色描述,medium,REVIEW,
EA-ACC-02201,train,accessory,智连Link Pro配件,便携连接配件,智连,Link Pro,,B2026-201,false,false,,partial,,Level 1,compliant,杭州电子检测站,pass,true,true,,true,,pass / low / accessory,low,PASS,
EA-ACC-02202,train,accessory,桥接Link Pro配件,二手扩展坞配件,桥接,Link Pro,,B2025-202,true,false,,partial,,Level 1,compliant,东莞质量评估站,conditional_pass,true,true,B,true,true,包装封签存在重新整理痕迹 样机主要功能正常 建议人工抽检,medium,REVIEW,
EA-ACC-02203,train,accessory,智连C1配件,便携连接配件,智连,C1,,B2026-203,false,false,,full,,Level 1,compliant,东莞质量评估站,pass,true,true,,true,,实验室记录显示设备在标准工况下工作稳定 未发现异常告警 证书、批次和能效资料完整。,low,PASS,
EA-ACC-02204,train,accessory,桥接C1配件,便携连接配件,桥接,C1,,B2025-204,false,false,,full,,Level 1,compliant,南京消费品检测院,conditional_pass,true,true,,true,,已检测 基本可用 建议人工复核。,medium,REVIEW,
EA-ACC-02205,train,accessory,拓展者Hub 7配件,原厂附件配件,拓展者,Hub 7,,B2026-205,false,false,,partial,,Level 2,compliant,北京电子产品检测所,conditional_pass,true,true,,true,,功能测试可用 外观存在轻微磨损 建议人工确认页面说明与成色描述 封签或包装存在重新整理迹象。,medium,REVIEW,
EA-ACC-02206,train,accessory,智连Dock 8配件,数据线配件,智连,Dock 8,,B2025-206,false,false,,full,,Level 2,compliant,北京电子产品检测所,fail,true,true,,true,,报告中标注型号与申报型号不一致 存在套证或错报风险,high,FAIL,missing_device_identifier
EA-ACC-02207,train,accessory,拓展者C1配件,便携连接配件,拓展者,C1,,B2026-207,false,true,,full,,Level 1,compliant,成都电子检测中心,fail,true,true,B,true,false,翻新和维修痕迹明显 但未完整披露整备历史 风险较高,high,FAIL,undisclosed_refurbished_status
EA-ACC-02208,train,accessory,桥接Hub 7配件,扩展坞配件,桥接,Hub 7,,B2025-208,false,false,,partial,,Level 2,compliant,成都电子检测中心,fail,false,false,,true,,报告中标注型号与申报型号不一致 存在套证或错报风险,high,FAIL,battery_safety_concern
EA-ACC-02209,train,accessory,快接Link Pro配件,数据线配件,快接,Link Pro,,B2026-209,false,false,,partial,,Level 2,compliant,北京电子产品检测所,pass,true,true,,true,,实验室记录显示设备在标准工况下工作稳定 未发现异常告警 连续运行24小时未发现掉线、死机或输出波动。,low,PASS,
EA-ACC-02210,train,accessory,桥接Cable Max配件,扩展坞配件,桥接,Cable Max,,B2025-210,false,false,,partial,,Level 1,compliant,东莞质量评估站,fail,true,true,,true,,来源证明不足，包装与铭牌信息存在异常，疑似仿冒或未经授权产品。,high,FAIL,suspected_counterfeit
EA-ACC-02211,train,accessory,拓展者Link Pro配件,扩展坞配件，卖家补充资料稍后上传,拓展者,Link Pro,,B2026-211,false,false,,full,,Level 1,compliant,成都电子检测中心,pass,true,true,,true,,检测报告显示整机功能正常 各项安全与稳定性测试合格 可正常销售 证书、批次和能效资料完整。,low,PASS,
EA-ACC-02212,train,accessory,智连Hub 7配件,转接器配件,智连,Hub 7,,B2025-212,false,false,,full,,Level 2,limited,苏州声学检测中心,pass,true,true,,true,,样机经检测符合标准 关键部件状态正常 可上市流通,low,PASS,
EA-ACC-02213,train,accessory,拓展者Link Pro配件,便携连接配件,拓展者,Link Pro,,B2026-213,false,false,,full,,Level 2,limited,成都电子检测中心,pass,true,true,,true,,样机经检测符合标准 关键部件状态正常 可上市流通 连续运行24小时未发现掉线、死机或输出波动。,low,PASS,
EA-ACC-02214,train,accessory,智连C1配件,便携连接配件,智连,C1,,B2025-214,false,false,,partial,,Level 2,limited,苏州声学检测中心,pass,true,true,,true,,连续运行测试通过 结构完好 未见异常发热和风险点 包装、铭牌与申报信息一致。,low,PASS,
EA-ACC-02215,train,accessory,原装C1配件,便携连接配件,原装,C1,,B2026-215,false,false,,full,,Level 1,compliant,东莞质量评估站,pass,true,true,,true,,实验室记录显示设备在标准工况下工作稳定 未发现异常告警 证书、批次和能效资料完整。 备注：包装文字与申报信息需人工核对。,low,PASS,
EA-ACC-02216,train,accessory,快接Cable Max配件,数据线配件,快接,Cable Max,,B2025-216,false,false,,partial,,Level 1,limited,广州电子检验所,fail,true,true,,true,,报告中标注型号为C1，与申报型号Cable Max不一致，存在套证或错报风险。 初次送检摘要写为合格，复核后已修正为不合格。,high,FAIL,report_model_mismatch
EA-ACC-02217,train,accessory,快接Link Pro配件,转接器配件,快接,Link Pro,,B2026-217,false,false,,partial,,Level 2,limited,广州电子检验所,pass,true,true,,true,,连续运行测试通过 结构完好 未见异常发热和风险点 连续运行24小时未发现掉线、死机或输出波动。,low,PASS,
EA-ACC-02218,train,accessory,拓展者Cable Max配件,转接器配件，卖家补充资料稍后上传,拓展者,Cable Max,,B2025-218,false,false,,partial,,Level 1,limited,上海质量检测院,pass,true,true,,true,,样机经检测符合标准 关键部件状态正常 可上市流通 包装、铭牌与申报信息一致。,low,PASS,
EA-ACC-02219,train,accessory,桥接Hub 7配件,扩展坞配件,桥接,Hub 7,,B2026-219,false,false,,full,,Level 1,limited,广州电子检验所,conditional_pass,true,true,,true,,功能测试可用 外观存在轻微磨损 建议人工确认页面说明与成色描述 个别备注项需人工判断是否影响销售结论,medium,REVIEW,
EA-ACC-02220,train,accessory,快接Cable Max配件,二手数据线配件,快接,Cable Max,,B2025-220,true,false,,full,,Level 2,compliant,深圳质检中心,conditional_pass,true,true,B,true,true,包装封签存在重新整理痕迹 样机主要功能正常 建议人工抽检,medium,REVIEW,
EA-ACC-02221,train,accessory,智连Dock 8配件,转接器配件,智连,Dock 8,,B2026-221,false,true,,full,,Level 2,compliant,杭州电子检测站,fail,true,true,B,true,false,翻新和维修痕迹明显 但未完整披露整备历史 風险较高,high,FAIL,undisclosed_refurbished_status
EA-ACC-02222,train,accessory,快接Adapter 4配件,扩展坞配件,快接,Adapter 4,,B2025-222,false,false,,full,,Level 1,compliant,南京消费品检测院,conditional_pass,true,true,,true,,已检測 基本可用 建 议人 工复核  Observed thermal issue during repeated charging cycle.,medium,REVIEW,
EA-ACC-02223,train,accessory,智连Cable Max配件,数据线配件,智连,Cable Max,,B2026-223,false,false,,full,,Level 1,limited,苏州声学检测中心,conditional_pass,true,true,,true,,环境或能效信息不够完整 建 议核对补充资料后再放行 封签或包装存在重新整理迹象。,medium,REVIEW,
EA-ACC-02224,train,accessory,桥接Dock 8配件,原厂附件配件,桥接,Dock 8,,B2025-224,false,false,,full,,Level 2,limited,杭州电子检测站,fail,true,true,,true,,来源证明不足，包装与铭牌信息存在异常，疑似仿冒或未经授权产品。,high,FAIL,suspected_counterfeit
EA-ACC-02225,train,accessory,快接Link Pro配件,便携连接配件,快接,Link Pro,,B2026-225,false,false,,partial,,Level 1,compliant,南京消费品检测院,pass,true,true,,true,,抽检结果为合格 性能 输出和绝缘测试均符合要求 连续运行24小时未发现掉线、死机或输出波动。,low,PASS,
EA-ACC-02226,train,accessory,桥接Dock 8配件,二手转接器配件,桥接,Dock 8,,B2025-226,true,false,,partial,,Level 2,limited,苏州声学检测中心,conditional_pass,true,true,B,true,true,翻新记录已声明 样机功能正常 建议带翻新标识销售并人工复核详情,medium,REVIEW,
EA-ACC-02227,train,accessory,智连C1配件,扩展坞配件,智连,C1,,B2026-227,false,false,,full,,Level 1,compliant,杭州电子检测站,fail,true,true,,true,,来源证明不足 外包装与铭牌信息异常 疑似仿冒或未经授权产品,high,FAIL,missing_device_identifier
EA-ACC-02228,train,accessory,桥接Link Pro配件,转接器配件,桥接,Link Pro,,B2025-228,false,false,,full,,Level 2,compliant,东莞质量评估站,conditional_pass,true,true,,true,,已检测 基本可用 建议人工复核。,medium,REVIEW,
EA-ACC-02229,train,accessory,快接Cable Max配件,便携连接配件,快接,Cable Max,,B2026-229,false,false,,full,,Level 1,compliant,广州电子检验所,conditional_pass,true,true,,true,,包装封签存在重新整理痕迹 样机主要功能正常 建议人工抽检 封签或包装存在重新整理迹象。,medium,REVIEW,
EA-ACC-02230,train,accessory,智连C1配件,便携连接配件,智连,C1,,B2025-230,false,false,,partial,,Level 1,compliant,成都电子检测中心,pass,true,true,,true,,实验室记录显示设备在标准工况下工作稳定 未发现异常告警 包装、铭牌与申报信息一致。,low,PASS,
EA-ACC-02231,train,accessory,智连Dock 8配件,数据线配件,智连,Dock 8,,B2026-231,false,false,,partial,,Level 1,limited,广州电子检验所,fail,true,true,,true,,来源证明不足，包装与铭牌信息存在异常，疑似仿冒或未经授权产品。,high,FAIL,suspected_counterfeit
EA-ACC-02232,train,accessory,原装Cable Max配件,扩展坞配件,原装,Cable Max,,B2025-232,false,false,,full,,Level 2,limited,杭州电子检测站,pass,true,true,,true,,检测报告显示整机功能正常 各项安全与稳定性测试合格 可正常销售,low,PASS,
EA-ACC-02233,train,accessory,桥接Dock 8配件,卖家宣称全新未拆封，转接器配件,桥接,Dock 8,,B2026-233,false,false,,full,,Level 2,compliant,上海质量检测院,fail,true,true,,true,,设备身份信息无法核验 且存在异常发热记录 不应上架,high,FAIL,missing_device_identifier
EA-ACC-02234,train,accessory,拓展者Cable Max配件,便携连接配件,拓展者,Cable Max,,B2025-234,false,false,,partial,,Level 1,compliant,苏州声学检测中心,fail,true,true,,true,,来源证明不足 外包装与铭牌信息异常 疑似仿冒或未经授权产品 初次送检摘要写为合格，复核后已修正为不合格。,high,FAIL,missing_device_identifier
EA-ACC-02235,train,accessory,桥接Adapter 4配件,数据线配件,桥接,Adapter 4,,B2026-235,false,false,,full,,Level 1,compliant,杭州电子检测站,conditional_pass,true,true,,true,,基础检测通过 但报告内容较简略 建议复核附件与证书映射关系 封签或包装存在重新整理迹象。,medium,REVIEW,
EA-ACC-02236,train,accessory,桥接Hub 7配件,转接器配件,桥接,Hub 7,,B2025-236,false,false,,full,,Level 1,compliant,南京消费品检测院,pass,true,true,,true,,抽检结果为合格 性能 输出和绝缘测试均符合要求,low,PASS,
EA-ACC-02237,train,accessory,桥接Cable Max配件,转接器配件，卖家补充资料稍后上传,桥接,Cable Max,,B2026-237,false,false,,partial,,Level 1,compliant,苏州声学检测中心,pass,true,true,,true,,抽检结果为合格 性能 输出和绝缘测试均符合要求 连续运行24小时未发现掉线、死机或输出波动。,low,PASS,
EA-ACC-02238,train,accessory,桥接Hub 7配件,原厂附件配件,桥接,Hub 7,,B2025-238,false,false,,full,,Level 2,compliant,南京消费品检测院,fail,true,true,,true,,来源证明不足，包装与铭牌信息存在异常，疑似仿冒或未经授权产品。,high,FAIL,suspected_counterfeit
EA-ACC-02239,train,accessory,原装Hub 7配件,原厂附件配件,原装,Hub 7,,B2026-239,false,false,,partial,,Level 1,compliant,上海质量检测院,fail,true,true,,false,,关键功能测试失败，复测仍异常，不满足流通要求。,high,FAIL,
EA-ACC-02240,train,accessory,快接C1配件,数据线配件,快接,C1,,B2025-240,false,false,,partial,,Level 1,compliant,广州电子检验所,fail,true,true,,true,,来源证明不足 外包装与铭牌信息异常 疑似仿冒或未经授权产品,high,FAIL,missing_device_identifier
EA-ACC-02241,train,accessory,原装C1配件,转接器配件,原装,C1,,B2026-241,false,false,,partial,,Level 1,limited,上海质量检测院,conditional_pass,true,true,,true,,包装封签存在重新整理痕迹 样机主要功能正常 建议人工抽检 封签或包装存在重新整理迹象。,medium,REVIEW,
EA-ACC-02242,train,accessory,智连C1配件,原厂附件配件,智连,C1,,,false,true,,partial,,Level 1,limited,第三方送检,fail,true,true,C,true,false,翻新和维修痕迹明显 但未完整披露整备历史 风险较高,high,FAIL,undisclosed_refurbished_status
EA-ACC-02243,train,accessory,桥接Dock 8配件,数据线配件,桥接,Dock 8,,B2026-243,false,false,,partial,,Level 1,limited,苏州声学检测中心,fail,false,false,,true,,报告中标注型号与申报型号不一致 存在套证或错报风险,high,FAIL,battery_safety_concern
EA-ACC-02244,train,accessory,智连Link Pro配件,扩展坞配件,智连,Link Pro,,B2025-244,false,false,,partial,,Level 2,compliant,广州电子检验所,pass,true,true,,true,,检测报告显示整机功能正常 各项安全与稳定性测试合格 可正常销售,low,PASS,
EA-ACC-02245,train,accessory,智连Cable Max配件,转接器配件,智连,Cable Max,,B2026-245,false,false,,partial,,Level 1,compliant,南京消费品检测院,pass,true,true,,true,,抽检结果为合格 性能 输出和绝缘测试均符合要求 连续运行24小时未发现掉线、死机或输出波动。 备注：包装文字与申报信息需人工核对。,low,PASS,
EA-ACC-02246,train,accessory,拓展者Link Pro配件,数据线配件,拓展者,Link Pro,,B2025-246,false,false,,partial,,Level 2,compliant,成都电子检测中心,conditional_pass,true,true,,true,,已检测 基本可用 建议人工复核。,medium,REVIEW,
EA-ACC-02247,train,accessory,桥接Hub 7配件,转接器配件,桥接,Hub 7,,B2026-247,false,false,,partial,,Level 1,compliant,成都电子检测中心,pass,true,true,,true,,实验室记录显示设备在标准工况下工作稳定 未发现异常告警 证书、批次和能效资料完整。,low,PASS,
EA-ACC-02248,train,accessory,拓展者Link Pro配件,转接器配件,拓展者,Link Pro,,B2025-248,false,false,,partial,,Level 3,limited,广州电子检验所,conditional_pass,true,true,,true,,功能测试可用 外观存在轻微磨损 建 议人 工确认页面说明与成色描述,medium,REVIEW,
EA-ACC-02249,train,accessory,原装Link Pro配件,扩展坞配件,原装,Link Pro,,B2026-249,false,true,,full,,Level 2,compliant,东莞质量评估站,fail,true,true,B,true,false,设备身份信息无法核验 且存在异常发热记录 不应上架 初次送检摘要写为合格，复核后已修正为不合格。 Result: pass under normal operating conditions.,high,FAIL,undisclosed_refurbished_status
EA-ACC-02250,train,accessory,智连Hub 7配件,二手数据线配件,智连,Hub 7,,B2025-250,true,false,,partial,,Level 1,compliant,北京电子产品检测所,conditional_pass,true,true,A,true,true,功能测试可用 外观存在轻微磨损 建议人工确认页面说明与成色描述,medium,REVIEW,
EA-ACC-02251,train,accessory,桥接Dock 8配件,官方翻新转接器配件,桥接,Dock 8,,B2026-251,false,true,,full,,Level 2,compliant,南京消费品检测院,conditional_pass,true,true,A,true,true,功能测试可用 外观存在轻微磨损 建议人工确认页面说明与成色描述,medium,REVIEW,
EA-ACC-02252,train,accessory,拓展者Link Pro配件,转接器配件,拓展者,Link Pro,,B2025-252,false,false,,partial,,Level 1,limited,成都电子检测中心,conditional_pass,true,true,,true,,已检测 基本可用 建议人工复核。 系统初判可流通，但建议人工再核验。,medium,REVIEW,
EA-ACC-02253,train,accessory,原装Adapter 4配件,转接器配件,原装,Adapter 4,,B2026-253,false,false,,partial,,Level 1,limited,杭州电子检测站,fail,true,true,,false,,关键功能测试失败，复测仍异常，不满足流通要求。,high,FAIL,
EA-ACC-02254,train,accessory,快接Adapter 4配件,原厂附件配件,快接,Adapter 4,,B2025-254,false,false,,partial,,Level 1,limited,南京消费品检测院,fail,true,true,,true,,检测中发现关键安全项未达标 不建议继续销售,high,FAIL,missing_device_identifier
EA-ACC-02255,train,accessory,拓展者Link Pro配件,便携连接配件,拓展者,Link Pro,,B2026-255,false,false,,full,,Level 1,compliant,杭州电子检测站,pass,true,true,,true,,实验室记录显示设备在标准工况下工作稳定 未发现异常告警 证书、批次和能效资料完整  Model code in report does not match seller declaration.,low,PASS,
EA-ACC-02256,train,accessory,原装Dock 8配件,二手转接器配件,原装,Dock 8,,B2025-256,true,false,,partial,,Level 2,compliant,南京消费品检测院,conditional_pass,true,true,B,true,true,包装封签存在重新整理痕迹 样机主要功能正常 建议人工抽检,medium,REVIEW,
EA-ACC-02257,train,accessory,原装C1配件,数据线配件,原装,C1,,B2026-257,false,false,,full,,Level 2,compliant,上海质量检测院,pass,true,true,,true,,实验室记录显示设备在标准工况下工作稳定 未发现异常告警 连续运行24小时未发现掉线、死机或输出波动。,low,PASS,
EA-ACC-02258,train,accessory,快接Adapter 4配件,便携连接配件,快接,Adapter 4,,B2025-258,false,false,,full,,Level 2,limited,成都电子检测中心,conditional_pass,true,true,,true,,已检测 基本可用 建议人工复核。,medium,REVIEW,
EA-ACC-02259,train,accessory,智连Dock 8配件,便携连接配件,智连,Dock 8,,B2026-259,false,false,,full,,Level 1,compliant,杭州电子检测站,pass,true,true,,true,,实验室记录显示设备在标准工况下工作稳定 未发现异常告警 证书、批次和能效资料完整。,low,PASS,
EA-ACC-02260,train,accessory,快接Dock 8配件,数据线配件,快接,Dock 8,,B2025-260,false,false,,full,,Level 2,compliant,苏州声学检测中心,fail,true,true,,false,,关键功能测试失败，复测仍异常，不满足流通要求。,high,FAIL,
EA-ACC-02261,train,accessory,智连Link Pro配件,便携连接配件,智连,Link Pro,,B2026-261,false,false,,full,,Level 2,compliant,广州电子检验所,conditional_pass,true,true,,true,,包装封签存在重新整理痕迹 样机主要功能正常 建议人工抽检 个别备注项需人工判断是否影响销售结论。,medium,REVIEW,
EA-ACC-02262,train,accessory,智连Dock 8配件,二手便携连接配件,智连,Dock 8,,B2025-262,true,false,,full,,Level 1,compliant,上海质量检测院,conditional_pass,true,true,A,true,true,conditional_pass / medium / accessory,medium,REVIEW,
EA-ACC-02263,train,accessory,拓展者C1配件,官方翻新原厂附件配件,拓展者,C1,,B2026-263,false,true,,partial,,Level 2,compliant,广州电子检验所,conditional_pass,true,true,B,true,true,功能测试可用 外观存在轻微磨损 建议人工确认页面说明与成色描述,medium,REVIEW,
EA-ACC-02264,train,accessory,智连Hub 7配件,转接器配件,智连,Hub 7,,B2025-264,false,false,,partial,,Level 1,compliant,上海质量检测院,fail,false,false,,true,,报告中标注型号与申报型号不一致 存在套证或错报风险,high,FAIL,battery_safety_concern
EA-ACC-02265,train,accessory,桥接C1配件,便携连接配件,桥接,C1,,B2026-265,false,false,,partial,,Level 2,compliant,苏州声学检测中心,pass,true,true,,true,,抽检结果为合格 性能 输出和绝缘测试均符合要求 连续运行24小时未发现掉线、死机或输出波动。,low,PASS,
EA-ACC-02266,train,accessory,原装Dock 8配件,转接器配件,原装,Dock 8,,B2025-266,false,false,,full,,Level 3,limited,杭州电子检测站,conditional_pass,true,true,,true,,见附件。,medium,REVIEW,
EA-ACC-02267,train,accessory,桥接C1配件,卖家宣称全新未拆封，便携连接配件,桥接,C1,,B2026-267,false,false,,full,,Level 2,limited,杭州电子检测站,fail,true,true,,false,,检测完成，建议复核。,high,FAIL,
EA-ACC-02268,train,accessory,原装C1配件,转接器配件，卖家补充资料稍后上传,原装,C1,,B2025-268,false,false,,full,,Level 1,compliant,东莞质量评估站,pass,true,true,,true,,连续运行测试通过 结构完好 未见异常发热和风险点,low,PASS,
EA-ACC-02269,train,accessory,拓展者C1配件,转接器配件,拓展者,C1,,B2026-269,false,false,,full,,Level 2,compliant,广州电子检验所,fail,true,true,,true,,设备身份信息无法核验 且存在异常发热记录 不应上架,high,FAIL,missing_device_identifier
EA-ACC-02270,train,accessory,桥接C1配件,原厂附件配件,桥接,C1,,B2025-270,false,false,,partial,,Level 2,compliant,广州电子检验所,pass,true,true,,true,,实验室记录显示设备在标准工况下工作稳定 未发现异常告警 包装、铭牌与申报信息一致。,low,PASS,
EA-ACC-02271,train,accessory,智连Hub 7配件,转接器配件,智连,Hub 7,,B2026-271,false,false,,full,,Level 1,compliant,广州电子检验所,pass,true,true,,true,,检测报告显示整机功能正常 各项安全与稳定性测试合格 可正常销售 证书、批次和能效资料完整。,low,PASS,
EA-ACC-02272,train,accessory,拓展者Dock 8配件,便携连接配件,拓展者,Dock 8,,B2025-272,false,false,,partial,,Level 1,compliant,深圳质检中心,pass,true,true,,true,,样机经检测符合标准 关键部件状态正常 可上市流通,low,PASS,
EA-ACC-02273,train,accessory,快接Dock 8配件,便携连接配件,快接,Dock 8,,B2026-273,false,false,,partial,,Level 2,limited,成都电子检测中心,pass,true,true,,true,,实验室记录显示设备在标准工况下工作稳定 未发现异常告警 连续运行24小时未发现掉线、死机或输出波动。,low,PASS,
EA-ACC-02274,train,accessory,智连Link Pro配件,数据线配件,智连,Link Pro,,B2025-274,false,false,,full,,Level 2,limited,苏州声学检测中心,pass,true,true,,true,,pass / low / accessory,low,PASS,
EA-ACC-02275,train,accessory,原装Adapter 4配件,扩展坞配件,原装,Adapter 4,,B2026-275,false,false,,partial,,Level 1,compliant,东莞质量评估站,pass,true,true,,true,,检测完成，建议复核。,low,PASS,
EA-ACC-02276,train,accessory,拓展者Adapter 4配件,扩展坞配件,拓展者,Adapter 4,,B2025-276,false,false,,full,,Level 2,compliant,广州电子检验所,conditional_pass,true,true,,true,,见附件。,medium,REVIEW,
EA-ACC-02277,train,accessory,智连Link Pro配件,转接器配件,智连,Link Pro,,B2026-277,false,false,,partial,,Level 1,compliant,上海质量检测院,pass,true,true,,true,,样机经检测符合标准 关键部件状态正常 可上市流通 连续运行24小时未发现掉线、死机或输出波动。 备注：包 装文字与申报信息需人 工核对。 Result: pass under normal operating conditions.,low,PASS,
EA-ACC-02278,train,accessory,快接Cable Max配件,扩展坞配件,快接,Cable Max,,B2025-278,false,false,,partial,,Level 2,unknown,外部资料摘录,conditional_pass,true,true,,true,,基础检测通过 但报告内容较简略 建议复核附件与证书映射关系,medium,REVIEW,
EA-ACC-02279,train,accessory,原装C1配件,扩展坞配件,原装,C1,,B2026-279,false,false,,partial,,Level 1,compliant,上海质量检测院,pass,true,true,,true,,实验室记录显示设备在标准工况下工作稳定 未发现异常告警 证书、批次和能效资料完整。,low,PASS,
EA-ACC-02280,train,accessory,原装Hub 7配件,转接器配件,原装,Hub 7,,B2025-280,false,false,,full,,Level 1,limited,平台复核,fail,true,true,,true,,来源证明不足，包装与铭牌信息存在异常，疑似仿冒或未经授权产品。,high,FAIL,suspected_counterfeit
EA-ACC-02281,train,accessory,智连C1配件,扩展坞配件,智连,C1,,B2026-281,false,false,,full,,Level 2,compliant,杭州电子检测站,fail,true,true,,false,,关键功能测试失败，复测仍异常，不满足流通要求。,high,FAIL,
EA-ACC-02282,train,accessory,拓展者Hub 7配件,原厂附件配件,拓展者,Hub 7,,B2025-282,false,false,,full,,Level 2,compliant,广州电子检验所,pass,true,true,,true,,检测完成，建议复核。,low,PASS,
EA-ACC-02283,train,accessory,桥接Cable Max配件,转接器配件,桥接,Cable Max,,B2026-283,false,false,,full,,Level 1,compliant,北京电子产品检测所,conditional_pass,true,true,,true,,翻新记录已声明 样机功能正常 建议带翻新标识销售并人工复核详情 封签或包装存在重新整理迹象。,medium,REVIEW,
EA-ACC-02284,train,accessory,桥接Hub 7配件,数据线配件,桥接,Hub 7,,B2025-284,false,false,,partial,,Level 1,limited,南京消费品检测院,pass,true,true,,true,,抽检结果为合格 性能 输出和绝缘测试均符合要求,low,PASS,
EA-ACC-02285,train,accessory,智连Link Pro配件,转接器配件,智连,Link Pro,,B2026-285,false,false,,full,,Level 1,compliant,苏州声学检测中心,conditional_pass,true,true,,true,,功能测试可用 外观存在轻微磨损 建 议人 工确认页面说明与成色描述 个别备注项需人工判断是否影响销售结论,medium,REVIEW,
EA-ACC-02286,train,accessory,拓展者Link Pro配件,二手扩展坞配件,拓展者,Link Pro,,B2025-286,true,false,,full,,Level 2,compliant,杭州电子检测站,conditional_pass,true,true,A,true,true,检测完成，建议复核。,medium,REVIEW,
EA-ACC-02287,train,accessory,拓展者Cable Max配件,官方翻新数据线配件,拓展者,Cable Max,,B2026-287,false,true,,partial,,Level 1,compliant,北京电子产品检测所,conditional_pass,true,true,B,true,true,功能测试可用 外观存在轻微磨损 建议人工确认页面说明与成色描述,medium,REVIEW,
EA-ACC-02288,train,accessory,智连Adapter 4配件,原厂附件配件,智连,Adapter 4,,B2025-288,false,false,,partial,,Level 1,compliant,成都电子检测中心,conditional_pass,true,true,,true,,已检测 基本可用 建议人工复核。,medium,REVIEW,
EA-ACC-02289,train,accessory,原装Hub 7配件,数据线配件,原装,Hub 7,,B2026-289,false,false,,partial,,Level 2,compliant,南京消费品检测院,conditional_pass,true,true,,true,,见附件。,medium,REVIEW,
EA-ACC-02290,train,accessory,快接Adapter 4配件,数据线配件,快接,Adapter 4,,B2025-290,false,false,,full,,Level 2,limited,第三方送检,fail,true,true,,true,,关键功能测试失败 且复测结果仍异常 不满足流通要求,high,FAIL,missing_device_identifier
EA-ACC-02291,train,accessory,拓展者Hub 7配件,扩展坞配件,拓展者,Hub 7,,B2026-291,false,false,,partial,,Level 1,compliant,东莞质量评估站,pass,true,true,,true,,样机经检测符合标准 关键部件状态正常 可上市流通 证书、批次和能效资料完整。,low,PASS,
EA-ACC-02292,train,accessory,快接C1配件,转接器配件,快接,C1,,B2025-292,false,false,,partial,,Level 2,compliant,广州电子检验所,fail,false,false,,true,,报告中标注型号与申报型号不一致 存在套证或错报风险,high,FAIL,battery_safety_concern
EA-ACC-02293,train,accessory,桥接Dock 8配件,官方翻新扩展坞配件,桥接,Dock 8,,B2026-293,false,true,,partial,,Level 1,compliant,苏州声学检测中心,conditional_pass,true,true,B,true,true,环境或能效信息不够完整 建议核对补充资料后再放行,medium,REVIEW,
EA-ACC-02294,train,accessory,拓展者Link Pro配件,原厂附件配件,拓展者,Link Pro,,B2025-294,false,false,,partial,,Level 1,limited,上海质量检测院,conditional_pass,true,true,,true,,已检测 基本可用 建议人工复核。,medium,REVIEW,
EA-ACC-02295,train,accessory,桥接Dock 8配件,原厂附件配件,桥接,Dock 8,,B2026-295,false,false,,partial,,Level 1,compliant,苏州声学检测中心,fail,true,true,,false,,关键功能测试失败，复测仍异常，不满足流通要求。,high,FAIL,
EA-ACC-02296,train,accessory,智连Link Pro配件,便携连接配件,智连,Link Pro,,B2025-296,false,false,,partial,,Level 2,limited,东莞质量评估站,pass,true,true,,true,,实验室记录显示设备在标准工况下工作稳定 未发现异常告警 备注：包装文字与申报信息需人工核对。,low,PASS,
EA-ACC-02297,train,accessory,桥接Dock 8配件,原厂附件配件,桥接,Dock 8,,B2026-297,false,false,,partial,,Level 2,compliant,东莞质量评估站,conditional_pass,true,true,,true,,检测意见为有条件合格 需人工确认备注项是否已在商品页披露 个别备注项需人工判断是否影响销售结论。,medium,REVIEW,
EA-ACC-02298,train,accessory,拓展者Cable Max配件,原厂附件配件,拓展者,Cable Max,,B2025-298,false,true,,full,,Level 1,compliant,东莞质量评估站,fail,true,true,B,true,false,来源证明不足 外包装与铭牌信息异常 疑似仿冒或未经授权产品,high,FAIL,undisclosed_refurbished_status
EA-ACC-02299,train,accessory,拓展者Link Pro配件,转接器配件,拓展者,Link Pro,,B2026-299,false,false,,full,,Level 1,compliant,上海质量检测院,pass,true,true,,true,,实验室记录显示设备在标准工况下工作稳定 未发现异常告警 证书、批次和能效资料完整  Model code in report does not match seller declaration.,low,PASS,
EA-ACC-02300,train,accessory,智连Cable Max配件,便携连接配件,智连,Cable Max,,B2025-300,false,false,,partial,,Level 1,compliant,广州电子检验所,pass,true,true,,true,,检测报告显示整机功能正常 各项安全与稳定性测试合格 可正常销售,low,PASS,
EA-ACC-02301,train,accessory,智连Link Pro配件,数据线配件,智连,Link Pro,,B2026-301,false,false,,partial,,Level 2,compliant,深圳质检中心,conditional_pass,true,true,,true,,环境或能效信息不够完整 建议核对补充资料后再放行 封签或包装存在重新整理迹象。,medium,REVIEW,
EA-ACC-02302,train,accessory,智连Hub 7配件,数据线配件,智连,Hub 7,,B2025-302,false,false,,full,,Level 2,compliant,上海质量检测院,fail,true,true,,false,,关键功能测试失败，复测仍异常，不满足流通要求。,high,FAIL,
EA-ACC-02303,train,accessory,智连Adapter 4配件,转接器配件,智连,Adapter 4,,B2026-303,false,false,,partial,,Level 2,compliant,上海质量检测院,conditional_pass,true,true,,true,,包装封签存在重新整理痕迹 样机主要功能正常 建议人工抽检 个别备注项需人工判断是否影响销售结论。,medium,REVIEW,
EA-ACC-02304,train,accessory,快接Hub 7配件,转接器配件,快接,Hub 7,,B2025-304,false,false,,full,,Level 2,compliant,成都电子检测中心,pass,true,true,,true,,实验室记录显示设备在标准工况下工作稳定 未发现异常告警,low,PASS,
EA-ACC-02305,train,accessory,拓展者C1配件,便携连接配件,拓展者,C1,,B2026-305,false,true,,full,,Level 1,compliant,南京消费品检测院,fail,true,true,B,true,false,来源证明不足 外包装与铭牌信息异常 疑似仿冒或未经授权产品,high,FAIL,undisclosed_refurbished_status
EA-ACC-02306,train,accessory,桥接Adapter 4配件,转接器配件,桥接,Adapter 4,,B2025-306,false,false,,full,,Level 2,limited,深圳质检中心,fail,false,false,,true,,高温或耐压测试未通过 存在安全隐患 应直接拦截,high,FAIL,battery_safety_concern
EA-ACC-02307,train,accessory,快接Adapter 4配件,转接器配件,快接,Adapter 4,,B2026-307,false,false,,partial,,Level 1,compliant,南京消费品检测院,conditional_pass,true,true,,true,,翻新记录已声明 样机功能正常 建议带翻新标识销售并人工复核详情 封签或包装存在重新整理迹象。,medium,REVIEW,
EA-ACC-02308,train,accessory,原装Link Pro配件,数据线配件,原装,Link Pro,,B2025-308,false,false,,full,,Level 2,limited,苏州声学检测中心,conditional_pass,true,true,,true,,检测完成，建议复核。,medium,REVIEW,
EA-ACC-02309,train,accessory,拓展者C1配件,原厂附件配件,拓展者,C1,,B2026-309,false,false,,full,,Level 1,limited,北京电子产品检测所,pass,true,true,,true,,抽检结果为合格 性能 输出和绝缘测试均符合要求 连续运行24小时未发现掉线、死机或输出波动。 Result: pass under normal operating conditions.,low,PASS,
EA-ACC-02310,train,accessory,拓展者Dock 8配件,便携连接配件,拓展者,Dock 8,,B2025-310,false,false,,full,,Level 2,limited,南京消费品检测院,pass,true,true,,true,,检測报告显示整机功能正常 各项安全与稳定性测试合格 可正常销售 包装、铭牌与申报信息一致,low,PASS,
EA-ACC-02311,train,accessory,智连Dock 8配件,转接器配件,智连,Dock 8,,B2026-311,false,false,,full,,Level 1,compliant,杭州电子检测站,pass,true,true,,true,,连续运行测试通过 结构完好 未见异常发热和风险点 证书、批次和能效资料完整。,low,PASS,
EA-ACC-02312,train,accessory,快接Hub 7配件,便携连接配件,快接,Hub 7,,B2025-312,false,false,,partial,,Level 1,compliant,上海质量检测院,conditional_pass,true,true,,true,,已检测 基本可用 建议人工复核。,medium,REVIEW,
EA-ACC-02313,train,accessory,智连C1配件,原厂附件配件,智连,C1,,B2026-313,false,false,,partial,,Level 2,compliant,广州电子检验所,conditional_pass,true,true,,true,,翻新记录已声明 样机功能正常 建 议带翻新标识销售并人工复核详情 封签或包装存在重新整理迹象,medium,REVIEW,
EA-ACC-02314,train,accessory,原装Hub 7配件,便携连接配件,原装,Hub 7,,B2025-314,false,false,,full,,Level 1,compliant,上海质量检测院,pass,true,true,,true,,样机经检测符合标准 关键部件状态正常 可上市流通 包装、铭牌与申报信息一致。,low,PASS,
EA-ACC-02315,train,accessory,拓展者Cable Max配件,原厂附件配件,拓展者,Cable Max,,B2026-315,false,false,,full,,Level 1,compliant,成都电子检测中心,pass,true,true,,true,,实验室记录显示设备在标准工况下工作稳定 未发现异常告警 证书、批次和能效资料完整。 备注：包装文字与申报信息需人工核对。,low,PASS,
EA-ACC-02316,train,accessory,桥接Link Pro配件,扩展坞配件,桥接,Link Pro,,B2025-316,false,false,,partial,,Level 2,compliant,上海质量检测院,pass,true,true,,true,,检测报告显示整机功能正常 各项安全与稳定性测试合格 可正常销售,low,PASS,
EA-ACC-02317,train,accessory,拓展者Link Pro配件,官方翻新转接器配件,拓展者,Link Pro,,B2026-317,false,true,,full,,Level 2,compliant,苏州声学检测中心,conditional_pass,true,true,B,true,true,基础检测通过 但报告内容较简略 建议复核附件与证书映射关系,medium,REVIEW,
EA-ACC-02318,train,accessory,智连Cable Max配件,扩展坞配件,智连,Cable Max,,B2025-318,false,false,,partial,,Level 1,limited,南京消费品检测院,fail,true,true,,true,,翻新和维修痕迹明显 但未完整披露整备历史 风险较高,high,FAIL,missing_device_identifier
EA-ACC-02319,train,accessory,快接Link Pro配件,便携连接配件,快接,Link Pro,,B2026-319,false,true,,partial,,Level 2,compliant,深圳质检中心,fail,true,true,C,true,false,报告中标注型号与申报型号不一致 存在套证或错报风险,high,FAIL,undisclosed_refurbished_status
EA-ACC-02320,train,accessory,智连Link Pro配件,原厂附件配件,智连,Link Pro,,B2025-320,false,false,,partial,,Level 1,compliant,上海质量检测院,fail,false,false,,true,,高温或耐压测试未通过 存在安全隐患 应直接拦截 初次送检摘要写为合格，复核后已修正为不合格。,high,FAIL,battery_safety_concern
EA-ACC-02321,train,accessory,原装Link Pro配件,扩展坞配件,原装,Link Pro,,B2026-321,false,false,,full,,Level 2,limited,苏州声学检测中心,fail,true,true,,true,,报告中标注型号为Adapter 4，与申报型号Link Pro不一致，存在套证或错报风险。 Manual review is recommended before release.,high,FAIL,report_model_mismatch
EA-ACC-02322,train,accessory,智连Hub 7配件,二手原厂附件配件,智连,Hub 7,,B2025-322,true,false,,full,,Level 2,limited,北京电子产品检测所,conditional_pass,true,true,B,true,true,翻新记录已声明 样机功能正常 建议带翻新标识销售并人工复核详情,medium,REVIEW,
EA-ACC-02323,train,accessory,拓展者Hub 7配件,官方翻新转接器配件,拓展者,Hub 7,,B2026-323,false,true,,full,,Level 1,compliant,东莞质量评估站,conditional_pass,true,true,B,true,true,功能测试可用 外观存在轻微磨损 建议人工确认页面说明与成色描述,medium,REVIEW,
EA-ACC-02324,train,accessory,快接C1配件,转接器配件,快接,C1,,B2025-324,false,false,,full,,Level 2,compliant,北京电子产品检测所,conditional_pass,true,true,,true,,已检测 基本可用 建议人工复核。,medium,REVIEW,
EA-ACC-02325,train,accessory,智连C1配件,转接器配件,智连,C1,,B2026-325,false,false,,full,,Level 1,compliant,南京消费品检测院,conditional_pass,true,true,,true,,基础检测通过 但报告内容较简略 建议复核附件与证书映射关系 封签或包装存在重新整理迹象。,medium,REVIEW,
EA-ACC-02326,train,accessory,快接Hub 7配件,原厂附件配件,快接,Hub 7,,B2025-326,false,false,,partial,,Level 3,unknown,南京消费品检测院,conditional_pass,true,true,,true,,检测意见为有条件合格 需人工确认备注项是否已在商品页披露,medium,REVIEW,
EA-ACC-02327,train,accessory,智连Hub 7配件,转接器配件,智连,Hub 7,,B2026-327,false,false,,full,,Level 1,compliant,苏州声学检测中心,pass,true,true,,true,,pass / low / accessory,low,PASS,
EA-ACC-02328,train,accessory,拓展者Link Pro配件,数据线配,拓展者,Link Pro,,B2025-328,false,false,,partial,,Level 2,limited,深圳质检中心,pass,true,true,,true,,样机经检测符合标准 关键部件状态正常 可上市流通,low,PASS,
EA-ACC-02329,val,accessory,智连Dock 8配件,官方翻新转接器配件,智连,Dock 8,,,false,true,,full,,Level 2,compliant,苏州声学检测中心,conditional_pass,true,true,B,true,true,功能测试可用 外观存在轻微磨损 建议人工确认页面说明与成色描述,medium,REVIEW,
EA-ACC-02330,val,accessory,智连Adapter 4配件,数据线配件,智连,Adapter 4,,B2025-330,false,false,,full,,Level 1,compliant,深圳质检中心,conditional_pass,true,true,,true,,已检测 基本可用 建议人工复核。,medium,REVIEW,
EA-ACC-02331,val,accessory,桥接Cable Max配件,数据线配件,桥接,Cable Max,,B2026-331,false,false,,full,,Level 2,limited,上海质量检测院,conditional_pass,true,true,,true,,基础检测通过 但报告内容较简略 建议复核附件与证书映射关系 封签或包装存在重新整理迹象。,medium,REVIEW,
EA-ACC-02332,val,accessory,智连C1配件,原厂附件配件,智连,C1,,B2025-332,false,false,,full,,Level 2,compliant,苏州声学检测中心,fail,true,true,,true,,翻新和维修痕迹明显 但未完整披露整备历史 风险较高,high,FAIL,missing_device_identifier
EA-ACC-02333,val,accessory,原装Hub 7配件,扩展坞配件,原装,Hub 7,,B2026-333,false,false,,full,,Level 1,limited,苏州声学检测中心,conditional_pass,true,true,,true,,检测意见为有条件合格 需人工确认备注项是否已在商品页披露 个别备注项需人工判断是否影响销售结论。,medium,REVIEW,
EA-ACC-02334,val,accessory,桥接Link Pro配件,二手数据线配件,桥接,Link Pro,,B2025-334,true,false,,full,,Level 2,limited,成都电子检测中心,conditional_pass,true,true,B,true,true,包装封签存在重新整理痕迹 样机主要功能正常 建议人工抽检,medium,REVIEW,
EA-ACC-02335,val,accessory,桥接Hub 7配件,官方翻新转接器配件,桥接,Hub 7,,B2026-335,false,true,,full,,Level 1,compliant,南京消费品检测院,conditional_pass,true,true,B,true,true,检测意见为有条件合格 需人工确认备注项是否已在商品页披露,medium,REVIEW,
EA-ACC-02336,val,accessory,拓展者Cable Max配件,便携连接配件,拓展者,Cable Max,,B2025-336,false,false,,partial,,Level 2,limited,深圳质检中心,conditional_pass,true,true,,true,,已检测 基本可用 建议人工复核。,medium,REVIEW,
EA-ACC-02337,val,accessory,拓展者Cable Max配件,原厂附件配件,拓展者,Cable Max,,B2026-337,false,false,,partial,,Level 1,compliant,苏州声学检测中心,pass,true,true,,true,,抽检结果为合格 性能 输出和绝缘测试均符合要求 连续运行24小时未发现掉线、死机或输出波动。,low,PASS,
EA-ACC-02338,val,accessory,原装Cable Max配件,原厂附件配件,原装,Cable Max,,B2025-338,false,false,,partial,,Level 2,compliant,苏州声学检测中心,pass,true,true,,true,,连续运行测试通过 结构完好 未见异常发热和风险点 包装、铭牌与申报信息一致。,low,PASS,
EA-ACC-02339,val,accessory,快接Hub 7配件,扩展坞配件,快接,Hub 7,,B2026-339,false,false,,partial,,Level 2,compliant,深圳质检中心,fail,true,true,,true,,设备身份信息无法核验 且存在异常发热记录 不应上架,high,FAIL,missing_device_identifier
EA-ACC-02340,val,accessory,原装Cable Max配件,便携连接配件,原装,Cable Max,,B2025-340,false,false,,full,,Level 1,compliant,南京消费品检测院,pass,true,true,,true,,pass / low / accessory,low,PASS,
EA-ACC-02341,val,accessory,拓展者Dock 8配件,扩展坞配件,拓展者,Dock 8,,B2026-341,false,false,,partial,,Level 1,limited,北京电子产品检测所,pass,true,true,,true,,样机经检测符合标准 关键部件状态正常 可上市流通 连续运行24小时未发现掉线、死机或输出波动。,low,PASS,
EA-ACC-02342,val,accessory,桥接Hub 7配件,便携连接配件,桥接,Hub 7,,B2025-342,false,false,,partial,,Level 1,compliant,北京电子产品检测所,pass,true,true,,true,,样机经检测符合标准 关键部件状态正常 可上市流通 包装、铭牌与申报信息一致。,low,PASS,
EA-ACC-02343,val,accessory,拓展者Adapter 4配件,扩展坞配件，卖家补充资料稍后上传,拓展者,Adapter 4,,B2026-343,false,false,,partial,,Level 1,compliant,北京电子产品检测所,pass,true,true,,true,,样机经检测符合标准 关键部件状态正常 可上市流通 证书、批次和能效资料完整。,low,PASS,
EA-ACC-02344,val,accessory,桥接Link Pro配件,数据线配件,桥接,Link Pro,,B2025-344,false,false,,full,,Level 2,unknown,杭州电子检测站,conditional_pass,true,true,,true,,翻新记录已声明 样机功能正常 建议带翻新标识销售并人工复核详情,medium,REVIEW,
EA-ACC-02345,val,accessory,原装Cable Max配件,原厂附件配件,原装,Cable Max,,B2026-345,false,false,,partial,,Level 2,limited,成都电子检测中心,conditional_pass,true,true,,true,,功能测试可用 外观存在轻微磨损 建议人工确认页面说明与成色描述 个别备注项需人工判断是否影响销售结论。,medium,REVIEW,
EA-ACC-02346,val,accessory,桥接Cable Max配件,扩展坞配件,桥接,Cable Max,,B2025-346,false,false,,full,,Level 2,limited,成都电子检测中心,fail,true,true,,true,,翻新和维修痕迹明显 但未完整披露整备历史 风险较高,high,FAIL,missing_device_identifier
EA-ACC-02347,val,accessory,桥接Adapter 4配件,数据线配件,桥接,Adapter 4,,B2026-347,false,false,,full,,Level 1,compliant,苏州声学检测中心,pass,true,true,,true,,连续运行测试通过 结构完好 未见异常发热和风险点 证书、批次和能效资料完整。,low,PASS,
EA-ACC-02348,val,accessory,桥接Hub 7配件,扩展坞配件,桥接,Hub 7,,B2025-348,false,false,,full,,Level 1,compliant,南京消费品检测院,pass,true,true,,true,,连续运行测试通过 结构完好 未见异常发热和风险点,low,PASS,
EA-ACC-02349,val,accessory,原装Dock 8配件,原厂附件配件,原装,Dock 8,,B2026-349,false,false,,partial,,Level 1,compliant,东莞质量评估站,conditional_pass,true,true,,true,,基础检测通过 但报告内容较简略 建议复核附件与证书映射关系 封签或包装存在重新整理迹象。,medium,REVIEW,
EA-ACC-02350,val,accessory,桥接Adapter 4配件,便携连接配件,桥接,Adapter 4,,B2025-350,false,false,,full,,Level 2,compliant,深圳质检中心,fail,true,true,,true,,来源证明不足，包装与铭牌信息存在异常，疑似仿冒或未经授权产品。,high,FAIL,suspected_counterfeit
EA-ACC-02351,val,accessory,桥接Dock 8配件,扩展坞配件,桥接,Dock 8,,B2026-351,false,false,,partial,,Level 2,limited,东莞质量评估站,fail,true,true,,false,,关键功能测试失败，复测仍异常，不满足流通要求。,high,FAIL,
EA-ACC-02352,val,accessory,桥接C1配件,扩展坞配件,桥接,C1,,B2025-352,false,false,,full,,Level 1,limited,杭州电子检测站,pass,true,true,,true,,pass / low / accessory,low,PASS,
EA-ACC-02353,val,accessory,桥接Dock 8配件,便携连接配件,桥接,Dock 8,,B2026-353,false,false,,partial,,Level 1,compliant,杭州电子检测站,pass,true,true,,true,,见附件。,low,PASS,
EA-ACC-02354,val,accessory,拓展者Link Pro配件,扩展坞配件,拓展者,Link Pro,,B2025-354,false,false,,partial,,Level 1,compliant,东莞质量评估站,conditional_pass,true,true,,true,,见附件。,medium,REVIEW,
EA-ACC-02355,val,accessory,智连Cable Max配件,便携连接配件,智连,Cable Max,,B2026-355,false,false,,partial,,Level 2,compliant,东莞质量评估站,fail,false,false,,true,,见附件。,high,FAIL,battery_safety_concern
EA-ACC-02356,val,accessory,桥接C1配件,扩展坞配件,桥接,C1,,B2025-356,false,false,,full,,Level 1,compliant,杭州电子检测站,pass,true,true,,true,,样机经检测符合标准 关键部件状态正常 可上市流通,low,PASS,
EA-ACC-02357,val,accessory,拓展者C1配件,原厂附件配件,拓展者,C1,,B2026-357,false,false,,full,,Level 2,compliant,东莞质量评估站,pass,true,true,,true,,检测报告显示整机功能正常 各项安全与稳定性测试合格 可正常销售 连续运行24小时未发现掉线、死机或输出波动。,low,PASS,
EA-ACC-02358,val,accessory,桥接Dock 8配件,数据线配件,桥接,Dock 8,,B2025-358,false,false,,full,,Level 1,compliant,南京消费品检测院,pass,true,true,,true,,连续运行测试通过 结构完好 未见异常发热和风险点 包装、铭牌与申报信息一致。 备注：包装文字与申报信息需人工核对。,low,PASS,
EA-ACC-02359,val,accessory,原装C1配件,扩展坞配件,原装,C1,,B2026-359,false,false,,full,,Level 2,limited,成都电子检测中心,fail,true,true,,true,,来源证明不足 外包装与铭牌信息异常 疑似仿冒或未经授权产品 Manual review is recommended before release.,high,FAIL,missing_device_identifier
EA-ACC-02360,val,accessory,桥接Link Pro配件,数据线配件,桥接,Link Pro,,B2025-360,false,false,,partial,,Level 2,limited,成都电子检测中心,conditional_pass,true,true,,true,,已检测 基本可用 建议人工复核。,medium,REVIEW,
EA-ACC-02361,val,accessory,原装Adapter 4配件,便携连接配件,原装,Adapter 4,,B2026-361,false,false,,partial,,Level 2,compliant,广州电子检验所,conditional_pass,true,true,,true,,基础检测通过 但报告内容较简略 建议复核附件与证书映射关系 封签或包装存在重新整理迹象。,medium,REVIEW,
EA-ACC-02362,val,accessory,原装Link Pro配件,扩展坞配件,原装,Link Pro,,B2025-362,false,false,,full,,Level 2,limited,北京电子产品检测所,conditional_pass,true,true,,true,,检测意见为有条件合格 需人工确认备注项是否已在商品页披露,medium,REVIEW,
EA-ACC-02363,val,accessory,原装Dock 8配件,扩展坞配件,原装,Dock 8,,B2026-363,false,false,,partial,,Level 2,limited,苏州声学检测中心,conditional_pass,true,true,,true,,检测意见为有条件合格 需人工确认备注项是否已在商品页披露 个别备注项需人工判断是否影响销售结论。,medium,REVIEW,
EA-ACC-02364,val,accessory,快接Dock 8配件,扩展坞配件,快接,Dock 8,,B2025-364,false,false,,full,,Level 2,compliant,成都电子检测中心,fail,true,true,,true,,"来源证明不足, 包装与铭牌信息存在异常, 疑似仿冒或未经授权产品  初次送检摘要写为合格, 复核后已修正为不 合 格",high,FAIL,suspected_counterfeit
EA-ACC-02365,test,accessory,桥接C1配件,数据线配件,桥接,C1,,B2026-365,false,false,,partial,,Level 1,compliant,广州电子检验所,pass,true,true,,true,,检测报告显示整机功能正常 各项安全与稳定性测试合格 可正常销售 连续运行24小时未发现掉线、死机或输出波动。,low,PASS,
EA-ACC-02366,test,accessory,拓展者Hub 7配件,便携连接配件,拓展者,Hub 7,,B2025-366,false,false,,partial,,Level 2,compliant,平台复核,pass,true,true,,true,,抽检结果为合格 性能 输出和绝缘测试均符合要求 包装、铭牌与申报信息一致。,low,PASS,
EA-ACC-02367,test,accessory,原装C1配件,原厂附件配件,原装,C1,,B2026-367,false,false,,partial,,Level 2,limited,深圳质检中心,conditional_pass,true,true,,true,,翻新记录已声明 样机功能正常 建议带翻新标识销售并人工复核详情 封签或包装存在重新整理迹象。,medium,REVIEW,
EA-ACC-02368,test,accessory,拓展者Hub 7配件,数据线配件,拓展者,Hub 7,,B2025-368,false,false,,partial,,Level 3,limited,成都电子检测中心,conditional_pass,true,true,,true,,功能测试可用 外观存在轻微磨损 建 议人工确认页面说明与成色描述,medium,REVIEW,
EA-ACC-02369,test,accessory,智连Dock 8配件,便携连接配件,智连,Dock 8,,B2026-369,false,false,,partial,,Level 2,limited,杭州电子检测站,fail,false,false,,true,,关键功能测试失败 且复测结果仍异常 不满足流通要求,high,FAIL,battery_safety_concern
EA-ACC-02370,test,accessory,智连C1配件,扩展坞配件,智连,C1,,B2025-370,false,false,,full,,Level 2,limited,南京消费品检测院,fail,true,true,,true,,报告中标注型号为Adapter 4，与申报型号C1不一致，存在套证或错报风险。,high,FAIL,report_model_mismatch
EA-ACC-02371,test,accessory,智连Link Pro配件,官方翻新便携连接配件,智连,Link Pro,,B2026-371,false,true,,partial,,Level 1,compliant,广州电子检验所,conditional_pass,true,true,B,true,true,基础检测通过 但报告内容较简略 建议复核附件与证书映射关系,medium,REVIEW,
EA-ACC-02372,test,accessory,快接Cable Max配件,扩展坞配件,快接,Cable Max,,B2025-372,false,false,,partial,,Level 1,limited,广州电子检验所,pass,true,true,,true,,pass / low / accessory,low,PASS,
EA-ACC-02373,test,accessory,快接C1配件,原厂附件配件,快接,C1,,B2026-373,false,false,,partial,,Level 1,compliant,广州电子检验所,conditional_pass,true,true,,true,,翻新记录已声明 样机功能正常 建议带翻新标识销售并人工复核详情 封签或包装存在重新整理迹象。,medium,REVIEW,
EA-ACC-02374,test,accessory,智连Hub 7配件,原厂附件配件,智连,Hub 7,,B2025-374,false,false,,partial,,Level 2,compliant,深圳质检中心,fail,true,true,,true,,设备身份信息无法核验 且存在异常发热记录 不应上架 初次送检摘要写为合格，复核后已修正为不合格。,high,FAIL,missing_device_identifier
EA-ACC-02375,test,accessory,桥接Dock 8配件,扩展坞配件,桥接,Dock 8,,B2026-375,false,false,,full,,Level 1,compliant,成都电子检测中心,pass,true,true,,true,,连续运行测试通过 结构完好 未见异常发热和风险点 证书、批次和能效资料完整。,low,PASS,
EA-ACC-02376,test,accessory,桥接Link Pro配件,二手数据线配件,桥接,Link Pro,,B2025-376,true,false,,full,,Level 1,compliant,南京消费品检测院,conditional_pass,true,true,A,true,true,功能测试可用 外观存在轻微磨损 建议人工确认页面说明与成色描述,medium,REVIEW,
EA-ACC-02377,test,accessory,智连Link Pro配件,原厂附件配件,智连,Link Pro,,B2026-377,false,false,,partial,,Level 1,compliant,上海质量检测院,pass,true,true,,true,,检测报告显示整机功能正常 各项安全与稳定性测试合格 可正常销售 连续运行24小时未发现掉线、死机或输出波动。,low,PASS,
EA-ACC-02378,test,accessory,原装C1配件,转接器配件,原装,C1,,B2025-378,false,false,,full,,Level 1,limited,深圳质检中心,fail,true,true,,true,,来源证明不足，包 装与铭牌信息存在异常，疑似仿冒或未经授权产品。 Model code in report does not match seller declaration.,high,FAIL,suspected_counterfeit
EA-ACC-02379,test,accessory,桥接Adapter 4配件,扩展坞配件,桥接,Adapter 4,,B2026-379,false,false,,full,,Level 1,compliant,南京消费品检测院,conditional_pass,true,true,,true,,检测完成，建议复核。,medium,REVIEW,
EA-ACC-02380,test,accessory,智连Adapter 4配件,原厂附件配件,智连,Adapter 4,,B2025-380,false,false,,full,,Level 1,compliant,上海质量检测院,pass,true,true,,true,,连续运行测试通过 结构完好 未见异常发热和风险点,low,PASS,
EA-ACC-02381,test,accessory,拓展者Hub 7配件,扩展坞配件,拓展者,Hub 7,,B2026-381,false,false,,full,,Level 2,limited,苏州声学检测中心,conditional_pass,true,true,,true,,包装封签存在重新整理痕迹 样机主要功能正常 建议人工抽检 个别备注项需人工判断是否影响销售结论。,medium,REVIEW,
EA-ACC-02382,test,accessory,桥接Cable Max配件,扩展坞配件,桥接,Cable Max,,B2025-382,false,false,,full,,Level 1,compliant,南京消费品检测院,pass,true,true,,true,,样机经检测符合标准 关键部件状态正常 可上市流通 包装、铭牌与申报信息一致。,low,PASS,
EA-ACC-02383,test,accessory,桥接Dock 8配件,官方翻新便携连接配件,桥接,Dock 8,,B2026-383,false,true,,partial,,Level 1,limited,广州电子检验所,conditional_pass,true,true,B,true,true,包 装封签存在重新整理痕迹 样机主要功能正常 建 议人工抽检 Result: pass under normal operating conditions.,medium,REVIEW,
EA-ACC-02384,test,accessory,原装Hub 7配件,原厂附件配件,原装,Hub 7,,B2025-384,false,false,,full,,Level 1,compliant,成都电子检测中心,pass,true,true,,true,,检测报告显示整机功能正常 各项安全与稳定性测试合格 可正常销售,low,PASS,
EA-ACC-02385,test,accessory,智连Dock 8配件,扩展坞配件,智连,Dock 8,,B2026-385,false,false,,partial,,Level 1,compliant,第三方送检,conditional_pass,true,true,,true,,翻新记录已声明 样机功能正常 建议带翻新标识销售并人工复核详情 封签或包装存在重新整理迹象。 系统初判可流通，但建议人工再核验。,medium,REVIEW,
EA-ACC-02386,test,accessory,快接Link Pro配件,扩展坞配件,快接,Link Pro,,B2025-386,false,false,,full,,Level 2,limited,广州电子检验所,fail,true,true,,false,,关键功能测试失败，复测仍异常，不满足流通要求。,high,FAIL,
EA-ACC-02387,test,accessory,原装Hub 7配件,转接器配件,原装,Hub 7,,B2026-387,false,false,,partial,,Level 1,compliant,苏州声学检测中心,pass,true,true,,true,,抽检结果为合格 性能 输出和绝缘测试均符合要求 证书、批次和能效资料完整。,low,PASS,
EA-ACC-02388,test,accessory,智连Cable Max配件,原厂附件配件,智连,Cable Max,,B2025-388,false,false,,full,,Level 1,compliant,东莞质量评估站,pass,true,true,,true,,样机经检測符合标准 关键部件状态正常 可上市流通,low,PASS,
EA-ACC-02389,test,accessory,智连Link Pro配件,转接器配件,智连,Link Pro,,B2026-389,false,false,,partial,,Level 2,compliant,苏州声学检测中心,pass,true,true,,true,,抽检结果为合格 性能 输出和绝缘测试均符合要求 连续运行24小时未发现掉线、死机或输出波动。,low,PASS,
EA-ACC-02390,test,accessory,智连C1配件,数据线配,智连,C1,,B2025-390,false,false,,full,,Level 1,compliant,广州电子检验所,pass,true,true,,true,,样机经检测符合标准 关键部件状态正常 可上市流通 包装、铭牌与申报信息一致。,low,PASS,
EA-ACC-02391,test,accessory,原装Cable Max配件,便携连接配件,原装,Cable Max,,B2026-391,false,false,,full,,Level 1,compliant,苏州声学检测中心,pass,true,true,,true,,样机经检测符合标准 关键部件状态正常 可上市流通 证书、批次和能效资料完整。,low,PASS,
EA-ACC-02392,test,accessory,快接C1配件,数据线配件,快接,C1,,B2025-392,false,false,,partial,,Level 2,compliant,成都电子检测中心,pass,true,true,,true,,检测完成，建议复核。,low,PASS,
EA-ACC-02393,test,accessory,原装Dock 8配件,扩展坞配件,原装,Dock 8,,B2026-393,false,false,,partial,,Level 1,limited,杭州电子检测站,pass,true,true,,true,,样机经检测符合标准 关键部件状态正常 可上市流通 连续运行24小时未发现掉线、死机或输出波动。,low,PASS,
EA-ACC-02394,test,accessory,拓展者Hub 7配件,二手便携连接配件,拓展者,Hub 7,,B2025-394,true,false,,full,,Level 1,compliant,杭州电子检测站,conditional_pass,true,true,A,true,true,基础检测通过 但报告内容较简略 建议复核附件与证书映射关系,medium,REVIEW,
EA-ACC-02395,test,accessory,智连Dock 8配件,官方翻新便携连接配件,智连,Dock 8,,B2026-395,false,true,,partial,,Level 2,compliant,上海质量检测院,conditional_pass,true,true,B,true,true,检测意见为有条件合格 需人工确认备注项是否已在商品页披露,medium,REVIEW,
EA-ACC-02396,test,accessory,快接C1配件,转接器配件,快接,C1,,B2025-396,false,false,,full,,Level 1,compliant,杭州电子检测站,pass,true,true,,true,,实验室记录显示设备在标准工况下工作稳定 未发现异常告警,low,PASS,
EA-ACC-02397,test,accessory,桥接C1配件,转接器配件,桥接,C1,,B2026-397,false,false,,partial,,Level 1,compliant,广州电子检验所,pass,true,true,,true,,实验室记录显示设备在标准工况下工作稳定 未发现异常告警 连续运行24小时未发现掉线、死机或输出波动,low,PASS,
EA-ACC-02398,test,accessory,智连Adapter 4配件,转接器配件,智连,Adapter 4,,B2025-398,false,false,,partial,,Level 2,limited,南京消费品检测院,conditional_pass,true,true,,true,,检测意见为有条件合格 需人工确认备注项是否已在商品页披露,medium,REVIEW,
EA-ACC-02399,test,accessory,原装Cable Max配件,原厂附件配件,原装,Cable Max,,B2026-399,false,false,,full,,Level 1,compliant,深圳质检中心,pass,true,true,,true,,抽检结果为合格 性能 输出和绝缘测试均符合要求 证书、批次和能效资料完整。,low,PASS,
EA-ACC-02400,test,accessory,桥接Adapter 4配件,便携连接配件,桥接,Adapter 4,,B2025-400,false,false,,full,,Level 1,compliant,上海质量检测院,fail,true,true,,false,,关键功能测试失败，复测仍异常，不满足流通要求。 初次送检摘要写为合格，复核后已修正为不 合 格。,high,FAIL,
