sample_id,split,category,name,description,brand,model,serial_number,batch_no,is_used,is_refurbished,battery_health,accessory_status,ccc_number,energy_level,rohs_status,inspection_agency,inspection_conclusion,battery_safety_passed,charger_safety_passed,appearance_grade,functional_test_passed,repair_history_declared,report_text,risk_level,audit_label,reason_codes
HC-MOB-0001,holdout,mobile_phone,曜石MOB-4,曜石MOB-4电子设备，卖家描述为可正常使用。,曜石,MOB-4,SN-MOB-000001,H2027-0001,false,false,91,full,,Level 2,compliant,第三方送检,fail,false,false,,true,,初检摘要写明样机功能正常，但复核结论指出关键证书信息无法核验。,high,FAIL,battery_safety_concern
HC-MOB-0002,holdout,mobile_phone,曜石MOB-5,曜石MOB-5电子设备，卖家描述为可正常使用。,曜石,MOB-5,SN-MOB-0,H2026-0002,false,false,91,none,,Level 2,compliant,第三方送检,conditional_pass,true,true,,true,,检测摘录显示功能基本正常，但设备识别码仅保留前半段，需人工核验。,medium,REVIEW,
HC-MOB-0003,holdout,mobile_phone,远航MOB-6,卖家宣称全新未拆封，远航MOB-6电子设备，卖家描述为可正常使用。,远航,MOB-6,SN-MOB-000003,H2027-0003,false,true,91,none,,Level 3,compliant,第三方送检,fail,true,true,A,true,false,检测页记录存在拆修痕迹，整机可开机，但销售描述与实物状态不一致。,high,FAIL,undisclosed_refurbished_status
HC-MOB-0004,holdout,mobile_phone,曜石MOB-7,曜石MOB-7电子设备，卖家描述为可正常使用。,曜石,MOB-7,SN-MOB-000004,H2026-0004,false,false,91,full,,Level 3,unknown,深圳质检中心,conditional_pass,true,true,,true,,"Summary: device passed basic checks, Supplement: model code mismatch observed in appendix.",medium,REVIEW,
HC-MOB-0005,holdout,mobile_phone,远航MOB-8,官方整备机，远航MOB-8电子设备，卖家描述为可正常使用。,远航,MOB-8,SN-MOB-000005,H2027-0005,false,true,91,none,,Level 1,limited,第三方送检,conditional_pass,true,true,A,true,true,报告正文未直接写明翻新，仅备注更换外壳与电池，建议人工判断披露是否充分。,medium,REVIEW,
HC-MOB-0006,holdout,mobile_phone,曜石MOB-9,曜石MOB-9电子设备，卖家描述为可正常使用。,曜石,MOB-9,SN-MOB-000006,H2026-0006,false,false,91,partial,,Level 2,limited,平台复核,conditional_pass,false,true,,true,,基础功能通过，但部分安全指标描述模糊，后页注明可继续流通但必须人工核查披露内容。,medium,REVIEW,battery_safety_concern
HC-MOB-0007,holdout,mobile_phone,曜石MOB-10,卖家描述较短：曜石MOB-10可正常使用。,曜石,MOB-10,SN-MOB-000007,H2027-0007,false,false,91,partial,,Level 1,unknown,第三方送检,pass,true,true,,true,,检测页摘要：合格。附页参数正常，建议按常规流程上架。,low,PASS,
HC-MOB-0008,holdout,mobile_phone,远航MOB-11,远航MOB-11电子设备，卖家描述为可正常使用。,远航,MOB-11,SN-MOB-000008,H2026-0008,false,false,91,partial,,Level 1,compliant,第三方送检,fail,false,false,,true,,初检摘要写明样机功能正常，但后续复检备注明确建议暂缓上架。,high,FAIL,battery_safety_concern
HC-MOB-0009,holdout,mobile_phone,曜石MOB-12,曜石MOB-12电子设备，卖家描述为可正常使用。,曜石,MOB-12,SN-MOB-0,H2027-0009,false,false,91,full,,Level 2,limited,第三方送检,conditional_pass,true,true,,true,,检测摘录显示功能基本正常，但设备识别码仅保留前半段，需人工核验。,medium,REVIEW,
HC-MOB-0010,holdout,mobile_phone,曜石MOB-13,卖家宣称全新未拆封，曜石MOB-13电子设备，卖家描述为可正常使用。,曜石,MOB-13,SN-MOB-000010,H2026-0010,false,true,91,full,,Level 1,compliant,深圳质检中心,fail,true,true,B,true,false,检测页记录存在拆修痕迹，整机可开机，但销售描述与实物状态不一致。,high,FAIL,undisclosed_refurbished_status
HC-MOB-0011,holdout,mobile_phone,远航MOB-14,远航MOB-14电子设备，卖家描述为可正常使用。,远航,MOB-14,SN-MOB-000011,H2027-0011,false,false,91,full,,Level 3,unknown,深圳质检中心,conditional_pass,true,true,,true,,"Summary: device passed basic checks, Supplement: model code mismatch observed in appendix.",medium,REVIEW,
HC-MOB-0012,holdout,mobile_phone,远航MOB-15,官方整备机，远航MOB-15电子设备，卖家描述为可正常使用。,远航,MOB-15,SN-MOB-000012,H2026-0012,false,true,91,full,,Level 3,unknown,深圳质检中心,conditional_pass,true,true,B,true,false,报告正文未直接写明翻新，仅备注更换外壳与电池，建议人工判断披露是否充分。,medium,FAIL,undisclosed_refurbished_status
HC-MOB-0013,holdout,mobile_phone,星河MOB-16,星河MOB-16电子设备，卖家描述为可正常使用。,星河,MOB-16,SN-MOB-000013,H2027-0013,false,false,91,none,,Level 3,compliant,深圳质检中心,conditional_pass,false,false,,true,,基础功能通过，但部分安全指标描述模糊，后页注明可继续流通但必须人工核查披露内容。,medium,REVIEW,battery_safety_concern
HC-MOB-0014,holdout,mobile_phone,曜石MOB-17,卖家描述较短：曜石MOB-17可正常使用。,曜石,MOB-17,SN-MOB-000014,H2026-0014,false,false,91,full,,Level 2,limited,第三方送检,pass,true,true,,true,,检测页摘要：合格。附页参数正常，建议按常规流程上架。,low,PASS,
HC-MOB-0015,holdout,mobile_phone,曜石MOB-18,曜石MOB-18电子设备，卖家描述为可正常使用。,曜石,MOB-18,SN-MOB-000015,H2027-0015,false,false,91,partial,,Level 1,limited,平台复核,fail,false,false,,true,,初检摘要写明样机功能正常，但复核页补充说明存在持续发热问题。,high,FAIL,battery_safety_concern
HC-MOB-0016,holdout,mobile_phone,星河MOB-19,星河MOB-19电子设备，卖家描述为可正常使用。,星河,MOB-19,SN-MOB-0,H2026-0016,false,false,91,none,,Level 3,unknown,深圳质检中心,conditional_pass,true,true,,true,,检测摘录显示功能基本正常，但设备识别码仅保留前半段，需人工核验。,medium,REVIEW,
HC-MOB-0017,holdout,mobile_phone,远航MOB-20,卖家宣称全新未拆封，远航MOB-20电子设备，卖家描述为可正常使用。,远航,MOB-20,SN-MOB-000017,H2027-0017,false,true,91,none,,Level 3,unknown,第三方送检,fail,true,true,A,true,false,检测页记录存在拆修痕迹，整机可开机，但销售描述与实物状态不一致。,high,FAIL,undisclosed_refurbished_status
HC-MOB-0018,holdout,mobile_phone,星河MOB-21,星河MOB-21电子设备，卖家描述为可正常使用。,星河,MOB-21,SN-MOB-000018,H2026-0018,false,false,91,none,,Level 1,compliant,平台复核,conditional_pass,true,true,,true,,"Summary: device passed basic checks, Thermal retest result remains unstable after 20 cycles.",medium,REVIEW,
HC-MOB-0019,holdout,mobile_phone,远航MOB-22,官方整备机，远航MOB-22电子设备，卖家描述为可正常使用。,远航,MOB-22,SN-MOB-000019,H2027-0019,false,true,91,full,,Level 2,limited,深圳质检中心,conditional_pass,true,true,A,true,false,报告正文未直接写明翻新，仅备注更换外壳与电池，建议人工判断披露是否充分。,medium,FAIL,undisclosed_refurbished_status
HC-MOB-0020,holdout,mobile_phone,星河MOB-23,星河MOB-23电子设备，卖家描述为可正常使用。,星河,MOB-23,SN-MOB-000020,H2026-0020,false,false,91,partial,,Level 2,limited,第三方送检,conditional_pass,true,true,,true,,基础功能通过，但部分安全指标描述模糊，后页注明可继续流通但必须人工核查披露内容。,medium,REVIEW,
HC-MOB-0021,holdout,mobile_phone,远航MOB-24,卖家描述较短：远航MOB-24可正常使用。,远航,MOB-24,SN-MOB-000021,H2027-0021,false,false,91,full,,Level 1,unknown,平台复核,pass,true,true,,true,,检测页摘要：合格。附页参数正常，建议按常规流程上架。,low,PASS,
HC-MOB-0022,holdout,mobile_phone,远航MOB-25,远航MOB-25电子设备，卖家描述为可正常使用。,远航,MOB-25,SN-MOB-000022,H2026-0022,false,false,91,partial,,Level 1,compliant,第三方送检,fail,false,false,,true,,卖家提供的附件摘要称设备可正常使用，但复核页补充说明存在持续发热问题。,high,FAIL,battery_safety_concern
HC-MOB-0023,holdout,mobile_phone,曜石MOB-26,曜石MOB-26电子设备，卖家描述为可正常使用。,曜石,MOB-26,SN-MOB-0,H2027-0023,false,false,91,partial,,Level 3,compliant,深圳质检中心,conditional_pass,true,true,,true,,检测摘录显示功能基本正常，但设备识别码仅保留前半段，需人工核验。,medium,REVIEW,
HC-MOB-0024,holdout,mobile_phone,星河MOB-27,卖家宣称全新未拆封，星河MOB-27电子设备，卖家描述为可正常使用。,星河,MOB-27,SN-MOB-000024,H2026-0024,false,true,91,partial,,Level 1,compliant,第三方送检,fail,true,true,B,true,false,检测页记录存在拆修痕迹，整机可开机，但销售描述与实物状态不一致。,high,FAIL,undisclosed_refurbished_status
HC-MOB-0025,holdout,mobile_phone,星河MOB-28,星河MOB-28电子设备，卖家描述为可正常使用。,星河,MOB-28,SN-MOB-000025,H2027-0025,false,false,91,partial,,Level 1,unknown,第三方送检,conditional_pass,true,true,,true,,"Summary: device passed basic checks, Thermal retest result remains unstable after 20 cycles.",medium,REVIEW,
HC-MOB-0026,holdout,mobile_phone,曜石MOB-29,官方整备机，曜石MOB-29电子设备，卖家描述为可正常使用。,曜石,MOB-29,SN-MOB-000026,H2026-0026,false,true,91,none,,Level 3,compliant,平台复核,conditional_pass,true,true,B,true,false,报告正文未直接写明翻新，仅备注更换外壳与电池，建议人工判断披露是否充分。,medium,FAIL,undisclosed_refurbished_status
HC-MOB-0027,holdout,mobile_phone,曜石MOB-30,曜石MOB-30电子设备，卖家描述为可正常使用。,曜石,MOB-30,SN-MOB-000027,H2027-0027,false,false,91,partial,,Level 3,compliant,深圳质检中心,conditional_pass,false,false,,true,,基础功能通过，但部分安全指标描述模糊，但备注项较多，需要结合附件人工判断。,medium,REVIEW,battery_safety_concern
HC-MOB-0028,holdout,mobile_phone,远航MOB-31,卖家描述较短：远航MOB-31可正常使用。,远航,MOB-31,SN-MOB-000028,H2026-0028,false,false,91,partial,,Level 2,limited,平台复核,pass,true,true,,true,,检测页摘要：合格。附页参数正常，建议按常规流程上架。,low,PASS,
HC-MOB-0029,holdout,mobile_phone,远航MOB-32,远航MOB-32电子设备，卖家描述为可正常使用。,远航,MOB-32,SN-MOB-000029,H2027-0029,false,false,91,none,,Level 1,unknown,平台复核,fail,false,false,,true,,卖家提供的附件摘要称设备可正常使用，但后续复检备注明确建议暂缓上架。,high,FAIL,battery_safety_concern
HC-MOB-0030,holdout,mobile_phone,远航MOB-33,远航MOB-33电子设备，卖家描述为可正常使用。,远航,MOB-33,SN-MOB-0,H2026-0030,false,false,91,none,,Level 1,unknown,深圳质检中心,conditional_pass,true,true,,true,,检测摘录显示功能基本正常，但设备识别码仅保留前半段，需人工核验。,medium,REVIEW,
HC-MOB-0031,holdout,mobile_phone,远航MOB-34,卖家宣称全新未拆封，远航MOB-34电子设备，卖家描述为可正常使用。,远航,MOB-34,SN-MOB-000031,H2027-0031,false,true,91,full,,Level 1,unknown,第三方送检,fail,true,true,C,true,false,检测页记录存在拆修痕迹，整机可开机，但销售描述与实物状态不一致。,high,FAIL,undisclosed_refurbished_status
HC-MOB-0032,holdout,mobile_phone,远航MOB-35,远航MOB-35电子设备，卖家描述为可正常使用。,远航,MOB-35,SN-MOB-000032,H2026-0032,false,false,91,full,,Level 1,limited,深圳质检中心,conditional_pass,true,true,,true,,"Summary: device passed basic checks, Final note: manual review required before release.",medium,REVIEW,
HC-MOB-0033,holdout,mobile_phone,星河MOB-36,官方整备机，星河MOB-36电子设备，卖家描述为可正常使用。,星河,MOB-36,SN-MOB-000033,H2027-0033,false,true,91,none,,Level 1,compliant,第三方送检,conditional_pass,true,true,A,true,false,报告正文未直接写明翻新，仅备注更换外壳与电池，建议人工判断披露是否充分。,medium,FAIL,undisclosed_refurbished_status
HC-MOB-0034,holdout,mobile_phone,远航MOB-37,远航MOB-37电子设备，卖家描述为可正常使用。,远航,MOB-37,SN-MOB-000034,H2026-0034,false,false,91,partial,,Level 2,unknown,平台复核,conditional_pass,false,true,,true,,基础功能通过，但部分安全指标描述模糊，最终意见改为建议人工复核后再决定是否放行。,medium,REVIEW,battery_safety_concern
HC-MOB-0035,holdout,mobile_phone,远航MOB-38,卖家描述较短：远航MOB-38可正常使用。,远航,MOB-38,SN-MOB-000035,H2027-0035,false,false,91,partial,,Level 1,limited,第三方送检,pass,true,true,,true,,检测页摘要：合格。附页参数正常，建议按常规流程上架。,low,PASS,
HC-MOB-0036,holdout,mobile_phone,远航MOB-39,远航MOB-39电子设备，卖家描述为可正常使用。,远航,MOB-39,SN-MOB-000036,H2026-0036,false,false,91,full,,Level 1,compliant,第三方送检,fail,false,false,,true,,初检摘要写明样机功能正常，但复核结论指出关键证书信息无法核验。,high,FAIL,battery_safety_concern
HC-MOB-0037,holdout,mobile_phone,远航MOB-40,远航MOB-40电子设备，卖家描述为可正常使用。,远航,MOB-40,SN-MOB-0,H2027-0037,false,false,91,full,,Level 2,limited,第三方送检,conditional_pass,true,true,,true,,检测摘录显示功能基本正常，但设备识别码仅保留前半段，需人工核验。,medium,REVIEW,
HC-MOB-0038,holdout,mobile_phone,远航MOB-41,卖家宣称全新未拆封，远航MOB-41电子设备，卖家描述为可正常使用。,远航,MOB-41,SN-MOB-000038,H2026-0038,false,true,91,full,,Level 3,compliant,平台复核,fail,true,true,A,true,false,检测页记录存在拆修痕迹，整机可开机，但销售描述与实物状态不一致。,high,FAIL,undisclosed_refurbished_status
HC-MOB-0039,holdout,mobile_phone,星河MOB-42,星河MOB-42电子设备，卖家描述为可正常使用。,星河,MOB-42,SN-MOB-000039,H2027-0039,false,false,91,full,,Level 3,limited,深圳质检中心,conditional_pass,true,true,,true,,"Summary: device passed basic checks, Final note: manual review required before release.",medium,REVIEW,
HC-MOB-0040,holdout,mobile_phone,星河MOB-43,官方整备机，星河MOB-43电子设备，卖家描述为可正常使用。,星河,MOB-43,SN-MOB-000040,H2026-0040,false,true,91,none,,Level 1,unknown,第三方送检,conditional_pass,true,true,A,true,false,报告正文未直接写明翻新，仅备注更换外壳与电池，建议人工判断披露是否充分。,medium,FAIL,undisclosed_refurbished_status
HC-MOB-0041,holdout,mobile_phone,星河MOB-44,星河MOB-44电子设备，卖家描述为可正常使用。,星河,MOB-44,SN-MOB-000041,H2027-0041,false,false,91,none,,Level 2,limited,平台复核,conditional_pass,true,true,,true,,基础功能通过，但部分安全指标描述模糊，但备注项较多，需要结合附件人工判断。,medium,REVIEW,
HC-MOB-0042,holdout,mobile_phone,远航MOB-45,卖家描述较短：远航MOB-45可正常使用。,远航,MOB-45,SN-MOB-000042,H2026-0042,false,false,91,partial,,Level 3,limited,第三方送检,pass,true,true,,true,,检测页摘要：合格。附页参数正常，建议按常规流程上架。,low,PASS,
HC-MOB-0043,holdout,mobile_phone,星河MOB-46,星河MOB-46电子设备，卖家描述为可正常使用。,星河,MOB-46,SN-MOB-000043,H2027-0043,false,false,91,none,,Level 1,compliant,第三方送检,fail,false,false,,true,,初检摘要写明样机功能正常，但后续复检备注明确建议暂缓上架。,high,FAIL,battery_safety_concern
HC-MOB-0044,holdout,mobile_phone,曜石MOB-47,曜石MOB-47电子设备，卖家描述为可正常使用。,曜石,MOB-47,SN-MOB-0,H2026-0044,false,false,91,full,,Level 3,compliant,深圳质检中心,conditional_pass,true,true,,true,,检测摘录显示功能基本正常，但设备识别码仅保留前半段，需人工核验。,medium,REVIEW,
HC-MOB-0045,holdout,mobile_phone,曜石MOB-48,卖家宣称全新未拆封，曜石MOB-48电子设备，卖家描述为可正常使用。,曜石,MOB-48,SN-MOB-000045,H2027-0045,false,true,91,none,,Level 2,compliant,深圳质检中心,fail,true,true,A,true,false,检测页记录存在拆修痕迹，整机可开机，但销售描述与实物状态不一致。,high,FAIL,undisclosed_refurbished_status
HC-MOB-0046,holdout,mobile_phone,星河MOB-49,星河MOB-49电子设备，卖家描述为可正常使用。,星河,MOB-49,SN-MOB-000046,H2026-0046,false,false,91,full,,Level 2,compliant,深圳质检中心,conditional_pass,true,true,,true,,"Summary: device passed basic checks, Final note: manual review required before release.",medium,REVIEW,
HC-MOB-0047,holdout,mobile_phone,星河MOB-50,官方整备机，星河MOB-50电子设备，卖家描述为可正常使用。,星河,MOB-50,SN-MOB-000047,H2027-0047,false,true,91,none,,Level 2,unknown,深圳质检中心,conditional_pass,true,true,B,true,true,报告正文未直接写明翻新，仅备注更换外壳与电池，建议人工判断披露是否充分。,medium,REVIEW,
HC-MOB-0048,holdout,mobile_phone,曜石MOB-51,曜石MOB-51电子设备，卖家描述为可正常使用。,曜石,MOB-51,SN-MOB-000048,H2026-0048,false,false,91,partial,,Level 3,limited,第三方送检,conditional_pass,false,false,,true,,基础功能通过，但部分安全指标描述模糊，最终意见改为建议人工复核后再决定是否放行。,medium,REVIEW,battery_safety_concern
HC-LAP-0049,holdout,laptop,灵曜LAP-52,卖家描述较短：灵曜LAP-52可正常使用。,灵曜,LAP-52,SN-LAP-000049,H2027-0049,false,false,91,full,,Level 1,unknown,深圳质检中心,pass,true,true,,true,,检测页摘要：合格。附页参数正常，建议按常规流程上架。,low,PASS,
HC-LAP-0050,holdout,laptop,灵曜LAP-53,灵曜LAP-53电子设备，卖家描述为可正常使用。,灵曜,LAP-53,SN-LAP-000050,H2026-0050,false,false,91,full,,Level 2,compliant,平台复核,fail,false,false,,true,,初检摘要写明样机功能正常，但复核页补充说明存在持续发热问题。,high,FAIL,battery_safety_concern
HC-LAP-0051,holdout,laptop,灵曜LAP-54,灵曜LAP-54电子设备，卖家描述为可正常使用。,灵曜,LAP-54,SN-LAP-0,H2027-0051,false,false,91,full,,Level 2,unknown,深圳质检中心,conditional_pass,true,true,,true,,检测摘录显示功能基本正常，但设备识别码仅保留前半段，需人工核验。,medium,REVIEW,
HC-LAP-0052,holdout,laptop,灵曜LAP-55,卖家宣称全新未拆封，灵曜LAP-55电子设备，卖家描述为可正常使用。,灵曜,LAP-55,SN-LAP-000052,H2026-0052,false,true,91,full,,Level 2,limited,深圳质检中心,fail,true,true,B,true,false,检测页记录存在拆修痕迹，整机可开机，但销售描述与实物状态不一致。,high,FAIL,undisclosed_refurbished_status
HC-LAP-0053,holdout,laptop,极光LAP-56,极光LAP-56电子设备，卖家描述为可正常使用。,极光,LAP-56,SN-LAP-000053,H2027-0053,false,false,91,partial,,Level 1,compliant,第三方送检,conditional_pass,true,true,,true,,"Summary: device passed basic checks, Final note: manual review required before release.",medium,REVIEW,
HC-LAP-0054,holdout,laptop,灵曜LAP-57,官方整备机，灵曜LAP-57电子设备，卖家描述为可正常使用。,灵曜,LAP-57,SN-LAP-000054,H2026-0054,false,true,91,partial,,Level 2,compliant,深圳质检中心,conditional_pass,true,true,B,true,false,报告正文未直接写明翻新，仅备注更换外壳与电池，建议人工判断披露是否充分。,medium,FAIL,undisclosed_refurbished_status
HC-LAP-0055,holdout,laptop,灵曜LAP-58,灵曜LAP-58电子设备，卖家描述为可正常使用。,灵曜,LAP-58,SN-LAP-000055,H2027-0055,false,false,91,full,,Level 3,unknown,平台复核,conditional_pass,false,false,,true,,基础功能通过，但部分安全指标描述模糊，最终意见改为建议人工复核后再决定是否放行。,medium,REVIEW,battery_safety_concern
HC-LAP-0056,holdout,laptop,灵曜LAP-59,卖家描述较短：灵曜LAP-59可正常使用。,灵曜,LAP-59,SN-LAP-000056,H2026-0056,false,false,91,partial,,Level 2,limited,第三方送检,pass,true,true,,true,,检测页摘要：合格。附页参数正常，建议按常规流程上架。,low,PASS,
HC-LAP-0057,holdout,laptop,云锋LAP-60,云锋LAP-60电子设备，卖家描述为可正常使用。,云锋,LAP-60,SN-LAP-000057,H2027-0057,false,false,91,partial,,Level 3,unknown,深圳质检中心,fail,false,false,,true,,卖家提供的附件摘要称设备可正常使用，但复核结论指出关键证书信息无法核验。,high,FAIL,battery_safety_concern
HC-LAP-0058,holdout,laptop,极光LAP-61,极光LAP-61电子设备，卖家描述为可正常使用。,极光,LAP-61,SN-LAP-0,H2026-0058,false,false,91,full,,Level 1,unknown,第三方送检,conditional_pass,true,true,,true,,检测摘录显示功能基本正常，但设备识别码仅保留前半段，需人工核验。,medium,REVIEW,
HC-LAP-0059,holdout,laptop,极光LAP-62,卖家宣称全新未拆封，极光LAP-62电子设备，卖家描述为可正常使用。,极光,LAP-62,SN-LAP-000059,H2027-0059,false,true,91,full,,Level 1,compliant,深圳质检中心,fail,true,true,A,true,false,检测页记录存在拆修痕迹，整机可开机，但销售描述与实物状态不一致。,high,FAIL,undisclosed_refurbished_status
HC-LAP-0060,holdout,laptop,云锋LAP-63,云锋LAP-63电子设备，卖家描述为可正常使用。,云锋,LAP-63,SN-LAP-000060,H2026-0060,false,false,91,full,,Level 3,unknown,平台复核,conditional_pass,true,true,,true,,"Summary: device passed basic checks, Final note: manual review required before release.",medium,REVIEW,
HC-LAP-0061,holdout,laptop,极光LAP-64,官方整备机，极光LAP-64电子设备，卖家描述为可正常使用。,极光,LAP-64,SN-LAP-000061,H2027-0061,false,true,91,full,,Level 3,unknown,平台复核,conditional_pass,true,true,A,true,false,报告正文未直接写明翻新，仅备注更换外壳与电池，建议人工判断披露是否充分。,medium,FAIL,undisclosed_refurbished_status
HC-LAP-0062,holdout,laptop,灵曜LAP-65,灵曜LAP-65电子设备，卖家描述为可正常使用。,灵曜,LAP-65,SN-LAP-000062,H2026-0062,false,false,91,full,,Level 3,limited,第三方送检,conditional_pass,false,false,,true,,基础功能通过，但部分安全指标描述模糊，后页注明可继续流通但必须人工核查披露内容。,medium,REVIEW,battery_safety_concern
HC-LAP-0063,holdout,laptop,极光LAP-66,卖家描述较短：极光LAP-66可正常使用。,极光,LAP-66,SN-LAP-000063,H2027-0063,false,false,91,full,,Level 1,unknown,第三方送检,pass,true,true,,true,,检测页摘要：合格。附页参数正常，建议按常规流程上架。,low,PASS,
HC-LAP-0064,holdout,laptop,灵曜LAP-67,灵曜LAP-67电子设备，卖家描述为可正常使用。,灵曜,LAP-67,SN-LAP-000064,H2026-0064,false,false,91,none,,Level 2,unknown,平台复核,fail,false,false,,true,,卖家提供的附件摘要称设备可正常使用，但后续复检备注明确建议暂缓上架。,high,FAIL,battery_safety_concern
HC-LAP-0065,holdout,laptop,极光LAP-68,极光LAP-68电子设备，卖家描述为可正常使用。,极光,LAP-68,SN-LAP-0,H2027-0065,false,false,91,none,,Level 3,compliant,平台复核,conditional_pass,true,true,,true,,检测摘录显示功能基本正常，但设备识别码仅保留前半段，需人工核验。,medium,REVIEW,
HC-LAP-0066,holdout,laptop,云锋LAP-69,卖家宣称全新未拆封，云锋LAP-69电子设备，卖家描述为可正常使用。,云锋,LAP-69,SN-LAP-000066,H2026-0066,false,true,91,partial,,Level 3,unknown,深圳质检中心,fail,true,true,A,true,false,检测页记录存在拆修痕迹，整机可开机，但销售描述与实物状态不一致。,high,FAIL,undisclosed_refurbished_status
HC-LAP-0067,holdout,laptop,灵曜LAP-70,灵曜LAP-70电子设备，卖家描述为可正常使用。,灵曜,LAP-70,SN-LAP-000067,H2027-0067,false,false,91,full,,Level 2,compliant,第三方送检,conditional_pass,true,true,,true,,"Summary: device passed basic checks, Supplement: model code mismatch observed in appendix.",medium,REVIEW,
HC-LAP-0068,holdout,laptop,极光LAP-71,官方整备机，极光LAP-71电子设备，卖家描述为可正常使用。,极光,LAP-71,SN-LAP-000068,H2026-0068,false,true,91,full,,Level 2,compliant,平台复核,conditional_pass,true,true,A,true,true,报告正文未直接写明翻新，仅备注更换外壳与电池，建议人工判断披露是否充分。,medium,REVIEW,
HC-LAP-0069,holdout,laptop,极光LAP-72,极光LAP-72电子设备，卖家描述为可正常使用。,极光,LAP-72,SN-LAP-000069,H2027-0069,false,false,91,full,,Level 1,unknown,第三方送检,conditional_pass,true,false,,true,,基础功能通过，但部分安全指标描述模糊，后页注明可继续流通但必须人工核查披露内容。,medium,REVIEW,battery_safety_concern
HC-LAP-0070,holdout,laptop,极光LAP-73,卖家描述较短：极光LAP-73可正常使用。,极光,LAP-73,SN-LAP-000070,H2026-0070,false,false,91,full,,Level 2,compliant,第三方送检,pass,true,true,,true,,检测页摘要：合格。附页参数正常，建议按常规流程上架。,low,PASS,
HC-LAP-0071,holdout,laptop,极光LAP-74,极光LAP-74电子设备，卖家描述为可正常使用。,极光,LAP-74,SN-LAP-000071,H2027-0071,false,false,91,none,,Level 1,compliant,平台复核,fail,false,false,,true,,送检记录第一页显示外观与基本功能合格，但复核页补充说明存在持续发热问题。,high,FAIL,battery_safety_concern
HC-LAP-0072,holdout,laptop,灵曜LAP-75,灵曜LAP-75电子设备，卖家描述为可正常使用。,灵曜,LAP-75,SN-LAP-0,H2026-0072,false,false,91,full,,Level 1,compliant,平台复核,conditional_pass,true,true,,true,,检测摘录显示功能基本正常，但设备识别码仅保留前半段，需人工核验。,medium,REVIEW,
HC-LAP-0073,holdout,laptop,灵曜LAP-76,卖家宣称全新未拆封，灵曜LAP-76电子设备，卖家描述为可正常使用。,灵曜,LAP-76,SN-LAP-000073,H2027-0073,false,true,91,full,,Level 3,limited,第三方送检,fail,true,true,B,true,false,检测页记录存在拆修痕迹，整机可开机，但销售描述与实物状态不一致。,high,FAIL,undisclosed_refurbished_status
HC-LAP-0074,holdout,laptop,云锋LAP-77,云锋LAP-77电子设备，卖家描述为可正常使用。,云锋,LAP-77,SN-LAP-000074,H2026-0074,false,false,91,none,,Level 3,limited,第三方送检,conditional_pass,true,true,,true,,"Summary: device passed basic checks, Final note: manual review required before release.",medium,REVIEW,
HC-LAP-0075,holdout,laptop,灵曜LAP-78,官方整备机，灵曜LAP-78电子设备，卖家描述为可正常使用。,灵曜,LAP-78,SN-LAP-000075,H2027-0075,false,true,91,none,,Level 2,compliant,深圳质检中心,conditional_pass,true,true,A,true,true,报告正文未直接写明翻新，仅备注更换外壳与电池，建议人工判断披露是否充分。,medium,REVIEW,
HC-LAP-0076,holdout,laptop,云锋LAP-79,云锋LAP-79电子设备，卖家描述为可正常使用。,云锋,LAP-79,SN-LAP-000076,H2026-0076,false,false,91,full,,Level 3,compliant,深圳质检中心,conditional_pass,false,false,,true,,基础功能通过，但部分安全指标描述模糊，最终意见改为建议人工复核后再决定是否放行。,medium,REVIEW,battery_safety_concern
HC-LAP-0077,holdout,laptop,极光LAP-80,卖家描述较短：极光LAP-80可正常使用。,极光,LAP-80,SN-LAP-000077,H2027-0077,false,false,91,full,,Level 3,limited,平台复核,pass,true,true,,true,,检测页摘要：合格。附页参数正常，建议按常规流程上架。,low,PASS,
HC-LAP-0078,holdout,laptop,云锋LAP-81,云锋LAP-81电子设备，卖家描述为可正常使用。,云锋,LAP-81,SN-LAP-000078,H2026-0078,false,false,91,full,,Level 2,unknown,第三方送检,fail,false,false,,true,,初检摘要写明样机功能正常，但后续复检备注明确建议暂缓上架。,high,FAIL,battery_safety_concern
HC-LAP-0079,holdout,laptop,极光LAP-82,极光LAP-82电子设备，卖家描述为可正常使用。,极光,LAP-82,SN-LAP-0,H2027-0079,false,false,91,partial,,Level 1,unknown,深圳质检中心,conditional_pass,true,true,,true,,检测摘录显示功能基本正常，但设备识别码仅保留前半段，需人工核验。,medium,REVIEW,
HC-LAP-0080,holdout,laptop,极光LAP-83,卖家宣称全新未拆封，极光LAP-83电子设备，卖家描述为可正常使用。,极光,LAP-83,SN-LAP-000080,H2026-0080,false,true,91,none,,Level 1,unknown,深圳质检中心,fail,true,true,B,true,false,检测页记录存在拆修痕迹，整机可开机，但销售描述与实物状态不一致。,high,FAIL,undisclosed_refurbished_status
HC-LAP-0081,holdout,laptop,灵曜LAP-84,灵曜LAP-84电子设备，卖家描述为可正常使用。,灵曜,LAP-84,SN-LAP-000081,H2027-0081,false,false,91,partial,,Level 3,limited,第三方送检,conditional_pass,true,true,,true,,"Summary: device passed basic checks, Supplement: model code mismatch observed in appendix.",medium,REVIEW,
HC-LAP-0082,holdout,laptop,灵曜LAP-85,官方整备机，灵曜LAP-85电子设备，卖家描述为可正常使用。,灵曜,LAP-85,SN-LAP-000082,H2026-0082,false,true,91,full,,Level 2,unknown,第三方送检,conditional_pass,true,true,B,true,false,报告正文未直接写明翻新，仅备注更换外壳与电池，建议人工判断披露是否充分。,medium,FAIL,undisclosed_refurbished_status
HC-LAP-0083,holdout,laptop,云锋LAP-86,云锋LAP-86电子设备，卖家描述为可正常使用。,云锋,LAP-86,SN-LAP-000083,H2027-0083,false,false,91,none,,Level 1,limited,第三方送检,conditional_pass,true,true,,true,,基础功能通过，但部分安全指标描述模糊，最终意见改为建议人工复核后再决定是否放行。,medium,REVIEW,
HC-LAP-0084,holdout,laptop,极光LAP-87,卖家描述较短：极光LAP-87可正常使用。,极光,LAP-87,SN-LAP-000084,H2026-0084,false,false,91,full,,Level 3,limited,第三方送检,pass,true,true,,true,,检测页摘要：合格。附页参数正常，建议按常规流程上架。,low,PASS,
HC-LAP-0085,holdout,laptop,云锋LAP-88,云锋LAP-88电子设备，卖家描述为可正常使用。,云锋,LAP-88,SN-LAP-000085,H2027-0085,false,false,91,none,,Level 1,compliant,平台复核,fail,false,false,,true,,卖家提供的附件摘要称设备可正常使用，但复核结论指出关键证书信息无法核验。,high,FAIL,battery_safety_concern
HC-LAP-0086,holdout,laptop,灵曜LAP-89,灵曜LAP-89电子设备，卖家描述为可正常使用。,灵曜,LAP-89,SN-LAP-0,H2026-0086,false,false,91,none,,Level 3,compliant,深圳质检中心,conditional_pass,true,true,,true,,检测摘录显示功能基本正常，但设备识别码仅保留前半段，需人工核验。,medium,REVIEW,
HC-LAP-0087,holdout,laptop,云锋LAP-90,卖家宣称全新未拆封，云锋LAP-90电子设备，卖家描述为可正常使用。,云锋,LAP-90,SN-LAP-000087,H2027-0087,false,true,91,none,,Level 2,compliant,第三方送检,fail,true,true,A,true,false,检测页记录存在拆修痕迹，整机可开机，但销售描述与实物状态不一致。,high,FAIL,undisclosed_refurbished_status
HC-LAP-0088,holdout,laptop,灵曜LAP-91,灵曜LAP-91电子设备，卖家描述为可正常使用。,灵曜,LAP-91,SN-LAP-000088,H2026-0088,false,false,91,partial,,Level 3,compliant,第三方送检,conditional_pass,true,true,,true,,"Summary: device passed basic checks, Thermal retest result remains unstable after 20 cycles.",medium,REVIEW,
HC-LAP-0089,holdout,laptop,极光LAP-92,官方整备机，极光LAP-92电子设备，卖家描述为可正常使用。,极光,LAP-92,SN-LAP-000089,H2027-0089,false,true,91,full,,Level 2,compliant,第三方送检,conditional_pass,true,true,B,true,true,报告正文未直接写明翻新，仅备注更换外壳与电池，建议人工判断披露是否充分。,medium,REVIEW,
HC-LAP-0090,holdout,laptop,极光LAP-93,极光LAP-93电子设备，卖家描述为可正常使用。,极光,LAP-93,SN-LAP-000090,H2026-0090,false,false,91,partial,,Level 3,unknown,平台复核,conditional_pass,true,true,,true,,基础功能通过，但部分安全指标描述模糊，最终意见改为建议人工复核后再决定是否放行。,medium,REVIEW,
HC-LAP-0091,holdout,laptop,云锋LAP-94,卖家描述较短：云锋LAP-94可正常使用。,云锋,LAP-94,SN-LAP-000091,H2027-0091,false,false,91,partial,,Level 1,compliant,平台复核,pass,true,true,,true,,检测页摘要：合格。附页参数正常，建议按常规流程上架。,low,PASS,
HC-LAP-0092,holdout,laptop,灵曜LAP-95,灵曜LAP-95电子设备，卖家描述为可正常使用。,灵曜,LAP-95,SN-LAP-000092,H2026-0092,false,false,91,none,,Level 2,limited,第三方送检,fail,false,false,,true,,送检记录第一页显示外观与基本功能合格，但复核页补充说明存在持续发热问题。,high,FAIL,battery_safety_concern
HC-LAP-0093,holdout,laptop,极光LAP-96,极光LAP-96电子设备，卖家描述为可正常使用。,极光,LAP-96,SN-LAP-0,H2027-0093,false,false,91,partial,,Level 2,compliant,第三方送检,conditional_pass,true,true,,true,,检测摘录显示功能基本正常，但设备识别码仅保留前半段，需人工核验。,medium,REVIEW,
HC-LAP-0094,holdout,laptop,云锋LAP-97,卖家宣称全新未拆封，云锋LAP-97电子设备，卖家描述为可正常使用。,云锋,LAP-97,SN-LAP-000094,H2026-0094,false,true,91,full,,Level 2,compliant,平台复核,fail,true,true,C,true,false,检测页记录存在拆修痕迹，整机可开机，但销售描述与实物状态不一致。,high,FAIL,undisclosed_refurbished_status
HC-LAP-0095,holdout,laptop,云锋LAP-98,云锋LAP-98电子设备，卖家描述为可正常使用。,云锋,LAP-98,SN-LAP-000095,H2027-0095,false,false,91,partial,,Level 1,compliant,平台复核,conditional_pass,true,true,,true,,"Summary: device passed basic checks, Thermal retest result remains unstable after 20 cycles.",medium,REVIEW,
HC-LAP-0096,holdout,laptop,云锋LAP-99,官方整备机，云锋LAP-99电子设备，卖家描述为可正常使用。,云锋,LAP-99,SN-LAP-000096,H2026-0096,false,true,91,full,,Level 2,unknown,深圳质检中心,conditional_pass,true,true,A,true,false,报告正文未直接写明翻新，仅备注更换外壳与电池，建议人工判断披露是否充分。,medium,FAIL,undisclosed_refurbished_status
HC-TAB-0097,holdout,tablet,学伴TAB-3,学伴TAB-3电子设备，卖家描述为可正常使用。,学伴,TAB-3,SN-TAB-000097,H2027-0097,false,false,91,none,,Level 1,compliant,第三方送检,conditional_pass,true,true,,true,,基础功能通过，但部分安全指标描述模糊，但备注项较多，需要结合附件人工判断。,medium,REVIEW,
HC-TAB-0098,holdout,tablet,云图TAB-4,卖家描述较短：云图TAB-4可正常使用。,云图,TAB-4,SN-TAB-000098,H2026-0098,false,false,91,full,,Level 1,compliant,深圳质检中心,pass,true,true,,true,,检测页摘要：合格。附页参数正常，建议按常规流程上架。,low,PASS,
HC-TAB-0099,holdout,tablet,学伴TAB-5,学伴TAB-5电子设备，卖家描述为可正常使用。,学伴,TAB-5,SN-TAB-000099,H2027-0099,false,false,91,none,,Level 1,unknown,平台复核,fail,false,false,,true,,卖家提供的附件摘要称设备可正常使用，但复核页补充说明存在持续发热问题。,high,FAIL,battery_safety_concern
HC-TAB-0100,holdout,tablet,星阅TAB-6,星阅TAB-6电子设备，卖家描述为可正常使用。,星阅,TAB-6,SN-TAB-0,H2026-0100,false,false,91,partial,,Level 2,unknown,平台复核,conditional_pass,true,true,,true,,检测摘录显示功能基本正常，但设备识别码仅保留前半段，需人工核验。,medium,REVIEW,
HC-TAB-0101,holdout,tablet,星阅TAB-7,卖家宣称全新未拆封，星阅TAB-7电子设备，卖家描述为可正常使用。,星阅,TAB-7,SN-TAB-000101,H2027-0101,false,true,91,partial,,Level 3,compliant,深圳质检中心,fail,true,true,C,true,false,检测页记录存在拆修痕迹，整机可开机，但销售描述与实物状态不一致。,high,FAIL,undisclosed_refurbished_status
HC-TAB-0102,holdout,tablet,星阅TAB-8,星阅TAB-8电子设备，卖家描述为可正常使用。,星阅,TAB-8,SN-TAB-000102,H2026-0102,false,false,91,none,,Level 2,unknown,深圳质检中心,conditional_pass,true,true,,true,,"Summary: device passed basic checks, Thermal retest result remains unstable after 20 cycles.",medium,REVIEW,
HC-TAB-0103,holdout,tablet,学伴TAB-9,官方整备机，学伴TAB-9电子设备，卖家描述为可正常使用。,学伴,TAB-9,SN-TAB-000103,H2027-0103,false,true,91,none,,Level 1,unknown,第三方送检,conditional_pass,true,true,B,true,false,报告正文未直接写明翻新，仅备注更换外壳与电池，建议人工判断披露是否充分。,medium,FAIL,undisclosed_refurbished_status
HC-TAB-0104,holdout,tablet,云图TAB-10,云图TAB-10电子设备，卖家描述为可正常使用。,云图,TAB-10,SN-TAB-000104,H2026-0104,false,false,91,partial,,Level 1,compliant,平台复核,conditional_pass,false,false,,true,,基础功能通过，但部分安全指标描述模糊，最终意见改为建议人工复核后再决定是否放行。,medium,REVIEW,battery_safety_concern
HC-TAB-0105,holdout,tablet,云图TAB-11,卖家描述较短：云图TAB-11可正常使用。,云图,TAB-11,SN-TAB-000105,H2027-0105,false,false,91,partial,,Level 1,unknown,第三方送检,pass,true,true,,true,,检测页摘要：合格。附页参数正常，建议按常规流程上架。,low,PASS,
HC-TAB-0106,holdout,tablet,学伴TAB-12,学伴TAB-12电子设备，卖家描述为可正常使用。,学伴,TAB-12,SN-TAB-000106,H2026-0106,false,false,91,none,,Level 2,unknown,第三方送检,fail,false,false,,true,,送检记录第一页显示外观与基本功能合格，但后续复检备注明确建议暂缓上架。,high,FAIL,battery_safety_concern
HC-TAB-0107,holdout,tablet,云图TAB-13,云图TAB-13电子设备，卖家描述为可正常使用。,云图,TAB-13,SN-TAB-0,H2027-0107,false,false,91,full,,Level 1,compliant,深圳质检中心,conditional_pass,true,true,,true,,检测摘录显示功能基本正常，但设备识别码仅保留前半段，需人工核验。,medium,REVIEW,
HC-TAB-0108,holdout,tablet,学伴TAB-14,卖家宣称全新未拆封，学伴TAB-14电子设备，卖家描述为可正常使用。,学伴,TAB-14,SN-TAB-000108,H2026-0108,false,true,91,none,,Level 3,compliant,第三方送检,fail,true,true,B,true,false,检测页记录存在拆修痕迹，整机可开机，但销售描述与实物状态不一致。,high,FAIL,undisclosed_refurbished_status
HC-TAB-0109,holdout,tablet,学伴TAB-15,学伴TAB-15电子设备，卖家描述为可正常使用。,学伴,TAB-15,SN-TAB-000109,H2027-0109,false,false,91,none,,Level 2,unknown,深圳质检中心,conditional_pass,true,true,,true,,"Summary: device passed basic checks, Supplement: model code mismatch observed in appendix.",medium,REVIEW,
HC-TAB-0110,holdout,tablet,星阅TAB-16,官方整备机，星阅TAB-16电子设备，卖家描述为可正常使用。,星阅,TAB-16,SN-TAB-000110,H2026-0110,false,true,91,none,,Level 1,limited,平台复核,conditional_pass,true,true,B,true,false,报告正文未直接写明翻新，仅备注更换外壳与电池，建议人工判断披露是否充分。,medium,FAIL,undisclosed_refurbished_status
HC-TAB-0111,holdout,tablet,学伴TAB-17,学伴TAB-17电子设备，卖家描述为可正常使用。,学伴,TAB-17,SN-TAB-000111,H2027-0111,false,false,91,partial,,Level 2,compliant,第三方送检,conditional_pass,false,true,,true,,基础功能通过，但部分安全指标描述模糊，最终意见改为建议人工复核后再决定是否放行。,medium,REVIEW,battery_safety_concern
HC-TAB-0112,holdout,tablet,学伴TAB-18,卖家描述较短：学伴TAB-18可正常使用。,学伴,TAB-18,SN-TAB-000112,H2026-0112,false,false,91,full,,Level 1,limited,第三方送检,pass,true,true,,true,,检测页摘要：合格。附页参数正常，建议按常规流程上架。,low,PASS,
HC-TAB-0113,holdout,tablet,学伴TAB-19,学伴TAB-19电子设备，卖家描述为可正常使用。,学伴,TAB-19,SN-TAB-000113,H2027-0113,false,false,91,none,,Level 3,unknown,深圳质检中心,fail,false,false,,true,,初检摘要写明样机功能正常，但复核页补充说明存在持续发热问题。,high,FAIL,battery_safety_concern
HC-TAB-0114,holdout,tablet,星阅TAB-20,星阅TAB-20电子设备，卖家描述为可正常使用。,星阅,TAB-20,SN-TAB-0,H2026-0114,false,false,91,partial,,Level 3,limited,深圳质检中心,conditional_pass,true,true,,true,,检测摘录显示功能基本正常，但设备识别码仅保留前半段，需人工核验。,medium,REVIEW,
HC-TAB-0115,holdout,tablet,学伴TAB-21,卖家宣称全新未拆封，学伴TAB-21电子设备，卖家描述为可正常使用。,学伴,TAB-21,SN-TAB-000115,H2027-0115,false,true,91,none,,Level 1,limited,深圳质检中心,fail,true,true,A,true,false,检测页记录存在拆修痕迹，整机可开机，但销售描述与实物状态不一致。,high,FAIL,undisclosed_refurbished_status
HC-TAB-0116,holdout,tablet,云图TAB-22,云图TAB-22电子设备，卖家描述为可正常使用。,云图,TAB-22,SN-TAB-000116,H2026-0116,false,false,91,none,,Level 2,compliant,深圳质检中心,conditional_pass,true,true,,true,,"Summary: device passed basic checks, Thermal retest result remains unstable after 20 cycles.",medium,REVIEW,
HC-TAB-0117,holdout,tablet,云图TAB-23,官方整备机，云图TAB-23电子设备，卖家描述为可正常使用。,云图,TAB-23,SN-TAB-000117,H2027-0117,false,true,91,partial,,Level 3,limited,深圳质检中心,conditional_pass,true,true,B,true,true,报告正文未直接写明翻新，仅备注更换外壳与电池，建议人工判断披露是否充分。,medium,REVIEW,
HC-TAB-0118,holdout,tablet,云图TAB-24,云图TAB-24电子设备，卖家描述为可正常使用。,云图,TAB-24,SN-TAB-000118,H2026-0118,false,false,91,none,,Level 1,limited,平台复核,conditional_pass,true,true,,true,,基础功能通过，但部分安全指标描述模糊，但备注项较多，需要结合附件人工判断。,medium,REVIEW,
HC-TAB-0119,holdout,tablet,云图TAB-25,卖家描述较短：云图TAB-25可正常使用。,云图,TAB-25,SN-TAB-000119,H2027-0119,false,false,91,full,,Level 2,compliant,平台复核,pass,true,true,,true,,检测页摘要：合格。附页参数正常，建议按常规流程上架。,low,PASS,
HC-TAB-0120,holdout,tablet,学伴TAB-26,学伴TAB-26电子设备，卖家描述为可正常使用。,学伴,TAB-26,SN-TAB-000120,H2026-0120,false,false,91,full,,Level 3,limited,第三方送检,fail,false,false,,true,,初检摘要写明样机功能正常，但复核页补充说明存在持续发热问题。,high,FAIL,battery_safety_concern
HC-TAB-0121,holdout,tablet,星阅TAB-27,星阅TAB-27电子设备，卖家描述为可正常使用。,星阅,TAB-27,SN-TAB-0,H2027-0121,false,false,91,partial,,Level 1,unknown,第三方送检,conditional_pass,true,true,,true,,检测摘录显示功能基本正常，但设备识别码仅保留前半段，需人工核验。,medium,REVIEW,
HC-TAB-0122,holdout,tablet,云图TAB-28,卖家宣称全新未拆封，云图TAB-28电子设备，卖家描述为可正常使用。,云图,TAB-28,SN-TAB-000122,H2026-0122,false,true,91,full,,Level 2,unknown,平台复核,fail,true,true,B,true,false,检测页记录存在拆修痕迹，整机可开机，但销售描述与实物状态不一致。,high,FAIL,undisclosed_refurbished_status
HC-TAB-0123,holdout,tablet,星阅TAB-29,星阅TAB-29电子设备，卖家描述为可正常使用。,星阅,TAB-29,SN-TAB-000123,H2027-0123,false,false,91,full,,Level 3,limited,平台复核,conditional_pass,true,true,,true,,"Summary: device passed basic checks, Thermal retest result remains unstable after 20 cycles.",medium,REVIEW,
HC-TAB-0124,holdout,tablet,学伴TAB-30,官方整备机，学伴TAB-30电子设备，卖家描述为可正常使用。,学伴,TAB-30,SN-TAB-000124,H2026-0124,false,true,91,none,,Level 2,unknown,平台复核,conditional_pass,true,true,A,true,true,报告正文未直接写明翻新，仅备注更换外壳与电池，建议人工判断披露是否充分。,medium,REVIEW,
HC-TAB-0125,holdout,tablet,学伴TAB-31,学伴TAB-31电子设备，卖家描述为可正常使用。,学伴,TAB-31,SN-TAB-000125,H2027-0125,false,false,91,full,,Level 3,limited,第三方送检,conditional_pass,true,false,,true,,基础功能通过，但部分安全指标描述模糊，后页注明可继续流通但必须人工核查披露内容。,medium,REVIEW,battery_safety_concern
HC-TAB-0126,holdout,tablet,云图TAB-32,卖家描述较短：云图TAB-32可正常使用。,云图,TAB-32,SN-TAB-000126,H2026-0126,false,false,91,partial,,Level 2,unknown,平台复核,pass,true,true,,true,,检测页摘要：合格。附页参数正常，建议按常规流程上架。,low,PASS,
HC-TAB-0127,holdout,tablet,星阅TAB-33,星阅TAB-33电子设备，卖家描述为可正常使用。,星阅,TAB-33,SN-TAB-000127,H2027-0127,false,false,91,none,,Level 2,limited,平台复核,fail,false,false,,true,,送检记录第一页显示外观与基本功能合格，但复核页补充说明存在持续发热问题。,high,FAIL,battery_safety_concern
HC-TAB-0128,holdout,tablet,学伴TAB-34,学伴TAB-34电子设备，卖家描述为可正常使用。,学伴,TAB-34,SN-TAB-0,H2026-0128,false,false,91,full,,Level 3,limited,平台复核,conditional_pass,true,true,,true,,检测摘录显示功能基本正常，但设备识别码仅保留前半段，需人工核验。,medium,REVIEW,
HC-TAB-0129,holdout,tablet,星阅TAB-35,卖家宣称全新未拆封，星阅TAB-35电子设备，卖家描述为可正常使用。,星阅,TAB-35,SN-TAB-000129,H2027-0129,false,true,91,none,,Level 1,limited,深圳质检中心,fail,true,true,A,true,false,检测页记录存在拆修痕迹，整机可开机，但销售描述与实物状态不一致。,high,FAIL,undisclosed_refurbished_status
HC-TAB-0130,holdout,tablet,云图TAB-36,云图TAB-36电子设备，卖家描述为可正常使用。,云图,TAB-36,SN-TAB-000130,H2026-0130,false,false,91,none,,Level 2,limited,第三方送检,conditional_pass,true,true,,true,,"Summary: device passed basic checks, Thermal retest result remains unstable after 20 cycles.",medium,REVIEW,
HC-TAB-0131,holdout,tablet,星阅TAB-37,官方整备机，星阅TAB-37电子设备，卖家描述为可正常使用。,星阅,TAB-37,SN-TAB-000131,H2027-0131,false,true,91,partial,,Level 1,unknown,第三方送检,conditional_pass,true,true,A,true,true,报告正文未直接写明翻新，仅备注更换外壳与电池，建议人工判断披露是否充分。,medium,REVIEW,
HC-TAB-0132,holdout,tablet,星阅TAB-38,星阅TAB-38电子设备，卖家描述为可正常使用。,星阅,TAB-38,SN-TAB-000132,H2026-0132,false,false,91,full,,Level 1,unknown,第三方送检,conditional_pass,false,true,,true,,基础功能通过，但部分安全指标描述模糊，但备注项较多，需要结合附件人工判断。,medium,REVIEW,battery_safety_concern
HC-TAB-0133,holdout,tablet,星阅TAB-39,卖家描述较短：星阅TAB-39可正常使用。,星阅,TAB-39,SN-TAB-000133,H2027-0133,false,false,91,partial,,Level 2,unknown,平台复核,pass,true,true,,true,,检测页摘要：合格。附页参数正常，建议按常规流程上架。,low,PASS,
HC-TAB-0134,holdout,tablet,云图TAB-40,云图TAB-40电子设备，卖家描述为可正常使用。,云图,TAB-40,SN-TAB-000134,H2026-0134,false,false,91,none,,Level 1,unknown,第三方送检,fail,false,false,,true,,初检摘要写明样机功能正常，但复核页补充说明存在持续发热问题。,high,FAIL,battery_safety_concern
HC-TAB-0135,holdout,tablet,星阅TAB-41,星阅TAB-41电子设备，卖家描述为可正常使用。,星阅,TAB-41,SN-TAB-0,H2027-0135,false,false,91,full,,Level 3,compliant,第三方送检,conditional_pass,true,true,,true,,检测摘录显示功能基本正常，但设备识别码仅保留前半段，需人工核验。,medium,REVIEW,
HC-TAB-0136,holdout,tablet,云图TAB-42,卖家宣称全新未拆封，云图TAB-42电子设备，卖家描述为可正常使用。,云图,TAB-42,SN-TAB-000136,H2026-0136,false,true,91,none,,Level 2,unknown,平台复核,fail,true,true,C,true,false,检测页记录存在拆修痕迹，整机可开机，但销售描述与实物状态不一致。,high,FAIL,undisclosed_refurbished_status
HC-TAB-0137,holdout,tablet,云图TAB-43,云图TAB-43电子设备，卖家描述为可正常使用。,云图,TAB-43,SN-TAB-000137,H2027-0137,false,false,91,none,,Level 2,limited,第三方送检,conditional_pass,true,true,,true,,"Summary: device passed basic checks, Final note: manual review required before release.",medium,REVIEW,
HC-TAB-0138,holdout,tablet,星阅TAB-44,官方整备机，星阅TAB-44电子设备，卖家描述为可正常使用。,星阅,TAB-44,SN-TAB-000138,H2026-0138,false,true,91,full,,Level 3,unknown,第三方送检,conditional_pass,true,true,A,true,true,报告正文未直接写明翻新，仅备注更换外壳与电池，建议人工判断披露是否充分。,medium,REVIEW,
HC-TAB-0139,holdout,tablet,星阅TAB-45,星阅TAB-45电子设备，卖家描述为可正常使用。,星阅,TAB-45,SN-TAB-000139,H2027-0139,false,false,91,none,,Level 1,limited,深圳质检中心,conditional_pass,true,false,,true,,基础功能通过，但部分安全指标描述模糊，最终意见改为建议人工复核后再决定是否放行。,medium,REVIEW,battery_safety_concern
HC-TAB-0140,holdout,tablet,星阅TAB-46,卖家描述较短：星阅TAB-46可正常使用。,星阅,TAB-46,SN-TAB-000140,H2026-0140,false,false,91,partial,,Level 3,compliant,第三方送检,pass,true,true,,true,,检测页摘要：合格。附页参数正常，建议按常规流程上架。,low,PASS,
HC-TAB-0141,holdout,tablet,星阅TAB-47,星阅TAB-47电子设备，卖家描述为可正常使用。,星阅,TAB-47,SN-TAB-000141,H2027-0141,false,false,91,full,,Level 2,compliant,第三方送检,fail,false,false,,true,,卖家提供的附件摘要称设备可正常使用，但复核页补充说明存在持续发热问题。,high,FAIL,battery_safety_concern
HC-TAB-0142,holdout,tablet,星阅TAB-48,星阅TAB-48电子设备，卖家描述为可正常使用。,星阅,TAB-48,SN-TAB-0,H2026-0142,false,false,91,full,,Level 2,compliant,深圳质检中心,conditional_pass,true,true,,true,,检测摘录显示功能基本正常，但设备识别码仅保留前半段，需人工核验。,medium,REVIEW,
HC-TAB-0143,holdout,tablet,学伴TAB-49,卖家宣称全新未拆封，学伴TAB-49电子设备，卖家描述为可正常使用。,学伴,TAB-49,SN-TAB-000143,H2027-0143,false,true,91,partial,,Level 3,unknown,平台复核,fail,true,true,B,true,false,检测页记录存在拆修痕迹，整机可开机，但销售描述与实物状态不一致。,high,FAIL,undisclosed_refurbished_status
HC-TAB-0144,holdout,tablet,学伴TAB-50,学伴TAB-50电子设备，卖家描述为可正常使用。,学伴,TAB-50,SN-TAB-000144,H2026-0144,false,false,91,none,,Level 1,unknown,第三方送检,conditional_pass,true,true,,true,,"Summary: device passed basic checks, Supplement: model code mismatch observed in appendix.",medium,REVIEW,
HC-EAR-0145,holdout,earphone,声澜EAR-51,官方整备机，声澜EAR-51电子设备，卖家描述为可正常使用。,声澜,EAR-51,,H2027-0145,false,true,91,none,,Level 2,compliant,深圳质检中心,conditional_pass,true,true,B,true,false,报告正文未直接写明翻新，仅备注更换外壳与电池，建议人工判断披露是否充分。,medium,FAIL,undisclosed_refurbished_status
HC-EAR-0146,holdout,earphone,声澜EAR-52,声澜EAR-52电子设备，卖家描述为可正常使用。,声澜,EAR-52,,H2026-0146,false,false,91,none,,Level 1,compliant,平台复核,conditional_pass,true,false,,true,,基础功能通过，但部分安全指标描述模糊，但备注项较多，需要结合附件人工判断。,medium,REVIEW,battery_safety_concern
HC-EAR-0147,holdout,earphone,静听EAR-53,卖家描述较短：静听EAR-53可正常使用。,静听,EAR-53,,H2027-0147,false,false,91,partial,,Level 2,limited,深圳质检中心,pass,true,true,,true,,检测页摘要：合格。附页参数正常，建议按常规流程上架。,low,PASS,
HC-EAR-0148,holdout,earphone,声澜EAR-54,声澜EAR-54电子设备，卖家描述为可正常使用。,声澜,EAR-54,,H2026-0148,false,false,91,none,,Level 2,limited,第三方送检,fail,false,false,,true,,卖家提供的附件摘要称设备可正常使用，但复核结论指出关键证书信息无法核验。,high,FAIL,battery_safety_concern
HC-EAR-0149,holdout,earphone,静听EAR-55,静听EAR-55电子设备，卖家描述为可正常使用。,静听,EAR-55,,H2027-0149,false,false,91,full,,Level 2,unknown,深圳质检中心,conditional_pass,true,true,,true,,检测摘录显示功能基本正常，但设备识别码仅保留前半段，需人工核验。,medium,REVIEW,missing_device_identifier
HC-EAR-0150,holdout,earphone,静听EAR-56,卖家宣称全新未拆封，静听EAR-56电子设备，卖家描述为可正常使用。,静听,EAR-56,,H2026-0150,false,true,91,none,,Level 1,unknown,深圳质检中心,fail,true,true,B,true,false,检测页记录存在拆修痕迹，整机可开机，但销售描述与实物状态不一致。,high,FAIL,undisclosed_refurbished_status
HC-EAR-0151,holdout,earphone,音幕EAR-57,音幕EAR-57电子设备，卖家描述为可正常使用。,音幕,EAR-57,,H2027-0151,false,false,91,none,,Level 2,limited,深圳质检中心,conditional_pass,true,true,,true,,"Summary: device passed basic checks, Final note: manual review required before release.",medium,REVIEW,
HC-EAR-0152,holdout,earphone,静听EAR-58,官方整备机，静听EAR-58电子设备，卖家描述为可正常使用。,静听,EAR-58,,H2026-0152,false,true,91,none,,Level 1,unknown,平台复核,conditional_pass,true,true,B,true,false,报告正文未直接写明翻新，仅备注更换外壳与电池，建议人工判断披露是否充分。,medium,FAIL,undisclosed_refurbished_status
HC-EAR-0153,holdout,earphone,静听EAR-59,静听EAR-59电子设备，卖家描述为可正常使用。,静听,EAR-59,,H2027-0153,false,false,91,none,,Level 2,compliant,平台复核,conditional_pass,true,false,,true,,基础功能通过，但部分安全指标描述模糊，但备注项较多，需要结合附件人工判断。,medium,REVIEW,battery_safety_concern
HC-EAR-0154,holdout,earphone,声澜EAR-60,卖家描述较短：声澜EAR-60可正常使用。,声澜,EAR-60,,H2026-0154,false,false,91,partial,,Level 1,compliant,平台复核,pass,true,true,,true,,检测页摘要：合格。附页参数正常，建议按常规流程上架。,low,PASS,
HC-EAR-0155,holdout,earphone,音幕EAR-61,音幕EAR-61电子设备，卖家描述为可正常使用。,音幕,EAR-61,,H2027-0155,false,false,91,full,,Level 2,compliant,平台复核,fail,false,false,,true,,卖家提供的附件摘要称设备可正常使用，但后续复检备注明确建议暂缓上架。,high,FAIL,battery_safety_concern
HC-EAR-0156,holdout,earphone,音幕EAR-62,音幕EAR-62电子设备，卖家描述为可正常使用。,音幕,EAR-62,,H2026-0156,false,false,91,full,,Level 2,unknown,深圳质检中心,conditional_pass,true,true,,true,,检测摘录显示功能基本正常，但设备识别码仅保留前半段，需人工核验。,medium,REVIEW,missing_device_identifier
HC-EAR-0157,holdout,earphone,声澜EAR-63,卖家宣称全新未拆封，声澜EAR-63电子设备，卖家描述为可正常使用。,声澜,EAR-63,,H2027-0157,false,true,91,none,,Level 1,unknown,平台复核,fail,true,true,A,true,false,检测页记录存在拆修痕迹，整机可开机，但销售描述与实物状态不一致。,high,FAIL,undisclosed_refurbished_status
HC-EAR-0158,holdout,earphone,音幕EAR-64,音幕EAR-64电子设备，卖家描述为可正常使用。,音幕,EAR-64,,H2026-0158,false,false,91,none,,Level 3,limited,深圳质检中心,conditional_pass,true,true,,true,,"Summary: device passed basic checks, Supplement: model code mismatch observed in appendix.",medium,REVIEW,
HC-EAR-0159,holdout,earphone,音幕EAR-65,官方整备机，音幕EAR-65电子设备，卖家描述为可正常使用。,音幕,EAR-65,,H2027-0159,false,true,91,partial,,Level 1,compliant,平台复核,conditional_pass,true,true,A,true,false,报告正文未直接写明翻新，仅备注更换外壳与电池，建议人工判断披露是否充分。,medium,FAIL,undisclosed_refurbished_status
HC-EAR-0160,holdout,earphone,音幕EAR-66,音幕EAR-66电子设备，卖家描述为可正常使用。,音幕,EAR-66,,H2026-0160,false,false,91,partial,,Level 1,unknown,深圳质检中心,conditional_pass,true,false,,true,,基础功能通过，但部分安全指标描述模糊，但备注项较多，需要结合附件人工判断。,medium,REVIEW,battery_safety_concern
HC-EAR-0161,holdout,earphone,静听EAR-67,卖家描述较短：静听EAR-67可正常使用。,静听,EAR-67,,H2027-0161,false,false,91,partial,,Level 2,unknown,平台复核,pass,true,true,,true,,检测页摘要：合格。附页参数正常，建议按常规流程上架。,low,PASS,
HC-EAR-0162,holdout,earphone,音幕EAR-68,音幕EAR-68电子设备，卖家描述为可正常使用。,音幕,EAR-68,,H2026-0162,false,false,91,partial,,Level 3,compliant,平台复核,fail,false,false,,true,,送检记录第一页显示外观与基本功能合格，但复核结论指出关键证书信息无法核验。,high,FAIL,battery_safety_concern
HC-EAR-0163,holdout,earphone,静听EAR-69,静听EAR-69电子设备，卖家描述为可正常使用。,静听,EAR-69,,H2027-0163,false,false,91,full,,Level 2,unknown,第三方送检,conditional_pass,true,true,,true,,检测摘录显示功能基本正常，但设备识别码仅保留前半段，需人工核验。,medium,REVIEW,missing_device_identifier
HC-EAR-0164,holdout,earphone,音幕EAR-70,卖家宣称全新未拆封，音幕EAR-70电子设备，卖家描述为可正常使用。,音幕,EAR-70,,H2026-0164,false,true,91,full,,Level 3,unknown,平台复核,fail,true,true,A,true,false,检测页记录存在拆修痕迹，整机可开机，但销售描述与实物状态不一致。,high,FAIL,undisclosed_refurbished_status
HC-EAR-0165,holdout,earphone,静听EAR-71,静听EAR-71电子设备，卖家描述为可正常使用。,静听,EAR-71,,H2027-0165,false,false,91,partial,,Level 3,compliant,平台复核,conditional_pass,true,true,,true,,"Summary: device passed basic checks, Final note: manual review required before release.",medium,REVIEW,
HC-EAR-0166,holdout,earphone,声澜EAR-72,官方整备机，声澜EAR-72电子设备，卖家描述为可正常使用。,声澜,EAR-72,,H2026-0166,false,true,91,none,,Level 2,limited,平台复核,conditional_pass,true,true,A,true,true,报告正文未直接写明翻新，仅备注更换外壳与电池，建议人工判断披露是否充分。,medium,REVIEW,
HC-EAR-0167,holdout,earphone,音幕EAR-73,音幕EAR-73电子设备，卖家描述为可正常使用。,音幕,EAR-73,,H2027-0167,false,false,91,partial,,Level 2,unknown,深圳质检中心,conditional_pass,false,false,,true,,基础功能通过，但部分安全指标描述模糊，后页注明可继续流通但必须人工核查披露内容。,medium,REVIEW,battery_safety_concern
HC-EAR-0168,holdout,earphone,音幕EAR-74,卖家描述较短：音幕EAR-74可正常使用。,音幕,EAR-74,,H2026-0168,false,false,91,full,,Level 2,compliant,平台复核,pass,true,true,,true,,检测页摘要：合格。附页参数正常，建议按常规流程上架。,low,PASS,
HC-EAR-0169,holdout,earphone,静听EAR-75,静听EAR-75电子设备，卖家描述为可正常使用。,静听,EAR-75,,H2027-0169,false,false,91,full,,Level 1,limited,平台复核,fail,false,false,,true,,卖家提供的附件摘要称设备可正常使用，但复核页补充说明存在持续发热问题。,high,FAIL,battery_safety_concern
HC-EAR-0170,holdout,earphone,静听EAR-76,静听EAR-76电子设备，卖家描述为可正常使用。,静听,EAR-76,,H2026-0170,false,false,91,full,,Level 2,compliant,平台复核,conditional_pass,true,true,,true,,检测摘录显示功能基本正常，但设备识别码仅保留前半段，需人工核验。,medium,REVIEW,missing_device_identifier
HC-EAR-0171,holdout,earphone,声澜EAR-77,卖家宣称全新未拆封，声澜EAR-77电子设备，卖家描述为可正常使用。,声澜,EAR-77,,H2027-0171,false,true,91,none,,Level 2,limited,第三方送检,fail,true,true,C,true,false,检测页记录存在拆修痕迹，整机可开机，但销售描述与实物状态不一致。,high,FAIL,undisclosed_refurbished_status
HC-EAR-0172,holdout,earphone,静听EAR-78,静听EAR-78电子设备，卖家描述为可正常使用。,静听,EAR-78,,H2026-0172,false,false,91,partial,,Level 2,limited,平台复核,conditional_pass,true,true,,true,,"Summary: device passed basic checks, Supplement: model code mismatch observed in appendix.",medium,REVIEW,
HC-EAR-0173,holdout,earphone,音幕EAR-79,官方整备机，音幕EAR-79电子设备，卖家描述为可正常使用。,音幕,EAR-79,,H2027-0173,false,true,91,full,,Level 1,unknown,深圳质检中心,conditional_pass,true,true,B,true,true,报告正文未直接写明翻新，仅备注更换外壳与电池，建议人工判断披露是否充分。,medium,REVIEW,
HC-EAR-0174,holdout,earphone,音幕EAR-80,音幕EAR-80电子设备，卖家描述为可正常使用。,音幕,EAR-80,,H2026-0174,false,false,91,partial,,Level 1,compliant,深圳质检中心,conditional_pass,false,true,,true,,基础功能通过，但部分安全指标描述模糊，后页注明可继续流通但必须人工核查披露内容。,medium,REVIEW,battery_safety_concern
HC-EAR-0175,holdout,earphone,音幕EAR-81,卖家描述较短：音幕EAR-81可正常使用。,音幕,EAR-81,,H2027-0175,false,false,91,partial,,Level 1,compliant,深圳质检中心,pass,true,true,,true,,检测页摘要：合格。附页参数正常，建议按常规流程上架。,low,PASS,
HC-EAR-0176,holdout,earphone,静听EAR-82,静听EAR-82电子设备，卖家描述为可正常使用。,静听,EAR-82,,H2026-0176,false,false,91,partial,,Level 2,compliant,深圳质检中心,fail,false,false,,true,,卖家提供的附件摘要称设备可正常使用，但复核结论指出关键证书信息无法核验。,high,FAIL,battery_safety_concern
HC-EAR-0177,holdout,earphone,音幕EAR-83,音幕EAR-83电子设备，卖家描述为可正常使用。,音幕,EAR-83,,H2027-0177,false,false,91,full,,Level 2,limited,深圳质检中心,conditional_pass,true,true,,true,,检测摘录显示功能基本正常，但设备识别码仅保留前半段，需人工核验。,medium,REVIEW,missing_device_identifier
HC-EAR-0178,holdout,earphone,声澜EAR-84,卖家宣称全新未拆封，声澜EAR-84电子设备，卖家描述为可正常使用。,声澜,EAR-84,,H2026-0178,false,true,91,partial,,Level 2,unknown,第三方送检,fail,true,true,A,true,false,检测页记录存在拆修痕迹，整机可开机，但销售描述与实物状态不一致。,high,FAIL,undisclosed_refurbished_status
HC-EAR-0179,holdout,earphone,声澜EAR-85,声澜EAR-85电子设备，卖家描述为可正常使用。,声澜,EAR-85,,H2027-0179,false,false,91,partial,,Level 1,limited,深圳质检中心,conditional_pass,true,true,,true,,"Summary: device passed basic checks, Supplement: model code mismatch observed in appendix.",medium,REVIEW,
HC-EAR-0180,holdout,earphone,声澜EAR-86,官方整备机，声澜EAR-86电子设备，卖家描述为可正常使用。,声澜,EAR-86,,H2026-0180,false,true,91,partial,,Level 2,unknown,第三方送检,conditional_pass,true,true,A,true,false,报告正文未直接写明翻新，仅备注更换外壳与电池，建议人工判断披露是否充分。,medium,FAIL,undisclosed_refurbished_status
HC-EAR-0181,holdout,earphone,声澜EAR-87,声澜EAR-87电子设备，卖家描述为可正常使用。,声澜,EAR-87,,H2027-0181,false,false,91,none,,Level 2,limited,平台复核,conditional_pass,false,false,,true,,基础功能通过，但部分安全指标描述模糊，但备注项较多，需要结合附件人工判断。,medium,REVIEW,battery_safety_concern
HC-EAR-0182,holdout,earphone,静听EAR-88,卖家描述较短：静听EAR-88可正常使用。,静听,EAR-88,,H2026-0182,false,false,91,partial,,Level 1,limited,第三方送检,pass,true,true,,true,,检测页摘要：合格。附页参数正常，建议按常规流程上架。,low,PASS,
HC-EAR-0183,holdout,earphone,声澜EAR-89,声澜EAR-89电子设备，卖家描述为可正常使用。,声澜,EAR-89,,H2027-0183,false,false,91,partial,,Level 1,compliant,第三方送检,fail,false,false,,true,,初检摘要写明样机功能正常，但复核结论指出关键证书信息无法核验。,high,FAIL,battery_safety_concern
HC-EAR-0184,holdout,earphone,音幕EAR-90,音幕EAR-90电子设备，卖家描述为可正常使用。,音幕,EAR-90,,H2026-0184,false,false,91,full,,Level 3,limited,深圳质检中心,conditional_pass,true,true,,true,,检测摘录显示功能基本正常，但设备识别码仅保留前半段，需人工核验。,medium,REVIEW,missing_device_identifier
HC-EAR-0185,holdout,earphone,音幕EAR-91,卖家宣称全新未拆封，音幕EAR-91电子设备，卖家描述为可正常使用。,音幕,EAR-91,,H2027-0185,false,true,91,partial,,Level 2,unknown,第三方送检,fail,true,true,C,true,false,检测页记录存在拆修痕迹，整机可开机，但销售描述与实物状态不一致。,high,FAIL,undisclosed_refurbished_status
HC-EAR-0186,holdout,earphone,声澜EAR-92,声澜EAR-92电子设备，卖家描述为可正常使用。,声澜,EAR-92,,H2026-0186,false,false,91,partial,,Level 1,compliant,深圳质检中心,conditional_pass,true,true,,true,,"Summary: device passed basic checks, Final note: manual review required before release.",medium,REVIEW,
HC-EAR-0187,holdout,earphone,静听EAR-93,官方整备机，静听EAR-93电子设备，卖家描述为可正常使用。,静听,EAR-93,,H2027-0187,false,true,91,none,,Level 3,limited,第三方送检,conditional_pass,true,true,B,true,true,报告正文未直接写明翻新，仅备注更换外壳与电池，建议人工判断披露是否充分。,medium,REVIEW,
HC-EAR-0188,holdout,earphone,音幕EAR-94,音幕EAR-94电子设备，卖家描述为可正常使用。,音幕,EAR-94,,H2026-0188,false,false,91,full,,Level 3,compliant,平台复核,conditional_pass,false,true,,true,,基础功能通过，但部分安全指标描述模糊，最终意见改为建议人工复核后再决定是否放行。,medium,REVIEW,battery_safety_concern
HC-EAR-0189,holdout,earphone,静听EAR-95,卖家描述较短：静听EAR-95可正常使用。,静听,EAR-95,,H2027-0189,false,false,91,partial,,Level 3,unknown,深圳质检中心,pass,true,true,,true,,检测页摘要：合格。附页参数正常，建议按常规流程上架。,low,PASS,
HC-EAR-0190,holdout,earphone,声澜EAR-96,声澜EAR-96电子设备，卖家描述为可正常使用。,声澜,EAR-96,,H2026-0190,false,false,91,partial,,Level 3,compliant,深圳质检中心,fail,false,false,,true,,初检摘要写明样机功能正常，但后续复检备注明确建议暂缓上架。,high,FAIL,battery_safety_concern
HC-EAR-0191,holdout,earphone,音幕EAR-97,音幕EAR-97电子设备，卖家描述为可正常使用。,音幕,EAR-97,,H2027-0191,false,false,91,none,,Level 2,limited,深圳质检中心,conditional_pass,true,true,,true,,检测摘录显示功能基本正常，但设备识别码仅保留前半段，需人工核验。,medium,REVIEW,missing_device_identifier
HC-EAR-0192,holdout,earphone,声澜EAR-98,卖家宣称全新未拆封，声澜EAR-98电子设备，卖家描述为可正常使用。,声澜,EAR-98,,H2026-0192,false,true,91,partial,,Level 1,compliant,第三方送检,fail,true,true,A,true,false,检测页记录存在拆修痕迹，整机可开机，但销售描述与实物状态不一致。,high,FAIL,undisclosed_refurbished_status
HC-CHA-0193,holdout,charger,稳电CHA-99,稳电CHA-99电子设备，卖家描述为可正常使用。,稳电,CHA-99,,H2027-0193,false,false,,partial,CCC-CH-00193,Level 1,unknown,深圳质检中心,conditional_pass,,true,,true,,"Summary: device passed basic checks, Supplement: model code mismatch observed in appendix.",medium,REVIEW,
HC-CHA-0194,holdout,charger,稳电CHA-3,官方整备机，稳电CHA-3电子设备，卖家描述为可正常使用。,稳电,CHA-3,,H2026-0194,false,true,,none,CCC-CH-00194,Level 3,limited,平台复核,conditional_pass,,true,A,true,false,报告正文未直接写明翻新，仅备注更换外壳与电池，建议人工判断披露是否充分。,medium,FAIL,undisclosed_refurbished_status
HC-CHA-0195,holdout,charger,速充CHA-4,速充CHA-4电子设备，卖家描述为可正常使用。,速充,CHA-4,,H2027-0195,false,false,,none,CCC-CH-00195,Level 3,compliant,第三方送检,conditional_pass,,true,,true,,基础功能通过，但部分安全指标描述模糊，但备注项较多，需要结合附件人工判断。,medium,REVIEW,
HC-CHA-0196,holdout,charger,稳电CHA-5,卖家描述较短：稳电CHA-5可正常使用。,稳电,CHA-5,,H2026-0196,false,false,,partial,CCC-CH-00196,Level 2,limited,平台复核,pass,,true,,true,,检测页摘要：合格。附页参数正常，建议按常规流程上架。,low,PASS,
HC-CHA-0197,holdout,charger,速充CHA-6,速充CHA-6电子设备，卖家描述为可正常使用。,速充,CHA-6,,H2027-0197,false,false,,partial,CCC-CH-00197,Level 2,compliant,第三方送检,fail,,false,,true,,送检记录第一页显示外观与基本功能合格，但复核页补充说明存在持续发热问题。,high,FAIL,battery_safety_concern
HC-CHA-0198,holdout,charger,速充CHA-7,速充CHA-7电子设备，卖家描述为可正常使用。,速充,CHA-7,,H2026-0198,false,false,,none,CCC-CH-00198,Level 2,limited,平台复核,conditional_pass,,true,,true,,检测摘录显示功能基本正常，但设备识别码仅保留前半段，需人工核验。,medium,REVIEW,missing_device_identifier
HC-CHA-0199,holdout,charger,稳电CHA-8,卖家宣称全新未拆封，稳电CHA-8电子设备，卖家描述为可正常使用。,稳电,CHA-8,,H2027-0199,false,true,,full,CCC-CH-00199,Level 2,unknown,第三方送检,fail,,true,C,true,false,检测页记录存在拆修痕迹，整机可开机，但销售描述与实物状态不一致。,high,FAIL,undisclosed_refurbished_status
HC-CHA-0200,holdout,charger,速充CHA-9,速充CHA-9电子设备，卖家描述为可正常使用。,速充,CHA-9,,H2026-0200,false,false,,full,CCC-CH-00200,Level 2,unknown,平台复核,conditional_pass,,true,,true,,"Summary: device passed basic checks, Thermal retest result remains unstable after 20 cycles.",medium,REVIEW,
HC-CHA-0201,holdout,charger,速充CHA-10,官方整备机，速充CHA-10电子设备，卖家描述为可正常使用。,速充,CHA-10,,H2027-0201,false,true,,partial,CCC-CH-00201,Level 2,compliant,第三方送检,conditional_pass,,true,A,true,true,报告正文未直接写明翻新，仅备注更换外壳与电池，建议人工判断披露是否充分。,medium,REVIEW,
HC-CHA-0202,holdout,charger,速充CHA-11,速充CHA-11电子设备，卖家描述为可正常使用。,速充,CHA-11,,H2026-0202,false,false,,partial,CCC-CH-00202,Level 2,limited,深圳质检中心,conditional_pass,,false,,true,,基础功能通过，但部分安全指标描述模糊，最终意见改为建议人工复核后再决定是否放行。,medium,REVIEW,battery_safety_concern
HC-CHA-0203,holdout,charger,闪擎CHA-12,卖家描述较短：闪擎CHA-12可正常使用。,闪擎,CHA-12,,H2027-0203,false,false,,partial,CCC-CH-00203,Level 2,unknown,深圳质检中心,pass,,true,,true,,检测页摘要：合格。附页参数正常，建议按常规流程上架。,low,PASS,
HC-CHA-0204,holdout,charger,闪擎CHA-13,闪擎CHA-13电子设备，卖家描述为可正常使用。,闪擎,CHA-13,,H2026-0204,false,false,,full,CCC-CH-00204,Level 1,compliant,第三方送检,fail,,false,,true,,初检摘要写明样机功能正常，但后续复检备注明确建议暂缓上架。,high,FAIL,battery_safety_concern
HC-CHA-0205,holdout,charger,闪擎CHA-14,闪擎CHA-14电子设备，卖家描述为可正常使用。,闪擎,CHA-14,,H2027-0205,false,false,,full,CCC-CH-00205,Level 2,compliant,深圳质检中心,conditional_pass,,true,,true,,检测摘录显示功能基本正常，但设备识别码仅保留前半段，需人工核验。,medium,REVIEW,missing_device_identifier
HC-CHA-0206,holdout,charger,闪擎CHA-15,卖家宣称全新未拆封，闪擎CHA-15电子设备，卖家描述为可正常使用。,闪擎,CHA-15,,H2026-0206,false,true,,full,CCC-CH-00206,Level 2,compliant,平台复核,fail,,true,B,true,false,检测页记录存在拆修痕迹，整机可开机，但销售描述与实物状态不一致。,high,FAIL,undisclosed_refurbished_status
HC-CHA-0207,holdout,charger,速充CHA-16,速充CHA-16电子设备，卖家描述为可正常使用。,速充,CHA-16,,H2027-0207,false,false,,none,CCC-CH-00207,Level 1,limited,平台复核,conditional_pass,,true,,true,,"Summary: device passed basic checks, Thermal retest result remains unstable after 20 cycles.",medium,REVIEW,
HC-CHA-0208,holdout,charger,闪擎CHA-17,官方整备机，闪擎CHA-17电子设备，卖家描述为可正常使用。,闪擎,CHA-17,,H2026-0208,false,true,,partial,CCC-CH-00208,Level 2,compliant,平台复核,conditional_pass,,true,B,true,false,报告正文未直接写明翻新，仅备注更换外壳与电池，建议人工判断披露是否充分。,medium,FAIL,undisclosed_refurbished_status
HC-CHA-0209,holdout,charger,速充CHA-18,速充CHA-18电子设备，卖家描述为可正常使用。,速充,CHA-18,,H2027-0209,false,false,,none,CCC-CH-00209,Level 1,compliant,深圳质检中心,conditional_pass,,false,,true,,基础功能通过，但部分安全指标描述模糊，后页注明可继续流通但必须人工核查披露内容。,medium,REVIEW,battery_safety_concern
HC-CHA-0210,holdout,charger,稳电CHA-19,卖家描述较短：稳电CHA-19可正常使用。,稳电,CHA-19,,H2026-0210,false,false,,full,CCC-CH-00210,Level 3,compliant,深圳质检中心,pass,,true,,true,,检测页摘要：合格。附页参数正常，建议按常规流程上架。,low,PASS,
HC-CHA-0211,holdout,charger,速充CHA-20,速充CHA-20电子设备，卖家描述为可正常使用。,速充,CHA-20,,H2027-0211,false,false,,none,CCC-CH-00211,Level 2,compliant,深圳质检中心,fail,,false,,true,,初检摘要写明样机功能正常，但复核页补充说明存在持续发热问题。,high,FAIL,battery_safety_concern
HC-CHA-0212,holdout,charger,速充CHA-21,速充CHA-21电子设备，卖家描述为可正常使用。,速充,CHA-21,,H2026-0212,false,false,,partial,CCC-CH-00212,Level 1,unknown,深圳质检中心,conditional_pass,,true,,true,,检测摘录显示功能基本正常，但设备识别码仅保留前半段，需人工核验。,medium,REVIEW,missing_device_identifier
HC-CHA-0213,holdout,charger,闪擎CHA-22,卖家宣称全新未拆封，闪擎CHA-22电子设备，卖家描述为可正常使用。,闪擎,CHA-22,,H2027-0213,false,true,,full,CCC-CH-00213,Level 3,compliant,平台复核,fail,,true,A,true,false,检测页记录存在拆修痕迹，整机可开机，但销售描述与实物状态不一致。,high,FAIL,undisclosed_refurbished_status
HC-CHA-0214,holdout,charger,稳电CHA-23,稳电CHA-23电子设备，卖家描述为可正常使用。,稳电,CHA-23,,H2026-0214,false,false,,partial,CCC-CH-00214,Level 2,limited,深圳质检中心,conditional_pass,,true,,true,,"Summary: device passed basic checks, Supplement: model code mismatch observed in appendix.",medium,REVIEW,
HC-CHA-0215,holdout,charger,闪擎CHA-24,官方整备机，闪擎CHA-24电子设备，卖家描述为可正常使用。,闪擎,CHA-24,,H2027-0215,false,true,,none,CCC-CH-00215,Level 3,unknown,深圳质检中心,conditional_pass,,true,B,true,false,报告正文未直接写明翻新，仅备注更换外壳与电池，建议人工判断披露是否充分。,medium,FAIL,undisclosed_refurbished_status
HC-CHA-0216,holdout,charger,稳电CHA-25,稳电CHA-25电子设备，卖家描述为可正常使用。,稳电,CHA-25,,H2026-0216,false,false,,full,CCC-CH-00216,Level 1,limited,平台复核,conditional_pass,,false,,true,,基础功能通过，但部分安全指标描述模糊，最终意见改为建议人工复核后再决定是否放行。,medium,REVIEW,battery_safety_concern
HC-CHA-0217,holdout,charger,速充CHA-26,卖家描述较短：速充CHA-26可正常使用。,速充,CHA-26,,H2027-0217,false,false,,partial,CCC-CH-00217,Level 2,compliant,第三方送检,pass,,true,,true,,检测页摘要：合格。附页参数正常，建议按常规流程上架。,low,PASS,
HC-CHA-0218,holdout,charger,稳电CHA-27,稳电CHA-27电子设备，卖家描述为可正常使用。,稳电,CHA-27,,H2026-0218,false,false,,full,CCC-CH-00218,Level 3,limited,深圳质检中心,fail,,false,,true,,送检记录第一页显示外观与基本功能合格，但复核页补充说明存在持续发热问题。,high,FAIL,battery_safety_concern
HC-CHA-0219,holdout,charger,稳电CHA-28,稳电CHA-28电子设备，卖家描述为可正常使用。,稳电,CHA-28,,H2027-0219,false,false,,full,CCC-CH-00219,Level 2,unknown,深圳质检中心,conditional_pass,,true,,true,,检测摘录显示功能基本正常，但设备识别码仅保留前半段，需人工核验。,medium,REVIEW,missing_device_identifier
HC-CHA-0220,holdout,charger,闪擎CHA-29,卖家宣称全新未拆封，闪擎CHA-29电子设备，卖家描述为可正常使用。,闪擎,CHA-29,,H2026-0220,false,true,,none,CCC-CH-00220,Level 1,compliant,第三方送检,fail,,true,B,true,false,检测页记录存在拆修痕迹，整机可开机，但销售描述与实物状态不一致。,high,FAIL,undisclosed_refurbished_status
HC-CHA-0221,holdout,charger,稳电CHA-30,稳电CHA-30电子设备，卖家描述为可正常使用。,稳电,CHA-30,,H2027-0221,false,false,,partial,CCC-CH-00221,Level 1,compliant,平台复核,conditional_pass,,true,,true,,"Summary: device passed basic checks, Thermal retest result remains unstable after 20 cycles.",medium,REVIEW,
HC-CHA-0222,holdout,charger,闪擎CHA-31,官方整备机，闪擎CHA-31电子设备，卖家描述为可正常使用。,闪擎,CHA-31,,H2026-0222,false,true,,full,CCC-CH-00222,Level 3,unknown,第三方送检,conditional_pass,,true,A,true,false,报告正文未直接写明翻新，仅备注更换外壳与电池，建议人工判断披露是否充分。,medium,FAIL,undisclosed_refurbished_status
HC-CHA-0223,holdout,charger,闪擎CHA-32,闪擎CHA-32电子设备，卖家描述为可正常使用。,闪擎,CHA-32,,H2027-0223,false,false,,full,CCC-CH-00223,Level 3,unknown,平台复核,conditional_pass,,true,,true,,基础功能通过，但部分安全指标描述模糊，最终意见改为建议人工复核后再决定是否放行。,medium,REVIEW,
HC-CHA-0224,holdout,charger,速充CHA-33,卖家描述较短：速充CHA-33可正常使用。,速充,CHA-33,,H2026-0224,false,false,,partial,CCC-CH-00224,Level 2,compliant,平台复核,pass,,true,,true,,检测页摘要：合格。附页参数正常，建议按常规流程上架。,low,PASS,
HC-CHA-0225,holdout,charger,闪擎CHA-34,闪擎CHA-34电子设备，卖家描述为可正常使用。,闪擎,CHA-34,,H2027-0225,false,false,,full,CCC-CH-00225,Level 1,limited,深圳质检中心,fail,,false,,true,,卖家提供的附件摘要称设备可正常使用，但复核结论指出关键证书信息无法核验。,high,FAIL,battery_safety_concern
HC-CHA-0226,holdout,charger,闪擎CHA-35,闪擎CHA-35电子设备，卖家描述为可正常使用。,闪擎,CHA-35,,H2026-0226,false,false,,none,CCC-CH-00226,Level 2,limited,平台复核,conditional_pass,,true,,true,,检测摘录显示功能基本正常，但设备识别码仅保留前半段，需人工核验。,medium,REVIEW,missing_device_identifier
HC-CHA-0227,holdout,charger,稳电CHA-36,卖家宣称全新未拆封，稳电CHA-36电子设备，卖家描述为可正常使用。,稳电,CHA-36,,H2027-0227,false,true,,full,CCC-CH-00227,Level 3,compliant,深圳质检中心,fail,,true,A,true,false,检测页记录存在拆修痕迹，整机可开机，但销售描述与实物状态不一致。,high,FAIL,undisclosed_refurbished_status
HC-CHA-0228,holdout,charger,速充CHA-37,速充CHA-37电子设备，卖家描述为可正常使用。,速充,CHA-37,,H2026-0228,false,false,,full,CCC-CH-00228,Level 1,limited,平台复核,conditional_pass,,true,,true,,"Summary: device passed basic checks, Thermal retest result remains unstable after 20 cycles.",medium,REVIEW,
HC-CHA-0229,holdout,charger,稳电CHA-38,官方整备机，稳电CHA-38电子设备，卖家描述为可正常使用。,稳电,CHA-38,,H2027-0229,false,true,,full,CCC-CH-00229,Level 3,compliant,平台复核,conditional_pass,,true,A,true,true,报告正文未直接写明翻新，仅备注更换外壳与电池，建议人工判断披露是否充分。,medium,REVIEW,
HC-CHA-0230,holdout,charger,稳电CHA-39,稳电CHA-39电子设备，卖家描述为可正常使用。,稳电,CHA-39,,H2026-0230,false,false,,none,CCC-CH-00230,Level 3,limited,平台复核,conditional_pass,,true,,true,,基础功能通过，但部分安全指标描述模糊，但备注项较多，需要结合附件人工判断。,medium,REVIEW,
HC-CHA-0231,holdout,charger,速充CHA-40,卖家描述较短：速充CHA-40可正常使用。,速充,CHA-40,,H2027-0231,false,false,,partial,CCC-CH-00231,Level 2,unknown,深圳质检中心,pass,,true,,true,,检测页摘要：合格。附页参数正常，建议按常规流程上架。,low,PASS,
HC-CHA-0232,holdout,charger,稳电CHA-41,稳电CHA-41电子设备，卖家描述为可正常使用。,稳电,CHA-41,,H2026-0232,false,false,,none,CCC-CH-00232,Level 3,compliant,平台复核,fail,,false,,true,,卖家提供的附件摘要称设备可正常使用，但复核结论指出关键证书信息无法核验。,high,FAIL,battery_safety_concern
HC-CHA-0233,holdout,charger,闪擎CHA-42,闪擎CHA-42电子设备，卖家描述为可正常使用。,闪擎,CHA-42,,H2027-0233,false,false,,full,CCC-CH-00233,Level 2,limited,平台复核,conditional_pass,,true,,true,,检测摘录显示功能基本正常，但设备识别码仅保留前半段，需人工核验。,medium,REVIEW,missing_device_identifier
HC-CHA-0234,holdout,charger,闪擎CHA-43,卖家宣称全新未拆封，闪擎CHA-43电子设备，卖家描述为可正常使用。,闪擎,CHA-43,,H2026-0234,false,true,,none,CCC-CH-00234,Level 3,unknown,第三方送检,fail,,true,C,true,false,检测页记录存在拆修痕迹，整机可开机，但销售描述与实物状态不一致。,high,FAIL,undisclosed_refurbished_status
HC-CHA-0235,holdout,charger,闪擎CHA-44,闪擎CHA-44电子设备，卖家描述为可正常使用。,闪擎,CHA-44,,H2027-0235,false,false,,full,CCC-CH-00235,Level 3,unknown,第三方送检,conditional_pass,,true,,true,,"Summary: device passed basic checks, Final note: manual review required before release.",medium,REVIEW,
HC-CHA-0236,holdout,charger,速充CHA-45,官方整备机，速充CHA-45电子设备，卖家描述为可正常使用。,速充,CHA-45,,H2026-0236,false,true,,partial,CCC-CH-00236,Level 1,unknown,深圳质检中心,conditional_pass,,true,A,true,true,报告正文未直接写明翻新，仅备注更换外壳与电池，建议人工判断披露是否充分。,medium,REVIEW,
HC-CHA-0237,holdout,charger,稳电CHA-46,稳电CHA-46电子设备，卖家描述为可正常使用。,稳电,CHA-46,,H2027-0237,false,false,,none,CCC-CH-00237,Level 1,limited,第三方送检,conditional_pass,,false,,true,,基础功能通过，但部分安全指标描述模糊，最终意见改为建议人工复核后再决定是否放行。,medium,REVIEW,battery_safety_concern
HC-CHA-0238,holdout,charger,稳电CHA-47,卖家描述较短：稳电CHA-47可正常使用。,稳电,CHA-47,,H2026-0238,false,false,,partial,CCC-CH-00238,Level 2,compliant,第三方送检,pass,,true,,true,,检测页摘要：合格。附页参数正常，建议按常规流程上架。,low,PASS,
HC-CHA-0239,holdout,charger,闪擎CHA-48,闪擎CHA-48电子设备，卖家描述为可正常使用。,闪擎,CHA-48,,H2027-0239,false,false,,full,CCC-CH-00239,Level 3,unknown,深圳质检中心,fail,,false,,true,,送检记录第一页显示外观与基本功能合格，但复核结论指出关键证书信息无法核验。,high,FAIL,battery_safety_concern
HC-CHA-0240,holdout,charger,稳电CHA-49,稳电CHA-49电子设备，卖家描述为可正常使用。,稳电,CHA-49,,H2026-0240,false,false,,full,CCC-CH-00240,Level 3,limited,第三方送检,conditional_pass,,true,,true,,检测摘录显示功能基本正常，但设备识别码仅保留前半段，需人工核验。,medium,REVIEW,missing_device_identifier
HC-POW-0241,holdout,power_bank,航电POW-50,卖家宣称全新未拆封，航电POW-50电子设备，卖家描述为可正常使用。,航电,POW-50,,H2027-0241,false,true,91,partial,CCC-PO-00241,Level 1,limited,平台复核,fail,true,,A,true,false,检测页记录存在拆修痕迹，整机可开机，但销售描述与实物状态不一致。,high,FAIL,undisclosed_refurbished_status
HC-POW-0242,holdout,power_bank,航电POW-51,航电POW-51电子设备，卖家描述为可正常使用。,航电,POW-51,,H2026-0242,false,false,91,none,CCC-PO-00242,Level 2,limited,平台复核,conditional_pass,true,,,true,,"Summary: device passed basic checks, Final note: manual review required before release.",medium,REVIEW,
HC-POW-0243,holdout,power_bank,随行POW-52,官方整备机，随行POW-52电子设备，卖家描述为可正常使用。,随行,POW-52,,H2027-0243,false,true,91,partial,CCC-PO-00243,Level 2,compliant,深圳质检中心,conditional_pass,true,,A,true,true,报告正文未直接写明翻新，仅备注更换外壳与电池，建议人工判断披露是否充分。,medium,REVIEW,
HC-POW-0244,holdout,power_bank,随行POW-53,随行POW-53电子设备，卖家描述为可正常使用。,随行,POW-53,,H2026-0244,false,false,91,none,CCC-PO-00244,Level 1,limited,第三方送检,conditional_pass,false,,,true,,基础功能通过，但部分安全指标描述模糊，后页注明可继续流通但必须人工核查披露内容。,medium,REVIEW,battery_safety_concern
HC-POW-0245,holdout,power_bank,航电POW-54,卖家描述较短：航电POW-54可正常使用。,航电,POW-54,,H2027-0245,false,false,91,full,CCC-PO-00245,Level 2,unknown,平台复核,pass,true,,,true,,检测页摘要：合格。附页参数正常，建议按常规流程上架。,low,PASS,
HC-POW-0246,holdout,power_bank,电量MaxPOW-55,电量MaxPOW-55电子设备，卖家描述为可正常使用。,电量Max,POW-55,,H2026-0246,false,false,91,none,CCC-PO-00246,Level 3,compliant,第三方送检,fail,false,,,true,,卖家提供的附件摘要称设备可正常使用，但复核结论指出关键证书信息无法核验。,high,FAIL,battery_safety_concern
HC-POW-0247,holdout,power_bank,电量MaxPOW-56,电量MaxPOW-56电子设备，卖家描述为可正常使用。,电量Max,POW-56,,H2027-0247,false,false,91,none,CCC-PO-00247,Level 2,limited,第三方送检,conditional_pass,true,,,true,,检测摘录显示功能基本正常，但设备识别码仅保留前半段，需人工核验。,medium,REVIEW,missing_device_identifier
HC-POW-0248,holdout,power_bank,随行POW-57,卖家宣称全新未拆封，随行POW-57电子设备，卖家描述为可正常使用。,随行,POW-57,,H2026-0248,false,true,91,partial,CCC-PO-00248,Level 3,compliant,平台复核,fail,true,,B,true,false,检测页记录存在拆修痕迹，整机可开机，但销售描述与实物状态不一致。,high,FAIL,undisclosed_refurbished_status
HC-POW-0249,holdout,power_bank,航电POW-58,航电POW-58电子设备，卖家描述为可正常使用。,航电,POW-58,,H2027-0249,false,false,91,partial,CCC-PO-00249,Level 3,limited,第三方送检,conditional_pass,true,,,true,,"Summary: device passed basic checks, Final note: manual review required before release.",medium,REVIEW,
HC-POW-0250,holdout,power_bank,航电POW-59,官方整备机，航电POW-59电子设备，卖家描述为可正常使用。,航电,POW-59,,H2026-0250,false,true,91,none,CCC-PO-00250,Level 1,unknown,深圳质检中心,conditional_pass,true,,B,true,true,报告正文未直接写明翻新，仅备注更换外壳与电池，建议人工判断披露是否充分。,medium,REVIEW,
HC-POW-0251,holdout,power_bank,航电POW-60,航电POW-60电子设备，卖家描述为可正常使用。,航电,POW-60,,H2027-0251,false,false,91,none,CCC-PO-00251,Level 1,compliant,平台复核,conditional_pass,false,,,true,,基础功能通过，但部分安全指标描述模糊，后页注明可继续流通但必须人工核查披露内容。,medium,REVIEW,battery_safety_concern
HC-POW-0252,holdout,power_bank,电量MaxPOW-61,卖家描述较短：电量MaxPOW-61可正常使用。,电量Max,POW-61,,H2026-0252,false,false,91,full,CCC-PO-00252,Level 3,compliant,深圳质检中心,pass,true,,,true,,检测页摘要：合格。附页参数正常，建议按常规流程上架。,low,PASS,
HC-POW-0253,holdout,power_bank,航电POW-62,航电POW-62电子设备，卖家描述为可正常使用。,航电,POW-62,,H2027-0253,false,false,91,none,CCC-PO-00253,Level 2,limited,平台复核,fail,false,,,true,,送检记录第一页显示外观与基本功能合格，但复核结论指出关键证书信息无法核验。,high,FAIL,battery_safety_concern
HC-POW-0254,holdout,power_bank,随行POW-63,随行POW-63电子设备，卖家描述为可正常使用。,随行,POW-63,,H2026-0254,false,false,91,full,CCC-PO-00254,Level 1,unknown,深圳质检中心,conditional_pass,true,,,true,,检测摘录显示功能基本正常，但设备识别码仅保留前半段，需人工核验。,medium,REVIEW,missing_device_identifier
HC-POW-0255,holdout,power_bank,电量MaxPOW-64,卖家宣称全新未拆封，电量MaxPOW-64电子设备，卖家描述为可正常使用。,电量Max,POW-64,,H2027-0255,false,true,91,full,CCC-PO-00255,Level 2,compliant,第三方送检,fail,true,,C,true,false,检测页记录存在拆修痕迹，整机可开机，但销售描述与实物状态不一致。,high,FAIL,undisclosed_refurbished_status
HC-POW-0256,holdout,power_bank,电量MaxPOW-65,电量MaxPOW-65电子设备，卖家描述为可正常使用。,电量Max,POW-65,,H2026-0256,false,false,91,partial,CCC-PO-00256,Level 1,limited,平台复核,conditional_pass,true,,,true,,"Summary: device passed basic checks, Supplement: model code mismatch observed in appendix.",medium,REVIEW,
HC-POW-0257,holdout,power_bank,随行POW-66,官方整备机，随行POW-66电子设备，卖家描述为可正常使用。,随行,POW-66,,H2027-0257,false,true,91,partial,CCC-PO-00257,Level 3,unknown,平台复核,conditional_pass,true,,B,true,false,报告正文未直接写明翻新，仅备注更换外壳与电池，建议人工判断披露是否充分。,medium,FAIL,undisclosed_refurbished_status
HC-POW-0258,holdout,power_bank,随行POW-67,随行POW-67电子设备，卖家描述为可正常使用。,随行,POW-67,,H2026-0258,false,false,91,full,CCC-PO-00258,Level 1,compliant,第三方送检,conditional_pass,true,,,true,,基础功能通过，但部分安全指标描述模糊，最终意见改为建议人工复核后再决定是否放行。,medium,REVIEW,
HC-POW-0259,holdout,power_bank,随行POW-68,卖家描述较短：随行POW-68可正常使用。,随行,POW-68,,H2027-0259,false,false,91,full,CCC-PO-00259,Level 3,compliant,平台复核,pass,true,,,true,,检测页摘要：合格。附页参数正常，建议按常规流程上架。,low,PASS,
HC-POW-0260,holdout,power_bank,航电POW-69,航电POW-69电子设备，卖家描述为可正常使用。,航电,POW-69,,H2026-0260,false,false,91,none,CCC-PO-00260,Level 2,limited,深圳质检中心,fail,false,,,true,,初检摘要写明样机功能正常，但后续复检备注明确建议暂缓上架。,high,FAIL,battery_safety_concern
HC-POW-0261,holdout,power_bank,航电POW-70,航电POW-70电子设备，卖家描述为可正常使用。,航电,POW-70,,H2027-0261,false,false,91,full,CCC-PO-00261,Level 1,limited,平台复核,conditional_pass,true,,,true,,检测摘录显示功能基本正常，但设备识别码仅保留前半段，需人工核验。,medium,REVIEW,missing_device_identifier
HC-POW-0262,holdout,power_bank,电量MaxPOW-71,卖家宣称全新未拆封，电量MaxPOW-71电子设备，卖家描述为可正常使用。,电量Max,POW-71,,H2026-0262,false,true,91,partial,CCC-PO-00262,Level 3,unknown,平台复核,fail,true,,A,true,false,检测页记录存在拆修痕迹，整机可开机，但销售描述与实物状态不一致。,high,FAIL,undisclosed_refurbished_status
HC-POW-0263,holdout,power_bank,电量MaxPOW-72,电量MaxPOW-72电子设备，卖家描述为可正常使用。,电量Max,POW-72,,H2027-0263,false,false,91,full,CCC-PO-00263,Level 3,compliant,深圳质检中心,conditional_pass,true,,,true,,"Summary: device passed basic checks, Thermal retest result remains unstable after 20 cycles.",medium,REVIEW,
HC-POW-0264,holdout,power_bank,航电POW-73,官方整备机，航电POW-73电子设备，卖家描述为可正常使用。,航电,POW-73,,H2026-0264,false,true,91,partial,CCC-PO-00264,Level 1,compliant,平台复核,conditional_pass,true,,A,true,true,报告正文未直接写明翻新，仅备注更换外壳与电池，建议人工判断披露是否充分。,medium,REVIEW,
HC-POW-0265,holdout,power_bank,随行POW-74,随行POW-74电子设备，卖家描述为可正常使用。,随行,POW-74,,H2027-0265,false,false,91,partial,CCC-PO-00265,Level 2,limited,深圳质检中心,conditional_pass,true,,,true,,基础功能通过，但部分安全指标描述模糊，后页注明可继续流通但必须人工核查披露内容。,medium,REVIEW,
HC-POW-0266,holdout,power_bank,随行POW-75,卖家描述较短：随行POW-75可正常使用。,随行,POW-75,,H2026-0266,false,false,91,full,CCC-PO-00266,Level 3,compliant,深圳质检中心,pass,true,,,true,,检测页摘要：合格。附页参数正常，建议按常规流程上架。,low,PASS,
HC-POW-0267,holdout,power_bank,电量MaxPOW-76,电量MaxPOW-76电子设备，卖家描述为可正常使用。,电量Max,POW-76,,H2027-0267,false,false,91,full,CCC-PO-00267,Level 1,limited,平台复核,fail,false,,,true,,送检记录第一页显示外观与基本功能合格，但复核结论指出关键证书信息无法核验。,high,FAIL,battery_safety_concern
HC-POW-0268,holdout,power_bank,随行POW-77,随行POW-77电子设备，卖家描述为可正常使用。,随行,POW-77,,H2026-0268,false,false,91,none,CCC-PO-00268,Level 3,limited,深圳质检中心,conditional_pass,true,,,true,,检测摘录显示功能基本正常，但设备识别码仅保留前半段，需人工核验。,medium,REVIEW,missing_device_identifier
HC-POW-0269,holdout,power_bank,电量MaxPOW-78,卖家宣称全新未拆封，电量MaxPOW-78电子设备，卖家描述为可正常使用。,电量Max,POW-78,,H2027-0269,false,true,91,partial,CCC-PO-00269,Level 2,unknown,平台复核,fail,true,,A,true,false,检测页记录存在拆修痕迹，整机可开机，但销售描述与实物状态不一致。,high,FAIL,undisclosed_refurbished_status
HC-POW-0270,holdout,power_bank,航电POW-79,航电POW-79电子设备，卖家描述为可正常使用。,航电,POW-79,,H2026-0270,false,false,91,partial,CCC-PO-00270,Level 2,unknown,深圳质检中心,conditional_pass,true,,,true,,"Summary: device passed basic checks, Final note: manual review required before release.",medium,REVIEW,
HC-POW-0271,holdout,power_bank,电量MaxPOW-80,官方整备机，电量MaxPOW-80电子设备，卖家描述为可正常使用。,电量Max,POW-80,,H2027-0271,false,true,91,partial,CCC-PO-00271,Level 2,compliant,深圳质检中心,conditional_pass,true,,A,true,false,报告正文未直接写明翻新，仅备注更换外壳与电池，建议人工判断披露是否充分。,medium,FAIL,undisclosed_refurbished_status
HC-POW-0272,holdout,power_bank,随行POW-81,随行POW-81电子设备，卖家描述为可正常使用。,随行,POW-81,,H2026-0272,false,false,91,none,CCC-PO-00272,Level 2,limited,深圳质检中心,conditional_pass,false,,,true,,基础功能通过，但部分安全指标描述模糊，最终意见改为建议人工复核后再决定是否放行。,medium,REVIEW,battery_safety_concern
HC-POW-0273,holdout,power_bank,电量MaxPOW-82,卖家描述较短：电量MaxPOW-82可正常使用。,电量Max,POW-82,,H2027-0273,false,false,91,partial,CCC-PO-00273,Level 3,unknown,第三方送检,pass,true,,,true,,检测页摘要：合格。附页参数正常，建议按常规流程上架。,low,PASS,
HC-POW-0274,holdout,power_bank,电量MaxPOW-83,电量MaxPOW-83电子设备，卖家描述为可正常使用。,电量Max,POW-83,,H2026-0274,false,false,91,none,CCC-PO-00274,Level 3,unknown,平台复核,fail,false,,,true,,初检摘要写明样机功能正常，但复核结论指出关键证书信息无法核验。,high,FAIL,battery_safety_concern
HC-POW-0275,holdout,power_bank,航电POW-84,航电POW-84电子设备，卖家描述为可正常使用。,航电,POW-84,,H2027-0275,false,false,91,none,CCC-PO-00275,Level 2,limited,第三方送检,conditional_pass,true,,,true,,检测摘录显示功能基本正常，但设备识别码仅保留前半段，需人工核验。,medium,REVIEW,missing_device_identifier
HC-POW-0276,holdout,power_bank,随行POW-85,卖家宣称全新未拆封，随行POW-85电子设备，卖家描述为可正常使用。,随行,POW-85,,H2026-0276,false,true,91,full,CCC-PO-00276,Level 3,unknown,平台复核,fail,true,,A,true,false,检测页记录存在拆修痕迹，整机可开机，但销售描述与实物状态不一致。,high,FAIL,undisclosed_refurbished_status
HC-POW-0277,holdout,power_bank,航电POW-86,航电POW-86电子设备，卖家描述为可正常使用。,航电,POW-86,,H2027-0277,false,false,91,none,CCC-PO-00277,Level 3,unknown,深圳质检中心,conditional_pass,true,,,true,,"Summary: device passed basic checks, Supplement: model code mismatch observed in appendix.",medium,REVIEW,
HC-POW-0278,holdout,power_bank,电量MaxPOW-87,官方整备机，电量MaxPOW-87电子设备，卖家描述为可正常使用。,电量Max,POW-87,,H2026-0278,false,true,91,full,CCC-PO-00278,Level 1,unknown,第三方送检,conditional_pass,true,,B,true,false,报告正文未直接写明翻新，仅备注更换外壳与电池，建议人工判断披露是否充分。,medium,FAIL,undisclosed_refurbished_status
HC-POW-0279,holdout,power_bank,电量MaxPOW-88,电量MaxPOW-88电子设备，卖家描述为可正常使用。,电量Max,POW-88,,H2027-0279,false,false,91,partial,CCC-PO-00279,Level 3,unknown,第三方送检,conditional_pass,false,,,true,,基础功能通过，但部分安全指标描述模糊，但备注项较多，需要结合附件人工判断。,medium,REVIEW,battery_safety_concern
HC-POW-0280,holdout,power_bank,电量MaxPOW-89,卖家描述较短：电量MaxPOW-89可正常使用。,电量Max,POW-89,,H2026-0280,false,false,91,full,CCC-PO-00280,Level 3,unknown,平台复核,pass,true,,,true,,检测页摘要：合格。附页参数正常，建议按常规流程上架。,low,PASS,
HC-POW-0281,holdout,power_bank,电量MaxPOW-90,电量MaxPOW-90电子设备，卖家描述为可正常使用。,电量Max,POW-90,,H2027-0281,false,false,91,partial,CCC-PO-00281,Level 1,limited,深圳质检中心,fail,false,,,true,,卖家提供的附件摘要称设备可正常使用，但复核结论指出关键证书信息无法核验。,high,FAIL,battery_safety_concern
HC-POW-0282,holdout,power_bank,电量MaxPOW-91,电量MaxPOW-91电子设备，卖家描述为可正常使用。,电量Max,POW-91,,H2026-0282,false,false,91,partial,CCC-PO-00282,Level 1,limited,深圳质检中心,conditional_pass,true,,,true,,检测摘录显示功能基本正常，但设备识别码仅保留前半段，需人工核验。,medium,REVIEW,missing_device_identifier
HC-POW-0283,holdout,power_bank,随行POW-92,卖家宣称全新未拆封，随行POW-92电子设备，卖家描述为可正常使用。,随行,POW-92,,H2027-0283,false,true,91,partial,CCC-PO-00283,Level 1,unknown,第三方送检,fail,true,,C,true,false,检测页记录存在拆修痕迹，整机可开机，但销售描述与实物状态不一致。,high,FAIL,undisclosed_refurbished_status
HC-POW-0284,holdout,power_bank,电量MaxPOW-93,电量MaxPOW-93电子设备，卖家描述为可正常使用。,电量Max,POW-93,,H2026-0284,false,false,91,full,CCC-PO-00284,Level 1,limited,第三方送检,conditional_pass,true,,,true,,"Summary: device passed basic checks, Final note: manual review required before release.",medium,REVIEW,
HC-POW-0285,holdout,power_bank,电量MaxPOW-94,官方整备机，电量MaxPOW-94电子设备，卖家描述为可正常使用。,电量Max,POW-94,,H2027-0285,false,true,91,none,CCC-PO-00285,Level 2,limited,第三方送检,conditional_pass,true,,B,true,false,报告正文未直接写明翻新，仅备注更换外壳与电池，建议人工判断披露是否充分。,medium,FAIL,undisclosed_refurbished_status
HC-POW-0286,holdout,power_bank,随行POW-95,随行POW-95电子设备，卖家描述为可正常使用。,随行,POW-95,,H2026-0286,false,false,91,partial,CCC-PO-00286,Level 2,limited,平台复核,conditional_pass,true,,,true,,基础功能通过，但部分安全指标描述模糊，后页注明可继续流通但必须人工核查披露内容。,medium,REVIEW,
HC-POW-0287,holdout,power_bank,航电POW-96,卖家描述较短：航电POW-96可正常使用。,航电,POW-96,,H2027-0287,false,false,91,full,CCC-PO-00287,Level 1,compliant,平台复核,pass,true,,,true,,检测页摘要：合格。附页参数正常，建议按常规流程上架。,low,PASS,
HC-POW-0288,holdout,power_bank,航电POW-97,航电POW-97电子设备，卖家描述为可正常使用。,航电,POW-97,,H2026-0288,false,false,91,partial,CCC-PO-00288,Level 2,limited,第三方送检,fail,false,,,true,,初检摘要写明样机功能正常，但复核结论指出关键证书信息无法核验。,high,FAIL,battery_safety_concern
HC-SMA-0289,holdout,smart_watch,腕航SMA-98,腕航SMA-98电子设备，卖家描述为可正常使用。,腕航,SMA-98,SN-SMA-0,H2027-0289,false,false,91,full,,Level 1,compliant,平台复核,conditional_pass,true,true,,true,,检测摘录显示功能基本正常，但设备识别码仅保留前半段，需人工核验。,medium,REVIEW,
HC-SMA-0290,holdout,smart_watch,曜动SMA-99,卖家宣称全新未拆封，曜动SMA-99电子设备，卖家描述为可正常使用。,曜动,SMA-99,SN-SMA-000290,H2026-0290,false,true,91,full,,Level 3,limited,平台复核,fail,true,true,A,true,false,检测页记录存在拆修痕迹，整机可开机，但销售描述与实物状态不一致。,high,FAIL,undisclosed_refurbished_status
HC-SMA-0291,holdout,smart_watch,腕航SMA-3,腕航SMA-3电子设备，卖家描述为可正常使用。,腕航,SMA-3,SN-SMA-000291,H2027-0291,false,false,91,partial,,Level 3,compliant,第三方送检,conditional_pass,true,true,,true,,"Summary: device passed basic checks, Final note: manual review required before release.",medium,REVIEW,
HC-SMA-0292,holdout,smart_watch,智步SMA-4,官方整备机，智步SMA-4电子设备，卖家描述为可正常使用。,智步,SMA-4,SN-SMA-000292,H2026-0292,false,true,91,none,,Level 1,unknown,平台复核,conditional_pass,true,true,B,true,true,报告正文未直接写明翻新，仅备注更换外壳与电池，建议人工判断披露是否充分。,medium,REVIEW,
HC-SMA-0293,holdout,smart_watch,腕航SMA-5,腕航SMA-5电子设备，卖家描述为可正常使用。,腕航,SMA-5,SN-SMA-000293,H2027-0293,false,false,91,partial,,Level 1,limited,平台复核,conditional_pass,false,true,,true,,基础功能通过，但部分安全指标描述模糊，最终意见改为建议人工复核后再决定是否放行。,medium,REVIEW,battery_safety_concern
HC-SMA-0294,holdout,smart_watch,曜动SMA-6,卖家描述较短：曜动SMA-6可正常使用。,曜动,SMA-6,SN-SMA-000294,H2026-0294,false,false,91,full,,Level 2,limited,深圳质检中心,pass,true,true,,true,,检测页摘要：合格。附页参数正常，建议按常规流程上架。,low,PASS,
HC-SMA-0295,holdout,smart_watch,智步SMA-7,智步SMA-7电子设备，卖家描述为可正常使用。,智步,SMA-7,SN-SMA-000295,H2027-0295,false,false,91,partial,,Level 3,unknown,第三方送检,fail,false,false,,true,,卖家提供的附件摘要称设备可正常使用，但复核页补充说明存在持续发热问题。,high,FAIL,battery_safety_concern
HC-SMA-0296,holdout,smart_watch,智步SMA-8,智步SMA-8电子设备，卖家描述为可正常使用。,智步,SMA-8,SN-SMA-0,H2026-0296,false,false,91,none,,Level 3,unknown,第三方送检,conditional_pass,true,true,,true,,检测摘录显示功能基本正常，但设备识别码仅保留前半段，需人工核验。,medium,REVIEW,
HC-SMA-0297,holdout,smart_watch,腕航SMA-9,卖家宣称全新未拆封，腕航SMA-9电子设备，卖家描述为可正常使用。,腕航,SMA-9,SN-SMA-000297,H2027-0297,false,true,91,full,,Level 3,compliant,深圳质检中心,fail,true,true,C,true,false,检测页记录存在拆修痕迹，整机可开机，但销售描述与实物状态不一致。,high,FAIL,undisclosed_refurbished_status
HC-SMA-0298,holdout,smart_watch,智步SMA-10,智步SMA-10电子设备，卖家描述为可正常使用。,智步,SMA-10,SN-SMA-000298,H2026-0298,false,false,91,full,,Level 3,limited,平台复核,conditional_pass,true,true,,true,,"Summary: device passed basic checks, Supplement: model code mismatch observed in appendix.",medium,REVIEW,
HC-SMA-0299,holdout,smart_watch,智步SMA-11,官方整备机，智步SMA-11电子设备，卖家描述为可正常使用。,智步,SMA-11,SN-SMA-000299,H2027-0299,false,true,91,partial,,Level 2,compliant,平台复核,conditional_pass,true,true,A,true,false,报告正文未直接写明翻新，仅备注更换外壳与电池，建议人工判断披露是否充分。,medium,FAIL,undisclosed_refurbished_status
HC-SMA-0300,holdout,smart_watch,智步SMA-12,智步SMA-12电子设备，卖家描述为可正常使用。,智步,SMA-12,SN-SMA-000300,H2026-0300,false,false,91,full,,Level 3,limited,深圳质检中心,conditional_pass,true,false,,true,,基础功能通过，但部分安全指标描述模糊，后页注明可继续流通但必须人工核查披露内容。,medium,REVIEW,battery_safety_concern
HC-SMA-0301,holdout,smart_watch,曜动SMA-13,卖家描述较短：曜动SMA-13可正常使用。,曜动,SMA-13,SN-SMA-000301,H2027-0301,false,false,91,partial,,Level 3,compliant,深圳质检中心,pass,true,true,,true,,检测页摘要：合格。附页参数正常，建议按常规流程上架。,low,PASS,
HC-SMA-0302,holdout,smart_watch,智步SMA-14,智步SMA-14电子设备，卖家描述为可正常使用。,智步,SMA-14,SN-SMA-000302,H2026-0302,false,false,91,none,,Level 2,limited,深圳质检中心,fail,false,false,,true,,初检摘要写明样机功能正常，但复核页补充说明存在持续发热问题。,high,FAIL,battery_safety_concern
HC-SMA-0303,holdout,smart_watch,腕航SMA-15,腕航SMA-15电子设备，卖家描述为可正常使用。,腕航,SMA-15,SN-SMA-0,H2027-0303,false,false,91,none,,Level 2,compliant,第三方送检,conditional_pass,true,true,,true,,检测摘录显示功能基本正常，但设备识别码仅保留前半段，需人工核验。,medium,REVIEW,
HC-SMA-0304,holdout,smart_watch,智步SMA-16,卖家宣称全新未拆封，智步SMA-16电子设备，卖家描述为可正常使用。,智步,SMA-16,SN-SMA-000304,H2026-0304,false,true,91,full,,Level 3,compliant,第三方送检,fail,true,true,A,true,false,检测页记录存在拆修痕迹，整机可开机，但销售描述与实物状态不一致。,high,FAIL,undisclosed_refurbished_status
HC-SMA-0305,holdout,smart_watch,智步SMA-17,智步SMA-17电子设备，卖家描述为可正常使用。,智步,SMA-17,SN-SMA-000305,H2027-0305,false,false,91,partial,,Level 3,limited,深圳质检中心,conditional_pass,true,true,,true,,"Summary: device passed basic checks, Supplement: model code mismatch observed in appendix.",medium,REVIEW,
HC-SMA-0306,holdout,smart_watch,腕航SMA-18,官方整备机，腕航SMA-18电子设备，卖家描述为可正常使用。,腕航,SMA-18,SN-SMA-000306,H2026-0306,false,true,91,none,,Level 1,limited,平台复核,conditional_pass,true,true,B,true,false,报告正文未直接写明翻新，仅备注更换外壳与电池，建议人工判断披露是否充分。,medium,FAIL,undisclosed_refurbished_status
HC-SMA-0307,holdout,smart_watch,腕航SMA-19,腕航SMA-19电子设备，卖家描述为可正常使用。,腕航,SMA-19,SN-SMA-000307,H2027-0307,false,false,91,full,,Level 2,limited,深圳质检中心,conditional_pass,false,true,,true,,基础功能通过，但部分安全指标描述模糊，但备注项较多，需要结合附件人工判断。,medium,REVIEW,battery_safety_concern
HC-SMA-0308,holdout,smart_watch,腕航SMA-20,卖家描述较短：腕航SMA-20可正常使用。,腕航,SMA-20,SN-SMA-000308,H2026-0308,false,false,91,full,,Level 1,limited,深圳质检中心,pass,true,true,,true,,检测页摘要：合格。附页参数正常，建议按常规流程上架。,low,PASS,
HC-SMA-0309,holdout,smart_watch,曜动SMA-21,曜动SMA-21电子设备，卖家描述为可正常使用。,曜动,SMA-21,SN-SMA-000309,H2027-0309,false,false,91,none,,Level 2,limited,平台复核,fail,false,false,,true,,送检记录第一页显示外观与基本功能合格，但复核页补充说明存在持续发热问题。,high,FAIL,battery_safety_concern
HC-SMA-0310,holdout,smart_watch,腕航SMA-22,腕航SMA-22电子设备，卖家描述为可正常使用。,腕航,SMA-22,SN-SMA-0,H2026-0310,false,false,91,partial,,Level 2,unknown,深圳质检中心,conditional_pass,true,true,,true,,检测摘录显示功能基本正常，但设备识别码仅保留前半段，需人工核验。,medium,REVIEW,
HC-SMA-0311,holdout,smart_watch,曜动SMA-23,卖家宣称全新未拆封，曜动SMA-23电子设备，卖家描述为可正常使用。,曜动,SMA-23,SN-SMA-000311,H2027-0311,false,true,91,partial,,Level 1,limited,深圳质检中心,fail,true,true,B,true,false,检测页记录存在拆修痕迹，整机可开机，但销售描述与实物状态不一致。,high,FAIL,undisclosed_refurbished_status
HC-SMA-0312,holdout,smart_watch,智步SMA-24,智步SMA-24电子设备，卖家描述为可正常使用。,智步,SMA-24,SN-SMA-000312,H2026-0312,false,false,91,partial,,Level 2,compliant,平台复核,conditional_pass,true,true,,true,,"Summary: device passed basic checks, Thermal retest result remains unstable after 20 cycles.",medium,REVIEW,
HC-SMA-0313,holdout,smart_watch,腕航SMA-25,官方整备机，腕航SMA-25电子设备，卖家描述为可正常使用。,腕航,SMA-25,SN-SMA-000313,H2027-0313,false,true,91,full,,Level 3,limited,第三方送检,conditional_pass,true,true,B,true,false,报告正文未直接写明翻新，仅备注更换外壳与电池，建议人工判断披露是否充分。,medium,FAIL,undisclosed_refurbished_status
HC-SMA-0314,holdout,smart_watch,腕航SMA-26,腕航SMA-26电子设备，卖家描述为可正常使用。,腕航,SMA-26,SN-SMA-000314,H2026-0314,false,false,91,none,,Level 1,unknown,深圳质检中心,conditional_pass,true,false,,true,,基础功能通过，但部分安全指标描述模糊，后页注明可继续流通但必须人工核查披露内容。,medium,REVIEW,battery_safety_concern
HC-SMA-0315,holdout,smart_watch,腕航SMA-27,卖家描述较短：腕航SMA-27可正常使用。,腕航,SMA-27,SN-SMA-000315,H2027-0315,false,false,91,full,,Level 3,limited,第三方送检,pass,true,true,,true,,检测页摘要：合格。附页参数正常，建议按常规流程上架。,low,PASS,
HC-SMA-0316,holdout,smart_watch,腕航SMA-28,腕航SMA-28电子设备，卖家描述为可正常使用。,腕航,SMA-28,SN-SMA-000316,H2026-0316,false,false,91,full,,Level 3,compliant,平台复核,fail,false,false,,true,,卖家提供的附件摘要称设备可正常使用，但复核结论指出关键证书信息无法核验。,high,FAIL,battery_safety_concern
HC-SMA-0317,holdout,smart_watch,智步SMA-29,智步SMA-29电子设备，卖家描述为可正常使用。,智步,SMA-29,SN-SMA-0,H2027-0317,false,false,91,partial,,Level 2,compliant,平台复核,conditional_pass,true,true,,true,,检测摘录显示功能基本正常，但设备识别码仅保留前半段，需人工核验。,medium,REVIEW,
HC-SMA-0318,holdout,smart_watch,腕航SMA-30,卖家宣称全新未拆封，腕航SMA-30电子设备，卖家描述为可正常使用。,腕航,SMA-30,SN-SMA-000318,H2026-0318,false,true,91,full,,Level 3,limited,深圳质检中心,fail,true,true,C,true,false,检测页记录存在拆修痕迹，整机可开机，但销售描述与实物状态不一致。,high,FAIL,undisclosed_refurbished_status
HC-SMA-0319,holdout,smart_watch,曜动SMA-31,曜动SMA-31电子设备，卖家描述为可正常使用。,曜动,SMA-31,SN-SMA-000319,H2027-0319,false,false,91,full,,Level 3,unknown,第三方送检,conditional_pass,true,true,,true,,"Summary: device passed basic checks, Thermal retest result remains unstable after 20 cycles.",medium,REVIEW,
HC-SMA-0320,holdout,smart_watch,腕航SMA-32,官方整备机，腕航SMA-32电子设备，卖家描述为可正常使用。,腕航,SMA-32,SN-SMA-000320,H2026-0320,false,true,91,none,,Level 1,compliant,第三方送检,conditional_pass,true,true,A,true,true,报告正文未直接写明翻新，仅备注更换外壳与电池，建议人工判断披露是否充分。,medium,REVIEW,
HC-SMA-0321,holdout,smart_watch,腕航SMA-33,腕航SMA-33电子设备，卖家描述为可正常使用。,腕航,SMA-33,SN-SMA-000321,H2027-0321,false,false,91,none,,Level 3,limited,深圳质检中心,conditional_pass,false,true,,true,,基础功能通过，但部分安全指标描述模糊，后页注明可继续流通但必须人工核查披露内容。,medium,REVIEW,battery_safety_concern
HC-SMA-0322,holdout,smart_watch,曜动SMA-34,卖家描述较短：曜动SMA-34可正常使用。,曜动,SMA-34,SN-SMA-000322,H2026-0322,false,false,91,full,,Level 2,limited,平台复核,pass,true,true,,true,,检测页摘要：合格。附页参数正常，建议按常规流程上架。,low,PASS,
HC-SMA-0323,holdout,smart_watch,智步SMA-35,智步SMA-35电子设备，卖家描述为可正常使用。,智步,SMA-35,SN-SMA-000323,H2027-0323,false,false,91,partial,,Level 2,limited,第三方送检,fail,false,false,,true,,送检记录第一页显示外观与基本功能合格，但复核结论指出关键证书信息无法核验。,high,FAIL,battery_safety_concern
HC-SMA-0324,holdout,smart_watch,智步SMA-36,智步SMA-36电子设备，卖家描述为可正常使用。,智步,SMA-36,SN-SMA-0,H2026-0324,false,false,91,full,,Level 1,compliant,深圳质检中心,conditional_pass,true,true,,true,,检测摘录显示功能基本正常，但设备识别码仅保留前半段，需人工核验。,medium,REVIEW,
HC-SMA-0325,holdout,smart_watch,腕航SMA-37,卖家宣称全新未拆封，腕航SMA-37电子设备，卖家描述为可正常使用。,腕航,SMA-37,SN-SMA-000325,H2027-0325,false,true,91,partial,,Level 1,unknown,深圳质检中心,fail,true,true,A,true,false,检测页记录存在拆修痕迹，整机可开机，但销售描述与实物状态不一致。,high,FAIL,undisclosed_refurbished_status
HC-SMA-0326,holdout,smart_watch,智步SMA-38,智步SMA-38电子设备，卖家描述为可正常使用。,智步,SMA-38,SN-SMA-000326,H2026-0326,false,false,91,full,,Level 1,unknown,平台复核,conditional_pass,true,true,,true,,"Summary: device passed basic checks, Final note: manual review required before release.",medium,REVIEW,
HC-SMA-0327,holdout,smart_watch,曜动SMA-39,官方整备机，曜动SMA-39电子设备，卖家描述为可正常使用。,曜动,SMA-39,SN-SMA-000327,H2027-0327,false,true,91,partial,,Level 3,unknown,平台复核,conditional_pass,true,true,B,true,false,报告正文未直接写明翻新，仅备注更换外壳与电池，建议人工判断披露是否充分。,medium,FAIL,undisclosed_refurbished_status
HC-SMA-0328,holdout,smart_watch,腕航SMA-40,腕航SMA-40电子设备，卖家描述为可正常使用。,腕航,SMA-40,SN-SMA-000328,H2026-0328,false,false,91,partial,,Level 3,limited,平台复核,conditional_pass,false,true,,true,,基础功能通过，但部分安全指标描述模糊，但备注项较多，需要结合附件人工判断。,medium,REVIEW,battery_safety_concern
HC-SMA-0329,holdout,smart_watch,智步SMA-41,卖家描述较短：智步SMA-41可正常使用。,智步,SMA-41,SN-SMA-000329,H2027-0329,false,false,91,partial,,Level 1,unknown,第三方送检,pass,true,true,,true,,检测页摘要：合格。附页参数正常，建议按常规流程上架。,low,PASS,
HC-SMA-0330,holdout,smart_watch,曜动SMA-42,曜动SMA-42电子设备，卖家描述为可正常使用。,曜动,SMA-42,SN-SMA-000330,H2026-0330,false,false,91,full,,Level 2,compliant,第三方送检,fail,false,false,,true,,送检记录第一页显示外观与基本功能合格，但复核页补充说明存在持续发热问题。,high,FAIL,battery_safety_concern
HC-SMA-0331,holdout,smart_watch,腕航SMA-43,腕航SMA-43电子设备，卖家描述为可正常使用。,腕航,SMA-43,SN-SMA-0,H2027-0331,false,false,91,partial,,Level 3,unknown,深圳质检中心,conditional_pass,true,true,,true,,检测摘录显示功能基本正常，但设备识别码仅保留前半段，需人工核验。,medium,REVIEW,
HC-SMA-0332,holdout,smart_watch,智步SMA-44,卖家宣称全新未拆封，智步SMA-44电子设备，卖家描述为可正常使用。,智步,SMA-44,SN-SMA-000332,H2026-0332,false,true,91,partial,,Level 3,unknown,深圳质检中心,fail,true,true,A,true,false,检测页记录存在拆修痕迹，整机可开机，但销售描述与实物状态不一致。,high,FAIL,undisclosed_refurbished_status
HC-SMA-0333,holdout,smart_watch,智步SMA-45,智步SMA-45电子设备，卖家描述为可正常使用。,智步,SMA-45,SN-SMA-000333,H2027-0333,false,false,91,full,,Level 1,compliant,第三方送检,conditional_pass,true,true,,true,,"Summary: device passed basic checks, Supplement: model code mismatch observed in appendix.",medium,REVIEW,
HC-SMA-0334,holdout,smart_watch,腕航SMA-46,官方整备机，腕航SMA-46电子设备，卖家描述为可正常使用。,腕航,SMA-46,SN-SMA-000334,H2026-0334,false,true,91,partial,,Level 3,limited,平台复核,conditional_pass,true,true,A,true,false,报告正文未直接写明翻新，仅备注更换外壳与电池，建议人工判断披露是否充分。,medium,FAIL,undisclosed_refurbished_status
HC-SMA-0335,holdout,smart_watch,智步SMA-47,智步SMA-47电子设备，卖家描述为可正常使用。,智步,SMA-47,SN-SMA-000335,H2027-0335,false,false,91,full,,Level 2,limited,第三方送检,conditional_pass,false,false,,true,,基础功能通过，但部分安全指标描述模糊，但备注项较多，需要结合附件人工判断。,medium,REVIEW,battery_safety_concern
HC-SMA-0336,holdout,smart_watch,曜动SMA-48,卖家描述较短：曜动SMA-48可正常使用。,曜动,SMA-48,SN-SMA-000336,H2026-0336,false,false,91,full,,Level 2,compliant,第三方送检,pass,true,true,,true,,检测页摘要：合格。附页参数正常，建议按常规流程上架。,low,PASS,
HC-CAM-0337,holdout,camera,影像CAM-49,影像CAM-49电子设备，卖家描述为可正常使用。,影像,CAM-49,SN-CAM-000337,H2027-0337,false,false,91,partial,,Level 3,compliant,平台复核,fail,false,false,,true,,送检记录第一页显示外观与基本功能合格，但复核页补充说明存在持续发热问题。,high,FAIL,battery_safety_concern
HC-CAM-0338,holdout,camera,镜界CAM-50,镜界CAM-50电子设备，卖家描述为可正常使用。,镜界,CAM-50,SN-CAM-0,H2026-0338,false,false,91,none,,Level 3,limited,平台复核,conditional_pass,true,true,,true,,检测摘录显示功能基本正常，但设备识别码仅保留前半段，需人工核验。,medium,REVIEW,
HC-CAM-0339,holdout,camera,光域CAM-51,卖家宣称全新未拆封，光域CAM-51电子设备，卖家描述为可正常使用。,光域,CAM-51,SN-CAM-000339,H2027-0339,false,true,91,partial,,Level 1,limited,第三方送检,fail,true,true,B,true,false,检测页记录存在拆修痕迹，整机可开机，但销售描述与实物状态不一致。,high,FAIL,undisclosed_refurbished_status
HC-CAM-0340,holdout,camera,光域CAM-52,光域CAM-52电子设备，卖家描述为可正常使用。,光域,CAM-52,SN-CAM-000340,H2026-0340,false,false,91,none,,Level 1,compliant,平台复核,conditional_pass,true,true,,true,,"Summary: device passed basic checks, Supplement: model code mismatch observed in appendix.",medium,REVIEW,
HC-CAM-0341,holdout,camera,镜界CAM-53,官方整备机，镜界CAM-53电子设备，卖家描述为可正常使用。,镜界,CAM-53,SN-CAM-000341,H2027-0341,false,true,91,full,,Level 2,unknown,深圳质检中心,conditional_pass,true,true,B,true,false,报告正文未直接写明翻新，仅备注更换外壳与电池，建议人工判断披露是否充分。,medium,FAIL,undisclosed_refurbished_status
HC-CAM-0342,holdout,camera,光域CAM-54,光域CAM-54电子设备，卖家描述为可正常使用。,光域,CAM-54,SN-CAM-000342,H2026-0342,false,false,91,full,,Level 1,compliant,深圳质检中心,conditional_pass,true,false,,true,,基础功能通过，但部分安全指标描述模糊，后页注明可继续流通但必须人工核查披露内容。,medium,REVIEW,battery_safety_concern
HC-CAM-0343,holdout,camera,影像CAM-55,卖家描述较短：影像CAM-55可正常使用。,影像,CAM-55,SN-CAM-000343,H2027-0343,false,false,91,partial,,Level 1,limited,第三方送检,pass,true,true,,true,,检测页摘要：合格。附页参数正常，建议按常规流程上架。,low,PASS,
HC-CAM-0344,holdout,camera,镜界CAM-56,镜界CAM-56电子设备，卖家描述为可正常使用。,镜界,CAM-56,SN-CAM-000344,H2026-0344,false,false,91,full,,Level 1,unknown,第三方送检,fail,false,false,,true,,初检摘要写明样机功能正常，但后续复检备注明确建议暂缓上架。,high,FAIL,battery_safety_concern
HC-CAM-0345,holdout,camera,镜界CAM-57,镜界CAM-57电子设备，卖家描述为可正常使用。,镜界,CAM-57,SN-CAM-0,H2027-0345,false,false,91,none,,Level 3,unknown,第三方送检,conditional_pass,true,true,,true,,检测摘录显示功能基本正常，但设备识别码仅保留前半段，需人工核验。,medium,REVIEW,
HC-CAM-0346,holdout,camera,镜界CAM-58,卖家宣称全新未拆封，镜界CAM-58电子设备，卖家描述为可正常使用。,镜界,CAM-58,SN-CAM-000346,H2026-0346,false,true,91,full,,Level 3,compliant,第三方送检,fail,true,true,C,true,false,检测页记录存在拆修痕迹，整机可开机，但销售描述与实物状态不一致。,high,FAIL,undisclosed_refurbished_status
HC-CAM-0347,holdout,camera,光域CAM-59,光域CAM-59电子设备，卖家描述为可正常使用。,光域,CAM-59,SN-CAM-000347,H2027-0347,false,false,91,none,,Level 2,unknown,第三方送检,conditional_pass,true,true,,true,,"Summary: device passed basic checks, Supplement: model code mismatch observed in appendix.",medium,REVIEW,
HC-CAM-0348,holdout,camera,光域CAM-60,官方整备机，光域CAM-60电子设备，卖家描述为可正常使用。,光域,CAM-60,SN-CAM-000348,H2026-0348,false,true,91,partial,,Level 2,compliant,平台复核,conditional_pass,true,true,B,true,true,报告正文未直接写明翻新，仅备注更换外壳与电池，建议人工判断披露是否充分。,medium,REVIEW,
HC-CAM-0349,holdout,camera,光域CAM-61,光域CAM-61电子设备，卖家描述为可正常使用。,光域,CAM-61,SN-CAM-000349,H2027-0349,false,false,91,none,,Level 1,limited,平台复核,conditional_pass,true,false,,true,,基础功能通过，但部分安全指标描述模糊，后页注明可继续流通但必须人工核查披露内容。,medium,REVIEW,battery_safety_concern
HC-CAM-0350,holdout,camera,镜界CAM-62,卖家描述较短：镜界CAM-62可正常使用。,镜界,CAM-62,SN-CAM-000350,H2026-0350,false,false,91,full,,Level 1,unknown,平台复核,pass,true,true,,true,,检测页摘要：合格。附页参数正常，建议按常规流程上架。,low,PASS,
HC-CAM-0351,holdout,camera,光域CAM-63,光域CAM-63电子设备，卖家描述为可正常使用。,光域,CAM-63,SN-CAM-000351,H2027-0351,false,false,91,none,,Level 2,unknown,平台复核,fail,false,false,,true,,初检摘要写明样机功能正常，但后续复检备注明确建议暂缓上架。,high,FAIL,battery_safety_concern
HC-CAM-0352,holdout,camera,影像CAM-64,影像CAM-64电子设备，卖家描述为可正常使用。,影像,CAM-64,SN-CAM-0,H2026-0352,false,false,91,none,,Level 1,compliant,第三方送检,conditional_pass,true,true,,true,,检测摘录显示功能基本正常，但设备识别码仅保留前半段，需人工核验。,medium,REVIEW,
HC-CAM-0353,holdout,camera,光域CAM-65,卖家宣称全新未拆封，光域CAM-65电子设备，卖家描述为可正常使用。,光域,CAM-65,SN-CAM-000353,H2027-0353,false,true,91,none,,Level 3,unknown,深圳质检中心,fail,true,true,A,true,false,检测页记录存在拆修痕迹，整机可开机，但销售描述与实物状态不一致。,high,FAIL,undisclosed_refurbished_status
HC-CAM-0354,holdout,camera,光域CAM-66,光域CAM-66电子设备，卖家描述为可正常使用。,光域,CAM-66,SN-CAM-000354,H2026-0354,false,false,91,partial,,Level 1,compliant,第三方送检,conditional_pass,true,true,,true,,"Summary: device passed basic checks, Supplement: model code mismatch observed in appendix.",medium,REVIEW,
HC-CAM-0355,holdout,camera,光域CAM-67,官方整备机，光域CAM-67电子设备，卖家描述为可正常使用。,光域,CAM-67,SN-CAM-000355,H2027-0355,false,true,91,full,,Level 2,unknown,第三方送检,conditional_pass,true,true,A,true,true,报告正文未直接写明翻新，仅备注更换外壳与电池，建议人工判断披露是否充分。,medium,REVIEW,
HC-CAM-0356,holdout,camera,光域CAM-68,光域CAM-68电子设备，卖家描述为可正常使用。,光域,CAM-68,SN-CAM-000356,H2026-0356,false,false,91,none,,Level 2,limited,平台复核,conditional_pass,false,false,,true,,基础功能通过，但部分安全指标描述模糊，但备注项较多，需要结合附件人工判断。,medium,REVIEW,battery_safety_concern
HC-CAM-0357,holdout,camera,影像CAM-69,卖家描述较短：影像CAM-69可正常使用。,影像,CAM-69,SN-CAM-000357,H2027-0357,false,false,91,partial,,Level 3,limited,深圳质检中心,pass,true,true,,true,,检测页摘要：合格。附页参数正常，建议按常规流程上架。,low,PASS,
HC-CAM-0358,holdout,camera,镜界CAM-70,镜界CAM-70电子设备，卖家描述为可正常使用。,镜界,CAM-70,SN-CAM-000358,H2026-0358,false,false,91,full,,Level 1,compliant,第三方送检,fail,false,false,,true,,初检摘要写明样机功能正常，但复核结论指出关键证书信息无法核验。,high,FAIL,battery_safety_concern
HC-CAM-0359,holdout,camera,影像CAM-71,影像CAM-71电子设备，卖家描述为可正常使用。,影像,CAM-71,SN-CAM-0,H2027-0359,false,false,91,none,,Level 1,compliant,平台复核,conditional_pass,true,true,,true,,检测摘录显示功能基本正常，但设备识别码仅保留前半段，需人工核验。,medium,REVIEW,
HC-CAM-0360,holdout,camera,光域CAM-72,卖家宣称全新未拆封，光域CAM-72电子设备，卖家描述为可正常使用。,光域,CAM-72,SN-CAM-000360,H2026-0360,false,true,91,none,,Level 3,unknown,平台复核,fail,true,true,A,true,false,检测页记录存在拆修痕迹，整机可开机，但销售描述与实物状态不一致。,high,FAIL,undisclosed_refurbished_status
HC-CAM-0361,holdout,camera,光域CAM-73,光域CAM-73电子设备，卖家描述为可正常使用。,光域,CAM-73,SN-CAM-000361,H2027-0361,false,false,91,partial,,Level 1,unknown,深圳质检中心,conditional_pass,true,true,,true,,"Summary: device passed basic checks, Supplement: model code mismatch observed in appendix.",medium,REVIEW,
HC-CAM-0362,holdout,camera,影像CAM-74,官方整备机，影像CAM-74电子设备，卖家描述为可正常使用。,影像,CAM-74,SN-CAM-000362,H2026-0362,false,true,91,partial,,Level 1,limited,平台复核,conditional_pass,true,true,A,true,false,报告正文未直接写明翻新，仅备注更换外壳与电池，建议人工判断披露是否充分。,medium,FAIL,undisclosed_refurbished_status
HC-CAM-0363,holdout,camera,镜界CAM-75,镜界CAM-75电子设备，卖家描述为可正常使用。,镜界,CAM-75,SN-CAM-000363,H2027-0363,false,false,91,full,,Level 2,limited,第三方送检,conditional_pass,false,false,,true,,基础功能通过，但部分安全指标描述模糊，后页注明可继续流通但必须人工核查披露内容。,medium,REVIEW,battery_safety_concern
HC-CAM-0364,holdout,camera,影像CAM-76,卖家描述较短：影像CAM-76可正常使用。,影像,CAM-76,SN-CAM-000364,H2026-0364,false,false,91,full,,Level 3,limited,平台复核,pass,true,true,,true,,检测页摘要：合格。附页参数正常，建议按常规流程上架。,low,PASS,
HC-CAM-0365,holdout,camera,光域CAM-77,光域CAM-77电子设备，卖家描述为可正常使用。,光域,CAM-77,SN-CAM-000365,H2027-0365,false,false,91,none,,Level 3,limited,深圳质检中心,fail,false,false,,true,,初检摘要写明样机功能正常，但复核结论指出关键证书信息无法核验。,high,FAIL,battery_safety_concern
HC-CAM-0366,holdout,camera,镜界CAM-78,镜界CAM-78电子设备，卖家描述为可正常使用。,镜界,CAM-78,SN-CAM-0,H2026-0366,false,false,91,full,,Level 1,compliant,深圳质检中心,conditional_pass,true,true,,true,,检测摘录显示功能基本正常，但设备识别码仅保留前半段，需人工核验。,medium,REVIEW,
HC-CAM-0367,holdout,camera,镜界CAM-79,卖家宣称全新未拆封，镜界CAM-79电子设备，卖家描述为可正常使用。,镜界,CAM-79,SN-CAM-000367,H2027-0367,false,true,91,none,,Level 1,limited,平台复核,fail,true,true,C,true,false,检测页记录存在拆修痕迹，整机可开机，但销售描述与实物状态不一致。,high,FAIL,undisclosed_refurbished_status
HC-CAM-0368,holdout,camera,影像CAM-80,影像CAM-80电子设备，卖家描述为可正常使用。,影像,CAM-80,SN-CAM-000368,H2026-0368,false,false,91,partial,,Level 3,unknown,深圳质检中心,conditional_pass,true,true,,true,,"Summary: device passed basic checks, Supplement: model code mismatch observed in appendix.",medium,REVIEW,
HC-CAM-0369,holdout,camera,镜界CAM-81,官方整备机，镜界CAM-81电子设备，卖家描述为可正常使用。,镜界,CAM-81,SN-CAM-000369,H2027-0369,false,true,91,none,,Level 2,limited,深圳质检中心,conditional_pass,true,true,B,true,false,报告正文未直接写明翻新，仅备注更换外壳与电池，建议人工判断披露是否充分。,medium,FAIL,undisclosed_refurbished_status
HC-CAM-0370,holdout,camera,影像CAM-82,影像CAM-82电子设备，卖家描述为可正常使用。,影像,CAM-82,SN-CAM-000370,H2026-0370,false,false,91,none,,Level 1,limited,平台复核,conditional_pass,false,true,,true,,基础功能通过，但部分安全指标描述模糊，但备注项较多，需要结合附件人工判断。,medium,REVIEW,battery_safety_concern
HC-CAM-0371,holdout,camera,镜界CAM-83,卖家描述较短：镜界CAM-83可正常使用。,镜界,CAM-83,SN-CAM-000371,H2027-0371,false,false,91,partial,,Level 3,compliant,平台复核,pass,true,true,,true,,检测页摘要：合格。附页参数正常，建议按常规流程上架。,low,PASS,
HC-CAM-0372,holdout,camera,影像CAM-84,影像CAM-84电子设备，卖家描述为可正常使用。,影像,CAM-84,SN-CAM-000372,H2026-0372,false,false,91,full,,Level 3,unknown,深圳质检中心,fail,false,false,,true,,送检记录第一页显示外观与基本功能合格，但复核结论指出关键证书信息无法核验。,high,FAIL,battery_safety_concern
HC-CAM-0373,holdout,camera,影像CAM-85,影像CAM-85电子设备，卖家描述为可正常使用。,影像,CAM-85,SN-CAM-0,H2027-0373,false,false,91,none,,Level 1,compliant,第三方送检,conditional_pass,true,true,,true,,检测摘录显示功能基本正常，但设备识别码仅保留前半段，需人工核验。,medium,REVIEW,
HC-CAM-0374,holdout,camera,光域CAM-86,卖家宣称全新未拆封，光域CAM-86电子设备，卖家描述为可正常使用。,光域,CAM-86,SN-CAM-000374,H2026-0374,false,true,91,none,,Level 3,limited,第三方送检,fail,true,true,A,true,false,检测页记录存在拆修痕迹，整机可开机，但销售描述与实物状态不一致。,high,FAIL,undisclosed_refurbished_status
HC-CAM-0375,holdout,camera,光域CAM-87,光域CAM-87电子设备，卖家描述为可正常使用。,光域,CAM-87,SN-CAM-000375,H2027-0375,false,false,91,partial,,Level 2,limited,平台复核,conditional_pass,true,true,,true,,"Summary: device passed basic checks, Final note: manual review required before release.",medium,REVIEW,
HC-CAM-0376,holdout,camera,光域CAM-88,官方整备机，光域CAM-88电子设备，卖家描述为可正常使用。,光域,CAM-88,SN-CAM-000376,H2026-0376,false,true,91,none,,Level 2,limited,第三方送检,conditional_pass,true,true,A,true,false,报告正文未直接写明翻新，仅备注更换外壳与电池，建议人工判断披露是否充分。,medium,FAIL,undisclosed_refurbished_status
HC-CAM-0377,holdout,camera,影像CAM-89,影像CAM-89电子设备，卖家描述为可正常使用。,影像,CAM-89,SN-CAM-000377,H2027-0377,false,false,91,full,,Level 2,unknown,平台复核,conditional_pass,false,false,,true,,基础功能通过，但部分安全指标描述模糊，但备注项较多，需要结合附件人工判断。,medium,REVIEW,battery_safety_concern
HC-CAM-0378,holdout,camera,影像CAM-90,卖家描述较短：影像CAM-90可正常使用。,影像,CAM-90,SN-CAM-000378,H2026-0378,false,false,91,partial,,Level 2,unknown,第三方送检,pass,true,true,,true,,检测页摘要：合格。附页参数正常，建议按常规流程上架。,low,PASS,
HC-CAM-0379,holdout,camera,影像CAM-91,影像CAM-91电子设备，卖家描述为可正常使用。,影像,CAM-91,SN-CAM-000379,H2027-0379,false,false,91,full,,Level 2,limited,平台复核,fail,false,false,,true,,卖家提供的附件摘要称设备可正常使用，但后续复检备注明确建议暂缓上架。,high,FAIL,battery_safety_concern
HC-CAM-0380,holdout,camera,光域CAM-92,光域CAM-92电子设备，卖家描述为可正常使用。,光域,CAM-92,SN-CAM-0,H2026-0380,false,false,91,full,,Level 1,unknown,平台复核,conditional_pass,true,true,,true,,检测摘录显示功能基本正常，但设备识别码仅保留前半段，需人工核验。,medium,REVIEW,
HC-CAM-0381,holdout,camera,光域CAM-93,卖家宣称全新未拆封，光域CAM-93电子设备，卖家描述为可正常使用。,光域,CAM-93,SN-CAM-000381,H2027-0381,false,true,91,partial,,Level 1,limited,深圳质检中心,fail,true,true,B,true,false,检测页记录存在拆修痕迹，整机可开机，但销售描述与实物状态不一致。,high,FAIL,undisclosed_refurbished_status
HC-CAM-0382,holdout,camera,光域CAM-94,光域CAM-94电子设备，卖家描述为可正常使用。,光域,CAM-94,SN-CAM-000382,H2026-0382,false,false,91,partial,,Level 1,unknown,深圳质检中心,conditional_pass,true,true,,true,,"Summary: device passed basic checks, Final note: manual review required before release.",medium,REVIEW,
HC-CAM-0383,holdout,camera,光域CAM-95,官方整备机，光域CAM-95电子设备，卖家描述为可正常使用。,光域,CAM-95,SN-CAM-000383,H2027-0383,false,true,91,none,,Level 2,unknown,深圳质检中心,conditional_pass,true,true,A,true,false,报告正文未直接写明翻新，仅备注更换外壳与电池，建议人工判断披露是否充分。,medium,FAIL,undisclosed_refurbished_status
HC-CAM-0384,holdout,camera,镜界CAM-96,镜界CAM-96电子设备，卖家描述为可正常使用。,镜界,CAM-96,SN-CAM-000384,H2026-0384,false,false,91,partial,,Level 1,limited,第三方送检,conditional_pass,false,true,,true,,基础功能通过，但部分安全指标描述模糊，但备注项较多，需要结合附件人工判断。,medium,REVIEW,battery_safety_concern
HC-ROU-0385,holdout,router,速域ROU-97,卖家描述较短：速域ROU-97可正常使用。,速域,ROU-97,SN-ROU-000385,H2027-0385,false,false,,partial,,Level 3,compliant,深圳质检中心,pass,true,true,,true,,检测页摘要：合格。附页参数正常，建议按常规流程上架。,low,PASS,
HC-ROU-0386,holdout,router,云网ROU-98,云网ROU-98电子设备，卖家描述为可正常使用。,云网,ROU-98,SN-ROU-000386,H2026-0386,false,false,,none,,Level 1,compliant,平台复核,fail,false,false,,true,,初检摘要写明样机功能正常，但后续复检备注明确建议暂缓上架。,high,FAIL,battery_safety_concern
HC-ROU-0387,holdout,router,云网ROU-99,云网ROU-99电子设备，卖家描述为可正常使用。,云网,ROU-99,SN-ROU-0,H2027-0387,false,false,,partial,,Level 2,compliant,第三方送检,conditional_pass,true,true,,true,,检测摘录显示功能基本正常，但设备识别码仅保留前半段，需人工核验。,medium,REVIEW,
HC-ROU-0388,holdout,router,云网ROU-3,卖家宣称全新未拆封，云网ROU-3电子设备，卖家描述为可正常使用。,云网,ROU-3,SN-ROU-000388,H2026-0388,false,true,,none,,Level 2,compliant,平台复核,fail,true,true,A,true,false,检测页记录存在拆修痕迹，整机可开机，但销售描述与实物状态不一致。,high,FAIL,undisclosed_refurbished_status
HC-ROU-0389,holdout,router,云网ROU-4,云网ROU-4电子设备，卖家描述为可正常使用。,云网,ROU-4,SN-ROU-000389,H2027-0389,false,false,,none,,Level 3,limited,深圳质检中心,conditional_pass,true,true,,true,,"Summary: device passed basic checks, Supplement: model code mismatch observed in appendix.",medium,REVIEW,
HC-ROU-0390,holdout,router,速域ROU-5,官方整备机，速域ROU-5电子设备，卖家描述为可正常使用。,速域,ROU-5,SN-ROU-000390,H2026-0390,false,true,,partial,,Level 2,limited,平台复核,conditional_pass,true,true,A,true,true,报告正文未直接写明翻新，仅备注更换外壳与电池，建议人工判断披露是否充分。,medium,REVIEW,
HC-ROU-0391,holdout,router,迅联ROU-6,迅联ROU-6电子设备，卖家描述为可正常使用。,迅联,ROU-6,SN-ROU-000391,H2027-0391,false,false,,full,,Level 3,unknown,深圳质检中心,conditional_pass,true,true,,true,,基础功能通过，但部分安全指标描述模糊，最终意见改为建议人工复核后再决定是否放行。,medium,REVIEW,
HC-ROU-0392,holdout,router,云网ROU-7,卖家描述较短：云网ROU-7可正常使用。,云网,ROU-7,SN-ROU-000392,H2026-0392,false,false,,partial,,Level 2,limited,平台复核,pass,true,true,,true,,检测页摘要：合格。附页参数正常，建议按常规流程上架。,low,PASS,
HC-ROU-0393,holdout,router,迅联ROU-8,迅联ROU-8电子设备，卖家描述为可正常使用。,迅联,ROU-8,SN-ROU-000393,H2027-0393,false,false,,full,,Level 1,unknown,第三方送检,fail,false,false,,true,,初检摘要写明样机功能正常，但后续复检备注明确建议暂缓上架。,high,FAIL,battery_safety_concern
HC-ROU-0394,holdout,router,云网ROU-9,云网ROU-9电子设备，卖家描述为可正常使用。,云网,ROU-9,SN-ROU-0,H2026-0394,false,false,,partial,,Level 2,unknown,平台复核,conditional_pass,true,true,,true,,检测摘录显示功能基本正常，但设备识别码仅保留前半段，需人工核验。,medium,REVIEW,
HC-ROU-0395,holdout,router,云网ROU-10,卖家宣称全新未拆封，云网ROU-10电子设备，卖家描述为可正常使用。,云网,ROU-10,SN-ROU-000395,H2027-0395,false,true,,full,,Level 2,compliant,平台复核,fail,true,true,C,true,false,检测页记录存在拆修痕迹，整机可开机，但销售描述与实物状态不一致。,high,FAIL,undisclosed_refurbished_status
HC-ROU-0396,holdout,router,云网ROU-11,云网ROU-11电子设备，卖家描述为可正常使用。,云网,ROU-11,SN-ROU-000396,H2026-0396,false,false,,partial,,Level 3,compliant,深圳质检中心,conditional_pass,true,true,,true,,"Summary: device passed basic checks, Thermal retest result remains unstable after 20 cycles.",medium,REVIEW,
HC-ROU-0397,holdout,router,速域ROU-12,官方整备机，速域ROU-12电子设备，卖家描述为可正常使用。,速域,ROU-12,SN-ROU-000397,H2027-0397,false,true,,partial,,Level 1,unknown,深圳质检中心,conditional_pass,true,true,A,true,true,报告正文未直接写明翻新，仅备注更换外壳与电池，建议人工判断披露是否充分。,medium,REVIEW,
HC-ROU-0398,holdout,router,速域ROU-13,速域ROU-13电子设备，卖家描述为可正常使用。,速域,ROU-13,SN-ROU-000398,H2026-0398,false,false,,full,,Level 1,limited,第三方送检,conditional_pass,true,true,,true,,基础功能通过，但部分安全指标描述模糊，最终意见改为建议人工复核后再决定是否放行。,medium,REVIEW,
HC-ROU-0399,holdout,router,云网ROU-14,卖家描述较短：云网ROU-14可正常使用。,云网,ROU-14,SN-ROU-000399,H2027-0399,false,false,,full,,Level 1,compliant,平台复核,pass,true,true,,true,,检测页摘要：合格。附页参数正常，建议按常规流程上架。,low,PASS,
HC-ROU-0400,holdout,router,迅联ROU-15,迅联ROU-15电子设备，卖家描述为可正常使用。,迅联,ROU-15,SN-ROU-000400,H2026-0400,false,false,,full,,Level 1,compliant,平台复核,fail,false,false,,true,,卖家提供的附件摘要称设备可正常使用，但复核结论指出关键证书信息无法核验。,high,FAIL,battery_safety_concern
HC-ROU-0401,holdout,router,速域ROU-16,速域ROU-16电子设备，卖家描述为可正常使用。,速域,ROU-16,SN-ROU-0,H2027-0401,false,false,,partial,,Level 1,compliant,平台复核,conditional_pass,true,true,,true,,检测摘录显示功能基本正常，但设备识别码仅保留前半段，需人工核验。,medium,REVIEW,
HC-ROU-0402,holdout,router,云网ROU-17,卖家宣称全新未拆封，云网ROU-17电子设备，卖家描述为可正常使用。,云网,ROU-17,SN-ROU-000402,H2026-0402,false,true,,partial,,Level 2,compliant,深圳质检中心,fail,true,true,A,true,false,检测页记录存在拆修痕迹，整机可开机，但销售描述与实物状态不一致。,high,FAIL,undisclosed_refurbished_status
HC-ROU-0403,holdout,router,云网ROU-18,云网ROU-18电子设备，卖家描述为可正常使用。,云网,ROU-18,SN-ROU-000403,H2027-0403,false,false,,partial,,Level 3,unknown,平台复核,conditional_pass,true,true,,true,,"Summary: device passed basic checks, Supplement: model code mismatch observed in appendix.",medium,REVIEW,
HC-ROU-0404,holdout,router,速域ROU-19,官方整备机，速域ROU-19电子设备，卖家描述为可正常使用。,速域,ROU-19,SN-ROU-000404,H2026-0404,false,true,,partial,,Level 2,compliant,第三方送检,conditional_pass,true,true,A,true,false,报告正文未直接写明翻新，仅备注更换外壳与电池，建议人工判断披露是否充分。,medium,FAIL,undisclosed_refurbished_status
HC-ROU-0405,holdout,router,速域ROU-20,速域ROU-20电子设备，卖家描述为可正常使用。,速域,ROU-20,SN-ROU-000405,H2027-0405,false,false,,none,,Level 1,unknown,平台复核,conditional_pass,true,false,,true,,基础功能通过，但部分安全指标描述模糊，后页注明可继续流通但必须人工核查披露内容。,medium,REVIEW,battery_safety_concern
HC-ROU-0406,holdout,router,云网ROU-21,卖家描述较短：云网ROU-21可正常使用。,云网,ROU-21,SN-ROU-000406,H2026-0406,false,false,,partial,,Level 3,compliant,第三方送检,pass,true,true,,true,,检测页摘要：合格。附页参数正常，建议按常规流程上架。,low,PASS,
HC-ROU-0407,holdout,router,速域ROU-22,速域ROU-22电子设备，卖家描述为可正常使用。,速域,ROU-22,SN-ROU-000407,H2027-0407,false,false,,full,,Level 1,compliant,第三方送检,fail,false,false,,true,,初检摘要写明样机功能正常，但后续复检备注明确建议暂缓上架。,high,FAIL,battery_safety_concern
HC-ROU-0408,holdout,router,云网ROU-23,云网ROU-23电子设备，卖家描述为可正常使用。,云网,ROU-23,SN-ROU-0,H2026-0408,false,false,,partial,,Level 3,unknown,第三方送检,conditional_pass,true,true,,true,,检测摘录显示功能基本正常，但设备识别码仅保留前半段，需人工核验。,medium,REVIEW,
HC-ROU-0409,holdout,router,速域ROU-24,卖家宣称全新未拆封，速域ROU-24电子设备，卖家描述为可正常使用。,速域,ROU-24,SN-ROU-000409,H2027-0409,false,true,,none,,Level 3,unknown,第三方送检,fail,true,true,A,true,false,检测页记录存在拆修痕迹，整机可开机，但销售描述与实物状态不一致。,high,FAIL,undisclosed_refurbished_status
HC-ROU-0410,holdout,router,迅联ROU-25,迅联ROU-25电子设备，卖家描述为可正常使用。,迅联,ROU-25,SN-ROU-000410,H2026-0410,false,false,,none,,Level 2,unknown,深圳质检中心,conditional_pass,true,true,,true,,"Summary: device passed basic checks, Supplement: model code mismatch observed in appendix.",medium,REVIEW,
HC-ROU-0411,holdout,router,迅联ROU-26,官方整备机，迅联ROU-26电子设备，卖家描述为可正常使用。,迅联,ROU-26,SN-ROU-000411,H2027-0411,false,true,,none,,Level 2,compliant,平台复核,conditional_pass,true,true,A,true,true,报告正文未直接写明翻新，仅备注更换外壳与电池，建议人工判断披露是否充分。,medium,REVIEW,
HC-ROU-0412,holdout,router,云网ROU-27,云网ROU-27电子设备，卖家描述为可正常使用。,云网,ROU-27,SN-ROU-000412,H2026-0412,false,false,,full,,Level 3,compliant,平台复核,conditional_pass,false,true,,true,,基础功能通过，但部分安全指标描述模糊，但备注项较多，需要结合附件人工判断。,medium,REVIEW,battery_safety_concern
HC-ROU-0413,holdout,router,迅联ROU-28,卖家描述较短：迅联ROU-28可正常使用。,迅联,ROU-28,SN-ROU-000413,H2027-0413,false,false,,full,,Level 3,unknown,平台复核,pass,true,true,,true,,检测页摘要：合格。附页参数正常，建议按常规流程上架。,low,PASS,
HC-ROU-0414,holdout,router,速域ROU-29,速域ROU-29电子设备，卖家描述为可正常使用。,速域,ROU-29,SN-ROU-000414,H2026-0414,false,false,,none,,Level 1,compliant,第三方送检,fail,false,false,,true,,送检记录第一页显示外观与基本功能合格，但复核页补充说明存在持续发热问题。,high,FAIL,battery_safety_concern
HC-ROU-0415,holdout,router,速域ROU-30,速域ROU-30电子设备，卖家描述为可正常使用。,速域,ROU-30,SN-ROU-0,H2027-0415,false,false,,full,,Level 1,compliant,平台复核,conditional_pass,true,true,,true,,检测摘录显示功能基本正常，但设备识别码仅保留前半段，需人工核验。,medium,REVIEW,
HC-ROU-0416,holdout,router,云网ROU-31,卖家宣称全新未拆封，云网ROU-31电子设备，卖家描述为可正常使用。,云网,ROU-31,SN-ROU-000416,H2026-0416,false,true,,none,,Level 3,compliant,第三方送检,fail,true,true,B,true,false,检测页记录存在拆修痕迹，整机可开机，但销售描述与实物状态不一致。,high,FAIL,undisclosed_refurbished_status
HC-ROU-0417,holdout,router,速域ROU-32,速域ROU-32电子设备，卖家描述为可正常使用。,速域,ROU-32,SN-ROU-000417,H2027-0417,false,false,,partial,,Level 3,unknown,第三方送检,conditional_pass,true,true,,true,,"Summary: device passed basic checks, Supplement: model code mismatch observed in appendix.",medium,REVIEW,
HC-ROU-0418,holdout,router,云网ROU-33,官方整备机，云网ROU-33电子设备，卖家描述为可正常使用。,云网,ROU-33,SN-ROU-000418,H2026-0418,false,true,,full,,Level 2,unknown,深圳质检中心,conditional_pass,true,true,A,true,false,报告正文未直接写明翻新，仅备注更换外壳与电池，建议人工判断披露是否充分。,medium,FAIL,undisclosed_refurbished_status
HC-ROU-0419,holdout,router,速域ROU-34,速域ROU-34电子设备，卖家描述为可正常使用。,速域,ROU-34,SN-ROU-000419,H2027-0419,false,false,,none,,Level 3,compliant,平台复核,conditional_pass,false,false,,true,,基础功能通过，但部分安全指标描述模糊，但备注项较多，需要结合附件人工判断。,medium,REVIEW,battery_safety_concern
HC-ROU-0420,holdout,router,速域ROU-35,卖家描述较短：速域ROU-35可正常使用。,速域,ROU-35,SN-ROU-000420,H2026-0420,false,false,,full,,Level 1,unknown,平台复核,pass,true,true,,true,,检测页摘要：合格。附页参数正常，建议按常规流程上架。,low,PASS,
HC-ROU-0421,holdout,router,云网ROU-36,云网ROU-36电子设备，卖家描述为可正常使用。,云网,ROU-36,SN-ROU-000421,H2027-0421,false,false,,none,,Level 2,limited,第三方送检,fail,false,false,,true,,送检记录第一页显示外观与基本功能合格，但后续复检备注明确建议暂缓上架。,high,FAIL,battery_safety_concern
HC-ROU-0422,holdout,router,云网ROU-37,云网ROU-37电子设备，卖家描述为可正常使用。,云网,ROU-37,SN-ROU-0,H2026-0422,false,false,,none,,Level 2,unknown,第三方送检,conditional_pass,true,true,,true,,检测摘录显示功能基本正常，但设备识别码仅保留前半段，需人工核验。,medium,REVIEW,
HC-ROU-0423,holdout,router,云网ROU-38,卖家宣称全新未拆封，云网ROU-38电子设备，卖家描述为可正常使用。,云网,ROU-38,SN-ROU-000423,H2027-0423,false,true,,none,,Level 1,unknown,深圳质检中心,fail,true,true,A,true,false,检测页记录存在拆修痕迹，整机可开机，但销售描述与实物状态不一致。,high,FAIL,undisclosed_refurbished_status
HC-ROU-0424,holdout,router,迅联ROU-39,迅联ROU-39电子设备，卖家描述为可正常使用。,迅联,ROU-39,SN-ROU-000424,H2026-0424,false,false,,full,,Level 1,unknown,第三方送检,conditional_pass,true,true,,true,,"Summary: device passed basic checks, Supplement: model code mismatch observed in appendix.",medium,REVIEW,
HC-ROU-0425,holdout,router,速域ROU-40,官方整备机，速域ROU-40电子设备，卖家描述为可正常使用。,速域,ROU-40,SN-ROU-000425,H2027-0425,false,true,,none,,Level 2,limited,平台复核,conditional_pass,true,true,A,true,false,报告正文未直接写明翻新，仅备注更换外壳与电池，建议人工判断披露是否充分。,medium,FAIL,undisclosed_refurbished_status
HC-ROU-0426,holdout,router,云网ROU-41,云网ROU-41电子设备，卖家描述为可正常使用。,云网,ROU-41,SN-ROU-000426,H2026-0426,false,false,,full,,Level 1,compliant,平台复核,conditional_pass,false,true,,true,,基础功能通过，但部分安全指标描述模糊，最终意见改为建议人工复核后再决定是否放行。,medium,REVIEW,battery_safety_concern
HC-ROU-0427,holdout,router,迅联ROU-42,卖家描述较短：迅联ROU-42可正常使用。,迅联,ROU-42,SN-ROU-000427,H2027-0427,false,false,,full,,Level 2,unknown,深圳质检中心,pass,true,true,,true,,检测页摘要：合格。附页参数正常，建议按常规流程上架。,low,PASS,
HC-ROU-0428,holdout,router,速域ROU-43,速域ROU-43电子设备，卖家描述为可正常使用。,速域,ROU-43,SN-ROU-000428,H2026-0428,false,false,,partial,,Level 1,unknown,平台复核,fail,false,false,,true,,送检记录第一页显示外观与基本功能合格，但后续复检备注明确建议暂缓上架。,high,FAIL,battery_safety_concern
HC-ROU-0429,holdout,router,迅联ROU-44,迅联ROU-44电子设备，卖家描述为可正常使用。,迅联,ROU-44,SN-ROU-0,H2027-0429,false,false,,none,,Level 1,limited,第三方送检,conditional_pass,true,true,,true,,检测摘录显示功能基本正常，但设备识别码仅保留前半段，需人工核验。,medium,REVIEW,
HC-ROU-0430,holdout,router,速域ROU-45,卖家宣称全新未拆封，速域ROU-45电子设备，卖家描述为可正常使用。,速域,ROU-45,SN-ROU-000430,H2026-0430,false,true,,partial,,Level 2,compliant,平台复核,fail,true,true,A,true,false,检测页记录存在拆修痕迹，整机可开机，但销售描述与实物状态不一致。,high,FAIL,undisclosed_refurbished_status
HC-ROU-0431,holdout,router,云网ROU-46,云网ROU-46电子设备，卖家描述为可正常使用。,云网,ROU-46,SN-ROU-000431,H2027-0431,false,false,,none,,Level 3,limited,第三方送检,conditional_pass,true,true,,true,,"Summary: device passed basic checks, Thermal retest result remains unstable after 20 cycles.",medium,REVIEW,
HC-ROU-0432,holdout,router,迅联ROU-47,官方整备机，迅联ROU-47电子设备，卖家描述为可正常使用。,迅联,ROU-47,SN-ROU-000432,H2026-0432,false,true,,none,,Level 1,unknown,深圳质检中心,conditional_pass,true,true,B,true,false,报告正文未直接写明翻新，仅备注更换外壳与电池，建议人工判断披露是否充分。,medium,FAIL,undisclosed_refurbished_status
HC-ACC-0433,holdout,accessory,桥接ACC-48,桥接ACC-48电子设备，卖家描述为可正常使用。,桥接,ACC-48,,H2027-0433,false,false,,partial,,Level 1,unknown,平台复核,conditional_pass,false,true,,true,,基础功能通过，但部分安全指标描述模糊，后页注明可继续流通但必须人工核查披露内容。,medium,REVIEW,battery_safety_concern
HC-ACC-0434,holdout,accessory,原装ACC-49,卖家描述较短：原装ACC-49可正常使用。,原装,ACC-49,,H2026-0434,false,false,,full,,Level 1,compliant,平台复核,pass,true,true,,true,,检测页摘要：合格。附页参数正常，建议按常规流程上架。,low,PASS,
HC-ACC-0435,holdout,accessory,智连ACC-50,智连ACC-50电子设备，卖家描述为可正常使用。,智连,ACC-50,,H2027-0435,false,false,,none,,Level 1,unknown,第三方送检,fail,false,false,,true,,送检记录第一页显示外观与基本功能合格，但复核结论指出关键证书信息无法核验。,high,FAIL,battery_safety_concern
HC-ACC-0436,holdout,accessory,原装ACC-51,原装ACC-51电子设备，卖家描述为可正常使用。,原装,ACC-51,,H2026-0436,false,false,,none,,Level 2,compliant,第三方送检,conditional_pass,true,true,,true,,检测摘录显示功能基本正常，但设备识别码仅保留前半段，需人工核验。,medium,REVIEW,missing_device_identifier
HC-ACC-0437,holdout,accessory,智连ACC-52,卖家宣称全新未拆封，智连ACC-52电子设备，卖家描述为可正常使用。,智连,ACC-52,,H2027-0437,false,true,,none,,Level 1,limited,深圳质检中心,fail,true,true,C,true,false,检测页记录存在拆修痕迹，整机可开机，但销售描述与实物状态不一致。,high,FAIL,undisclosed_refurbished_status
HC-ACC-0438,holdout,accessory,桥接ACC-53,桥接ACC-53电子设备，卖家描述为可正常使用。,桥接,ACC-53,,H2026-0438,false,false,,full,,Level 3,limited,第三方送检,conditional_pass,true,true,,true,,"Summary: device passed basic checks, Supplement: model code mismatch observed in appendix.",medium,REVIEW,
HC-ACC-0439,holdout,accessory,桥接ACC-54,官方整备机，桥接ACC-54电子设备，卖家描述为可正常使用。,桥接,ACC-54,,H2027-0439,false,true,,none,,Level 1,compliant,深圳质检中心,conditional_pass,true,true,B,true,true,报告正文未直接写明翻新，仅备注更换外壳与电池，建议人工判断披露是否充分。,medium,REVIEW,
HC-ACC-0440,holdout,accessory,智连ACC-55,智连ACC-55电子设备，卖家描述为可正常使用。,智连,ACC-55,,H2026-0440,false,false,,full,,Level 3,compliant,第三方送检,conditional_pass,false,false,,true,,基础功能通过，但部分安全指标描述模糊，最终意见改为建议人工复核后再决定是否放行。,medium,REVIEW,battery_safety_concern
HC-ACC-0441,holdout,accessory,智连ACC-56,卖家描述较短：智连ACC-56可正常使用。,智连,ACC-56,,H2027-0441,false,false,,full,,Level 2,compliant,深圳质检中心,pass,true,true,,true,,检测页摘要：合格。附页参数正常，建议按常规流程上架。,low,PASS,
HC-ACC-0442,holdout,accessory,桥接ACC-57,桥接ACC-57电子设备，卖家描述为可正常使用。,桥接,ACC-57,,H2026-0442,false,false,,none,,Level 3,unknown,深圳质检中心,fail,false,false,,true,,卖家提供的附件摘要称设备可正常使用，但复核页补充说明存在持续发热问题。,high,FAIL,battery_safety_concern
HC-ACC-0443,holdout,accessory,智连ACC-58,智连ACC-58电子设备，卖家描述为可正常使用。,智连,ACC-58,,H2027-0443,false,false,,none,,Level 3,unknown,深圳质检中心,conditional_pass,true,true,,true,,检测摘录显示功能基本正常，但设备识别码仅保留前半段，需人工核验。,medium,REVIEW,missing_device_identifier
HC-ACC-0444,holdout,accessory,桥接ACC-59,卖家宣称全新未拆封，桥接ACC-59电子设备，卖家描述为可正常使用。,桥接,ACC-59,,H2026-0444,false,true,,none,,Level 3,limited,深圳质检中心,fail,true,true,B,true,false,检测页记录存在拆修痕迹，整机可开机，但销售描述与实物状态不一致。,high,FAIL,undisclosed_refurbished_status
HC-ACC-0445,holdout,accessory,桥接ACC-60,桥接ACC-60电子设备，卖家描述为可正常使用。,桥接,ACC-60,,H2027-0445,false,false,,partial,,Level 1,unknown,第三方送检,conditional_pass,true,true,,true,,"Summary: device passed basic checks, Supplement: model code mismatch observed in appendix.",medium,REVIEW,
HC-ACC-0446,holdout,accessory,智连ACC-61,官方整备机，智连ACC-61电子设备，卖家描述为可正常使用。,智连,ACC-61,,H2026-0446,false,true,,full,,Level 2,limited,第三方送检,conditional_pass,true,true,A,true,false,报告正文未直接写明翻新，仅备注更换外壳与电池，建议人工判断披露是否充分。,medium,FAIL,undisclosed_refurbished_status
HC-ACC-0447,holdout,accessory,原装ACC-62,原装ACC-62电子设备，卖家描述为可正常使用。,原装,ACC-62,,H2027-0447,false,false,,partial,,Level 1,limited,平台复核,conditional_pass,false,true,,true,,基础功能通过，但部分安全指标描述模糊，最终意见改为建议人工复核后再决定是否放行。,medium,REVIEW,battery_safety_concern
HC-ACC-0448,holdout,accessory,智连ACC-63,卖家描述较短：智连ACC-63可正常使用。,智连,ACC-63,,H2026-0448,false,false,,full,,Level 3,unknown,深圳质检中心,pass,true,true,,true,,检测页摘要：合格。附页参数正常，建议按常规流程上架。,low,PASS,
HC-ACC-0449,holdout,accessory,原装ACC-64,原装ACC-64电子设备，卖家描述为可正常使用。,原装,ACC-64,,H2027-0449,false,false,,partial,,Level 2,compliant,第三方送检,fail,false,false,,true,,初检摘要写明样机功能正常，但复核页补充说明存在持续发热问题。,high,FAIL,battery_safety_concern
HC-ACC-0450,holdout,accessory,智连ACC-65,智连ACC-65电子设备，卖家描述为可正常使用。,智连,ACC-65,,H2026-0450,false,false,,full,,Level 3,unknown,深圳质检中心,conditional_pass,true,true,,true,,检测摘录显示功能基本正常，但设备识别码仅保留前半段，需人工核验。,medium,REVIEW,missing_device_identifier
HC-ACC-0451,holdout,accessory,桥接ACC-66,卖家宣称全新未拆封，桥接ACC-66电子设备，卖家描述为可正常使用。,桥接,ACC-66,,H2027-0451,false,true,,partial,,Level 2,limited,平台复核,fail,true,true,C,true,false,检测页记录存在拆修痕迹，整机可开机，但销售描述与实物状态不一致。,high,FAIL,undisclosed_refurbished_status
HC-ACC-0452,holdout,accessory,桥接ACC-67,桥接ACC-67电子设备，卖家描述为可正常使用。,桥接,ACC-67,,H2026-0452,false,false,,none,,Level 1,compliant,第三方送检,conditional_pass,true,true,,true,,"Summary: device passed basic checks, Final note: manual review required before release.",medium,REVIEW,
HC-ACC-0453,holdout,accessory,原装ACC-68,官方整备机，原装ACC-68电子设备，卖家描述为可正常使用。,原装,ACC-68,,H2027-0453,false,true,,full,,Level 3,compliant,第三方送检,conditional_pass,true,true,B,true,false,报告正文未直接写明翻新，仅备注更换外壳与电池，建议人工判断披露是否充分。,medium,FAIL,undisclosed_refurbished_status
HC-ACC-0454,holdout,accessory,智连ACC-69,智连ACC-69电子设备，卖家描述为可正常使用。,智连,ACC-69,,H2026-0454,false,false,,none,,Level 1,unknown,平台复核,conditional_pass,false,false,,true,,基础功能通过，但部分安全指标描述模糊，但备注项较多，需要结合附件人工判断。,medium,REVIEW,battery_safety_concern
HC-ACC-0455,holdout,accessory,智连ACC-70,卖家描述较短：智连ACC-70可正常使用。,智连,ACC-70,,H2027-0455,false,false,,full,,Level 1,limited,第三方送检,pass,true,true,,true,,检测页摘要：合格。附页参数正常，建议按常规流程上架。,low,PASS,
HC-ACC-0456,holdout,accessory,桥接ACC-71,桥接ACC-71电子设备，卖家描述为可正常使用。,桥接,ACC-71,,H2026-0456,false,false,,none,,Level 2,unknown,第三方送检,fail,false,false,,true,,卖家提供的附件摘要称设备可正常使用，但后续复检备注明确建议暂缓上架。,high,FAIL,battery_safety_concern
HC-ACC-0457,holdout,accessory,原装ACC-72,原装ACC-72电子设备，卖家描述为可正常使用。,原装,ACC-72,,H2027-0457,false,false,,none,,Level 1,limited,平台复核,conditional_pass,true,true,,true,,检测摘录显示功能基本正常，但设备识别码仅保留前半段，需人工核验。,medium,REVIEW,missing_device_identifier
HC-ACC-0458,holdout,accessory,原装ACC-73,卖家宣称全新未拆封，原装ACC-73电子设备，卖家描述为可正常使用。,原装,ACC-73,,H2026-0458,false,true,,none,,Level 1,limited,深圳质检中心,fail,true,true,A,true,false,检测页记录存在拆修痕迹，整机可开机，但销售描述与实物状态不一致。,high,FAIL,undisclosed_refurbished_status
HC-ACC-0459,holdout,accessory,智连ACC-74,智连ACC-74电子设备，卖家描述为可正常使用。,智连,ACC-74,,H2027-0459,false,false,,full,,Level 3,limited,第三方送检,conditional_pass,true,true,,true,,"Summary: device passed basic checks, Supplement: model code mismatch observed in appendix.",medium,REVIEW,
HC-ACC-0460,holdout,accessory,智连ACC-75,官方整备机，智连ACC-75电子设备，卖家描述为可正常使用。,智连,ACC-75,,H2026-0460,false,true,,none,,Level 2,limited,平台复核,conditional_pass,true,true,A,true,false,报告正文未直接写明翻新，仅备注更换外壳与电池，建议人工判断披露是否充分。,medium,FAIL,undisclosed_refurbished_status
HC-ACC-0461,holdout,accessory,桥接ACC-76,桥接ACC-76电子设备，卖家描述为可正常使用。,桥接,ACC-76,,H2027-0461,false,false,,full,,Level 2,compliant,第三方送检,conditional_pass,false,true,,true,,基础功能通过，但部分安全指标描述模糊，但备注项较多，需要结合附件人工判断。,medium,REVIEW,battery_safety_concern
HC-ACC-0462,holdout,accessory,智连ACC-77,卖家描述较短：智连ACC-77可正常使用。,智连,ACC-77,,H2026-0462,false,false,,full,,Level 3,compliant,平台复核,pass,true,true,,true,,检测页摘要：合格。附页参数正常，建议按常规流程上架。,low,PASS,
HC-ACC-0463,holdout,accessory,原装ACC-78,原装ACC-78电子设备，卖家描述为可正常使用。,原装,ACC-78,,H2027-0463,false,false,,full,,Level 3,compliant,平台复核,fail,false,false,,true,,初检摘要写明样机功能正常，但后续复检备注明确建议暂缓上架。,high,FAIL,battery_safety_concern
HC-ACC-0464,holdout,accessory,桥接ACC-79,桥接ACC-79电子设备，卖家描述为可正常使用。,桥接,ACC-79,,H2026-0464,false,false,,none,,Level 2,limited,第三方送检,conditional_pass,true,true,,true,,检测摘录显示功能基本正常，但设备识别码仅保留前半段，需人工核验。,medium,REVIEW,missing_device_identifier
HC-ACC-0465,holdout,accessory,桥接ACC-80,卖家宣称全新未拆封，桥接ACC-80电子设备，卖家描述为可正常使用。,桥接,ACC-80,,H2027-0465,false,true,,full,,Level 1,unknown,第三方送检,fail,true,true,C,true,false,检测页记录存在拆修痕迹，整机可开机，但销售描述与实物状态不一致。,high,FAIL,undisclosed_refurbished_status
HC-ACC-0466,holdout,accessory,桥接ACC-81,桥接ACC-81电子设备，卖家描述为可正常使用。,桥接,ACC-81,,H2026-0466,false,false,,full,,Level 1,unknown,深圳质检中心,conditional_pass,true,true,,true,,"Summary: device passed basic checks, Thermal retest result remains unstable after 20 cycles.",medium,REVIEW,
HC-ACC-0467,holdout,accessory,原装ACC-82,官方整备机，原装ACC-82电子设备，卖家描述为可正常使用。,原装,ACC-82,,H2027-0467,false,true,,full,,Level 1,unknown,深圳质检中心,conditional_pass,true,true,A,true,true,报告正文未直接写明翻新，仅备注更换外壳与电池，建议人工判断披露是否充分。,medium,REVIEW,
HC-ACC-0468,holdout,accessory,智连ACC-83,智连ACC-83电子设备，卖家描述为可正常使用。,智连,ACC-83,,H2026-0468,false,false,,partial,,Level 1,limited,平台复核,conditional_pass,true,true,,true,,基础功能通过，但部分安全指标描述模糊，但备注项较多，需要结合附件人工判断。,medium,REVIEW,
HC-ACC-0469,holdout,accessory,桥接ACC-84,卖家描述较短：桥接ACC-84可正常使用。,桥接,ACC-84,,H2027-0469,false,false,,partial,,Level 3,compliant,深圳质检中心,pass,true,true,,true,,检测页摘要：合格。附页参数正常，建议按常规流程上架。,low,PASS,
HC-ACC-0470,holdout,accessory,桥接ACC-85,桥接ACC-85电子设备，卖家描述为可正常使用。,桥接,ACC-85,,H2026-0470,false,false,,partial,,Level 2,unknown,平台复核,fail,false,false,,true,,送检记录第一页显示外观与基本功能合格，但复核页补充说明存在持续发热问题。,high,FAIL,battery_safety_concern
HC-ACC-0471,holdout,accessory,智连ACC-86,智连ACC-86电子设备，卖家描述为可正常使用。,智连,ACC-86,,H2027-0471,false,false,,none,,Level 3,unknown,第三方送检,conditional_pass,true,true,,true,,检测摘录显示功能基本正常，但设备识别码仅保留前半段，需人工核验。,medium,REVIEW,missing_device_identifier
HC-ACC-0472,holdout,accessory,原装ACC-87,卖家宣称全新未拆封，原装ACC-87电子设备，卖家描述为可正常使用。,原装,ACC-87,,H2026-0472,false,true,,none,,Level 3,compliant,第三方送检,fail,true,true,B,true,false,检测页记录存在拆修痕迹，整机可开机，但销售描述与实物状态不一致。,high,FAIL,undisclosed_refurbished_status
HC-ACC-0473,holdout,accessory,桥接ACC-88,桥接ACC-88电子设备，卖家描述为可正常使用。,桥接,ACC-88,,H2027-0473,false,false,,partial,,Level 2,compliant,平台复核,conditional_pass,true,true,,true,,"Summary: device passed basic checks, Final note: manual review required before release.",medium,REVIEW,
HC-ACC-0474,holdout,accessory,原装ACC-89,官方整备机，原装ACC-89电子设备，卖家描述为可正常使用。,原装,ACC-89,,H2026-0474,false,true,,none,,Level 1,unknown,平台复核,conditional_pass,true,true,B,true,false,报告正文未直接写明翻新，仅备注更换外壳与电池，建议人工判断披露是否充分。,medium,FAIL,undisclosed_refurbished_status
HC-ACC-0475,holdout,accessory,智连ACC-90,智连ACC-90电子设备，卖家描述为可正常使用。,智连,ACC-90,,H2027-0475,false,false,,full,,Level 1,limited,平台复核,conditional_pass,false,true,,true,,基础功能通过，但部分安全指标描述模糊，但备注项较多，需要结合附件人工判断。,medium,REVIEW,battery_safety_concern
HC-ACC-0476,holdout,accessory,智连ACC-91,卖家描述较短：智连ACC-91可正常使用。,智连,ACC-91,,H2026-0476,false,false,,full,,Level 3,compliant,第三方送检,pass,true,true,,true,,检测页摘要：合格。附页参数正常，建议按常规流程上架。,low,PASS,
HC-ACC-0477,holdout,accessory,智连ACC-92,智连ACC-92电子设备，卖家描述为可正常使用。,智连,ACC-92,,H2027-0477,false,false,,none,,Level 1,limited,第三方送检,fail,false,false,,true,,卖家提供的附件摘要称设备可正常使用，但后续复检备注明确建议暂缓上架。,high,FAIL,battery_safety_concern
HC-ACC-0478,holdout,accessory,智连ACC-93,智连ACC-93电子设备，卖家描述为可正常使用。,智连,ACC-93,,H2026-0478,false,false,,partial,,Level 3,unknown,平台复核,conditional_pass,true,true,,true,,检测摘录显示功能基本正常，但设备识别码仅保留前半段，需人工核验。,medium,REVIEW,missing_device_identifier
HC-ACC-0479,holdout,accessory,原装ACC-94,卖家宣称全新未拆封，原装ACC-94电子设备，卖家描述为可正常使用。,原装,ACC-94,,H2027-0479,false,true,,full,,Level 1,limited,深圳质检中心,fail,true,true,C,true,false,检测页记录存在拆修痕迹，整机可开机，但销售描述与实物状态不一致。,high,FAIL,undisclosed_refurbished_status
HC-ACC-0480,holdout,accessory,智连ACC-95,智连ACC-95电子设备，卖家描述为可正常使用。,智连,ACC-95,,H2026-0480,false,false,,full,,Level 3,compliant,平台复核,conditional_pass,true,true,,true,,"Summary: device passed basic checks, Final note: manual review required before release.",medium,REVIEW,
